sujeto,movimiento,variante_limpieza,estrategia_balanceo,modelo,accuracy,balanced_accuracy,kappa,macro_f1,weighted_f1,recall_left,recall_pull,recall_push,recall_right,precision_left,precision_pull,precision_push,precision_right,auc,min_clase,problema_muestra,exito,observacion,cv,folds
211260561,all,noOutliers,sin_balanceo,SMO_SVM,72.37,61.92,0.5813,0.6289,0.7152,0.8448,0.3621,0.7917,0.4783,0.7967,0.4773,0.7308,0.5789,0.8703,58,False,no,"Recall crítico bajo en: pull, right",bloques,4.0
211260561,all,noOutliers,sin_balanceo,RandomForest,66.2,47.88,0.4603,0.4679,0.6116,0.8879,0.1552,0.7708,0.1014,0.7228,0.4091,0.6099,0.5,0.7904,58,False,no,"Recall crítico bajo en: pull, right",bloques,4.0
211260561,all,noOutliers,sin_balanceo,MLP,74.95,63.84,0.6192,0.6505,0.7398,0.8793,0.3621,0.8194,0.4928,0.8193,0.4667,0.7516,0.6538,0.9044,58,False,no,"Recall crítico bajo en: pull, right",bloques,4.0
211260561,all,noOutliers,sin_balanceo,IBk_kNN,68.59,58.9,0.5249,0.5988,0.6784,0.8017,0.3621,0.7431,0.4493,0.7686,0.5385,0.6687,0.5,0.7362,58,False,no,"Recall crítico bajo en: pull, right",bloques,4.0
211260561,all,noOutliers,sin_balanceo,RBFNetwork_aprox,70.58,54.13,0.5345,0.55,0.6719,0.9181,0.1207,0.7639,0.3623,0.75,0.35,0.6707,0.7143,0.8657,58,False,no,"Recall crítico bajo en: pull, right",bloques,4.0
211260561,all,noOutliers,random_oversampling,SMO_SVM,71.97,61.58,0.5766,0.6229,0.711,0.8233,0.3276,0.8194,0.4928,0.7925,0.4419,0.7375,0.5763,0.8606,58,False,no,"Recall crítico bajo en: pull, right",bloques,4.0
211260561,all,noOutliers,random_oversampling,RandomForest,67.2,49.07,0.4831,0.4784,0.6267,0.8707,0.1207,0.8264,0.1449,0.7509,0.3889,0.633,0.3571,0.8112,58,False,no,"Recall crítico bajo en: pull, right",bloques,4.0
211260561,all,noOutliers,random_oversampling,MLP,77.34,68.08,0.6597,0.688,0.7679,0.8707,0.3966,0.8472,0.6087,0.8596,0.4894,0.7625,0.6885,0.9123,58,False,no,Recall crítico bajo en: pull,bloques,4.0
211260561,all,noOutliers,random_oversampling,IBk_kNN,67.2,57.25,0.5044,0.5806,0.6643,0.7888,0.3448,0.7361,0.4203,0.7625,0.5,0.6543,0.4754,0.7256,58,False,no,"Recall crítico bajo en: pull, right",bloques,4.0
211260561,all,noOutliers,random_oversampling,RBFNetwork_aprox,71.37,58.03,0.555,0.5958,0.6932,0.875,0.2414,0.7847,0.4203,0.7546,0.5185,0.7063,0.617,0.8685,58,False,no,"Recall crítico bajo en: pull, right",bloques,4.0
211260561,all,noOutliers,class_weight_balanced,SMO_SVM,72.17,61.81,0.5787,0.6273,0.7135,0.8405,0.3621,0.7917,0.4783,0.7959,0.4773,0.7308,0.569,0.8685,58,False,no,"Recall crítico bajo en: pull, right",bloques,4.0
211260561,all,noOutliers,class_weight_balanced,RandomForest,65.21,45.66,0.4395,0.436,0.5934,0.8922,0.069,0.7639,0.1014,0.7017,0.4,0.6215,0.3333,0.8081,58,False,no,"Recall crítico bajo en: pull, right",bloques,4.0
211260561,all,noOutliers,class_weight_balanced,MLP,,,,,,,,,,,,,,,58,False,NO_APLICA,class_weight no soportado por este modelo,,
211260561,all,noOutliers,class_weight_balanced,IBk_kNN,,,,,,,,,,,,,,,58,False,NO_APLICA,class_weight no soportado por este modelo,,
211260561,all,noOutliers,class_weight_balanced,RBFNetwork_aprox,70.97,59.1,0.5544,0.6051,0.6962,0.8621,0.3103,0.7569,0.4348,0.7722,0.4737,0.6987,0.6,0.8708,58,False,no,"Recall crítico bajo en: pull, right",bloques,4.0
211260561,all,noOutliers,smote,SMO_SVM,71.57,61.49,0.5705,0.6227,0.7078,0.8233,0.3448,0.7986,0.4928,0.7893,0.4545,0.7278,0.5763,0.8582,58,False,no,"Recall crítico bajo en: pull, right",bloques,4.0
211260561,all,noOutliers,smote,RandomForest,67.99,50.4,0.4967,0.4963,0.6382,0.8707,0.1379,0.8333,0.1739,0.7537,0.381,0.6452,0.4286,0.8205,58,False,no,"Recall crítico bajo en: pull, right",bloques,4.0
211260561,all,noOutliers,smote,MLP,77.73,69.39,0.6662,0.7014,0.7739,0.875,0.4655,0.8264,0.6087,0.8602,0.5192,0.7677,0.7,0.9108,58,False,no,Recall crítico bajo en: pull,bloques,4.0
211260561,all,noOutliers,smote,IBk_kNN,67.0,62.54,0.5289,0.6063,0.6802,0.6853,0.4655,0.7708,0.5797,0.8785,0.4355,0.681,0.4124,0.7582,58,False,no,Recall crítico bajo en: pull,bloques,4.0
211260561,all,noOutliers,smote,RBFNetwork_aprox,73.76,60.36,0.591,0.6226,0.7171,0.9009,0.2586,0.8056,0.4493,0.7656,0.5556,0.7389,0.6739,0.8797,58,False,no,"Recall crítico bajo en: pull, right",bloques,4.0
211260561,all,noOutliers,smote_tomek,SMO_SVM,71.57,61.49,0.5705,0.6227,0.7078,0.8233,0.3448,0.7986,0.4928,0.7893,0.4545,0.7278,0.5763,0.8582,58,False,no,"Recall crítico bajo en: pull, right",bloques,4.0
211260561,all,noOutliers,smote_tomek,RandomForest,67.99,50.4,0.4967,0.4963,0.6382,0.8707,0.1379,0.8333,0.1739,0.7537,0.381,0.6452,0.4286,0.8205,58,False,no,"Recall crítico bajo en: pull, right",bloques,4.0
211260561,all,noOutliers,smote_tomek,MLP,77.73,69.39,0.6662,0.7014,0.7739,0.875,0.4655,0.8264,0.6087,0.8602,0.5192,0.7677,0.7,0.9108,58,False,no,Recall crítico bajo en: pull,bloques,4.0
211260561,all,noOutliers,smote_tomek,IBk_kNN,67.0,62.54,0.5289,0.6063,0.6802,0.6853,0.4655,0.7708,0.5797,0.8785,0.4355,0.681,0.4124,0.7582,58,False,no,Recall crítico bajo en: pull,bloques,4.0
211260561,all,noOutliers,smote_tomek,RBFNetwork_aprox,73.76,60.36,0.591,0.6226,0.7171,0.9009,0.2586,0.8056,0.4493,0.7656,0.5556,0.7389,0.6739,0.8797,58,False,no,"Recall crítico bajo en: pull, right",bloques,4.0
211260561,all,noOutliers,random_undersampling_controlado,SMO_SVM,71.17,63.59,0.5717,0.6362,0.7117,0.8103,0.4828,0.7431,0.5072,0.8103,0.5,0.7431,0.493,0.8659,58,False,no,Recall crítico bajo en: pull,bloques,4.0
211260561,all,noOutliers,random_undersampling_controlado,RandomForest,62.43,48.19,0.4275,0.4782,0.6045,0.7759,0.1552,0.75,0.2464,0.7531,0.2812,0.5934,0.34,0.8032,58,False,no,"Recall crítico bajo en: pull, right",bloques,4.0
211260561,all,noOutliers,random_undersampling_controlado,MLP,75.55,68.15,0.6385,0.6795,0.7547,0.819,0.4655,0.8472,0.5942,0.8676,0.5294,0.7625,0.5616,0.9061,58,False,no,Recall crítico bajo en: pull,bloques,4.0
211260561,all,noOutliers,random_undersampling_controlado,IBk_kNN,67.99,61.48,0.5297,0.6119,0.6827,0.7414,0.4828,0.7569,0.4783,0.8,0.5385,0.7032,0.4074,0.751,58,False,no,"Recall crítico bajo en: pull, right",bloques,4.0
211260561,all,noOutliers,random_undersampling_controlado,RBFNetwork_aprox,67.4,53.94,0.4942,0.5498,0.6531,0.8448,0.2069,0.7292,0.3768,0.7341,0.4444,0.6562,0.5306,0.8602,58,False,no,"Recall crítico bajo en: pull, right",bloques,4.0
211260561,all,sinArtefactosConservador,sin_balanceo,SMO_SVM,62.03,57.53,0.4601,0.5719,0.6229,0.7233,0.4681,0.6172,0.4928,0.6765,0.3793,0.7315,0.5075,0.8112,47,False,no,"Recall crítico bajo en: pull, right",bloques,4.0
211260561,all,sinArtefactosConservador,sin_balanceo,RandomForest,57.07,44.02,0.3574,0.4296,0.5343,0.7862,0.1489,0.6953,0.1304,0.6158,0.2593,0.6224,0.3,0.7828,47,False,no,"Recall crítico bajo en: pull, right",bloques,4.0
211260561,all,sinArtefactosConservador,sin_balanceo,MLP,66.75,58.35,0.5175,0.5893,0.6567,0.7296,0.3191,0.8359,0.4493,0.7342,0.4839,0.6903,0.5254,0.857,47,False,no,"Recall crítico bajo en: pull, right",bloques,4.0
211260561,all,sinArtefactosConservador,sin_balanceo,IBk_kNN,64.02,56.79,0.4746,0.5788,0.6315,0.7987,0.4043,0.6484,0.4203,0.6828,0.5278,0.6587,0.5273,0.7185,47,False,no,"Recall crítico bajo en: pull, right",bloques,4.0
211260561,all,sinArtefactosConservador,sin_balanceo,RBFNetwork_aprox,65.01,50.98,0.4743,0.5054,0.6119,0.8616,0.1489,0.7969,0.2319,0.6884,0.3182,0.6623,0.5714,0.8327,47,False,no,"Recall crítico bajo en: pull, right",bloques,4.0
211260561,all,sinArtefactosConservador,random_oversampling,SMO_SVM,62.53,58.05,0.4667,0.5769,0.6273,0.7296,0.4894,0.625,0.4783,0.6824,0.3898,0.7273,0.5156,0.8074,47,False,no,"Recall crítico bajo en: pull, right",bloques,4.0
211260561,all,sinArtefactosConservador,random_oversampling,RandomForest,64.52,51.79,0.472,0.5175,0.6155,0.8302,0.1915,0.7891,0.2609,0.7097,0.36,0.6433,0.5143,0.806,47,False,no,"Recall crítico bajo en: pull, right",bloques,4.0
211260561,all,sinArtefactosConservador,random_oversampling,MLP,67.74,61.09,0.5361,0.6147,0.6715,0.7107,0.4043,0.8359,0.4928,0.7584,0.5,0.6948,0.5484,0.8658,47,False,no,"Recall crítico bajo en: pull, right",bloques,4.0
211260561,all,sinArtefactosConservador,random_oversampling,IBk_kNN,64.52,57.14,0.482,0.5823,0.6366,0.805,0.383,0.6484,0.4493,0.6882,0.5143,0.664,0.5439,0.7212,47,False,no,"Recall crítico bajo en: pull, right",bloques,4.0
211260561,all,sinArtefactosConservador,random_oversampling,RBFNetwork_aprox,67.25,56.25,0.516,0.5722,0.6542,0.8365,0.2553,0.7812,0.3768,0.7151,0.3636,0.6803,0.7027,0.8343,47,False,no,"Recall crítico bajo en: pull, right",bloques,4.0
211260561,all,sinArtefactosConservador,class_weight_balanced,SMO_SVM,62.03,57.53,0.4601,0.5719,0.6229,0.7233,0.4681,0.6172,0.4928,0.6765,0.3793,0.7315,0.5075,0.8112,47,False,no,"Recall crítico bajo en: pull, right",bloques,4.0
211260561,all,sinArtefactosConservador,class_weight_balanced,RandomForest,58.56,44.87,0.3772,0.4374,0.5461,0.8113,0.1277,0.7109,0.1449,0.6232,0.25,0.6364,0.3448,0.8005,47,False,no,"Recall crítico bajo en: pull, right",bloques,4.0
211260561,all,sinArtefactosConservador,class_weight_balanced,MLP,,,,,,,,,,,,,,,47,False,NO_APLICA,class_weight no soportado por este modelo,,
211260561,all,sinArtefactosConservador,class_weight_balanced,IBk_kNN,,,,,,,,,,,,,,,47,False,NO_APLICA,class_weight no soportado por este modelo,,
211260561,all,sinArtefactosConservador,class_weight_balanced,RBFNetwork_aprox,66.25,56.04,0.5049,0.5681,0.648,0.8239,0.2766,0.75,0.3913,0.7238,0.3714,0.6761,0.6,0.8351,47,False,no,"Recall crítico bajo en: pull, right",bloques,4.0
211260561,all,sinArtefactosConservador,smote,SMO_SVM,63.28,58.43,0.4761,0.5827,0.6342,0.7358,0.4681,0.6406,0.4928,0.6842,0.3929,0.7321,0.5312,0.8099,47,False,no,"Recall crítico bajo en: pull, right",bloques,4.0
211260561,all,sinArtefactosConservador,smote,RandomForest,58.81,47.66,0.3921,0.4762,0.5667,0.7987,0.234,0.6562,0.2174,0.6447,0.3056,0.6512,0.3659,0.7967,47,False,no,"Recall crítico bajo en: pull, right",bloques,4.0
211260561,all,sinArtefactosConservador,smote,MLP,68.24,61.41,0.5417,0.6201,0.6754,0.7233,0.4255,0.8438,0.4638,0.7468,0.5556,0.7105,0.5246,0.8597,47,False,no,"Recall crítico bajo en: pull, right",bloques,4.0
211260561,all,sinArtefactosConservador,smote,IBk_kNN,64.02,59.54,0.4921,0.5899,0.6445,0.7044,0.4681,0.6875,0.5217,0.7568,0.4231,0.704,0.4615,0.7362,47,False,no,Recall crítico bajo en: pull,bloques,4.0
211260561,all,sinArtefactosConservador,smote,RBFNetwork_aprox,66.5,55.0,0.5005,0.5585,0.6396,0.8365,0.2766,0.7969,0.2899,0.6751,0.4815,0.7034,0.5882,0.8239,47,False,no,"Recall crítico bajo en: pull, right",bloques,4.0
211260561,all,sinArtefactosConservador,smote_tomek,SMO_SVM,63.28,58.43,0.4761,0.5827,0.6342,0.7358,0.4681,0.6406,0.4928,0.6842,0.3929,0.7321,0.5312,0.8099,47,False,no,"Recall crítico bajo en: pull, right",bloques,4.0
211260561,all,sinArtefactosConservador,smote_tomek,RandomForest,58.81,47.66,0.3921,0.4762,0.5667,0.7987,0.234,0.6562,0.2174,0.6447,0.3056,0.6512,0.3659,0.7967,47,False,no,"Recall crítico bajo en: pull, right",bloques,4.0
211260561,all,sinArtefactosConservador,smote_tomek,MLP,68.24,61.41,0.5417,0.6201,0.6754,0.7233,0.4255,0.8438,0.4638,0.7468,0.5556,0.7105,0.5246,0.8597,47,False,no,"Recall crítico bajo en: pull, right",bloques,4.0
211260561,all,sinArtefactosConservador,smote_tomek,IBk_kNN,64.02,59.54,0.4921,0.5899,0.6445,0.7044,0.4681,0.6875,0.5217,0.7568,0.4231,0.704,0.4615,0.7362,47,False,no,Recall crítico bajo en: pull,bloques,4.0
211260561,all,sinArtefactosConservador,smote_tomek,RBFNetwork_aprox,66.5,55.0,0.5005,0.5585,0.6396,0.8365,0.2766,0.7969,0.2899,0.6751,0.4815,0.7034,0.5882,0.8239,47,False,no,"Recall crítico bajo en: pull, right",bloques,4.0
211260561,all,sinArtefactosConservador,random_undersampling_controlado,SMO_SVM,62.03,58.02,0.4673,0.5712,0.6287,0.6981,0.4894,0.6406,0.4928,0.7161,0.3333,0.7523,0.4857,0.8077,47,False,no,"Recall crítico bajo en: pull, right",bloques,4.0
211260561,all,sinArtefactosConservador,random_undersampling_controlado,RandomForest,60.55,49.51,0.414,0.4998,0.5818,0.7736,0.2128,0.7188,0.2754,0.6613,0.4348,0.6013,0.4634,0.8061,47,False,no,"Recall crítico bajo en: pull, right",bloques,4.0
211260561,all,sinArtefactosConservador,random_undersampling_controlado,MLP,65.51,59.36,0.5043,0.5972,0.6494,0.6792,0.4255,0.8203,0.4493,0.7248,0.5263,0.6863,0.4921,0.858,47,False,no,"Recall crítico bajo en: pull, right",bloques,4.0
211260561,all,sinArtefactosConservador,random_undersampling_controlado,IBk_kNN,62.28,55.99,0.4533,0.5666,0.617,0.761,0.4255,0.6328,0.4203,0.6836,0.4762,0.6328,0.5179,0.7121,47,False,no,"Recall crítico bajo en: pull, right",bloques,4.0
211260561,all,sinArtefactosConservador,random_undersampling_controlado,RBFNetwork_aprox,65.01,54.94,0.4834,0.5596,0.6341,0.8176,0.2766,0.7266,0.3768,0.6701,0.4062,0.6992,0.5909,0.8486,47,False,no,"Recall crítico bajo en: pull, right",bloques,4.0
211260561,all,sinArtefactosEstricto,sin_balanceo,SMO_SVM,69.39,65.29,0.5632,0.6481,0.6938,0.8167,0.5938,0.6667,0.5345,0.7903,0.4634,0.6667,0.6889,0.8296,32,False,no,,bloques,3.0
211260561,all,sinArtefactosEstricto,sin_balanceo,RandomForest,61.9,53.06,0.4376,0.5408,0.6001,0.7667,0.3125,0.75,0.2931,0.6571,0.625,0.6364,0.4359,0.8271,32,False,no,"Recall crítico bajo en: pull, right",bloques,3.0
211260561,all,sinArtefactosEstricto,sin_balanceo,MLP,69.05,65.26,0.5555,0.6566,0.6883,0.7917,0.5938,0.6905,0.5345,0.7661,0.6129,0.6517,0.62,0.8407,32,False,no,,bloques,3.0
211260561,all,sinArtefactosEstricto,sin_balanceo,IBk_kNN,69.39,64.26,0.5574,0.6561,0.689,0.8333,0.625,0.75,0.3621,0.7937,0.8333,0.6774,0.4118,0.767,32,False,no,Recall crítico bajo en: right,bloques,3.0
211260561,all,sinArtefactosEstricto,sin_balanceo,RBFNetwork_aprox,68.37,55.75,0.526,0.5627,0.6529,0.8917,0.1562,0.7857,0.3966,0.7086,0.5,0.66,0.697,0.8367,32,False,no,"Recall crítico bajo en: pull, right",bloques,3.0
211260561,all,sinArtefactosEstricto,random_oversampling,SMO_SVM,69.05,64.51,0.557,0.6429,0.6895,0.8167,0.5625,0.6667,0.5345,0.7717,0.4615,0.6829,0.6739,0.8083,32,False,no,,bloques,3.0
211260561,all,sinArtefactosEstricto,random_oversampling,RandomForest,65.31,59.16,0.4903,0.6036,0.6417,0.8083,0.5,0.6786,0.3793,0.669,0.5926,0.6552,0.6286,0.8371,32,False,no,Recall crítico bajo en: right,bloques,3.0
211260561,all,sinArtefactosEstricto,random_oversampling,MLP,68.71,64.83,0.5513,0.6494,0.685,0.7917,0.5938,0.6905,0.5172,0.7724,0.5588,0.6374,0.6522,0.8486,32,False,no,,bloques,3.0
211260561,all,sinArtefactosEstricto,random_oversampling,IBk_kNN,69.05,63.57,0.5521,0.6478,0.6841,0.825,0.5938,0.7619,0.3621,0.7857,0.7917,0.6737,0.4286,0.7628,32,False,no,Recall crítico bajo en: right,bloques,3.0
211260561,all,sinArtefactosEstricto,random_oversampling,RBFNetwork_aprox,68.37,61.18,0.5362,0.6257,0.6726,0.8167,0.4375,0.7619,0.431,0.7101,0.5833,0.6667,0.6944,0.8237,32,False,no,"Recall crítico bajo en: pull, right",bloques,3.0
211260561,all,sinArtefactosEstricto,class_weight_balanced,SMO_SVM,69.39,65.29,0.5632,0.6481,0.6938,0.8167,0.5938,0.6667,0.5345,0.7903,0.4634,0.6667,0.6889,0.8296,32,False,no,,bloques,3.0
211260561,all,sinArtefactosEstricto,class_weight_balanced,RandomForest,67.01,59.06,0.5108,0.6099,0.6541,0.8083,0.4062,0.7857,0.3621,0.6599,0.7222,0.7021,0.6,0.8372,32,False,no,"Recall crítico bajo en: pull, right",bloques,3.0
211260561,all,sinArtefactosEstricto,class_weight_balanced,MLP,,,,,,,,,,,,,,,32,False,NO_APLICA,class_weight no soportado por este modelo,,
211260561,all,sinArtefactosEstricto,class_weight_balanced,IBk_kNN,,,,,,,,,,,,,,,32,False,NO_APLICA,class_weight no soportado por este modelo,,
211260561,all,sinArtefactosEstricto,class_weight_balanced,RBFNetwork_aprox,67.35,60.24,0.5219,0.6158,0.6623,0.8083,0.4375,0.75,0.4138,0.7132,0.6087,0.6495,0.6316,0.829,32,False,no,"Recall crítico bajo en: pull, right",bloques,3.0
211260561,all,sinArtefactosEstricto,smote,SMO_SVM,69.05,64.51,0.5565,0.6435,0.6893,0.8167,0.5625,0.6667,0.5345,0.7656,0.4615,0.6829,0.6889,0.8136,32,False,no,,bloques,3.0
211260561,all,sinArtefactosEstricto,smote,RandomForest,65.31,61.05,0.4972,0.6084,0.6428,0.7417,0.5938,0.7619,0.3448,0.6642,0.5429,0.7111,0.5714,0.8359,32,False,no,Recall crítico bajo en: right,bloques,3.0
211260561,all,sinArtefactosEstricto,smote,MLP,69.39,65.33,0.5604,0.6553,0.6915,0.8,0.5938,0.7024,0.5172,0.7742,0.5588,0.6413,0.6818,0.8473,32,False,no,,bloques,3.0
211260561,all,sinArtefactosEstricto,smote,IBk_kNN,65.99,64.09,0.5252,0.6238,0.6648,0.6917,0.6562,0.75,0.4655,0.8384,0.5,0.6774,0.45,0.7636,32,False,no,Recall crítico bajo en: right,bloques,3.0
211260561,all,sinArtefactosEstricto,smote,RBFNetwork_aprox,67.69,60.4,0.5262,0.6167,0.6662,0.8333,0.4375,0.7143,0.431,0.7092,0.5385,0.6593,0.6944,0.8305,32,False,no,"Recall crítico bajo en: pull, right",bloques,3.0
211260561,all,sinArtefactosEstricto,smote_tomek,SMO_SVM,69.05,64.51,0.5572,0.6425,0.6898,0.8167,0.5625,0.6667,0.5345,0.7717,0.45,0.6829,0.6889,0.8128,32,False,no,,bloques,3.0
211260561,all,sinArtefactosEstricto,smote_tomek,RandomForest,65.99,61.16,0.5046,0.6181,0.651,0.7667,0.5625,0.7381,0.3793,0.6667,0.6,0.7126,0.5641,0.8462,32,False,no,Recall crítico bajo en: right,bloques,3.0
211260561,all,sinArtefactosEstricto,smote_tomek,MLP,68.37,64.71,0.5467,0.6479,0.6818,0.775,0.5938,0.7024,0.5172,0.7623,0.5588,0.6413,0.6522,0.8503,32,False,no,,bloques,3.0
211260561,all,sinArtefactosEstricto,smote_tomek,IBk_kNN,65.31,63.67,0.5163,0.6189,0.6579,0.675,0.6562,0.75,0.4655,0.8351,0.5,0.6632,0.45,0.7603,32,False,no,Recall crítico bajo en: right,bloques,3.0
211260561,all,sinArtefactosEstricto,smote_tomek,RBFNetwork_aprox,67.69,60.4,0.5257,0.6174,0.6661,0.8333,0.4375,0.7143,0.431,0.7042,0.5385,0.6593,0.7143,0.8292,32,False,no,"Recall crítico bajo en: pull, right",bloques,3.0
211260561,all,sinArtefactosEstricto,random_undersampling_controlado,SMO_SVM,65.31,62.88,0.5094,0.6193,0.6553,0.7083,0.5938,0.6786,0.5345,0.7456,0.4419,0.6404,0.6458,0.8459,32,False,no,,bloques,3.0
211260561,all,sinArtefactosEstricto,random_undersampling_controlado,RandomForest,65.99,60.27,0.5107,0.6097,0.6536,0.6917,0.375,0.8095,0.5345,0.7345,0.5714,0.6239,0.6078,0.851,32,False,no,Recall crítico bajo en: pull,bloques,3.0
211260561,all,sinArtefactosEstricto,random_undersampling_controlado,MLP,64.63,62.24,0.5005,0.6128,0.647,0.675,0.5938,0.7381,0.4828,0.7714,0.475,0.5962,0.6222,0.8513,32,False,no,Recall crítico bajo en: right,bloques,3.0
211260561,all,sinArtefactosEstricto,random_undersampling_controlado,IBk_kNN,64.97,62.49,0.5034,0.6343,0.6552,0.7,0.625,0.7262,0.4483,0.8235,0.8,0.581,0.4194,0.7519,32,False,no,Recall crítico bajo en: right,bloques,3.0
211260561,all,sinArtefactosEstricto,random_undersampling_controlado,RBFNetwork_aprox,61.56,51.24,0.4356,0.5089,0.593,0.725,0.125,0.7857,0.4138,0.685,0.3636,0.5841,0.5581,0.8515,32,False,no,"Recall crítico bajo en: pull, right",bloques,3.0
211260561,left,noOutliers,sin_balanceo,SMO_SVM,,,,,,,,,,,,,,,0,True,NO_APLICA,menos de dos clases modelables,,
211260561,left,noOutliers,sin_balanceo,RandomForest,,,,,,,,,,,,,,,0,True,NO_APLICA,menos de dos clases modelables,,
211260561,left,noOutliers,sin_balanceo,MLP,,,,,,,,,,,,,,,0,True,NO_APLICA,menos de dos clases modelables,,
211260561,left,noOutliers,sin_balanceo,IBk_kNN,,,,,,,,,,,,,,,0,True,NO_APLICA,menos de dos clases modelables,,
211260561,left,noOutliers,sin_balanceo,RBFNetwork_aprox,,,,,,,,,,,,,,,0,True,NO_APLICA,menos de dos clases modelables,,
211260561,left,noOutliers,random_oversampling,SMO_SVM,,,,,,,,,,,,,,,0,True,NO_APLICA,menos de dos clases modelables,,
211260561,left,noOutliers,random_oversampling,RandomForest,,,,,,,,,,,,,,,0,True,NO_APLICA,menos de dos clases modelables,,
211260561,left,noOutliers,random_oversampling,MLP,,,,,,,,,,,,,,,0,True,NO_APLICA,menos de dos clases modelables,,
211260561,left,noOutliers,random_oversampling,IBk_kNN,,,,,,,,,,,,,,,0,True,NO_APLICA,menos de dos clases modelables,,
211260561,left,noOutliers,random_oversampling,RBFNetwork_aprox,,,,,,,,,,,,,,,0,True,NO_APLICA,menos de dos clases modelables,,
211260561,left,noOutliers,class_weight_balanced,SMO_SVM,,,,,,,,,,,,,,,0,True,NO_APLICA,menos de dos clases modelables,,
211260561,left,noOutliers,class_weight_balanced,RandomForest,,,,,,,,,,,,,,,0,True,NO_APLICA,menos de dos clases modelables,,
211260561,left,noOutliers,class_weight_balanced,MLP,,,,,,,,,,,,,,,0,True,NO_APLICA,menos de dos clases modelables,,
211260561,left,noOutliers,class_weight_balanced,IBk_kNN,,,,,,,,,,,,,,,0,True,NO_APLICA,menos de dos clases modelables,,
211260561,left,noOutliers,class_weight_balanced,RBFNetwork_aprox,,,,,,,,,,,,,,,0,True,NO_APLICA,menos de dos clases modelables,,
211260561,left,noOutliers,smote,SMO_SVM,,,,,,,,,,,,,,,0,True,NO_APLICA,menos de dos clases modelables,,
211260561,left,noOutliers,smote,RandomForest,,,,,,,,,,,,,,,0,True,NO_APLICA,menos de dos clases modelables,,
211260561,left,noOutliers,smote,MLP,,,,,,,,,,,,,,,0,True,NO_APLICA,menos de dos clases modelables,,
211260561,left,noOutliers,smote,IBk_kNN,,,,,,,,,,,,,,,0,True,NO_APLICA,menos de dos clases modelables,,
211260561,left,noOutliers,smote,RBFNetwork_aprox,,,,,,,,,,,,,,,0,True,NO_APLICA,menos de dos clases modelables,,
211260561,left,noOutliers,smote_tomek,SMO_SVM,,,,,,,,,,,,,,,0,True,NO_APLICA,menos de dos clases modelables,,
211260561,left,noOutliers,smote_tomek,RandomForest,,,,,,,,,,,,,,,0,True,NO_APLICA,menos de dos clases modelables,,
211260561,left,noOutliers,smote_tomek,MLP,,,,,,,,,,,,,,,0,True,NO_APLICA,menos de dos clases modelables,,
211260561,left,noOutliers,smote_tomek,IBk_kNN,,,,,,,,,,,,,,,0,True,NO_APLICA,menos de dos clases modelables,,
211260561,left,noOutliers,smote_tomek,RBFNetwork_aprox,,,,,,,,,,,,,,,0,True,NO_APLICA,menos de dos clases modelables,,
211260561,left,noOutliers,random_undersampling_controlado,SMO_SVM,,,,,,,,,,,,,,,0,True,NO_APLICA,menos de dos clases modelables,,
211260561,left,noOutliers,random_undersampling_controlado,RandomForest,,,,,,,,,,,,,,,0,True,NO_APLICA,menos de dos clases modelables,,
211260561,left,noOutliers,random_undersampling_controlado,MLP,,,,,,,,,,,,,,,0,True,NO_APLICA,menos de dos clases modelables,,
211260561,left,noOutliers,random_undersampling_controlado,IBk_kNN,,,,,,,,,,,,,,,0,True,NO_APLICA,menos de dos clases modelables,,
211260561,left,noOutliers,random_undersampling_controlado,RBFNetwork_aprox,,,,,,,,,,,,,,,0,True,NO_APLICA,menos de dos clases modelables,,
211260561,left,sinArtefactosConservador,sin_balanceo,SMO_SVM,,,,,,,,,,,,,,,0,True,NO_APLICA,variante marcada como no modelable,,
211260561,left,sinArtefactosConservador,sin_balanceo,RandomForest,,,,,,,,,,,,,,,0,True,NO_APLICA,variante marcada como no modelable,,
211260561,left,sinArtefactosConservador,sin_balanceo,MLP,,,,,,,,,,,,,,,0,True,NO_APLICA,variante marcada como no modelable,,
211260561,left,sinArtefactosConservador,sin_balanceo,IBk_kNN,,,,,,,,,,,,,,,0,True,NO_APLICA,variante marcada como no modelable,,
211260561,left,sinArtefactosConservador,sin_balanceo,RBFNetwork_aprox,,,,,,,,,,,,,,,0,True,NO_APLICA,variante marcada como no modelable,,
211260561,left,sinArtefactosConservador,random_oversampling,SMO_SVM,,,,,,,,,,,,,,,0,True,NO_APLICA,variante marcada como no modelable,,
211260561,left,sinArtefactosConservador,random_oversampling,RandomForest,,,,,,,,,,,,,,,0,True,NO_APLICA,variante marcada como no modelable,,
211260561,left,sinArtefactosConservador,random_oversampling,MLP,,,,,,,,,,,,,,,0,True,NO_APLICA,variante marcada como no modelable,,
211260561,left,sinArtefactosConservador,random_oversampling,IBk_kNN,,,,,,,,,,,,,,,0,True,NO_APLICA,variante marcada como no modelable,,
211260561,left,sinArtefactosConservador,random_oversampling,RBFNetwork_aprox,,,,,,,,,,,,,,,0,True,NO_APLICA,variante marcada como no modelable,,
211260561,left,sinArtefactosConservador,class_weight_balanced,SMO_SVM,,,,,,,,,,,,,,,0,True,NO_APLICA,variante marcada como no modelable,,
211260561,left,sinArtefactosConservador,class_weight_balanced,RandomForest,,,,,,,,,,,,,,,0,True,NO_APLICA,variante marcada como no modelable,,
211260561,left,sinArtefactosConservador,class_weight_balanced,MLP,,,,,,,,,,,,,,,0,True,NO_APLICA,variante marcada como no modelable,,
211260561,left,sinArtefactosConservador,class_weight_balanced,IBk_kNN,,,,,,,,,,,,,,,0,True,NO_APLICA,variante marcada como no modelable,,
211260561,left,sinArtefactosConservador,class_weight_balanced,RBFNetwork_aprox,,,,,,,,,,,,,,,0,True,NO_APLICA,variante marcada como no modelable,,
211260561,left,sinArtefactosConservador,smote,SMO_SVM,,,,,,,,,,,,,,,0,True,NO_APLICA,variante marcada como no modelable,,
211260561,left,sinArtefactosConservador,smote,RandomForest,,,,,,,,,,,,,,,0,True,NO_APLICA,variante marcada como no modelable,,
211260561,left,sinArtefactosConservador,smote,MLP,,,,,,,,,,,,,,,0,True,NO_APLICA,variante marcada como no modelable,,
211260561,left,sinArtefactosConservador,smote,IBk_kNN,,,,,,,,,,,,,,,0,True,NO_APLICA,variante marcada como no modelable,,
211260561,left,sinArtefactosConservador,smote,RBFNetwork_aprox,,,,,,,,,,,,,,,0,True,NO_APLICA,variante marcada como no modelable,,
211260561,left,sinArtefactosConservador,smote_tomek,SMO_SVM,,,,,,,,,,,,,,,0,True,NO_APLICA,variante marcada como no modelable,,
211260561,left,sinArtefactosConservador,smote_tomek,RandomForest,,,,,,,,,,,,,,,0,True,NO_APLICA,variante marcada como no modelable,,
211260561,left,sinArtefactosConservador,smote_tomek,MLP,,,,,,,,,,,,,,,0,True,NO_APLICA,variante marcada como no modelable,,
211260561,left,sinArtefactosConservador,smote_tomek,IBk_kNN,,,,,,,,,,,,,,,0,True,NO_APLICA,variante marcada como no modelable,,
211260561,left,sinArtefactosConservador,smote_tomek,RBFNetwork_aprox,,,,,,,,,,,,,,,0,True,NO_APLICA,variante marcada como no modelable,,
211260561,left,sinArtefactosConservador,random_undersampling_controlado,SMO_SVM,,,,,,,,,,,,,,,0,True,NO_APLICA,variante marcada como no modelable,,
211260561,left,sinArtefactosConservador,random_undersampling_controlado,RandomForest,,,,,,,,,,,,,,,0,True,NO_APLICA,variante marcada como no modelable,,
211260561,left,sinArtefactosConservador,random_undersampling_controlado,MLP,,,,,,,,,,,,,,,0,True,NO_APLICA,variante marcada como no modelable,,
211260561,left,sinArtefactosConservador,random_undersampling_controlado,IBk_kNN,,,,,,,,,,,,,,,0,True,NO_APLICA,variante marcada como no modelable,,
211260561,left,sinArtefactosConservador,random_undersampling_controlado,RBFNetwork_aprox,,,,,,,,,,,,,,,0,True,NO_APLICA,variante marcada como no modelable,,
211260561,left,sinArtefactosEstricto,sin_balanceo,SMO_SVM,,,,,,,,,,,,,,,0,True,NO_APLICA,variante marcada como no modelable,,
211260561,left,sinArtefactosEstricto,sin_balanceo,RandomForest,,,,,,,,,,,,,,,0,True,NO_APLICA,variante marcada como no modelable,,
211260561,left,sinArtefactosEstricto,sin_balanceo,MLP,,,,,,,,,,,,,,,0,True,NO_APLICA,variante marcada como no modelable,,
211260561,left,sinArtefactosEstricto,sin_balanceo,IBk_kNN,,,,,,,,,,,,,,,0,True,NO_APLICA,variante marcada como no modelable,,
211260561,left,sinArtefactosEstricto,sin_balanceo,RBFNetwork_aprox,,,,,,,,,,,,,,,0,True,NO_APLICA,variante marcada como no modelable,,
211260561,left,sinArtefactosEstricto,random_oversampling,SMO_SVM,,,,,,,,,,,,,,,0,True,NO_APLICA,variante marcada como no modelable,,
211260561,left,sinArtefactosEstricto,random_oversampling,RandomForest,,,,,,,,,,,,,,,0,True,NO_APLICA,variante marcada como no modelable,,
211260561,left,sinArtefactosEstricto,random_oversampling,MLP,,,,,,,,,,,,,,,0,True,NO_APLICA,variante marcada como no modelable,,
211260561,left,sinArtefactosEstricto,random_oversampling,IBk_kNN,,,,,,,,,,,,,,,0,True,NO_APLICA,variante marcada como no modelable,,
211260561,left,sinArtefactosEstricto,random_oversampling,RBFNetwork_aprox,,,,,,,,,,,,,,,0,True,NO_APLICA,variante marcada como no modelable,,
211260561,left,sinArtefactosEstricto,class_weight_balanced,SMO_SVM,,,,,,,,,,,,,,,0,True,NO_APLICA,variante marcada como no modelable,,
211260561,left,sinArtefactosEstricto,class_weight_balanced,RandomForest,,,,,,,,,,,,,,,0,True,NO_APLICA,variante marcada como no modelable,,
211260561,left,sinArtefactosEstricto,class_weight_balanced,MLP,,,,,,,,,,,,,,,0,True,NO_APLICA,variante marcada como no modelable,,
211260561,left,sinArtefactosEstricto,class_weight_balanced,IBk_kNN,,,,,,,,,,,,,,,0,True,NO_APLICA,variante marcada como no modelable,,
211260561,left,sinArtefactosEstricto,class_weight_balanced,RBFNetwork_aprox,,,,,,,,,,,,,,,0,True,NO_APLICA,variante marcada como no modelable,,
211260561,left,sinArtefactosEstricto,smote,SMO_SVM,,,,,,,,,,,,,,,0,True,NO_APLICA,variante marcada como no modelable,,
211260561,left,sinArtefactosEstricto,smote,RandomForest,,,,,,,,,,,,,,,0,True,NO_APLICA,variante marcada como no modelable,,
211260561,left,sinArtefactosEstricto,smote,MLP,,,,,,,,,,,,,,,0,True,NO_APLICA,variante marcada como no modelable,,
211260561,left,sinArtefactosEstricto,smote,IBk_kNN,,,,,,,,,,,,,,,0,True,NO_APLICA,variante marcada como no modelable,,
211260561,left,sinArtefactosEstricto,smote,RBFNetwork_aprox,,,,,,,,,,,,,,,0,True,NO_APLICA,variante marcada como no modelable,,
211260561,left,sinArtefactosEstricto,smote_tomek,SMO_SVM,,,,,,,,,,,,,,,0,True,NO_APLICA,variante marcada como no modelable,,
211260561,left,sinArtefactosEstricto,smote_tomek,RandomForest,,,,,,,,,,,,,,,0,True,NO_APLICA,variante marcada como no modelable,,
211260561,left,sinArtefactosEstricto,smote_tomek,MLP,,,,,,,,,,,,,,,0,True,NO_APLICA,variante marcada como no modelable,,
211260561,left,sinArtefactosEstricto,smote_tomek,IBk_kNN,,,,,,,,,,,,,,,0,True,NO_APLICA,variante marcada como no modelable,,
211260561,left,sinArtefactosEstricto,smote_tomek,RBFNetwork_aprox,,,,,,,,,,,,,,,0,True,NO_APLICA,variante marcada como no modelable,,
211260561,left,sinArtefactosEstricto,random_undersampling_controlado,SMO_SVM,,,,,,,,,,,,,,,0,True,NO_APLICA,variante marcada como no modelable,,
211260561,left,sinArtefactosEstricto,random_undersampling_controlado,RandomForest,,,,,,,,,,,,,,,0,True,NO_APLICA,variante marcada como no modelable,,
211260561,left,sinArtefactosEstricto,random_undersampling_controlado,MLP,,,,,,,,,,,,,,,0,True,NO_APLICA,variante marcada como no modelable,,
211260561,left,sinArtefactosEstricto,random_undersampling_controlado,IBk_kNN,,,,,,,,,,,,,,,0,True,NO_APLICA,variante marcada como no modelable,,
211260561,left,sinArtefactosEstricto,random_undersampling_controlado,RBFNetwork_aprox,,,,,,,,,,,,,,,0,True,NO_APLICA,variante marcada como no modelable,,
211260561,pull,noOutliers,sin_balanceo,SMO_SVM,,,,,,,,,,,,,,,0,True,NO_APLICA,menos de dos clases modelables,,
211260561,pull,noOutliers,sin_balanceo,RandomForest,,,,,,,,,,,,,,,0,True,NO_APLICA,menos de dos clases modelables,,
211260561,pull,noOutliers,sin_balanceo,MLP,,,,,,,,,,,,,,,0,True,NO_APLICA,menos de dos clases modelables,,
211260561,pull,noOutliers,sin_balanceo,IBk_kNN,,,,,,,,,,,,,,,0,True,NO_APLICA,menos de dos clases modelables,,
211260561,pull,noOutliers,sin_balanceo,RBFNetwork_aprox,,,,,,,,,,,,,,,0,True,NO_APLICA,menos de dos clases modelables,,
211260561,pull,noOutliers,random_oversampling,SMO_SVM,,,,,,,,,,,,,,,0,True,NO_APLICA,menos de dos clases modelables,,
211260561,pull,noOutliers,random_oversampling,RandomForest,,,,,,,,,,,,,,,0,True,NO_APLICA,menos de dos clases modelables,,
211260561,pull,noOutliers,random_oversampling,MLP,,,,,,,,,,,,,,,0,True,NO_APLICA,menos de dos clases modelables,,
211260561,pull,noOutliers,random_oversampling,IBk_kNN,,,,,,,,,,,,,,,0,True,NO_APLICA,menos de dos clases modelables,,
211260561,pull,noOutliers,random_oversampling,RBFNetwork_aprox,,,,,,,,,,,,,,,0,True,NO_APLICA,menos de dos clases modelables,,
211260561,pull,noOutliers,class_weight_balanced,SMO_SVM,,,,,,,,,,,,,,,0,True,NO_APLICA,menos de dos clases modelables,,
211260561,pull,noOutliers,class_weight_balanced,RandomForest,,,,,,,,,,,,,,,0,True,NO_APLICA,menos de dos clases modelables,,
211260561,pull,noOutliers,class_weight_balanced,MLP,,,,,,,,,,,,,,,0,True,NO_APLICA,menos de dos clases modelables,,
211260561,pull,noOutliers,class_weight_balanced,IBk_kNN,,,,,,,,,,,,,,,0,True,NO_APLICA,menos de dos clases modelables,,
211260561,pull,noOutliers,class_weight_balanced,RBFNetwork_aprox,,,,,,,,,,,,,,,0,True,NO_APLICA,menos de dos clases modelables,,
211260561,pull,noOutliers,smote,SMO_SVM,,,,,,,,,,,,,,,0,True,NO_APLICA,menos de dos clases modelables,,
211260561,pull,noOutliers,smote,RandomForest,,,,,,,,,,,,,,,0,True,NO_APLICA,menos de dos clases modelables,,
211260561,pull,noOutliers,smote,MLP,,,,,,,,,,,,,,,0,True,NO_APLICA,menos de dos clases modelables,,
211260561,pull,noOutliers,smote,IBk_kNN,,,,,,,,,,,,,,,0,True,NO_APLICA,menos de dos clases modelables,,
211260561,pull,noOutliers,smote,RBFNetwork_aprox,,,,,,,,,,,,,,,0,True,NO_APLICA,menos de dos clases modelables,,
211260561,pull,noOutliers,smote_tomek,SMO_SVM,,,,,,,,,,,,,,,0,True,NO_APLICA,menos de dos clases modelables,,
211260561,pull,noOutliers,smote_tomek,RandomForest,,,,,,,,,,,,,,,0,True,NO_APLICA,menos de dos clases modelables,,
211260561,pull,noOutliers,smote_tomek,MLP,,,,,,,,,,,,,,,0,True,NO_APLICA,menos de dos clases modelables,,
211260561,pull,noOutliers,smote_tomek,IBk_kNN,,,,,,,,,,,,,,,0,True,NO_APLICA,menos de dos clases modelables,,
211260561,pull,noOutliers,smote_tomek,RBFNetwork_aprox,,,,,,,,,,,,,,,0,True,NO_APLICA,menos de dos clases modelables,,
211260561,pull,noOutliers,random_undersampling_controlado,SMO_SVM,,,,,,,,,,,,,,,0,True,NO_APLICA,menos de dos clases modelables,,
211260561,pull,noOutliers,random_undersampling_controlado,RandomForest,,,,,,,,,,,,,,,0,True,NO_APLICA,menos de dos clases modelables,,
211260561,pull,noOutliers,random_undersampling_controlado,MLP,,,,,,,,,,,,,,,0,True,NO_APLICA,menos de dos clases modelables,,
211260561,pull,noOutliers,random_undersampling_controlado,IBk_kNN,,,,,,,,,,,,,,,0,True,NO_APLICA,menos de dos clases modelables,,
211260561,pull,noOutliers,random_undersampling_controlado,RBFNetwork_aprox,,,,,,,,,,,,,,,0,True,NO_APLICA,menos de dos clases modelables,,
211260561,pull,sinArtefactosConservador,sin_balanceo,SMO_SVM,,,,,,,,,,,,,,,0,True,NO_APLICA,variante marcada como no modelable,,
211260561,pull,sinArtefactosConservador,sin_balanceo,RandomForest,,,,,,,,,,,,,,,0,True,NO_APLICA,variante marcada como no modelable,,
211260561,pull,sinArtefactosConservador,sin_balanceo,MLP,,,,,,,,,,,,,,,0,True,NO_APLICA,variante marcada como no modelable,,
211260561,pull,sinArtefactosConservador,sin_balanceo,IBk_kNN,,,,,,,,,,,,,,,0,True,NO_APLICA,variante marcada como no modelable,,
211260561,pull,sinArtefactosConservador,sin_balanceo,RBFNetwork_aprox,,,,,,,,,,,,,,,0,True,NO_APLICA,variante marcada como no modelable,,
211260561,pull,sinArtefactosConservador,random_oversampling,SMO_SVM,,,,,,,,,,,,,,,0,True,NO_APLICA,variante marcada como no modelable,,
211260561,pull,sinArtefactosConservador,random_oversampling,RandomForest,,,,,,,,,,,,,,,0,True,NO_APLICA,variante marcada como no modelable,,
211260561,pull,sinArtefactosConservador,random_oversampling,MLP,,,,,,,,,,,,,,,0,True,NO_APLICA,variante marcada como no modelable,,
211260561,pull,sinArtefactosConservador,random_oversampling,IBk_kNN,,,,,,,,,,,,,,,0,True,NO_APLICA,variante marcada como no modelable,,
211260561,pull,sinArtefactosConservador,random_oversampling,RBFNetwork_aprox,,,,,,,,,,,,,,,0,True,NO_APLICA,variante marcada como no modelable,,
211260561,pull,sinArtefactosConservador,class_weight_balanced,SMO_SVM,,,,,,,,,,,,,,,0,True,NO_APLICA,variante marcada como no modelable,,
211260561,pull,sinArtefactosConservador,class_weight_balanced,RandomForest,,,,,,,,,,,,,,,0,True,NO_APLICA,variante marcada como no modelable,,
211260561,pull,sinArtefactosConservador,class_weight_balanced,MLP,,,,,,,,,,,,,,,0,True,NO_APLICA,variante marcada como no modelable,,
211260561,pull,sinArtefactosConservador,class_weight_balanced,IBk_kNN,,,,,,,,,,,,,,,0,True,NO_APLICA,variante marcada como no modelable,,
211260561,pull,sinArtefactosConservador,class_weight_balanced,RBFNetwork_aprox,,,,,,,,,,,,,,,0,True,NO_APLICA,variante marcada como no modelable,,
211260561,pull,sinArtefactosConservador,smote,SMO_SVM,,,,,,,,,,,,,,,0,True,NO_APLICA,variante marcada como no modelable,,
211260561,pull,sinArtefactosConservador,smote,RandomForest,,,,,,,,,,,,,,,0,True,NO_APLICA,variante marcada como no modelable,,
211260561,pull,sinArtefactosConservador,smote,MLP,,,,,,,,,,,,,,,0,True,NO_APLICA,variante marcada como no modelable,,
211260561,pull,sinArtefactosConservador,smote,IBk_kNN,,,,,,,,,,,,,,,0,True,NO_APLICA,variante marcada como no modelable,,
211260561,pull,sinArtefactosConservador,smote,RBFNetwork_aprox,,,,,,,,,,,,,,,0,True,NO_APLICA,variante marcada como no modelable,,
211260561,pull,sinArtefactosConservador,smote_tomek,SMO_SVM,,,,,,,,,,,,,,,0,True,NO_APLICA,variante marcada como no modelable,,
211260561,pull,sinArtefactosConservador,smote_tomek,RandomForest,,,,,,,,,,,,,,,0,True,NO_APLICA,variante marcada como no modelable,,
211260561,pull,sinArtefactosConservador,smote_tomek,MLP,,,,,,,,,,,,,,,0,True,NO_APLICA,variante marcada como no modelable,,
211260561,pull,sinArtefactosConservador,smote_tomek,IBk_kNN,,,,,,,,,,,,,,,0,True,NO_APLICA,variante marcada como no modelable,,
211260561,pull,sinArtefactosConservador,smote_tomek,RBFNetwork_aprox,,,,,,,,,,,,,,,0,True,NO_APLICA,variante marcada como no modelable,,
211260561,pull,sinArtefactosConservador,random_undersampling_controlado,SMO_SVM,,,,,,,,,,,,,,,0,True,NO_APLICA,variante marcada como no modelable,,
211260561,pull,sinArtefactosConservador,random_undersampling_controlado,RandomForest,,,,,,,,,,,,,,,0,True,NO_APLICA,variante marcada como no modelable,,
211260561,pull,sinArtefactosConservador,random_undersampling_controlado,MLP,,,,,,,,,,,,,,,0,True,NO_APLICA,variante marcada como no modelable,,
211260561,pull,sinArtefactosConservador,random_undersampling_controlado,IBk_kNN,,,,,,,,,,,,,,,0,True,NO_APLICA,variante marcada como no modelable,,
211260561,pull,sinArtefactosConservador,random_undersampling_controlado,RBFNetwork_aprox,,,,,,,,,,,,,,,0,True,NO_APLICA,variante marcada como no modelable,,
211260561,pull,sinArtefactosEstricto,sin_balanceo,SMO_SVM,,,,,,,,,,,,,,,0,True,NO_APLICA,variante marcada como no modelable,,
211260561,pull,sinArtefactosEstricto,sin_balanceo,RandomForest,,,,,,,,,,,,,,,0,True,NO_APLICA,variante marcada como no modelable,,
211260561,pull,sinArtefactosEstricto,sin_balanceo,MLP,,,,,,,,,,,,,,,0,True,NO_APLICA,variante marcada como no modelable,,
211260561,pull,sinArtefactosEstricto,sin_balanceo,IBk_kNN,,,,,,,,,,,,,,,0,True,NO_APLICA,variante marcada como no modelable,,
211260561,pull,sinArtefactosEstricto,sin_balanceo,RBFNetwork_aprox,,,,,,,,,,,,,,,0,True,NO_APLICA,variante marcada como no modelable,,
211260561,pull,sinArtefactosEstricto,random_oversampling,SMO_SVM,,,,,,,,,,,,,,,0,True,NO_APLICA,variante marcada como no modelable,,
211260561,pull,sinArtefactosEstricto,random_oversampling,RandomForest,,,,,,,,,,,,,,,0,True,NO_APLICA,variante marcada como no modelable,,
211260561,pull,sinArtefactosEstricto,random_oversampling,MLP,,,,,,,,,,,,,,,0,True,NO_APLICA,variante marcada como no modelable,,
211260561,pull,sinArtefactosEstricto,random_oversampling,IBk_kNN,,,,,,,,,,,,,,,0,True,NO_APLICA,variante marcada como no modelable,,
211260561,pull,sinArtefactosEstricto,random_oversampling,RBFNetwork_aprox,,,,,,,,,,,,,,,0,True,NO_APLICA,variante marcada como no modelable,,
211260561,pull,sinArtefactosEstricto,class_weight_balanced,SMO_SVM,,,,,,,,,,,,,,,0,True,NO_APLICA,variante marcada como no modelable,,
211260561,pull,sinArtefactosEstricto,class_weight_balanced,RandomForest,,,,,,,,,,,,,,,0,True,NO_APLICA,variante marcada como no modelable,,
211260561,pull,sinArtefactosEstricto,class_weight_balanced,MLP,,,,,,,,,,,,,,,0,True,NO_APLICA,variante marcada como no modelable,,
211260561,pull,sinArtefactosEstricto,class_weight_balanced,IBk_kNN,,,,,,,,,,,,,,,0,True,NO_APLICA,variante marcada como no modelable,,
211260561,pull,sinArtefactosEstricto,class_weight_balanced,RBFNetwork_aprox,,,,,,,,,,,,,,,0,True,NO_APLICA,variante marcada como no modelable,,
211260561,pull,sinArtefactosEstricto,smote,SMO_SVM,,,,,,,,,,,,,,,0,True,NO_APLICA,variante marcada como no modelable,,
211260561,pull,sinArtefactosEstricto,smote,RandomForest,,,,,,,,,,,,,,,0,True,NO_APLICA,variante marcada como no modelable,,
211260561,pull,sinArtefactosEstricto,smote,MLP,,,,,,,,,,,,,,,0,True,NO_APLICA,variante marcada como no modelable,,
211260561,pull,sinArtefactosEstricto,smote,IBk_kNN,,,,,,,,,,,,,,,0,True,NO_APLICA,variante marcada como no modelable,,
211260561,pull,sinArtefactosEstricto,smote,RBFNetwork_aprox,,,,,,,,,,,,,,,0,True,NO_APLICA,variante marcada como no modelable,,
211260561,pull,sinArtefactosEstricto,smote_tomek,SMO_SVM,,,,,,,,,,,,,,,0,True,NO_APLICA,variante marcada como no modelable,,
211260561,pull,sinArtefactosEstricto,smote_tomek,RandomForest,,,,,,,,,,,,,,,0,True,NO_APLICA,variante marcada como no modelable,,
211260561,pull,sinArtefactosEstricto,smote_tomek,MLP,,,,,,,,,,,,,,,0,True,NO_APLICA,variante marcada como no modelable,,
211260561,pull,sinArtefactosEstricto,smote_tomek,IBk_kNN,,,,,,,,,,,,,,,0,True,NO_APLICA,variante marcada como no modelable,,
211260561,pull,sinArtefactosEstricto,smote_tomek,RBFNetwork_aprox,,,,,,,,,,,,,,,0,True,NO_APLICA,variante marcada como no modelable,,
211260561,pull,sinArtefactosEstricto,random_undersampling_controlado,SMO_SVM,,,,,,,,,,,,,,,0,True,NO_APLICA,variante marcada como no modelable,,
211260561,pull,sinArtefactosEstricto,random_undersampling_controlado,RandomForest,,,,,,,,,,,,,,,0,True,NO_APLICA,variante marcada como no modelable,,
211260561,pull,sinArtefactosEstricto,random_undersampling_controlado,MLP,,,,,,,,,,,,,,,0,True,NO_APLICA,variante marcada como no modelable,,
211260561,pull,sinArtefactosEstricto,random_undersampling_controlado,IBk_kNN,,,,,,,,,,,,,,,0,True,NO_APLICA,variante marcada como no modelable,,
211260561,pull,sinArtefactosEstricto,random_undersampling_controlado,RBFNetwork_aprox,,,,,,,,,,,,,,,0,True,NO_APLICA,variante marcada como no modelable,,
211260561,push,noOutliers,sin_balanceo,SMO_SVM,,,,,,,,,,,,,,,0,True,NO_APLICA,menos de dos clases modelables,,
211260561,push,noOutliers,sin_balanceo,RandomForest,,,,,,,,,,,,,,,0,True,NO_APLICA,menos de dos clases modelables,,
211260561,push,noOutliers,sin_balanceo,MLP,,,,,,,,,,,,,,,0,True,NO_APLICA,menos de dos clases modelables,,
211260561,push,noOutliers,sin_balanceo,IBk_kNN,,,,,,,,,,,,,,,0,True,NO_APLICA,menos de dos clases modelables,,
211260561,push,noOutliers,sin_balanceo,RBFNetwork_aprox,,,,,,,,,,,,,,,0,True,NO_APLICA,menos de dos clases modelables,,
211260561,push,noOutliers,random_oversampling,SMO_SVM,,,,,,,,,,,,,,,0,True,NO_APLICA,menos de dos clases modelables,,
211260561,push,noOutliers,random_oversampling,RandomForest,,,,,,,,,,,,,,,0,True,NO_APLICA,menos de dos clases modelables,,
211260561,push,noOutliers,random_oversampling,MLP,,,,,,,,,,,,,,,0,True,NO_APLICA,menos de dos clases modelables,,
211260561,push,noOutliers,random_oversampling,IBk_kNN,,,,,,,,,,,,,,,0,True,NO_APLICA,menos de dos clases modelables,,
211260561,push,noOutliers,random_oversampling,RBFNetwork_aprox,,,,,,,,,,,,,,,0,True,NO_APLICA,menos de dos clases modelables,,
211260561,push,noOutliers,class_weight_balanced,SMO_SVM,,,,,,,,,,,,,,,0,True,NO_APLICA,menos de dos clases modelables,,
211260561,push,noOutliers,class_weight_balanced,RandomForest,,,,,,,,,,,,,,,0,True,NO_APLICA,menos de dos clases modelables,,
211260561,push,noOutliers,class_weight_balanced,MLP,,,,,,,,,,,,,,,0,True,NO_APLICA,menos de dos clases modelables,,
211260561,push,noOutliers,class_weight_balanced,IBk_kNN,,,,,,,,,,,,,,,0,True,NO_APLICA,menos de dos clases modelables,,
211260561,push,noOutliers,class_weight_balanced,RBFNetwork_aprox,,,,,,,,,,,,,,,0,True,NO_APLICA,menos de dos clases modelables,,
211260561,push,noOutliers,smote,SMO_SVM,,,,,,,,,,,,,,,0,True,NO_APLICA,menos de dos clases modelables,,
211260561,push,noOutliers,smote,RandomForest,,,,,,,,,,,,,,,0,True,NO_APLICA,menos de dos clases modelables,,
211260561,push,noOutliers,smote,MLP,,,,,,,,,,,,,,,0,True,NO_APLICA,menos de dos clases modelables,,
211260561,push,noOutliers,smote,IBk_kNN,,,,,,,,,,,,,,,0,True,NO_APLICA,menos de dos clases modelables,,
211260561,push,noOutliers,smote,RBFNetwork_aprox,,,,,,,,,,,,,,,0,True,NO_APLICA,menos de dos clases modelables,,
211260561,push,noOutliers,smote_tomek,SMO_SVM,,,,,,,,,,,,,,,0,True,NO_APLICA,menos de dos clases modelables,,
211260561,push,noOutliers,smote_tomek,RandomForest,,,,,,,,,,,,,,,0,True,NO_APLICA,menos de dos clases modelables,,
211260561,push,noOutliers,smote_tomek,MLP,,,,,,,,,,,,,,,0,True,NO_APLICA,menos de dos clases modelables,,
211260561,push,noOutliers,smote_tomek,IBk_kNN,,,,,,,,,,,,,,,0,True,NO_APLICA,menos de dos clases modelables,,
211260561,push,noOutliers,smote_tomek,RBFNetwork_aprox,,,,,,,,,,,,,,,0,True,NO_APLICA,menos de dos clases modelables,,
211260561,push,noOutliers,random_undersampling_controlado,SMO_SVM,,,,,,,,,,,,,,,0,True,NO_APLICA,menos de dos clases modelables,,
211260561,push,noOutliers,random_undersampling_controlado,RandomForest,,,,,,,,,,,,,,,0,True,NO_APLICA,menos de dos clases modelables,,
211260561,push,noOutliers,random_undersampling_controlado,MLP,,,,,,,,,,,,,,,0,True,NO_APLICA,menos de dos clases modelables,,
211260561,push,noOutliers,random_undersampling_controlado,IBk_kNN,,,,,,,,,,,,,,,0,True,NO_APLICA,menos de dos clases modelables,,
211260561,push,noOutliers,random_undersampling_controlado,RBFNetwork_aprox,,,,,,,,,,,,,,,0,True,NO_APLICA,menos de dos clases modelables,,
211260561,push,sinArtefactosConservador,sin_balanceo,SMO_SVM,,,,,,,,,,,,,,,0,True,NO_APLICA,variante marcada como no modelable,,
211260561,push,sinArtefactosConservador,sin_balanceo,RandomForest,,,,,,,,,,,,,,,0,True,NO_APLICA,variante marcada como no modelable,,
211260561,push,sinArtefactosConservador,sin_balanceo,MLP,,,,,,,,,,,,,,,0,True,NO_APLICA,variante marcada como no modelable,,
211260561,push,sinArtefactosConservador,sin_balanceo,IBk_kNN,,,,,,,,,,,,,,,0,True,NO_APLICA,variante marcada como no modelable,,
211260561,push,sinArtefactosConservador,sin_balanceo,RBFNetwork_aprox,,,,,,,,,,,,,,,0,True,NO_APLICA,variante marcada como no modelable,,
211260561,push,sinArtefactosConservador,random_oversampling,SMO_SVM,,,,,,,,,,,,,,,0,True,NO_APLICA,variante marcada como no modelable,,
211260561,push,sinArtefactosConservador,random_oversampling,RandomForest,,,,,,,,,,,,,,,0,True,NO_APLICA,variante marcada como no modelable,,
211260561,push,sinArtefactosConservador,random_oversampling,MLP,,,,,,,,,,,,,,,0,True,NO_APLICA,variante marcada como no modelable,,
211260561,push,sinArtefactosConservador,random_oversampling,IBk_kNN,,,,,,,,,,,,,,,0,True,NO_APLICA,variante marcada como no modelable,,
211260561,push,sinArtefactosConservador,random_oversampling,RBFNetwork_aprox,,,,,,,,,,,,,,,0,True,NO_APLICA,variante marcada como no modelable,,
211260561,push,sinArtefactosConservador,class_weight_balanced,SMO_SVM,,,,,,,,,,,,,,,0,True,NO_APLICA,variante marcada como no modelable,,
211260561,push,sinArtefactosConservador,class_weight_balanced,RandomForest,,,,,,,,,,,,,,,0,True,NO_APLICA,variante marcada como no modelable,,
211260561,push,sinArtefactosConservador,class_weight_balanced,MLP,,,,,,,,,,,,,,,0,True,NO_APLICA,variante marcada como no modelable,,
211260561,push,sinArtefactosConservador,class_weight_balanced,IBk_kNN,,,,,,,,,,,,,,,0,True,NO_APLICA,variante marcada como no modelable,,
211260561,push,sinArtefactosConservador,class_weight_balanced,RBFNetwork_aprox,,,,,,,,,,,,,,,0,True,NO_APLICA,variante marcada como no modelable,,
211260561,push,sinArtefactosConservador,smote,SMO_SVM,,,,,,,,,,,,,,,0,True,NO_APLICA,variante marcada como no modelable,,
211260561,push,sinArtefactosConservador,smote,RandomForest,,,,,,,,,,,,,,,0,True,NO_APLICA,variante marcada como no modelable,,
211260561,push,sinArtefactosConservador,smote,MLP,,,,,,,,,,,,,,,0,True,NO_APLICA,variante marcada como no modelable,,
211260561,push,sinArtefactosConservador,smote,IBk_kNN,,,,,,,,,,,,,,,0,True,NO_APLICA,variante marcada como no modelable,,
211260561,push,sinArtefactosConservador,smote,RBFNetwork_aprox,,,,,,,,,,,,,,,0,True,NO_APLICA,variante marcada como no modelable,,
211260561,push,sinArtefactosConservador,smote_tomek,SMO_SVM,,,,,,,,,,,,,,,0,True,NO_APLICA,variante marcada como no modelable,,
211260561,push,sinArtefactosConservador,smote_tomek,RandomForest,,,,,,,,,,,,,,,0,True,NO_APLICA,variante marcada como no modelable,,
211260561,push,sinArtefactosConservador,smote_tomek,MLP,,,,,,,,,,,,,,,0,True,NO_APLICA,variante marcada como no modelable,,
211260561,push,sinArtefactosConservador,smote_tomek,IBk_kNN,,,,,,,,,,,,,,,0,True,NO_APLICA,variante marcada como no modelable,,
211260561,push,sinArtefactosConservador,smote_tomek,RBFNetwork_aprox,,,,,,,,,,,,,,,0,True,NO_APLICA,variante marcada como no modelable,,
211260561,push,sinArtefactosConservador,random_undersampling_controlado,SMO_SVM,,,,,,,,,,,,,,,0,True,NO_APLICA,variante marcada como no modelable,,
211260561,push,sinArtefactosConservador,random_undersampling_controlado,RandomForest,,,,,,,,,,,,,,,0,True,NO_APLICA,variante marcada como no modelable,,
211260561,push,sinArtefactosConservador,random_undersampling_controlado,MLP,,,,,,,,,,,,,,,0,True,NO_APLICA,variante marcada como no modelable,,
211260561,push,sinArtefactosConservador,random_undersampling_controlado,IBk_kNN,,,,,,,,,,,,,,,0,True,NO_APLICA,variante marcada como no modelable,,
211260561,push,sinArtefactosConservador,random_undersampling_controlado,RBFNetwork_aprox,,,,,,,,,,,,,,,0,True,NO_APLICA,variante marcada como no modelable,,
211260561,push,sinArtefactosEstricto,sin_balanceo,SMO_SVM,,,,,,,,,,,,,,,0,True,NO_APLICA,variante marcada como no modelable,,
211260561,push,sinArtefactosEstricto,sin_balanceo,RandomForest,,,,,,,,,,,,,,,0,True,NO_APLICA,variante marcada como no modelable,,
211260561,push,sinArtefactosEstricto,sin_balanceo,MLP,,,,,,,,,,,,,,,0,True,NO_APLICA,variante marcada como no modelable,,
211260561,push,sinArtefactosEstricto,sin_balanceo,IBk_kNN,,,,,,,,,,,,,,,0,True,NO_APLICA,variante marcada como no modelable,,
211260561,push,sinArtefactosEstricto,sin_balanceo,RBFNetwork_aprox,,,,,,,,,,,,,,,0,True,NO_APLICA,variante marcada como no modelable,,
211260561,push,sinArtefactosEstricto,random_oversampling,SMO_SVM,,,,,,,,,,,,,,,0,True,NO_APLICA,variante marcada como no modelable,,
211260561,push,sinArtefactosEstricto,random_oversampling,RandomForest,,,,,,,,,,,,,,,0,True,NO_APLICA,variante marcada como no modelable,,
211260561,push,sinArtefactosEstricto,random_oversampling,MLP,,,,,,,,,,,,,,,0,True,NO_APLICA,variante marcada como no modelable,,
211260561,push,sinArtefactosEstricto,random_oversampling,IBk_kNN,,,,,,,,,,,,,,,0,True,NO_APLICA,variante marcada como no modelable,,
211260561,push,sinArtefactosEstricto,random_oversampling,RBFNetwork_aprox,,,,,,,,,,,,,,,0,True,NO_APLICA,variante marcada como no modelable,,
211260561,push,sinArtefactosEstricto,class_weight_balanced,SMO_SVM,,,,,,,,,,,,,,,0,True,NO_APLICA,variante marcada como no modelable,,
211260561,push,sinArtefactosEstricto,class_weight_balanced,RandomForest,,,,,,,,,,,,,,,0,True,NO_APLICA,variante marcada como no modelable,,
211260561,push,sinArtefactosEstricto,class_weight_balanced,MLP,,,,,,,,,,,,,,,0,True,NO_APLICA,variante marcada como no modelable,,
211260561,push,sinArtefactosEstricto,class_weight_balanced,IBk_kNN,,,,,,,,,,,,,,,0,True,NO_APLICA,variante marcada como no modelable,,
211260561,push,sinArtefactosEstricto,class_weight_balanced,RBFNetwork_aprox,,,,,,,,,,,,,,,0,True,NO_APLICA,variante marcada como no modelable,,
211260561,push,sinArtefactosEstricto,smote,SMO_SVM,,,,,,,,,,,,,,,0,True,NO_APLICA,variante marcada como no modelable,,
211260561,push,sinArtefactosEstricto,smote,RandomForest,,,,,,,,,,,,,,,0,True,NO_APLICA,variante marcada como no modelable,,
211260561,push,sinArtefactosEstricto,smote,MLP,,,,,,,,,,,,,,,0,True,NO_APLICA,variante marcada como no modelable,,
211260561,push,sinArtefactosEstricto,smote,IBk_kNN,,,,,,,,,,,,,,,0,True,NO_APLICA,variante marcada como no modelable,,
211260561,push,sinArtefactosEstricto,smote,RBFNetwork_aprox,,,,,,,,,,,,,,,0,True,NO_APLICA,variante marcada como no modelable,,
211260561,push,sinArtefactosEstricto,smote_tomek,SMO_SVM,,,,,,,,,,,,,,,0,True,NO_APLICA,variante marcada como no modelable,,
211260561,push,sinArtefactosEstricto,smote_tomek,RandomForest,,,,,,,,,,,,,,,0,True,NO_APLICA,variante marcada como no modelable,,
211260561,push,sinArtefactosEstricto,smote_tomek,MLP,,,,,,,,,,,,,,,0,True,NO_APLICA,variante marcada como no modelable,,
211260561,push,sinArtefactosEstricto,smote_tomek,IBk_kNN,,,,,,,,,,,,,,,0,True,NO_APLICA,variante marcada como no modelable,,
211260561,push,sinArtefactosEstricto,smote_tomek,RBFNetwork_aprox,,,,,,,,,,,,,,,0,True,NO_APLICA,variante marcada como no modelable,,
211260561,push,sinArtefactosEstricto,random_undersampling_controlado,SMO_SVM,,,,,,,,,,,,,,,0,True,NO_APLICA,variante marcada como no modelable,,
211260561,push,sinArtefactosEstricto,random_undersampling_controlado,RandomForest,,,,,,,,,,,,,,,0,True,NO_APLICA,variante marcada como no modelable,,
211260561,push,sinArtefactosEstricto,random_undersampling_controlado,MLP,,,,,,,,,,,,,,,0,True,NO_APLICA,variante marcada como no modelable,,
211260561,push,sinArtefactosEstricto,random_undersampling_controlado,IBk_kNN,,,,,,,,,,,,,,,0,True,NO_APLICA,variante marcada como no modelable,,
211260561,push,sinArtefactosEstricto,random_undersampling_controlado,RBFNetwork_aprox,,,,,,,,,,,,,,,0,True,NO_APLICA,variante marcada como no modelable,,
211260561,right,noOutliers,sin_balanceo,SMO_SVM,,,,,,,,,,,,,,,0,True,NO_APLICA,menos de dos clases modelables,,
211260561,right,noOutliers,sin_balanceo,RandomForest,,,,,,,,,,,,,,,0,True,NO_APLICA,menos de dos clases modelables,,
211260561,right,noOutliers,sin_balanceo,MLP,,,,,,,,,,,,,,,0,True,NO_APLICA,menos de dos clases modelables,,
211260561,right,noOutliers,sin_balanceo,IBk_kNN,,,,,,,,,,,,,,,0,True,NO_APLICA,menos de dos clases modelables,,
211260561,right,noOutliers,sin_balanceo,RBFNetwork_aprox,,,,,,,,,,,,,,,0,True,NO_APLICA,menos de dos clases modelables,,
211260561,right,noOutliers,random_oversampling,SMO_SVM,,,,,,,,,,,,,,,0,True,NO_APLICA,menos de dos clases modelables,,
211260561,right,noOutliers,random_oversampling,RandomForest,,,,,,,,,,,,,,,0,True,NO_APLICA,menos de dos clases modelables,,
211260561,right,noOutliers,random_oversampling,MLP,,,,,,,,,,,,,,,0,True,NO_APLICA,menos de dos clases modelables,,
211260561,right,noOutliers,random_oversampling,IBk_kNN,,,,,,,,,,,,,,,0,True,NO_APLICA,menos de dos clases modelables,,
211260561,right,noOutliers,random_oversampling,RBFNetwork_aprox,,,,,,,,,,,,,,,0,True,NO_APLICA,menos de dos clases modelables,,
211260561,right,noOutliers,class_weight_balanced,SMO_SVM,,,,,,,,,,,,,,,0,True,NO_APLICA,menos de dos clases modelables,,
211260561,right,noOutliers,class_weight_balanced,RandomForest,,,,,,,,,,,,,,,0,True,NO_APLICA,menos de dos clases modelables,,
211260561,right,noOutliers,class_weight_balanced,MLP,,,,,,,,,,,,,,,0,True,NO_APLICA,menos de dos clases modelables,,
211260561,right,noOutliers,class_weight_balanced,IBk_kNN,,,,,,,,,,,,,,,0,True,NO_APLICA,menos de dos clases modelables,,
211260561,right,noOutliers,class_weight_balanced,RBFNetwork_aprox,,,,,,,,,,,,,,,0,True,NO_APLICA,menos de dos clases modelables,,
211260561,right,noOutliers,smote,SMO_SVM,,,,,,,,,,,,,,,0,True,NO_APLICA,menos de dos clases modelables,,
211260561,right,noOutliers,smote,RandomForest,,,,,,,,,,,,,,,0,True,NO_APLICA,menos de dos clases modelables,,
211260561,right,noOutliers,smote,MLP,,,,,,,,,,,,,,,0,True,NO_APLICA,menos de dos clases modelables,,
211260561,right,noOutliers,smote,IBk_kNN,,,,,,,,,,,,,,,0,True,NO_APLICA,menos de dos clases modelables,,
211260561,right,noOutliers,smote,RBFNetwork_aprox,,,,,,,,,,,,,,,0,True,NO_APLICA,menos de dos clases modelables,,
211260561,right,noOutliers,smote_tomek,SMO_SVM,,,,,,,,,,,,,,,0,True,NO_APLICA,menos de dos clases modelables,,
211260561,right,noOutliers,smote_tomek,RandomForest,,,,,,,,,,,,,,,0,True,NO_APLICA,menos de dos clases modelables,,
211260561,right,noOutliers,smote_tomek,MLP,,,,,,,,,,,,,,,0,True,NO_APLICA,menos de dos clases modelables,,
211260561,right,noOutliers,smote_tomek,IBk_kNN,,,,,,,,,,,,,,,0,True,NO_APLICA,menos de dos clases modelables,,
211260561,right,noOutliers,smote_tomek,RBFNetwork_aprox,,,,,,,,,,,,,,,0,True,NO_APLICA,menos de dos clases modelables,,
211260561,right,noOutliers,random_undersampling_controlado,SMO_SVM,,,,,,,,,,,,,,,0,True,NO_APLICA,menos de dos clases modelables,,
211260561,right,noOutliers,random_undersampling_controlado,RandomForest,,,,,,,,,,,,,,,0,True,NO_APLICA,menos de dos clases modelables,,
211260561,right,noOutliers,random_undersampling_controlado,MLP,,,,,,,,,,,,,,,0,True,NO_APLICA,menos de dos clases modelables,,
211260561,right,noOutliers,random_undersampling_controlado,IBk_kNN,,,,,,,,,,,,,,,0,True,NO_APLICA,menos de dos clases modelables,,
211260561,right,noOutliers,random_undersampling_controlado,RBFNetwork_aprox,,,,,,,,,,,,,,,0,True,NO_APLICA,menos de dos clases modelables,,
211260561,right,sinArtefactosConservador,sin_balanceo,SMO_SVM,,,,,,,,,,,,,,,0,True,NO_APLICA,variante marcada como no modelable,,
211260561,right,sinArtefactosConservador,sin_balanceo,RandomForest,,,,,,,,,,,,,,,0,True,NO_APLICA,variante marcada como no modelable,,
211260561,right,sinArtefactosConservador,sin_balanceo,MLP,,,,,,,,,,,,,,,0,True,NO_APLICA,variante marcada como no modelable,,
211260561,right,sinArtefactosConservador,sin_balanceo,IBk_kNN,,,,,,,,,,,,,,,0,True,NO_APLICA,variante marcada como no modelable,,
211260561,right,sinArtefactosConservador,sin_balanceo,RBFNetwork_aprox,,,,,,,,,,,,,,,0,True,NO_APLICA,variante marcada como no modelable,,
211260561,right,sinArtefactosConservador,random_oversampling,SMO_SVM,,,,,,,,,,,,,,,0,True,NO_APLICA,variante marcada como no modelable,,
211260561,right,sinArtefactosConservador,random_oversampling,RandomForest,,,,,,,,,,,,,,,0,True,NO_APLICA,variante marcada como no modelable,,
211260561,right,sinArtefactosConservador,random_oversampling,MLP,,,,,,,,,,,,,,,0,True,NO_APLICA,variante marcada como no modelable,,
211260561,right,sinArtefactosConservador,random_oversampling,IBk_kNN,,,,,,,,,,,,,,,0,True,NO_APLICA,variante marcada como no modelable,,
211260561,right,sinArtefactosConservador,random_oversampling,RBFNetwork_aprox,,,,,,,,,,,,,,,0,True,NO_APLICA,variante marcada como no modelable,,
211260561,right,sinArtefactosConservador,class_weight_balanced,SMO_SVM,,,,,,,,,,,,,,,0,True,NO_APLICA,variante marcada como no modelable,,
211260561,right,sinArtefactosConservador,class_weight_balanced,RandomForest,,,,,,,,,,,,,,,0,True,NO_APLICA,variante marcada como no modelable,,
211260561,right,sinArtefactosConservador,class_weight_balanced,MLP,,,,,,,,,,,,,,,0,True,NO_APLICA,variante marcada como no modelable,,
211260561,right,sinArtefactosConservador,class_weight_balanced,IBk_kNN,,,,,,,,,,,,,,,0,True,NO_APLICA,variante marcada como no modelable,,
211260561,right,sinArtefactosConservador,class_weight_balanced,RBFNetwork_aprox,,,,,,,,,,,,,,,0,True,NO_APLICA,variante marcada como no modelable,,
211260561,right,sinArtefactosConservador,smote,SMO_SVM,,,,,,,,,,,,,,,0,True,NO_APLICA,variante marcada como no modelable,,
211260561,right,sinArtefactosConservador,smote,RandomForest,,,,,,,,,,,,,,,0,True,NO_APLICA,variante marcada como no modelable,,
211260561,right,sinArtefactosConservador,smote,MLP,,,,,,,,,,,,,,,0,True,NO_APLICA,variante marcada como no modelable,,
211260561,right,sinArtefactosConservador,smote,IBk_kNN,,,,,,,,,,,,,,,0,True,NO_APLICA,variante marcada como no modelable,,
211260561,right,sinArtefactosConservador,smote,RBFNetwork_aprox,,,,,,,,,,,,,,,0,True,NO_APLICA,variante marcada como no modelable,,
211260561,right,sinArtefactosConservador,smote_tomek,SMO_SVM,,,,,,,,,,,,,,,0,True,NO_APLICA,variante marcada como no modelable,,
211260561,right,sinArtefactosConservador,smote_tomek,RandomForest,,,,,,,,,,,,,,,0,True,NO_APLICA,variante marcada como no modelable,,
211260561,right,sinArtefactosConservador,smote_tomek,MLP,,,,,,,,,,,,,,,0,True,NO_APLICA,variante marcada como no modelable,,
211260561,right,sinArtefactosConservador,smote_tomek,IBk_kNN,,,,,,,,,,,,,,,0,True,NO_APLICA,variante marcada como no modelable,,
211260561,right,sinArtefactosConservador,smote_tomek,RBFNetwork_aprox,,,,,,,,,,,,,,,0,True,NO_APLICA,variante marcada como no modelable,,
211260561,right,sinArtefactosConservador,random_undersampling_controlado,SMO_SVM,,,,,,,,,,,,,,,0,True,NO_APLICA,variante marcada como no modelable,,
211260561,right,sinArtefactosConservador,random_undersampling_controlado,RandomForest,,,,,,,,,,,,,,,0,True,NO_APLICA,variante marcada como no modelable,,
211260561,right,sinArtefactosConservador,random_undersampling_controlado,MLP,,,,,,,,,,,,,,,0,True,NO_APLICA,variante marcada como no modelable,,
211260561,right,sinArtefactosConservador,random_undersampling_controlado,IBk_kNN,,,,,,,,,,,,,,,0,True,NO_APLICA,variante marcada como no modelable,,
211260561,right,sinArtefactosConservador,random_undersampling_controlado,RBFNetwork_aprox,,,,,,,,,,,,,,,0,True,NO_APLICA,variante marcada como no modelable,,
211260561,right,sinArtefactosEstricto,sin_balanceo,SMO_SVM,,,,,,,,,,,,,,,0,True,NO_APLICA,variante marcada como no modelable,,
211260561,right,sinArtefactosEstricto,sin_balanceo,RandomForest,,,,,,,,,,,,,,,0,True,NO_APLICA,variante marcada como no modelable,,
211260561,right,sinArtefactosEstricto,sin_balanceo,MLP,,,,,,,,,,,,,,,0,True,NO_APLICA,variante marcada como no modelable,,
211260561,right,sinArtefactosEstricto,sin_balanceo,IBk_kNN,,,,,,,,,,,,,,,0,True,NO_APLICA,variante marcada como no modelable,,
211260561,right,sinArtefactosEstricto,sin_balanceo,RBFNetwork_aprox,,,,,,,,,,,,,,,0,True,NO_APLICA,variante marcada como no modelable,,
211260561,right,sinArtefactosEstricto,random_oversampling,SMO_SVM,,,,,,,,,,,,,,,0,True,NO_APLICA,variante marcada como no modelable,,
211260561,right,sinArtefactosEstricto,random_oversampling,RandomForest,,,,,,,,,,,,,,,0,True,NO_APLICA,variante marcada como no modelable,,
211260561,right,sinArtefactosEstricto,random_oversampling,MLP,,,,,,,,,,,,,,,0,True,NO_APLICA,variante marcada como no modelable,,
211260561,right,sinArtefactosEstricto,random_oversampling,IBk_kNN,,,,,,,,,,,,,,,0,True,NO_APLICA,variante marcada como no modelable,,
211260561,right,sinArtefactosEstricto,random_oversampling,RBFNetwork_aprox,,,,,,,,,,,,,,,0,True,NO_APLICA,variante marcada como no modelable,,
211260561,right,sinArtefactosEstricto,class_weight_balanced,SMO_SVM,,,,,,,,,,,,,,,0,True,NO_APLICA,variante marcada como no modelable,,
211260561,right,sinArtefactosEstricto,class_weight_balanced,RandomForest,,,,,,,,,,,,,,,0,True,NO_APLICA,variante marcada como no modelable,,
211260561,right,sinArtefactosEstricto,class_weight_balanced,MLP,,,,,,,,,,,,,,,0,True,NO_APLICA,variante marcada como no modelable,,
211260561,right,sinArtefactosEstricto,class_weight_balanced,IBk_kNN,,,,,,,,,,,,,,,0,True,NO_APLICA,variante marcada como no modelable,,
211260561,right,sinArtefactosEstricto,class_weight_balanced,RBFNetwork_aprox,,,,,,,,,,,,,,,0,True,NO_APLICA,variante marcada como no modelable,,
211260561,right,sinArtefactosEstricto,smote,SMO_SVM,,,,,,,,,,,,,,,0,True,NO_APLICA,variante marcada como no modelable,,
211260561,right,sinArtefactosEstricto,smote,RandomForest,,,,,,,,,,,,,,,0,True,NO_APLICA,variante marcada como no modelable,,
211260561,right,sinArtefactosEstricto,smote,MLP,,,,,,,,,,,,,,,0,True,NO_APLICA,variante marcada como no modelable,,
211260561,right,sinArtefactosEstricto,smote,IBk_kNN,,,,,,,,,,,,,,,0,True,NO_APLICA,variante marcada como no modelable,,
211260561,right,sinArtefactosEstricto,smote,RBFNetwork_aprox,,,,,,,,,,,,,,,0,True,NO_APLICA,variante marcada como no modelable,,
211260561,right,sinArtefactosEstricto,smote_tomek,SMO_SVM,,,,,,,,,,,,,,,0,True,NO_APLICA,variante marcada como no modelable,,
211260561,right,sinArtefactosEstricto,smote_tomek,RandomForest,,,,,,,,,,,,,,,0,True,NO_APLICA,variante marcada como no modelable,,
211260561,right,sinArtefactosEstricto,smote_tomek,MLP,,,,,,,,,,,,,,,0,True,NO_APLICA,variante marcada como no modelable,,
211260561,right,sinArtefactosEstricto,smote_tomek,IBk_kNN,,,,,,,,,,,,,,,0,True,NO_APLICA,variante marcada como no modelable,,
211260561,right,sinArtefactosEstricto,smote_tomek,RBFNetwork_aprox,,,,,,,,,,,,,,,0,True,NO_APLICA,variante marcada como no modelable,,
211260561,right,sinArtefactosEstricto,random_undersampling_controlado,SMO_SVM,,,,,,,,,,,,,,,0,True,NO_APLICA,variante marcada como no modelable,,
211260561,right,sinArtefactosEstricto,random_undersampling_controlado,RandomForest,,,,,,,,,,,,,,,0,True,NO_APLICA,variante marcada como no modelable,,
211260561,right,sinArtefactosEstricto,random_undersampling_controlado,MLP,,,,,,,,,,,,,,,0,True,NO_APLICA,variante marcada como no modelable,,
211260561,right,sinArtefactosEstricto,random_undersampling_controlado,IBk_kNN,,,,,,,,,,,,,,,0,True,NO_APLICA,variante marcada como no modelable,,
211260561,right,sinArtefactosEstricto,random_undersampling_controlado,RBFNetwork_aprox,,,,,,,,,,,,,,,0,True,NO_APLICA,variante marcada como no modelable,,
212260563,all,noOutliers,sin_balanceo,SMO_SVM,93.94,72.24,0.9071,0.7128,0.9286,0.9474,0.9655,0.0,0.9767,0.9474,0.9333,0.0,0.9333,0.9789,3,True,SI,Recall crítico bajo en: push,bloques,3.0
212260563,all,noOutliers,sin_balanceo,RandomForest,93.18,70.96,0.8949,0.7045,0.9209,0.9649,0.8966,0.0,0.9767,0.9167,0.9286,0.0,0.9545,0.9693,3,True,SI,Recall crítico bajo en: push,bloques,3.0
212260563,all,noOutliers,sin_balanceo,MLP,94.7,73.1,0.9191,0.7174,0.9362,0.9474,1.0,0.0,0.9767,0.9818,0.9062,0.0,0.9333,0.7973,3,True,SI,Recall crítico bajo en: push,bloques,3.0
212260563,all,noOutliers,sin_balanceo,IBk_kNN,94.7,73.25,0.9194,0.7164,0.9364,0.9298,1.0,0.0,1.0,1.0,0.8788,0.0,0.9348,0.8572,3,True,SI,Recall crítico bajo en: push,bloques,3.0
212260563,all,noOutliers,sin_balanceo,RBFNetwork_aprox,87.88,66.47,0.8136,0.6577,0.8686,0.9474,0.8276,0.0,0.8837,0.9,0.8,0.0,0.9048,0.8862,3,True,no,Recall crítico bajo en: push,bloques,3.0
212260563,all,noOutliers,random_oversampling,SMO_SVM,95.45,81.16,0.9308,0.8449,0.9511,0.9474,0.9655,0.3333,1.0,0.9818,0.9333,1.0,0.9348,0.9676,3,True,SI,Recall crítico bajo en: push,bloques,3.0
212260563,all,noOutliers,random_oversampling,RandomForest,94.7,72.68,0.9186,0.7178,0.9361,0.9649,0.9655,0.0,0.9767,0.9483,0.9333,0.0,0.9545,0.9851,3,True,SI,Recall crítico bajo en: push,bloques,3.0
212260563,all,noOutliers,random_oversampling,MLP,94.7,73.1,0.9191,0.7174,0.9362,0.9474,1.0,0.0,0.9767,0.9818,0.9062,0.0,0.9333,0.8036,3,True,SI,Recall crítico bajo en: push,bloques,3.0
212260563,all,noOutliers,random_oversampling,IBk_kNN,94.7,73.25,0.9194,0.7164,0.9364,0.9298,1.0,0.0,1.0,1.0,0.8788,0.0,0.9348,0.8572,3,True,SI,Recall crítico bajo en: push,bloques,3.0
212260563,all,noOutliers,random_oversampling,RBFNetwork_aprox,87.88,66.89,0.814,0.6603,0.8696,0.9298,0.8621,0.0,0.8837,0.8833,0.7812,0.0,0.95,0.9714,3,True,no,Recall crítico bajo en: push,bloques,3.0
212260563,all,noOutliers,class_weight_balanced,SMO_SVM,94.7,72.82,0.9188,0.7178,0.936,0.9474,0.9655,0.0,1.0,0.9643,0.9333,0.0,0.9348,0.9791,3,True,SI,Recall crítico bajo en: push,bloques,3.0
212260563,all,noOutliers,class_weight_balanced,RandomForest,92.42,70.37,0.883,0.6995,0.9136,0.9649,0.8966,0.0,0.9535,0.9016,0.9286,0.0,0.9535,0.9734,3,True,SI,Recall crítico bajo en: push,bloques,3.0
212260563,all,noOutliers,class_weight_balanced,MLP,,,,,,,,,,,,,,,3,True,NO_APLICA,class_weight no soportado por este modelo,,
212260563,all,noOutliers,class_weight_balanced,IBk_kNN,,,,,,,,,,,,,,,3,True,NO_APLICA,class_weight no soportado por este modelo,,
212260563,all,noOutliers,class_weight_balanced,RBFNetwork_aprox,85.61,65.72,0.781,0.6439,0.8472,0.8596,0.8621,0.0,0.907,0.9074,0.7576,0.0,0.8667,0.9087,3,True,no,Recall crítico bajo en: push,bloques,3.0
212260563,all,noOutliers,smote,SMO_SVM,,,,,,,,,,,,,,,3,True,NO_APLICA,SMOTE no aplicable: min_clase < 10,,
212260563,all,noOutliers,smote,RandomForest,,,,,,,,,,,,,,,3,True,NO_APLICA,SMOTE no aplicable: min_clase < 10,,
212260563,all,noOutliers,smote,MLP,,,,,,,,,,,,,,,3,True,NO_APLICA,SMOTE no aplicable: min_clase < 10,,
212260563,all,noOutliers,smote,IBk_kNN,,,,,,,,,,,,,,,3,True,NO_APLICA,SMOTE no aplicable: min_clase < 10,,
212260563,all,noOutliers,smote,RBFNetwork_aprox,,,,,,,,,,,,,,,3,True,NO_APLICA,SMOTE no aplicable: min_clase < 10,,
212260563,all,noOutliers,smote_tomek,SMO_SVM,,,,,,,,,,,,,,,3,True,NO_APLICA,SMOTE no aplicable: min_clase < 10,,
212260563,all,noOutliers,smote_tomek,RandomForest,,,,,,,,,,,,,,,3,True,NO_APLICA,SMOTE no aplicable: min_clase < 10,,
212260563,all,noOutliers,smote_tomek,MLP,,,,,,,,,,,,,,,3,True,NO_APLICA,SMOTE no aplicable: min_clase < 10,,
212260563,all,noOutliers,smote_tomek,IBk_kNN,,,,,,,,,,,,,,,3,True,NO_APLICA,SMOTE no aplicable: min_clase < 10,,
212260563,all,noOutliers,smote_tomek,RBFNetwork_aprox,,,,,,,,,,,,,,,3,True,NO_APLICA,SMOTE no aplicable: min_clase < 10,,
212260563,all,noOutliers,random_undersampling_controlado,SMO_SVM,76.52,83.15,0.655,0.7411,0.7643,0.6491,0.7931,1.0,0.8837,0.881,0.697,0.5,0.7451,0.6978,3,True,SI,,bloques,3.0
212260563,all,noOutliers,random_undersampling_controlado,RandomForest,69.7,55.66,0.5462,0.5367,0.683,0.5263,0.7931,0.0,0.907,0.8108,0.7931,0.0,0.5909,0.8667,3,True,no,Recall crítico bajo en: push,bloques,3.0
212260563,all,noOutliers,random_undersampling_controlado,MLP,77.27,76.96,0.662,0.784,0.7688,0.6316,0.8966,0.6667,0.8837,0.8571,0.7647,1.0,0.7037,0.9192,3,True,SI,,bloques,3.0
212260563,all,noOutliers,random_undersampling_controlado,IBk_kNN,80.3,78.15,0.7067,0.7692,0.8035,0.7368,0.8621,0.6667,0.8605,0.875,0.6944,0.6667,0.8222,0.8552,3,True,SI,,bloques,3.0
212260563,all,noOutliers,random_undersampling_controlado,RBFNetwork_aprox,63.64,49.88,0.4561,0.4831,0.631,0.5614,0.6897,0.0,0.7442,0.8,0.6061,0.0,0.5424,0.3584,3,True,no,Recall crítico bajo en: push,bloques,3.0
212260563,all,sinArtefactosConservador,sin_balanceo,SMO_SVM,,,,,,,,,,,,,,,0,True,NO_APLICA,variante marcada como no modelable,,
212260563,all,sinArtefactosConservador,sin_balanceo,RandomForest,,,,,,,,,,,,,,,0,True,NO_APLICA,variante marcada como no modelable,,
212260563,all,sinArtefactosConservador,sin_balanceo,MLP,,,,,,,,,,,,,,,0,True,NO_APLICA,variante marcada como no modelable,,
212260563,all,sinArtefactosConservador,sin_balanceo,IBk_kNN,,,,,,,,,,,,,,,0,True,NO_APLICA,variante marcada como no modelable,,
212260563,all,sinArtefactosConservador,sin_balanceo,RBFNetwork_aprox,,,,,,,,,,,,,,,0,True,NO_APLICA,variante marcada como no modelable,,
212260563,all,sinArtefactosConservador,random_oversampling,SMO_SVM,,,,,,,,,,,,,,,0,True,NO_APLICA,variante marcada como no modelable,,
212260563,all,sinArtefactosConservador,random_oversampling,RandomForest,,,,,,,,,,,,,,,0,True,NO_APLICA,variante marcada como no modelable,,
212260563,all,sinArtefactosConservador,random_oversampling,MLP,,,,,,,,,,,,,,,0,True,NO_APLICA,variante marcada como no modelable,,
212260563,all,sinArtefactosConservador,random_oversampling,IBk_kNN,,,,,,,,,,,,,,,0,True,NO_APLICA,variante marcada como no modelable,,
212260563,all,sinArtefactosConservador,random_oversampling,RBFNetwork_aprox,,,,,,,,,,,,,,,0,True,NO_APLICA,variante marcada como no modelable,,
212260563,all,sinArtefactosConservador,class_weight_balanced,SMO_SVM,,,,,,,,,,,,,,,0,True,NO_APLICA,variante marcada como no modelable,,
212260563,all,sinArtefactosConservador,class_weight_balanced,RandomForest,,,,,,,,,,,,,,,0,True,NO_APLICA,variante marcada como no modelable,,
212260563,all,sinArtefactosConservador,class_weight_balanced,MLP,,,,,,,,,,,,,,,0,True,NO_APLICA,variante marcada como no modelable,,
212260563,all,sinArtefactosConservador,class_weight_balanced,IBk_kNN,,,,,,,,,,,,,,,0,True,NO_APLICA,variante marcada como no modelable,,
212260563,all,sinArtefactosConservador,class_weight_balanced,RBFNetwork_aprox,,,,,,,,,,,,,,,0,True,NO_APLICA,variante marcada como no modelable,,
212260563,all,sinArtefactosConservador,smote,SMO_SVM,,,,,,,,,,,,,,,0,True,NO_APLICA,variante marcada como no modelable,,
212260563,all,sinArtefactosConservador,smote,RandomForest,,,,,,,,,,,,,,,0,True,NO_APLICA,variante marcada como no modelable,,
212260563,all,sinArtefactosConservador,smote,MLP,,,,,,,,,,,,,,,0,True,NO_APLICA,variante marcada como no modelable,,
212260563,all,sinArtefactosConservador,smote,IBk_kNN,,,,,,,,,,,,,,,0,True,NO_APLICA,variante marcada como no modelable,,
212260563,all,sinArtefactosConservador,smote,RBFNetwork_aprox,,,,,,,,,,,,,,,0,True,NO_APLICA,variante marcada como no modelable,,
212260563,all,sinArtefactosConservador,smote_tomek,SMO_SVM,,,,,,,,,,,,,,,0,True,NO_APLICA,variante marcada como no modelable,,
212260563,all,sinArtefactosConservador,smote_tomek,RandomForest,,,,,,,,,,,,,,,0,True,NO_APLICA,variante marcada como no modelable,,
212260563,all,sinArtefactosConservador,smote_tomek,MLP,,,,,,,,,,,,,,,0,True,NO_APLICA,variante marcada como no modelable,,
212260563,all,sinArtefactosConservador,smote_tomek,IBk_kNN,,,,,,,,,,,,,,,0,True,NO_APLICA,variante marcada como no modelable,,
212260563,all,sinArtefactosConservador,smote_tomek,RBFNetwork_aprox,,,,,,,,,,,,,,,0,True,NO_APLICA,variante marcada como no modelable,,
212260563,all,sinArtefactosConservador,random_undersampling_controlado,SMO_SVM,,,,,,,,,,,,,,,0,True,NO_APLICA,variante marcada como no modelable,,
212260563,all,sinArtefactosConservador,random_undersampling_controlado,RandomForest,,,,,,,,,,,,,,,0,True,NO_APLICA,variante marcada como no modelable,,
212260563,all,sinArtefactosConservador,random_undersampling_controlado,MLP,,,,,,,,,,,,,,,0,True,NO_APLICA,variante marcada como no modelable,,
212260563,all,sinArtefactosConservador,random_undersampling_controlado,IBk_kNN,,,,,,,,,,,,,,,0,True,NO_APLICA,variante marcada como no modelable,,
212260563,all,sinArtefactosConservador,random_undersampling_controlado,RBFNetwork_aprox,,,,,,,,,,,,,,,0,True,NO_APLICA,variante marcada como no modelable,,
212260563,all,sinArtefactosEstricto,sin_balanceo,SMO_SVM,,,,,,,,,,,,,,,0,True,NO_APLICA,variante marcada como no modelable,,
212260563,all,sinArtefactosEstricto,sin_balanceo,RandomForest,,,,,,,,,,,,,,,0,True,NO_APLICA,variante marcada como no modelable,,
212260563,all,sinArtefactosEstricto,sin_balanceo,MLP,,,,,,,,,,,,,,,0,True,NO_APLICA,variante marcada como no modelable,,
212260563,all,sinArtefactosEstricto,sin_balanceo,IBk_kNN,,,,,,,,,,,,,,,0,True,NO_APLICA,variante marcada como no modelable,,
212260563,all,sinArtefactosEstricto,sin_balanceo,RBFNetwork_aprox,,,,,,,,,,,,,,,0,True,NO_APLICA,variante marcada como no modelable,,
212260563,all,sinArtefactosEstricto,random_oversampling,SMO_SVM,,,,,,,,,,,,,,,0,True,NO_APLICA,variante marcada como no modelable,,
212260563,all,sinArtefactosEstricto,random_oversampling,RandomForest,,,,,,,,,,,,,,,0,True,NO_APLICA,variante marcada como no modelable,,
212260563,all,sinArtefactosEstricto,random_oversampling,MLP,,,,,,,,,,,,,,,0,True,NO_APLICA,variante marcada como no modelable,,
212260563,all,sinArtefactosEstricto,random_oversampling,IBk_kNN,,,,,,,,,,,,,,,0,True,NO_APLICA,variante marcada como no modelable,,
212260563,all,sinArtefactosEstricto,random_oversampling,RBFNetwork_aprox,,,,,,,,,,,,,,,0,True,NO_APLICA,variante marcada como no modelable,,
212260563,all,sinArtefactosEstricto,class_weight_balanced,SMO_SVM,,,,,,,,,,,,,,,0,True,NO_APLICA,variante marcada como no modelable,,
212260563,all,sinArtefactosEstricto,class_weight_balanced,RandomForest,,,,,,,,,,,,,,,0,True,NO_APLICA,variante marcada como no modelable,,
212260563,all,sinArtefactosEstricto,class_weight_balanced,MLP,,,,,,,,,,,,,,,0,True,NO_APLICA,variante marcada como no modelable,,
212260563,all,sinArtefactosEstricto,class_weight_balanced,IBk_kNN,,,,,,,,,,,,,,,0,True,NO_APLICA,variante marcada como no modelable,,
212260563,all,sinArtefactosEstricto,class_weight_balanced,RBFNetwork_aprox,,,,,,,,,,,,,,,0,True,NO_APLICA,variante marcada como no modelable,,
212260563,all,sinArtefactosEstricto,smote,SMO_SVM,,,,,,,,,,,,,,,0,True,NO_APLICA,variante marcada como no modelable,,
212260563,all,sinArtefactosEstricto,smote,RandomForest,,,,,,,,,,,,,,,0,True,NO_APLICA,variante marcada como no modelable,,
212260563,all,sinArtefactosEstricto,smote,MLP,,,,,,,,,,,,,,,0,True,NO_APLICA,variante marcada como no modelable,,
212260563,all,sinArtefactosEstricto,smote,IBk_kNN,,,,,,,,,,,,,,,0,True,NO_APLICA,variante marcada como no modelable,,
212260563,all,sinArtefactosEstricto,smote,RBFNetwork_aprox,,,,,,,,,,,,,,,0,True,NO_APLICA,variante marcada como no modelable,,
212260563,all,sinArtefactosEstricto,smote_tomek,SMO_SVM,,,,,,,,,,,,,,,0,True,NO_APLICA,variante marcada como no modelable,,
212260563,all,sinArtefactosEstricto,smote_tomek,RandomForest,,,,,,,,,,,,,,,0,True,NO_APLICA,variante marcada como no modelable,,
212260563,all,sinArtefactosEstricto,smote_tomek,MLP,,,,,,,,,,,,,,,0,True,NO_APLICA,variante marcada como no modelable,,
212260563,all,sinArtefactosEstricto,smote_tomek,IBk_kNN,,,,,,,,,,,,,,,0,True,NO_APLICA,variante marcada como no modelable,,
212260563,all,sinArtefactosEstricto,smote_tomek,RBFNetwork_aprox,,,,,,,,,,,,,,,0,True,NO_APLICA,variante marcada como no modelable,,
212260563,all,sinArtefactosEstricto,random_undersampling_controlado,SMO_SVM,,,,,,,,,,,,,,,0,True,NO_APLICA,variante marcada como no modelable,,
212260563,all,sinArtefactosEstricto,random_undersampling_controlado,RandomForest,,,,,,,,,,,,,,,0,True,NO_APLICA,variante marcada como no modelable,,
212260563,all,sinArtefactosEstricto,random_undersampling_controlado,MLP,,,,,,,,,,,,,,,0,True,NO_APLICA,variante marcada como no modelable,,
212260563,all,sinArtefactosEstricto,random_undersampling_controlado,IBk_kNN,,,,,,,,,,,,,,,0,True,NO_APLICA,variante marcada como no modelable,,
212260563,all,sinArtefactosEstricto,random_undersampling_controlado,RBFNetwork_aprox,,,,,,,,,,,,,,,0,True,NO_APLICA,variante marcada como no modelable,,
212260563,left,noOutliers,sin_balanceo,SMO_SVM,,,,,,,,,,,,,,,0,True,NO_APLICA,menos de dos clases modelables,,
212260563,left,noOutliers,sin_balanceo,RandomForest,,,,,,,,,,,,,,,0,True,NO_APLICA,menos de dos clases modelables,,
212260563,left,noOutliers,sin_balanceo,MLP,,,,,,,,,,,,,,,0,True,NO_APLICA,menos de dos clases modelables,,
212260563,left,noOutliers,sin_balanceo,IBk_kNN,,,,,,,,,,,,,,,0,True,NO_APLICA,menos de dos clases modelables,,
212260563,left,noOutliers,sin_balanceo,RBFNetwork_aprox,,,,,,,,,,,,,,,0,True,NO_APLICA,menos de dos clases modelables,,
212260563,left,noOutliers,random_oversampling,SMO_SVM,,,,,,,,,,,,,,,0,True,NO_APLICA,menos de dos clases modelables,,
212260563,left,noOutliers,random_oversampling,RandomForest,,,,,,,,,,,,,,,0,True,NO_APLICA,menos de dos clases modelables,,
212260563,left,noOutliers,random_oversampling,MLP,,,,,,,,,,,,,,,0,True,NO_APLICA,menos de dos clases modelables,,
212260563,left,noOutliers,random_oversampling,IBk_kNN,,,,,,,,,,,,,,,0,True,NO_APLICA,menos de dos clases modelables,,
212260563,left,noOutliers,random_oversampling,RBFNetwork_aprox,,,,,,,,,,,,,,,0,True,NO_APLICA,menos de dos clases modelables,,
212260563,left,noOutliers,class_weight_balanced,SMO_SVM,,,,,,,,,,,,,,,0,True,NO_APLICA,menos de dos clases modelables,,
212260563,left,noOutliers,class_weight_balanced,RandomForest,,,,,,,,,,,,,,,0,True,NO_APLICA,menos de dos clases modelables,,
212260563,left,noOutliers,class_weight_balanced,MLP,,,,,,,,,,,,,,,0,True,NO_APLICA,menos de dos clases modelables,,
212260563,left,noOutliers,class_weight_balanced,IBk_kNN,,,,,,,,,,,,,,,0,True,NO_APLICA,menos de dos clases modelables,,
212260563,left,noOutliers,class_weight_balanced,RBFNetwork_aprox,,,,,,,,,,,,,,,0,True,NO_APLICA,menos de dos clases modelables,,
212260563,left,noOutliers,smote,SMO_SVM,,,,,,,,,,,,,,,0,True,NO_APLICA,menos de dos clases modelables,,
212260563,left,noOutliers,smote,RandomForest,,,,,,,,,,,,,,,0,True,NO_APLICA,menos de dos clases modelables,,
212260563,left,noOutliers,smote,MLP,,,,,,,,,,,,,,,0,True,NO_APLICA,menos de dos clases modelables,,
212260563,left,noOutliers,smote,IBk_kNN,,,,,,,,,,,,,,,0,True,NO_APLICA,menos de dos clases modelables,,
212260563,left,noOutliers,smote,RBFNetwork_aprox,,,,,,,,,,,,,,,0,True,NO_APLICA,menos de dos clases modelables,,
212260563,left,noOutliers,smote_tomek,SMO_SVM,,,,,,,,,,,,,,,0,True,NO_APLICA,menos de dos clases modelables,,
212260563,left,noOutliers,smote_tomek,RandomForest,,,,,,,,,,,,,,,0,True,NO_APLICA,menos de dos clases modelables,,
212260563,left,noOutliers,smote_tomek,MLP,,,,,,,,,,,,,,,0,True,NO_APLICA,menos de dos clases modelables,,
212260563,left,noOutliers,smote_tomek,IBk_kNN,,,,,,,,,,,,,,,0,True,NO_APLICA,menos de dos clases modelables,,
212260563,left,noOutliers,smote_tomek,RBFNetwork_aprox,,,,,,,,,,,,,,,0,True,NO_APLICA,menos de dos clases modelables,,
212260563,left,noOutliers,random_undersampling_controlado,SMO_SVM,,,,,,,,,,,,,,,0,True,NO_APLICA,menos de dos clases modelables,,
212260563,left,noOutliers,random_undersampling_controlado,RandomForest,,,,,,,,,,,,,,,0,True,NO_APLICA,menos de dos clases modelables,,
212260563,left,noOutliers,random_undersampling_controlado,MLP,,,,,,,,,,,,,,,0,True,NO_APLICA,menos de dos clases modelables,,
212260563,left,noOutliers,random_undersampling_controlado,IBk_kNN,,,,,,,,,,,,,,,0,True,NO_APLICA,menos de dos clases modelables,,
212260563,left,noOutliers,random_undersampling_controlado,RBFNetwork_aprox,,,,,,,,,,,,,,,0,True,NO_APLICA,menos de dos clases modelables,,
212260563,left,sinArtefactosConservador,sin_balanceo,SMO_SVM,,,,,,,,,,,,,,,0,True,NO_APLICA,variante marcada como no modelable,,
212260563,left,sinArtefactosConservador,sin_balanceo,RandomForest,,,,,,,,,,,,,,,0,True,NO_APLICA,variante marcada como no modelable,,
212260563,left,sinArtefactosConservador,sin_balanceo,MLP,,,,,,,,,,,,,,,0,True,NO_APLICA,variante marcada como no modelable,,
212260563,left,sinArtefactosConservador,sin_balanceo,IBk_kNN,,,,,,,,,,,,,,,0,True,NO_APLICA,variante marcada como no modelable,,
212260563,left,sinArtefactosConservador,sin_balanceo,RBFNetwork_aprox,,,,,,,,,,,,,,,0,True,NO_APLICA,variante marcada como no modelable,,
212260563,left,sinArtefactosConservador,random_oversampling,SMO_SVM,,,,,,,,,,,,,,,0,True,NO_APLICA,variante marcada como no modelable,,
212260563,left,sinArtefactosConservador,random_oversampling,RandomForest,,,,,,,,,,,,,,,0,True,NO_APLICA,variante marcada como no modelable,,
212260563,left,sinArtefactosConservador,random_oversampling,MLP,,,,,,,,,,,,,,,0,True,NO_APLICA,variante marcada como no modelable,,
212260563,left,sinArtefactosConservador,random_oversampling,IBk_kNN,,,,,,,,,,,,,,,0,True,NO_APLICA,variante marcada como no modelable,,
212260563,left,sinArtefactosConservador,random_oversampling,RBFNetwork_aprox,,,,,,,,,,,,,,,0,True,NO_APLICA,variante marcada como no modelable,,
212260563,left,sinArtefactosConservador,class_weight_balanced,SMO_SVM,,,,,,,,,,,,,,,0,True,NO_APLICA,variante marcada como no modelable,,
212260563,left,sinArtefactosConservador,class_weight_balanced,RandomForest,,,,,,,,,,,,,,,0,True,NO_APLICA,variante marcada como no modelable,,
212260563,left,sinArtefactosConservador,class_weight_balanced,MLP,,,,,,,,,,,,,,,0,True,NO_APLICA,variante marcada como no modelable,,
212260563,left,sinArtefactosConservador,class_weight_balanced,IBk_kNN,,,,,,,,,,,,,,,0,True,NO_APLICA,variante marcada como no modelable,,
212260563,left,sinArtefactosConservador,class_weight_balanced,RBFNetwork_aprox,,,,,,,,,,,,,,,0,True,NO_APLICA,variante marcada como no modelable,,
212260563,left,sinArtefactosConservador,smote,SMO_SVM,,,,,,,,,,,,,,,0,True,NO_APLICA,variante marcada como no modelable,,
212260563,left,sinArtefactosConservador,smote,RandomForest,,,,,,,,,,,,,,,0,True,NO_APLICA,variante marcada como no modelable,,
212260563,left,sinArtefactosConservador,smote,MLP,,,,,,,,,,,,,,,0,True,NO_APLICA,variante marcada como no modelable,,
212260563,left,sinArtefactosConservador,smote,IBk_kNN,,,,,,,,,,,,,,,0,True,NO_APLICA,variante marcada como no modelable,,
212260563,left,sinArtefactosConservador,smote,RBFNetwork_aprox,,,,,,,,,,,,,,,0,True,NO_APLICA,variante marcada como no modelable,,
212260563,left,sinArtefactosConservador,smote_tomek,SMO_SVM,,,,,,,,,,,,,,,0,True,NO_APLICA,variante marcada como no modelable,,
212260563,left,sinArtefactosConservador,smote_tomek,RandomForest,,,,,,,,,,,,,,,0,True,NO_APLICA,variante marcada como no modelable,,
212260563,left,sinArtefactosConservador,smote_tomek,MLP,,,,,,,,,,,,,,,0,True,NO_APLICA,variante marcada como no modelable,,
212260563,left,sinArtefactosConservador,smote_tomek,IBk_kNN,,,,,,,,,,,,,,,0,True,NO_APLICA,variante marcada como no modelable,,
212260563,left,sinArtefactosConservador,smote_tomek,RBFNetwork_aprox,,,,,,,,,,,,,,,0,True,NO_APLICA,variante marcada como no modelable,,
212260563,left,sinArtefactosConservador,random_undersampling_controlado,SMO_SVM,,,,,,,,,,,,,,,0,True,NO_APLICA,variante marcada como no modelable,,
212260563,left,sinArtefactosConservador,random_undersampling_controlado,RandomForest,,,,,,,,,,,,,,,0,True,NO_APLICA,variante marcada como no modelable,,
212260563,left,sinArtefactosConservador,random_undersampling_controlado,MLP,,,,,,,,,,,,,,,0,True,NO_APLICA,variante marcada como no modelable,,
212260563,left,sinArtefactosConservador,random_undersampling_controlado,IBk_kNN,,,,,,,,,,,,,,,0,True,NO_APLICA,variante marcada como no modelable,,
212260563,left,sinArtefactosConservador,random_undersampling_controlado,RBFNetwork_aprox,,,,,,,,,,,,,,,0,True,NO_APLICA,variante marcada como no modelable,,
212260563,left,sinArtefactosEstricto,sin_balanceo,SMO_SVM,,,,,,,,,,,,,,,0,True,NO_APLICA,variante marcada como no modelable,,
212260563,left,sinArtefactosEstricto,sin_balanceo,RandomForest,,,,,,,,,,,,,,,0,True,NO_APLICA,variante marcada como no modelable,,
212260563,left,sinArtefactosEstricto,sin_balanceo,MLP,,,,,,,,,,,,,,,0,True,NO_APLICA,variante marcada como no modelable,,
212260563,left,sinArtefactosEstricto,sin_balanceo,IBk_kNN,,,,,,,,,,,,,,,0,True,NO_APLICA,variante marcada como no modelable,,
212260563,left,sinArtefactosEstricto,sin_balanceo,RBFNetwork_aprox,,,,,,,,,,,,,,,0,True,NO_APLICA,variante marcada como no modelable,,
212260563,left,sinArtefactosEstricto,random_oversampling,SMO_SVM,,,,,,,,,,,,,,,0,True,NO_APLICA,variante marcada como no modelable,,
212260563,left,sinArtefactosEstricto,random_oversampling,RandomForest,,,,,,,,,,,,,,,0,True,NO_APLICA,variante marcada como no modelable,,
212260563,left,sinArtefactosEstricto,random_oversampling,MLP,,,,,,,,,,,,,,,0,True,NO_APLICA,variante marcada como no modelable,,
212260563,left,sinArtefactosEstricto,random_oversampling,IBk_kNN,,,,,,,,,,,,,,,0,True,NO_APLICA,variante marcada como no modelable,,
212260563,left,sinArtefactosEstricto,random_oversampling,RBFNetwork_aprox,,,,,,,,,,,,,,,0,True,NO_APLICA,variante marcada como no modelable,,
212260563,left,sinArtefactosEstricto,class_weight_balanced,SMO_SVM,,,,,,,,,,,,,,,0,True,NO_APLICA,variante marcada como no modelable,,
212260563,left,sinArtefactosEstricto,class_weight_balanced,RandomForest,,,,,,,,,,,,,,,0,True,NO_APLICA,variante marcada como no modelable,,
212260563,left,sinArtefactosEstricto,class_weight_balanced,MLP,,,,,,,,,,,,,,,0,True,NO_APLICA,variante marcada como no modelable,,
212260563,left,sinArtefactosEstricto,class_weight_balanced,IBk_kNN,,,,,,,,,,,,,,,0,True,NO_APLICA,variante marcada como no modelable,,
212260563,left,sinArtefactosEstricto,class_weight_balanced,RBFNetwork_aprox,,,,,,,,,,,,,,,0,True,NO_APLICA,variante marcada como no modelable,,
212260563,left,sinArtefactosEstricto,smote,SMO_SVM,,,,,,,,,,,,,,,0,True,NO_APLICA,variante marcada como no modelable,,
212260563,left,sinArtefactosEstricto,smote,RandomForest,,,,,,,,,,,,,,,0,True,NO_APLICA,variante marcada como no modelable,,
212260563,left,sinArtefactosEstricto,smote,MLP,,,,,,,,,,,,,,,0,True,NO_APLICA,variante marcada como no modelable,,
212260563,left,sinArtefactosEstricto,smote,IBk_kNN,,,,,,,,,,,,,,,0,True,NO_APLICA,variante marcada como no modelable,,
212260563,left,sinArtefactosEstricto,smote,RBFNetwork_aprox,,,,,,,,,,,,,,,0,True,NO_APLICA,variante marcada como no modelable,,
212260563,left,sinArtefactosEstricto,smote_tomek,SMO_SVM,,,,,,,,,,,,,,,0,True,NO_APLICA,variante marcada como no modelable,,
212260563,left,sinArtefactosEstricto,smote_tomek,RandomForest,,,,,,,,,,,,,,,0,True,NO_APLICA,variante marcada como no modelable,,
212260563,left,sinArtefactosEstricto,smote_tomek,MLP,,,,,,,,,,,,,,,0,True,NO_APLICA,variante marcada como no modelable,,
212260563,left,sinArtefactosEstricto,smote_tomek,IBk_kNN,,,,,,,,,,,,,,,0,True,NO_APLICA,variante marcada como no modelable,,
212260563,left,sinArtefactosEstricto,smote_tomek,RBFNetwork_aprox,,,,,,,,,,,,,,,0,True,NO_APLICA,variante marcada como no modelable,,
212260563,left,sinArtefactosEstricto,random_undersampling_controlado,SMO_SVM,,,,,,,,,,,,,,,0,True,NO_APLICA,variante marcada como no modelable,,
212260563,left,sinArtefactosEstricto,random_undersampling_controlado,RandomForest,,,,,,,,,,,,,,,0,True,NO_APLICA,variante marcada como no modelable,,
212260563,left,sinArtefactosEstricto,random_undersampling_controlado,MLP,,,,,,,,,,,,,,,0,True,NO_APLICA,variante marcada como no modelable,,
212260563,left,sinArtefactosEstricto,random_undersampling_controlado,IBk_kNN,,,,,,,,,,,,,,,0,True,NO_APLICA,variante marcada como no modelable,,
212260563,left,sinArtefactosEstricto,random_undersampling_controlado,RBFNetwork_aprox,,,,,,,,,,,,,,,0,True,NO_APLICA,variante marcada como no modelable,,
212260563,pull,noOutliers,sin_balanceo,SMO_SVM,,,,,,,,,,,,,,,0,True,NO_APLICA,menos de dos clases modelables,,
212260563,pull,noOutliers,sin_balanceo,RandomForest,,,,,,,,,,,,,,,0,True,NO_APLICA,menos de dos clases modelables,,
212260563,pull,noOutliers,sin_balanceo,MLP,,,,,,,,,,,,,,,0,True,NO_APLICA,menos de dos clases modelables,,
212260563,pull,noOutliers,sin_balanceo,IBk_kNN,,,,,,,,,,,,,,,0,True,NO_APLICA,menos de dos clases modelables,,
212260563,pull,noOutliers,sin_balanceo,RBFNetwork_aprox,,,,,,,,,,,,,,,0,True,NO_APLICA,menos de dos clases modelables,,
212260563,pull,noOutliers,random_oversampling,SMO_SVM,,,,,,,,,,,,,,,0,True,NO_APLICA,menos de dos clases modelables,,
212260563,pull,noOutliers,random_oversampling,RandomForest,,,,,,,,,,,,,,,0,True,NO_APLICA,menos de dos clases modelables,,
212260563,pull,noOutliers,random_oversampling,MLP,,,,,,,,,,,,,,,0,True,NO_APLICA,menos de dos clases modelables,,
212260563,pull,noOutliers,random_oversampling,IBk_kNN,,,,,,,,,,,,,,,0,True,NO_APLICA,menos de dos clases modelables,,
212260563,pull,noOutliers,random_oversampling,RBFNetwork_aprox,,,,,,,,,,,,,,,0,True,NO_APLICA,menos de dos clases modelables,,
212260563,pull,noOutliers,class_weight_balanced,SMO_SVM,,,,,,,,,,,,,,,0,True,NO_APLICA,menos de dos clases modelables,,
212260563,pull,noOutliers,class_weight_balanced,RandomForest,,,,,,,,,,,,,,,0,True,NO_APLICA,menos de dos clases modelables,,
212260563,pull,noOutliers,class_weight_balanced,MLP,,,,,,,,,,,,,,,0,True,NO_APLICA,menos de dos clases modelables,,
212260563,pull,noOutliers,class_weight_balanced,IBk_kNN,,,,,,,,,,,,,,,0,True,NO_APLICA,menos de dos clases modelables,,
212260563,pull,noOutliers,class_weight_balanced,RBFNetwork_aprox,,,,,,,,,,,,,,,0,True,NO_APLICA,menos de dos clases modelables,,
212260563,pull,noOutliers,smote,SMO_SVM,,,,,,,,,,,,,,,0,True,NO_APLICA,menos de dos clases modelables,,
212260563,pull,noOutliers,smote,RandomForest,,,,,,,,,,,,,,,0,True,NO_APLICA,menos de dos clases modelables,,
212260563,pull,noOutliers,smote,MLP,,,,,,,,,,,,,,,0,True,NO_APLICA,menos de dos clases modelables,,
212260563,pull,noOutliers,smote,IBk_kNN,,,,,,,,,,,,,,,0,True,NO_APLICA,menos de dos clases modelables,,
212260563,pull,noOutliers,smote,RBFNetwork_aprox,,,,,,,,,,,,,,,0,True,NO_APLICA,menos de dos clases modelables,,
212260563,pull,noOutliers,smote_tomek,SMO_SVM,,,,,,,,,,,,,,,0,True,NO_APLICA,menos de dos clases modelables,,
212260563,pull,noOutliers,smote_tomek,RandomForest,,,,,,,,,,,,,,,0,True,NO_APLICA,menos de dos clases modelables,,
212260563,pull,noOutliers,smote_tomek,MLP,,,,,,,,,,,,,,,0,True,NO_APLICA,menos de dos clases modelables,,
212260563,pull,noOutliers,smote_tomek,IBk_kNN,,,,,,,,,,,,,,,0,True,NO_APLICA,menos de dos clases modelables,,
212260563,pull,noOutliers,smote_tomek,RBFNetwork_aprox,,,,,,,,,,,,,,,0,True,NO_APLICA,menos de dos clases modelables,,
212260563,pull,noOutliers,random_undersampling_controlado,SMO_SVM,,,,,,,,,,,,,,,0,True,NO_APLICA,menos de dos clases modelables,,
212260563,pull,noOutliers,random_undersampling_controlado,RandomForest,,,,,,,,,,,,,,,0,True,NO_APLICA,menos de dos clases modelables,,
212260563,pull,noOutliers,random_undersampling_controlado,MLP,,,,,,,,,,,,,,,0,True,NO_APLICA,menos de dos clases modelables,,
212260563,pull,noOutliers,random_undersampling_controlado,IBk_kNN,,,,,,,,,,,,,,,0,True,NO_APLICA,menos de dos clases modelables,,
212260563,pull,noOutliers,random_undersampling_controlado,RBFNetwork_aprox,,,,,,,,,,,,,,,0,True,NO_APLICA,menos de dos clases modelables,,
212260563,pull,sinArtefactosConservador,sin_balanceo,SMO_SVM,,,,,,,,,,,,,,,0,True,NO_APLICA,variante marcada como no modelable,,
212260563,pull,sinArtefactosConservador,sin_balanceo,RandomForest,,,,,,,,,,,,,,,0,True,NO_APLICA,variante marcada como no modelable,,
212260563,pull,sinArtefactosConservador,sin_balanceo,MLP,,,,,,,,,,,,,,,0,True,NO_APLICA,variante marcada como no modelable,,
212260563,pull,sinArtefactosConservador,sin_balanceo,IBk_kNN,,,,,,,,,,,,,,,0,True,NO_APLICA,variante marcada como no modelable,,
212260563,pull,sinArtefactosConservador,sin_balanceo,RBFNetwork_aprox,,,,,,,,,,,,,,,0,True,NO_APLICA,variante marcada como no modelable,,
212260563,pull,sinArtefactosConservador,random_oversampling,SMO_SVM,,,,,,,,,,,,,,,0,True,NO_APLICA,variante marcada como no modelable,,
212260563,pull,sinArtefactosConservador,random_oversampling,RandomForest,,,,,,,,,,,,,,,0,True,NO_APLICA,variante marcada como no modelable,,
212260563,pull,sinArtefactosConservador,random_oversampling,MLP,,,,,,,,,,,,,,,0,True,NO_APLICA,variante marcada como no modelable,,
212260563,pull,sinArtefactosConservador,random_oversampling,IBk_kNN,,,,,,,,,,,,,,,0,True,NO_APLICA,variante marcada como no modelable,,
212260563,pull,sinArtefactosConservador,random_oversampling,RBFNetwork_aprox,,,,,,,,,,,,,,,0,True,NO_APLICA,variante marcada como no modelable,,
212260563,pull,sinArtefactosConservador,class_weight_balanced,SMO_SVM,,,,,,,,,,,,,,,0,True,NO_APLICA,variante marcada como no modelable,,
212260563,pull,sinArtefactosConservador,class_weight_balanced,RandomForest,,,,,,,,,,,,,,,0,True,NO_APLICA,variante marcada como no modelable,,
212260563,pull,sinArtefactosConservador,class_weight_balanced,MLP,,,,,,,,,,,,,,,0,True,NO_APLICA,variante marcada como no modelable,,
212260563,pull,sinArtefactosConservador,class_weight_balanced,IBk_kNN,,,,,,,,,,,,,,,0,True,NO_APLICA,variante marcada como no modelable,,
212260563,pull,sinArtefactosConservador,class_weight_balanced,RBFNetwork_aprox,,,,,,,,,,,,,,,0,True,NO_APLICA,variante marcada como no modelable,,
212260563,pull,sinArtefactosConservador,smote,SMO_SVM,,,,,,,,,,,,,,,0,True,NO_APLICA,variante marcada como no modelable,,
212260563,pull,sinArtefactosConservador,smote,RandomForest,,,,,,,,,,,,,,,0,True,NO_APLICA,variante marcada como no modelable,,
212260563,pull,sinArtefactosConservador,smote,MLP,,,,,,,,,,,,,,,0,True,NO_APLICA,variante marcada como no modelable,,
212260563,pull,sinArtefactosConservador,smote,IBk_kNN,,,,,,,,,,,,,,,0,True,NO_APLICA,variante marcada como no modelable,,
212260563,pull,sinArtefactosConservador,smote,RBFNetwork_aprox,,,,,,,,,,,,,,,0,True,NO_APLICA,variante marcada como no modelable,,
212260563,pull,sinArtefactosConservador,smote_tomek,SMO_SVM,,,,,,,,,,,,,,,0,True,NO_APLICA,variante marcada como no modelable,,
212260563,pull,sinArtefactosConservador,smote_tomek,RandomForest,,,,,,,,,,,,,,,0,True,NO_APLICA,variante marcada como no modelable,,
212260563,pull,sinArtefactosConservador,smote_tomek,MLP,,,,,,,,,,,,,,,0,True,NO_APLICA,variante marcada como no modelable,,
212260563,pull,sinArtefactosConservador,smote_tomek,IBk_kNN,,,,,,,,,,,,,,,0,True,NO_APLICA,variante marcada como no modelable,,
212260563,pull,sinArtefactosConservador,smote_tomek,RBFNetwork_aprox,,,,,,,,,,,,,,,0,True,NO_APLICA,variante marcada como no modelable,,
212260563,pull,sinArtefactosConservador,random_undersampling_controlado,SMO_SVM,,,,,,,,,,,,,,,0,True,NO_APLICA,variante marcada como no modelable,,
212260563,pull,sinArtefactosConservador,random_undersampling_controlado,RandomForest,,,,,,,,,,,,,,,0,True,NO_APLICA,variante marcada como no modelable,,
212260563,pull,sinArtefactosConservador,random_undersampling_controlado,MLP,,,,,,,,,,,,,,,0,True,NO_APLICA,variante marcada como no modelable,,
212260563,pull,sinArtefactosConservador,random_undersampling_controlado,IBk_kNN,,,,,,,,,,,,,,,0,True,NO_APLICA,variante marcada como no modelable,,
212260563,pull,sinArtefactosConservador,random_undersampling_controlado,RBFNetwork_aprox,,,,,,,,,,,,,,,0,True,NO_APLICA,variante marcada como no modelable,,
212260563,pull,sinArtefactosEstricto,sin_balanceo,SMO_SVM,,,,,,,,,,,,,,,0,True,NO_APLICA,variante marcada como no modelable,,
212260563,pull,sinArtefactosEstricto,sin_balanceo,RandomForest,,,,,,,,,,,,,,,0,True,NO_APLICA,variante marcada como no modelable,,
212260563,pull,sinArtefactosEstricto,sin_balanceo,MLP,,,,,,,,,,,,,,,0,True,NO_APLICA,variante marcada como no modelable,,
212260563,pull,sinArtefactosEstricto,sin_balanceo,IBk_kNN,,,,,,,,,,,,,,,0,True,NO_APLICA,variante marcada como no modelable,,
212260563,pull,sinArtefactosEstricto,sin_balanceo,RBFNetwork_aprox,,,,,,,,,,,,,,,0,True,NO_APLICA,variante marcada como no modelable,,
212260563,pull,sinArtefactosEstricto,random_oversampling,SMO_SVM,,,,,,,,,,,,,,,0,True,NO_APLICA,variante marcada como no modelable,,
212260563,pull,sinArtefactosEstricto,random_oversampling,RandomForest,,,,,,,,,,,,,,,0,True,NO_APLICA,variante marcada como no modelable,,
212260563,pull,sinArtefactosEstricto,random_oversampling,MLP,,,,,,,,,,,,,,,0,True,NO_APLICA,variante marcada como no modelable,,
212260563,pull,sinArtefactosEstricto,random_oversampling,IBk_kNN,,,,,,,,,,,,,,,0,True,NO_APLICA,variante marcada como no modelable,,
212260563,pull,sinArtefactosEstricto,random_oversampling,RBFNetwork_aprox,,,,,,,,,,,,,,,0,True,NO_APLICA,variante marcada como no modelable,,
212260563,pull,sinArtefactosEstricto,class_weight_balanced,SMO_SVM,,,,,,,,,,,,,,,0,True,NO_APLICA,variante marcada como no modelable,,
212260563,pull,sinArtefactosEstricto,class_weight_balanced,RandomForest,,,,,,,,,,,,,,,0,True,NO_APLICA,variante marcada como no modelable,,
212260563,pull,sinArtefactosEstricto,class_weight_balanced,MLP,,,,,,,,,,,,,,,0,True,NO_APLICA,variante marcada como no modelable,,
212260563,pull,sinArtefactosEstricto,class_weight_balanced,IBk_kNN,,,,,,,,,,,,,,,0,True,NO_APLICA,variante marcada como no modelable,,
212260563,pull,sinArtefactosEstricto,class_weight_balanced,RBFNetwork_aprox,,,,,,,,,,,,,,,0,True,NO_APLICA,variante marcada como no modelable,,
212260563,pull,sinArtefactosEstricto,smote,SMO_SVM,,,,,,,,,,,,,,,0,True,NO_APLICA,variante marcada como no modelable,,
212260563,pull,sinArtefactosEstricto,smote,RandomForest,,,,,,,,,,,,,,,0,True,NO_APLICA,variante marcada como no modelable,,
212260563,pull,sinArtefactosEstricto,smote,MLP,,,,,,,,,,,,,,,0,True,NO_APLICA,variante marcada como no modelable,,
212260563,pull,sinArtefactosEstricto,smote,IBk_kNN,,,,,,,,,,,,,,,0,True,NO_APLICA,variante marcada como no modelable,,
212260563,pull,sinArtefactosEstricto,smote,RBFNetwork_aprox,,,,,,,,,,,,,,,0,True,NO_APLICA,variante marcada como no modelable,,
212260563,pull,sinArtefactosEstricto,smote_tomek,SMO_SVM,,,,,,,,,,,,,,,0,True,NO_APLICA,variante marcada como no modelable,,
212260563,pull,sinArtefactosEstricto,smote_tomek,RandomForest,,,,,,,,,,,,,,,0,True,NO_APLICA,variante marcada como no modelable,,
212260563,pull,sinArtefactosEstricto,smote_tomek,MLP,,,,,,,,,,,,,,,0,True,NO_APLICA,variante marcada como no modelable,,
212260563,pull,sinArtefactosEstricto,smote_tomek,IBk_kNN,,,,,,,,,,,,,,,0,True,NO_APLICA,variante marcada como no modelable,,
212260563,pull,sinArtefactosEstricto,smote_tomek,RBFNetwork_aprox,,,,,,,,,,,,,,,0,True,NO_APLICA,variante marcada como no modelable,,
212260563,pull,sinArtefactosEstricto,random_undersampling_controlado,SMO_SVM,,,,,,,,,,,,,,,0,True,NO_APLICA,variante marcada como no modelable,,
212260563,pull,sinArtefactosEstricto,random_undersampling_controlado,RandomForest,,,,,,,,,,,,,,,0,True,NO_APLICA,variante marcada como no modelable,,
212260563,pull,sinArtefactosEstricto,random_undersampling_controlado,MLP,,,,,,,,,,,,,,,0,True,NO_APLICA,variante marcada como no modelable,,
212260563,pull,sinArtefactosEstricto,random_undersampling_controlado,IBk_kNN,,,,,,,,,,,,,,,0,True,NO_APLICA,variante marcada como no modelable,,
212260563,pull,sinArtefactosEstricto,random_undersampling_controlado,RBFNetwork_aprox,,,,,,,,,,,,,,,0,True,NO_APLICA,variante marcada como no modelable,,
212260563,push,noOutliers,sin_balanceo,SMO_SVM,,,,,,,,,,,,,,,0,True,NO_APLICA,menos de dos clases modelables,,
212260563,push,noOutliers,sin_balanceo,RandomForest,,,,,,,,,,,,,,,0,True,NO_APLICA,menos de dos clases modelables,,
212260563,push,noOutliers,sin_balanceo,MLP,,,,,,,,,,,,,,,0,True,NO_APLICA,menos de dos clases modelables,,
212260563,push,noOutliers,sin_balanceo,IBk_kNN,,,,,,,,,,,,,,,0,True,NO_APLICA,menos de dos clases modelables,,
212260563,push,noOutliers,sin_balanceo,RBFNetwork_aprox,,,,,,,,,,,,,,,0,True,NO_APLICA,menos de dos clases modelables,,
212260563,push,noOutliers,random_oversampling,SMO_SVM,,,,,,,,,,,,,,,0,True,NO_APLICA,menos de dos clases modelables,,
212260563,push,noOutliers,random_oversampling,RandomForest,,,,,,,,,,,,,,,0,True,NO_APLICA,menos de dos clases modelables,,
212260563,push,noOutliers,random_oversampling,MLP,,,,,,,,,,,,,,,0,True,NO_APLICA,menos de dos clases modelables,,
212260563,push,noOutliers,random_oversampling,IBk_kNN,,,,,,,,,,,,,,,0,True,NO_APLICA,menos de dos clases modelables,,
212260563,push,noOutliers,random_oversampling,RBFNetwork_aprox,,,,,,,,,,,,,,,0,True,NO_APLICA,menos de dos clases modelables,,
212260563,push,noOutliers,class_weight_balanced,SMO_SVM,,,,,,,,,,,,,,,0,True,NO_APLICA,menos de dos clases modelables,,
212260563,push,noOutliers,class_weight_balanced,RandomForest,,,,,,,,,,,,,,,0,True,NO_APLICA,menos de dos clases modelables,,
212260563,push,noOutliers,class_weight_balanced,MLP,,,,,,,,,,,,,,,0,True,NO_APLICA,menos de dos clases modelables,,
212260563,push,noOutliers,class_weight_balanced,IBk_kNN,,,,,,,,,,,,,,,0,True,NO_APLICA,menos de dos clases modelables,,
212260563,push,noOutliers,class_weight_balanced,RBFNetwork_aprox,,,,,,,,,,,,,,,0,True,NO_APLICA,menos de dos clases modelables,,
212260563,push,noOutliers,smote,SMO_SVM,,,,,,,,,,,,,,,0,True,NO_APLICA,menos de dos clases modelables,,
212260563,push,noOutliers,smote,RandomForest,,,,,,,,,,,,,,,0,True,NO_APLICA,menos de dos clases modelables,,
212260563,push,noOutliers,smote,MLP,,,,,,,,,,,,,,,0,True,NO_APLICA,menos de dos clases modelables,,
212260563,push,noOutliers,smote,IBk_kNN,,,,,,,,,,,,,,,0,True,NO_APLICA,menos de dos clases modelables,,
212260563,push,noOutliers,smote,RBFNetwork_aprox,,,,,,,,,,,,,,,0,True,NO_APLICA,menos de dos clases modelables,,
212260563,push,noOutliers,smote_tomek,SMO_SVM,,,,,,,,,,,,,,,0,True,NO_APLICA,menos de dos clases modelables,,
212260563,push,noOutliers,smote_tomek,RandomForest,,,,,,,,,,,,,,,0,True,NO_APLICA,menos de dos clases modelables,,
212260563,push,noOutliers,smote_tomek,MLP,,,,,,,,,,,,,,,0,True,NO_APLICA,menos de dos clases modelables,,
212260563,push,noOutliers,smote_tomek,IBk_kNN,,,,,,,,,,,,,,,0,True,NO_APLICA,menos de dos clases modelables,,
212260563,push,noOutliers,smote_tomek,RBFNetwork_aprox,,,,,,,,,,,,,,,0,True,NO_APLICA,menos de dos clases modelables,,
212260563,push,noOutliers,random_undersampling_controlado,SMO_SVM,,,,,,,,,,,,,,,0,True,NO_APLICA,menos de dos clases modelables,,
212260563,push,noOutliers,random_undersampling_controlado,RandomForest,,,,,,,,,,,,,,,0,True,NO_APLICA,menos de dos clases modelables,,
212260563,push,noOutliers,random_undersampling_controlado,MLP,,,,,,,,,,,,,,,0,True,NO_APLICA,menos de dos clases modelables,,
212260563,push,noOutliers,random_undersampling_controlado,IBk_kNN,,,,,,,,,,,,,,,0,True,NO_APLICA,menos de dos clases modelables,,
212260563,push,noOutliers,random_undersampling_controlado,RBFNetwork_aprox,,,,,,,,,,,,,,,0,True,NO_APLICA,menos de dos clases modelables,,
212260563,push,sinArtefactosConservador,sin_balanceo,SMO_SVM,,,,,,,,,,,,,,,0,True,NO_APLICA,variante marcada como no modelable,,
212260563,push,sinArtefactosConservador,sin_balanceo,RandomForest,,,,,,,,,,,,,,,0,True,NO_APLICA,variante marcada como no modelable,,
212260563,push,sinArtefactosConservador,sin_balanceo,MLP,,,,,,,,,,,,,,,0,True,NO_APLICA,variante marcada como no modelable,,
212260563,push,sinArtefactosConservador,sin_balanceo,IBk_kNN,,,,,,,,,,,,,,,0,True,NO_APLICA,variante marcada como no modelable,,
212260563,push,sinArtefactosConservador,sin_balanceo,RBFNetwork_aprox,,,,,,,,,,,,,,,0,True,NO_APLICA,variante marcada como no modelable,,
212260563,push,sinArtefactosConservador,random_oversampling,SMO_SVM,,,,,,,,,,,,,,,0,True,NO_APLICA,variante marcada como no modelable,,
212260563,push,sinArtefactosConservador,random_oversampling,RandomForest,,,,,,,,,,,,,,,0,True,NO_APLICA,variante marcada como no modelable,,
212260563,push,sinArtefactosConservador,random_oversampling,MLP,,,,,,,,,,,,,,,0,True,NO_APLICA,variante marcada como no modelable,,
212260563,push,sinArtefactosConservador,random_oversampling,IBk_kNN,,,,,,,,,,,,,,,0,True,NO_APLICA,variante marcada como no modelable,,
212260563,push,sinArtefactosConservador,random_oversampling,RBFNetwork_aprox,,,,,,,,,,,,,,,0,True,NO_APLICA,variante marcada como no modelable,,
212260563,push,sinArtefactosConservador,class_weight_balanced,SMO_SVM,,,,,,,,,,,,,,,0,True,NO_APLICA,variante marcada como no modelable,,
212260563,push,sinArtefactosConservador,class_weight_balanced,RandomForest,,,,,,,,,,,,,,,0,True,NO_APLICA,variante marcada como no modelable,,
212260563,push,sinArtefactosConservador,class_weight_balanced,MLP,,,,,,,,,,,,,,,0,True,NO_APLICA,variante marcada como no modelable,,
212260563,push,sinArtefactosConservador,class_weight_balanced,IBk_kNN,,,,,,,,,,,,,,,0,True,NO_APLICA,variante marcada como no modelable,,
212260563,push,sinArtefactosConservador,class_weight_balanced,RBFNetwork_aprox,,,,,,,,,,,,,,,0,True,NO_APLICA,variante marcada como no modelable,,
212260563,push,sinArtefactosConservador,smote,SMO_SVM,,,,,,,,,,,,,,,0,True,NO_APLICA,variante marcada como no modelable,,
212260563,push,sinArtefactosConservador,smote,RandomForest,,,,,,,,,,,,,,,0,True,NO_APLICA,variante marcada como no modelable,,
212260563,push,sinArtefactosConservador,smote,MLP,,,,,,,,,,,,,,,0,True,NO_APLICA,variante marcada como no modelable,,
212260563,push,sinArtefactosConservador,smote,IBk_kNN,,,,,,,,,,,,,,,0,True,NO_APLICA,variante marcada como no modelable,,
212260563,push,sinArtefactosConservador,smote,RBFNetwork_aprox,,,,,,,,,,,,,,,0,True,NO_APLICA,variante marcada como no modelable,,
212260563,push,sinArtefactosConservador,smote_tomek,SMO_SVM,,,,,,,,,,,,,,,0,True,NO_APLICA,variante marcada como no modelable,,
212260563,push,sinArtefactosConservador,smote_tomek,RandomForest,,,,,,,,,,,,,,,0,True,NO_APLICA,variante marcada como no modelable,,
212260563,push,sinArtefactosConservador,smote_tomek,MLP,,,,,,,,,,,,,,,0,True,NO_APLICA,variante marcada como no modelable,,
212260563,push,sinArtefactosConservador,smote_tomek,IBk_kNN,,,,,,,,,,,,,,,0,True,NO_APLICA,variante marcada como no modelable,,
212260563,push,sinArtefactosConservador,smote_tomek,RBFNetwork_aprox,,,,,,,,,,,,,,,0,True,NO_APLICA,variante marcada como no modelable,,
212260563,push,sinArtefactosConservador,random_undersampling_controlado,SMO_SVM,,,,,,,,,,,,,,,0,True,NO_APLICA,variante marcada como no modelable,,
212260563,push,sinArtefactosConservador,random_undersampling_controlado,RandomForest,,,,,,,,,,,,,,,0,True,NO_APLICA,variante marcada como no modelable,,
212260563,push,sinArtefactosConservador,random_undersampling_controlado,MLP,,,,,,,,,,,,,,,0,True,NO_APLICA,variante marcada como no modelable,,
212260563,push,sinArtefactosConservador,random_undersampling_controlado,IBk_kNN,,,,,,,,,,,,,,,0,True,NO_APLICA,variante marcada como no modelable,,
212260563,push,sinArtefactosConservador,random_undersampling_controlado,RBFNetwork_aprox,,,,,,,,,,,,,,,0,True,NO_APLICA,variante marcada como no modelable,,
212260563,push,sinArtefactosEstricto,sin_balanceo,SMO_SVM,,,,,,,,,,,,,,,0,True,NO_APLICA,variante marcada como no modelable,,
212260563,push,sinArtefactosEstricto,sin_balanceo,RandomForest,,,,,,,,,,,,,,,0,True,NO_APLICA,variante marcada como no modelable,,
212260563,push,sinArtefactosEstricto,sin_balanceo,MLP,,,,,,,,,,,,,,,0,True,NO_APLICA,variante marcada como no modelable,,
212260563,push,sinArtefactosEstricto,sin_balanceo,IBk_kNN,,,,,,,,,,,,,,,0,True,NO_APLICA,variante marcada como no modelable,,
212260563,push,sinArtefactosEstricto,sin_balanceo,RBFNetwork_aprox,,,,,,,,,,,,,,,0,True,NO_APLICA,variante marcada como no modelable,,
212260563,push,sinArtefactosEstricto,random_oversampling,SMO_SVM,,,,,,,,,,,,,,,0,True,NO_APLICA,variante marcada como no modelable,,
212260563,push,sinArtefactosEstricto,random_oversampling,RandomForest,,,,,,,,,,,,,,,0,True,NO_APLICA,variante marcada como no modelable,,
212260563,push,sinArtefactosEstricto,random_oversampling,MLP,,,,,,,,,,,,,,,0,True,NO_APLICA,variante marcada como no modelable,,
212260563,push,sinArtefactosEstricto,random_oversampling,IBk_kNN,,,,,,,,,,,,,,,0,True,NO_APLICA,variante marcada como no modelable,,
212260563,push,sinArtefactosEstricto,random_oversampling,RBFNetwork_aprox,,,,,,,,,,,,,,,0,True,NO_APLICA,variante marcada como no modelable,,
212260563,push,sinArtefactosEstricto,class_weight_balanced,SMO_SVM,,,,,,,,,,,,,,,0,True,NO_APLICA,variante marcada como no modelable,,
212260563,push,sinArtefactosEstricto,class_weight_balanced,RandomForest,,,,,,,,,,,,,,,0,True,NO_APLICA,variante marcada como no modelable,,
212260563,push,sinArtefactosEstricto,class_weight_balanced,MLP,,,,,,,,,,,,,,,0,True,NO_APLICA,variante marcada como no modelable,,
212260563,push,sinArtefactosEstricto,class_weight_balanced,IBk_kNN,,,,,,,,,,,,,,,0,True,NO_APLICA,variante marcada como no modelable,,
212260563,push,sinArtefactosEstricto,class_weight_balanced,RBFNetwork_aprox,,,,,,,,,,,,,,,0,True,NO_APLICA,variante marcada como no modelable,,
212260563,push,sinArtefactosEstricto,smote,SMO_SVM,,,,,,,,,,,,,,,0,True,NO_APLICA,variante marcada como no modelable,,
212260563,push,sinArtefactosEstricto,smote,RandomForest,,,,,,,,,,,,,,,0,True,NO_APLICA,variante marcada como no modelable,,
212260563,push,sinArtefactosEstricto,smote,MLP,,,,,,,,,,,,,,,0,True,NO_APLICA,variante marcada como no modelable,,
212260563,push,sinArtefactosEstricto,smote,IBk_kNN,,,,,,,,,,,,,,,0,True,NO_APLICA,variante marcada como no modelable,,
212260563,push,sinArtefactosEstricto,smote,RBFNetwork_aprox,,,,,,,,,,,,,,,0,True,NO_APLICA,variante marcada como no modelable,,
212260563,push,sinArtefactosEstricto,smote_tomek,SMO_SVM,,,,,,,,,,,,,,,0,True,NO_APLICA,variante marcada como no modelable,,
212260563,push,sinArtefactosEstricto,smote_tomek,RandomForest,,,,,,,,,,,,,,,0,True,NO_APLICA,variante marcada como no modelable,,
212260563,push,sinArtefactosEstricto,smote_tomek,MLP,,,,,,,,,,,,,,,0,True,NO_APLICA,variante marcada como no modelable,,
212260563,push,sinArtefactosEstricto,smote_tomek,IBk_kNN,,,,,,,,,,,,,,,0,True,NO_APLICA,variante marcada como no modelable,,
212260563,push,sinArtefactosEstricto,smote_tomek,RBFNetwork_aprox,,,,,,,,,,,,,,,0,True,NO_APLICA,variante marcada como no modelable,,
212260563,push,sinArtefactosEstricto,random_undersampling_controlado,SMO_SVM,,,,,,,,,,,,,,,0,True,NO_APLICA,variante marcada como no modelable,,
212260563,push,sinArtefactosEstricto,random_undersampling_controlado,RandomForest,,,,,,,,,,,,,,,0,True,NO_APLICA,variante marcada como no modelable,,
212260563,push,sinArtefactosEstricto,random_undersampling_controlado,MLP,,,,,,,,,,,,,,,0,True,NO_APLICA,variante marcada como no modelable,,
212260563,push,sinArtefactosEstricto,random_undersampling_controlado,IBk_kNN,,,,,,,,,,,,,,,0,True,NO_APLICA,variante marcada como no modelable,,
212260563,push,sinArtefactosEstricto,random_undersampling_controlado,RBFNetwork_aprox,,,,,,,,,,,,,,,0,True,NO_APLICA,variante marcada como no modelable,,
212260563,right,noOutliers,sin_balanceo,SMO_SVM,,,,,,,,,,,,,,,0,True,NO_APLICA,menos de dos clases modelables,,
212260563,right,noOutliers,sin_balanceo,RandomForest,,,,,,,,,,,,,,,0,True,NO_APLICA,menos de dos clases modelables,,
212260563,right,noOutliers,sin_balanceo,MLP,,,,,,,,,,,,,,,0,True,NO_APLICA,menos de dos clases modelables,,
212260563,right,noOutliers,sin_balanceo,IBk_kNN,,,,,,,,,,,,,,,0,True,NO_APLICA,menos de dos clases modelables,,
212260563,right,noOutliers,sin_balanceo,RBFNetwork_aprox,,,,,,,,,,,,,,,0,True,NO_APLICA,menos de dos clases modelables,,
212260563,right,noOutliers,random_oversampling,SMO_SVM,,,,,,,,,,,,,,,0,True,NO_APLICA,menos de dos clases modelables,,
212260563,right,noOutliers,random_oversampling,RandomForest,,,,,,,,,,,,,,,0,True,NO_APLICA,menos de dos clases modelables,,
212260563,right,noOutliers,random_oversampling,MLP,,,,,,,,,,,,,,,0,True,NO_APLICA,menos de dos clases modelables,,
212260563,right,noOutliers,random_oversampling,IBk_kNN,,,,,,,,,,,,,,,0,True,NO_APLICA,menos de dos clases modelables,,
212260563,right,noOutliers,random_oversampling,RBFNetwork_aprox,,,,,,,,,,,,,,,0,True,NO_APLICA,menos de dos clases modelables,,
212260563,right,noOutliers,class_weight_balanced,SMO_SVM,,,,,,,,,,,,,,,0,True,NO_APLICA,menos de dos clases modelables,,
212260563,right,noOutliers,class_weight_balanced,RandomForest,,,,,,,,,,,,,,,0,True,NO_APLICA,menos de dos clases modelables,,
212260563,right,noOutliers,class_weight_balanced,MLP,,,,,,,,,,,,,,,0,True,NO_APLICA,menos de dos clases modelables,,
212260563,right,noOutliers,class_weight_balanced,IBk_kNN,,,,,,,,,,,,,,,0,True,NO_APLICA,menos de dos clases modelables,,
212260563,right,noOutliers,class_weight_balanced,RBFNetwork_aprox,,,,,,,,,,,,,,,0,True,NO_APLICA,menos de dos clases modelables,,
212260563,right,noOutliers,smote,SMO_SVM,,,,,,,,,,,,,,,0,True,NO_APLICA,menos de dos clases modelables,,
212260563,right,noOutliers,smote,RandomForest,,,,,,,,,,,,,,,0,True,NO_APLICA,menos de dos clases modelables,,
212260563,right,noOutliers,smote,MLP,,,,,,,,,,,,,,,0,True,NO_APLICA,menos de dos clases modelables,,
212260563,right,noOutliers,smote,IBk_kNN,,,,,,,,,,,,,,,0,True,NO_APLICA,menos de dos clases modelables,,
212260563,right,noOutliers,smote,RBFNetwork_aprox,,,,,,,,,,,,,,,0,True,NO_APLICA,menos de dos clases modelables,,
212260563,right,noOutliers,smote_tomek,SMO_SVM,,,,,,,,,,,,,,,0,True,NO_APLICA,menos de dos clases modelables,,
212260563,right,noOutliers,smote_tomek,RandomForest,,,,,,,,,,,,,,,0,True,NO_APLICA,menos de dos clases modelables,,
212260563,right,noOutliers,smote_tomek,MLP,,,,,,,,,,,,,,,0,True,NO_APLICA,menos de dos clases modelables,,
212260563,right,noOutliers,smote_tomek,IBk_kNN,,,,,,,,,,,,,,,0,True,NO_APLICA,menos de dos clases modelables,,
212260563,right,noOutliers,smote_tomek,RBFNetwork_aprox,,,,,,,,,,,,,,,0,True,NO_APLICA,menos de dos clases modelables,,
212260563,right,noOutliers,random_undersampling_controlado,SMO_SVM,,,,,,,,,,,,,,,0,True,NO_APLICA,menos de dos clases modelables,,
212260563,right,noOutliers,random_undersampling_controlado,RandomForest,,,,,,,,,,,,,,,0,True,NO_APLICA,menos de dos clases modelables,,
212260563,right,noOutliers,random_undersampling_controlado,MLP,,,,,,,,,,,,,,,0,True,NO_APLICA,menos de dos clases modelables,,
212260563,right,noOutliers,random_undersampling_controlado,IBk_kNN,,,,,,,,,,,,,,,0,True,NO_APLICA,menos de dos clases modelables,,
212260563,right,noOutliers,random_undersampling_controlado,RBFNetwork_aprox,,,,,,,,,,,,,,,0,True,NO_APLICA,menos de dos clases modelables,,
212260563,right,sinArtefactosConservador,sin_balanceo,SMO_SVM,,,,,,,,,,,,,,,0,True,NO_APLICA,variante marcada como no modelable,,
212260563,right,sinArtefactosConservador,sin_balanceo,RandomForest,,,,,,,,,,,,,,,0,True,NO_APLICA,variante marcada como no modelable,,
212260563,right,sinArtefactosConservador,sin_balanceo,MLP,,,,,,,,,,,,,,,0,True,NO_APLICA,variante marcada como no modelable,,
212260563,right,sinArtefactosConservador,sin_balanceo,IBk_kNN,,,,,,,,,,,,,,,0,True,NO_APLICA,variante marcada como no modelable,,
212260563,right,sinArtefactosConservador,sin_balanceo,RBFNetwork_aprox,,,,,,,,,,,,,,,0,True,NO_APLICA,variante marcada como no modelable,,
212260563,right,sinArtefactosConservador,random_oversampling,SMO_SVM,,,,,,,,,,,,,,,0,True,NO_APLICA,variante marcada como no modelable,,
212260563,right,sinArtefactosConservador,random_oversampling,RandomForest,,,,,,,,,,,,,,,0,True,NO_APLICA,variante marcada como no modelable,,
212260563,right,sinArtefactosConservador,random_oversampling,MLP,,,,,,,,,,,,,,,0,True,NO_APLICA,variante marcada como no modelable,,
212260563,right,sinArtefactosConservador,random_oversampling,IBk_kNN,,,,,,,,,,,,,,,0,True,NO_APLICA,variante marcada como no modelable,,
212260563,right,sinArtefactosConservador,random_oversampling,RBFNetwork_aprox,,,,,,,,,,,,,,,0,True,NO_APLICA,variante marcada como no modelable,,
212260563,right,sinArtefactosConservador,class_weight_balanced,SMO_SVM,,,,,,,,,,,,,,,0,True,NO_APLICA,variante marcada como no modelable,,
212260563,right,sinArtefactosConservador,class_weight_balanced,RandomForest,,,,,,,,,,,,,,,0,True,NO_APLICA,variante marcada como no modelable,,
212260563,right,sinArtefactosConservador,class_weight_balanced,MLP,,,,,,,,,,,,,,,0,True,NO_APLICA,variante marcada como no modelable,,
212260563,right,sinArtefactosConservador,class_weight_balanced,IBk_kNN,,,,,,,,,,,,,,,0,True,NO_APLICA,variante marcada como no modelable,,
212260563,right,sinArtefactosConservador,class_weight_balanced,RBFNetwork_aprox,,,,,,,,,,,,,,,0,True,NO_APLICA,variante marcada como no modelable,,
212260563,right,sinArtefactosConservador,smote,SMO_SVM,,,,,,,,,,,,,,,0,True,NO_APLICA,variante marcada como no modelable,,
212260563,right,sinArtefactosConservador,smote,RandomForest,,,,,,,,,,,,,,,0,True,NO_APLICA,variante marcada como no modelable,,
212260563,right,sinArtefactosConservador,smote,MLP,,,,,,,,,,,,,,,0,True,NO_APLICA,variante marcada como no modelable,,
212260563,right,sinArtefactosConservador,smote,IBk_kNN,,,,,,,,,,,,,,,0,True,NO_APLICA,variante marcada como no modelable,,
212260563,right,sinArtefactosConservador,smote,RBFNetwork_aprox,,,,,,,,,,,,,,,0,True,NO_APLICA,variante marcada como no modelable,,
212260563,right,sinArtefactosConservador,smote_tomek,SMO_SVM,,,,,,,,,,,,,,,0,True,NO_APLICA,variante marcada como no modelable,,
212260563,right,sinArtefactosConservador,smote_tomek,RandomForest,,,,,,,,,,,,,,,0,True,NO_APLICA,variante marcada como no modelable,,
212260563,right,sinArtefactosConservador,smote_tomek,MLP,,,,,,,,,,,,,,,0,True,NO_APLICA,variante marcada como no modelable,,
212260563,right,sinArtefactosConservador,smote_tomek,IBk_kNN,,,,,,,,,,,,,,,0,True,NO_APLICA,variante marcada como no modelable,,
212260563,right,sinArtefactosConservador,smote_tomek,RBFNetwork_aprox,,,,,,,,,,,,,,,0,True,NO_APLICA,variante marcada como no modelable,,
212260563,right,sinArtefactosConservador,random_undersampling_controlado,SMO_SVM,,,,,,,,,,,,,,,0,True,NO_APLICA,variante marcada como no modelable,,
212260563,right,sinArtefactosConservador,random_undersampling_controlado,RandomForest,,,,,,,,,,,,,,,0,True,NO_APLICA,variante marcada como no modelable,,
212260563,right,sinArtefactosConservador,random_undersampling_controlado,MLP,,,,,,,,,,,,,,,0,True,NO_APLICA,variante marcada como no modelable,,
212260563,right,sinArtefactosConservador,random_undersampling_controlado,IBk_kNN,,,,,,,,,,,,,,,0,True,NO_APLICA,variante marcada como no modelable,,
212260563,right,sinArtefactosConservador,random_undersampling_controlado,RBFNetwork_aprox,,,,,,,,,,,,,,,0,True,NO_APLICA,variante marcada como no modelable,,
212260563,right,sinArtefactosEstricto,sin_balanceo,SMO_SVM,,,,,,,,,,,,,,,0,True,NO_APLICA,variante marcada como no modelable,,
212260563,right,sinArtefactosEstricto,sin_balanceo,RandomForest,,,,,,,,,,,,,,,0,True,NO_APLICA,variante marcada como no modelable,,
212260563,right,sinArtefactosEstricto,sin_balanceo,MLP,,,,,,,,,,,,,,,0,True,NO_APLICA,variante marcada como no modelable,,
212260563,right,sinArtefactosEstricto,sin_balanceo,IBk_kNN,,,,,,,,,,,,,,,0,True,NO_APLICA,variante marcada como no modelable,,
212260563,right,sinArtefactosEstricto,sin_balanceo,RBFNetwork_aprox,,,,,,,,,,,,,,,0,True,NO_APLICA,variante marcada como no modelable,,
212260563,right,sinArtefactosEstricto,random_oversampling,SMO_SVM,,,,,,,,,,,,,,,0,True,NO_APLICA,variante marcada como no modelable,,
212260563,right,sinArtefactosEstricto,random_oversampling,RandomForest,,,,,,,,,,,,,,,0,True,NO_APLICA,variante marcada como no modelable,,
212260563,right,sinArtefactosEstricto,random_oversampling,MLP,,,,,,,,,,,,,,,0,True,NO_APLICA,variante marcada como no modelable,,
212260563,right,sinArtefactosEstricto,random_oversampling,IBk_kNN,,,,,,,,,,,,,,,0,True,NO_APLICA,variante marcada como no modelable,,
212260563,right,sinArtefactosEstricto,random_oversampling,RBFNetwork_aprox,,,,,,,,,,,,,,,0,True,NO_APLICA,variante marcada como no modelable,,
212260563,right,sinArtefactosEstricto,class_weight_balanced,SMO_SVM,,,,,,,,,,,,,,,0,True,NO_APLICA,variante marcada como no modelable,,
212260563,right,sinArtefactosEstricto,class_weight_balanced,RandomForest,,,,,,,,,,,,,,,0,True,NO_APLICA,variante marcada como no modelable,,
212260563,right,sinArtefactosEstricto,class_weight_balanced,MLP,,,,,,,,,,,,,,,0,True,NO_APLICA,variante marcada como no modelable,,
212260563,right,sinArtefactosEstricto,class_weight_balanced,IBk_kNN,,,,,,,,,,,,,,,0,True,NO_APLICA,variante marcada como no modelable,,
212260563,right,sinArtefactosEstricto,class_weight_balanced,RBFNetwork_aprox,,,,,,,,,,,,,,,0,True,NO_APLICA,variante marcada como no modelable,,
212260563,right,sinArtefactosEstricto,smote,SMO_SVM,,,,,,,,,,,,,,,0,True,NO_APLICA,variante marcada como no modelable,,
212260563,right,sinArtefactosEstricto,smote,RandomForest,,,,,,,,,,,,,,,0,True,NO_APLICA,variante marcada como no modelable,,
212260563,right,sinArtefactosEstricto,smote,MLP,,,,,,,,,,,,,,,0,True,NO_APLICA,variante marcada como no modelable,,
212260563,right,sinArtefactosEstricto,smote,IBk_kNN,,,,,,,,,,,,,,,0,True,NO_APLICA,variante marcada como no modelable,,
212260563,right,sinArtefactosEstricto,smote,RBFNetwork_aprox,,,,,,,,,,,,,,,0,True,NO_APLICA,variante marcada como no modelable,,
212260563,right,sinArtefactosEstricto,smote_tomek,SMO_SVM,,,,,,,,,,,,,,,0,True,NO_APLICA,variante marcada como no modelable,,
212260563,right,sinArtefactosEstricto,smote_tomek,RandomForest,,,,,,,,,,,,,,,0,True,NO_APLICA,variante marcada como no modelable,,
212260563,right,sinArtefactosEstricto,smote_tomek,MLP,,,,,,,,,,,,,,,0,True,NO_APLICA,variante marcada como no modelable,,
212260563,right,sinArtefactosEstricto,smote_tomek,IBk_kNN,,,,,,,,,,,,,,,0,True,NO_APLICA,variante marcada como no modelable,,
212260563,right,sinArtefactosEstricto,smote_tomek,RBFNetwork_aprox,,,,,,,,,,,,,,,0,True,NO_APLICA,variante marcada como no modelable,,
212260563,right,sinArtefactosEstricto,random_undersampling_controlado,SMO_SVM,,,,,,,,,,,,,,,0,True,NO_APLICA,variante marcada como no modelable,,
212260563,right,sinArtefactosEstricto,random_undersampling_controlado,RandomForest,,,,,,,,,,,,,,,0,True,NO_APLICA,variante marcada como no modelable,,
212260563,right,sinArtefactosEstricto,random_undersampling_controlado,MLP,,,,,,,,,,,,,,,0,True,NO_APLICA,variante marcada como no modelable,,
212260563,right,sinArtefactosEstricto,random_undersampling_controlado,IBk_kNN,,,,,,,,,,,,,,,0,True,NO_APLICA,variante marcada como no modelable,,
212260563,right,sinArtefactosEstricto,random_undersampling_controlado,RBFNetwork_aprox,,,,,,,,,,,,,,,0,True,NO_APLICA,variante marcada como no modelable,,
212260567,all,noOutliers,sin_balanceo,SMO_SVM,95.93,80.29,0.9339,0.8479,0.9554,1.0,0.9833,0.8947,0.3333,0.9762,0.9365,1.0,1.0,0.7961,3,True,SI,Recall crítico bajo en: right,bloques,3.0
212260567,all,noOutliers,sin_balanceo,RandomForest,90.24,68.36,0.8413,0.685,0.8914,0.9756,0.9167,0.8421,0.0,0.8511,0.9167,1.0,0.0,0.9824,3,True,no,Recall crítico bajo en: right,bloques,3.0
212260567,all,noOutliers,sin_balanceo,MLP,95.12,79.87,0.9213,0.8376,0.9473,1.0,0.9667,0.8947,0.3333,0.9318,0.9667,0.9444,1.0,0.9203,3,True,SI,Recall crítico bajo en: right,bloques,3.0
212260567,all,noOutliers,sin_balanceo,IBk_kNN,95.12,79.48,0.9203,0.8419,0.9474,0.9512,1.0,0.8947,0.3333,0.975,0.9231,1.0,1.0,0.886,3,True,SI,Recall crítico bajo en: right,bloques,3.0
212260567,all,noOutliers,sin_balanceo,RBFNetwork_aprox,85.37,62.39,0.7551,0.6407,0.8421,0.878,0.9333,0.6842,0.0,0.9,0.8,1.0,0.0,0.9001,3,True,no,Recall crítico bajo en: right,bloques,3.0
212260567,all,noOutliers,random_oversampling,SMO_SVM,94.31,77.65,0.9068,0.8275,0.9381,1.0,0.9833,0.7895,0.3333,0.9535,0.9219,1.0,1.0,0.9157,3,True,SI,Recall crítico bajo en: right,bloques,3.0
212260567,all,noOutliers,random_oversampling,RandomForest,91.06,76.69,0.856,0.7895,0.9084,0.9756,0.9167,0.8421,0.3333,0.8696,0.9322,1.0,0.5,0.9811,3,True,SI,Recall crítico bajo en: right,bloques,3.0
212260567,all,noOutliers,random_oversampling,MLP,94.31,79.45,0.9084,0.8302,0.9392,1.0,0.95,0.8947,0.3333,0.9535,0.95,0.8947,1.0,0.9242,3,True,SI,Recall crítico bajo en: right,bloques,3.0
212260567,all,noOutliers,random_oversampling,IBk_kNN,95.93,87.82,0.934,0.9188,0.9585,0.9512,1.0,0.8947,0.6667,0.975,0.9375,1.0,1.0,0.9296,3,True,SI,,bloques,3.0
212260567,all,noOutliers,random_oversampling,RBFNetwork_aprox,89.43,76.18,0.8293,0.7978,0.8914,0.9024,0.9167,0.8947,0.3333,0.9487,0.873,0.85,1.0,0.9198,3,True,SI,Recall crítico bajo en: right,bloques,3.0
212260567,all,noOutliers,class_weight_balanced,SMO_SVM,93.5,77.24,0.894,0.8191,0.93,1.0,0.9667,0.7895,0.3333,0.9535,0.9206,0.9375,1.0,0.7877,3,True,SI,Recall crítico bajo en: right,bloques,3.0
212260567,all,noOutliers,class_weight_balanced,RandomForest,90.24,67.65,0.8409,0.6801,0.8906,1.0,0.9167,0.7895,0.0,0.8542,0.9167,1.0,0.0,0.9779,3,True,no,Recall crítico bajo en: right,bloques,3.0
212260567,all,noOutliers,class_weight_balanced,MLP,,,,,,,,,,,,,,,3,True,NO_APLICA,class_weight no soportado por este modelo,,
212260567,all,noOutliers,class_weight_balanced,IBk_kNN,,,,,,,,,,,,,,,3,True,NO_APLICA,class_weight no soportado por este modelo,,
212260567,all,noOutliers,class_weight_balanced,RBFNetwork_aprox,86.99,74.74,0.7903,0.7824,0.867,0.878,0.8833,0.8947,0.3333,0.9,0.8548,0.85,1.0,0.8368,3,True,SI,Recall crítico bajo en: right,bloques,3.0
212260567,all,noOutliers,smote,SMO_SVM,,,,,,,,,,,,,,,3,True,NO_APLICA,SMOTE no aplicable: min_clase < 10,,
212260567,all,noOutliers,smote,RandomForest,,,,,,,,,,,,,,,3,True,NO_APLICA,SMOTE no aplicable: min_clase < 10,,
212260567,all,noOutliers,smote,MLP,,,,,,,,,,,,,,,3,True,NO_APLICA,SMOTE no aplicable: min_clase < 10,,
212260567,all,noOutliers,smote,IBk_kNN,,,,,,,,,,,,,,,3,True,NO_APLICA,SMOTE no aplicable: min_clase < 10,,
212260567,all,noOutliers,smote,RBFNetwork_aprox,,,,,,,,,,,,,,,3,True,NO_APLICA,SMOTE no aplicable: min_clase < 10,,
212260567,all,noOutliers,smote_tomek,SMO_SVM,,,,,,,,,,,,,,,3,True,NO_APLICA,SMOTE no aplicable: min_clase < 10,,
212260567,all,noOutliers,smote_tomek,RandomForest,,,,,,,,,,,,,,,3,True,NO_APLICA,SMOTE no aplicable: min_clase < 10,,
212260567,all,noOutliers,smote_tomek,MLP,,,,,,,,,,,,,,,3,True,NO_APLICA,SMOTE no aplicable: min_clase < 10,,
212260567,all,noOutliers,smote_tomek,IBk_kNN,,,,,,,,,,,,,,,3,True,NO_APLICA,SMOTE no aplicable: min_clase < 10,,
212260567,all,noOutliers,smote_tomek,RBFNetwork_aprox,,,,,,,,,,,,,,,3,True,NO_APLICA,SMOTE no aplicable: min_clase < 10,,
212260567,all,noOutliers,random_undersampling_controlado,SMO_SVM,57.72,70.81,0.4331,0.5392,0.6339,0.7317,0.4167,0.6842,1.0,0.8108,0.8065,0.6842,0.0833,0.8247,3,True,no,Recall crítico bajo en: pull,bloques,3.0
212260567,all,noOutliers,random_undersampling_controlado,RandomForest,66.67,61.82,0.5214,0.5585,0.6919,0.9024,0.5,0.7368,0.3333,0.8409,0.7895,0.5833,0.0588,0.9023,3,True,no,Recall crítico bajo en: right,bloques,3.0
212260567,all,noOutliers,random_undersampling_controlado,MLP,59.35,56.52,0.4385,0.5195,0.6472,0.7073,0.4833,0.7368,0.3333,0.7632,0.8286,0.6087,0.037,0.808,3,True,no,"Recall crítico bajo en: pull, right",bloques,3.0
212260567,all,noOutliers,random_undersampling_controlado,IBk_kNN,67.48,68.67,0.5279,0.593,0.711,0.8293,0.5667,0.6842,0.6667,0.8293,0.7727,0.7647,0.0952,0.7882,3,True,no,,bloques,3.0
212260567,all,noOutliers,random_undersampling_controlado,RBFNetwork_aprox,59.35,52.99,0.353,0.5796,0.5904,0.8293,0.4833,0.4737,0.3333,0.4857,0.6744,1.0,1.0,0.5866,3,True,no,"Recall crítico bajo en: pull, push, right",bloques,3.0
212260567,all,sinArtefactosConservador,sin_balanceo,SMO_SVM,,,,,,,,,,,,,,,0,True,NO_APLICA,variante marcada como no modelable,,
212260567,all,sinArtefactosConservador,sin_balanceo,RandomForest,,,,,,,,,,,,,,,0,True,NO_APLICA,variante marcada como no modelable,,
212260567,all,sinArtefactosConservador,sin_balanceo,MLP,,,,,,,,,,,,,,,0,True,NO_APLICA,variante marcada como no modelable,,
212260567,all,sinArtefactosConservador,sin_balanceo,IBk_kNN,,,,,,,,,,,,,,,0,True,NO_APLICA,variante marcada como no modelable,,
212260567,all,sinArtefactosConservador,sin_balanceo,RBFNetwork_aprox,,,,,,,,,,,,,,,0,True,NO_APLICA,variante marcada como no modelable,,
212260567,all,sinArtefactosConservador,random_oversampling,SMO_SVM,,,,,,,,,,,,,,,0,True,NO_APLICA,variante marcada como no modelable,,
212260567,all,sinArtefactosConservador,random_oversampling,RandomForest,,,,,,,,,,,,,,,0,True,NO_APLICA,variante marcada como no modelable,,
212260567,all,sinArtefactosConservador,random_oversampling,MLP,,,,,,,,,,,,,,,0,True,NO_APLICA,variante marcada como no modelable,,
212260567,all,sinArtefactosConservador,random_oversampling,IBk_kNN,,,,,,,,,,,,,,,0,True,NO_APLICA,variante marcada como no modelable,,
212260567,all,sinArtefactosConservador,random_oversampling,RBFNetwork_aprox,,,,,,,,,,,,,,,0,True,NO_APLICA,variante marcada como no modelable,,
212260567,all,sinArtefactosConservador,class_weight_balanced,SMO_SVM,,,,,,,,,,,,,,,0,True,NO_APLICA,variante marcada como no modelable,,
212260567,all,sinArtefactosConservador,class_weight_balanced,RandomForest,,,,,,,,,,,,,,,0,True,NO_APLICA,variante marcada como no modelable,,
212260567,all,sinArtefactosConservador,class_weight_balanced,MLP,,,,,,,,,,,,,,,0,True,NO_APLICA,variante marcada como no modelable,,
212260567,all,sinArtefactosConservador,class_weight_balanced,IBk_kNN,,,,,,,,,,,,,,,0,True,NO_APLICA,variante marcada como no modelable,,
212260567,all,sinArtefactosConservador,class_weight_balanced,RBFNetwork_aprox,,,,,,,,,,,,,,,0,True,NO_APLICA,variante marcada como no modelable,,
212260567,all,sinArtefactosConservador,smote,SMO_SVM,,,,,,,,,,,,,,,0,True,NO_APLICA,variante marcada como no modelable,,
212260567,all,sinArtefactosConservador,smote,RandomForest,,,,,,,,,,,,,,,0,True,NO_APLICA,variante marcada como no modelable,,
212260567,all,sinArtefactosConservador,smote,MLP,,,,,,,,,,,,,,,0,True,NO_APLICA,variante marcada como no modelable,,
212260567,all,sinArtefactosConservador,smote,IBk_kNN,,,,,,,,,,,,,,,0,True,NO_APLICA,variante marcada como no modelable,,
212260567,all,sinArtefactosConservador,smote,RBFNetwork_aprox,,,,,,,,,,,,,,,0,True,NO_APLICA,variante marcada como no modelable,,
212260567,all,sinArtefactosConservador,smote_tomek,SMO_SVM,,,,,,,,,,,,,,,0,True,NO_APLICA,variante marcada como no modelable,,
212260567,all,sinArtefactosConservador,smote_tomek,RandomForest,,,,,,,,,,,,,,,0,True,NO_APLICA,variante marcada como no modelable,,
212260567,all,sinArtefactosConservador,smote_tomek,MLP,,,,,,,,,,,,,,,0,True,NO_APLICA,variante marcada como no modelable,,
212260567,all,sinArtefactosConservador,smote_tomek,IBk_kNN,,,,,,,,,,,,,,,0,True,NO_APLICA,variante marcada como no modelable,,
212260567,all,sinArtefactosConservador,smote_tomek,RBFNetwork_aprox,,,,,,,,,,,,,,,0,True,NO_APLICA,variante marcada como no modelable,,
212260567,all,sinArtefactosConservador,random_undersampling_controlado,SMO_SVM,,,,,,,,,,,,,,,0,True,NO_APLICA,variante marcada como no modelable,,
212260567,all,sinArtefactosConservador,random_undersampling_controlado,RandomForest,,,,,,,,,,,,,,,0,True,NO_APLICA,variante marcada como no modelable,,
212260567,all,sinArtefactosConservador,random_undersampling_controlado,MLP,,,,,,,,,,,,,,,0,True,NO_APLICA,variante marcada como no modelable,,
212260567,all,sinArtefactosConservador,random_undersampling_controlado,IBk_kNN,,,,,,,,,,,,,,,0,True,NO_APLICA,variante marcada como no modelable,,
212260567,all,sinArtefactosConservador,random_undersampling_controlado,RBFNetwork_aprox,,,,,,,,,,,,,,,0,True,NO_APLICA,variante marcada como no modelable,,
212260567,all,sinArtefactosEstricto,sin_balanceo,SMO_SVM,,,,,,,,,,,,,,,0,True,NO_APLICA,variante marcada como no modelable,,
212260567,all,sinArtefactosEstricto,sin_balanceo,RandomForest,,,,,,,,,,,,,,,0,True,NO_APLICA,variante marcada como no modelable,,
212260567,all,sinArtefactosEstricto,sin_balanceo,MLP,,,,,,,,,,,,,,,0,True,NO_APLICA,variante marcada como no modelable,,
212260567,all,sinArtefactosEstricto,sin_balanceo,IBk_kNN,,,,,,,,,,,,,,,0,True,NO_APLICA,variante marcada como no modelable,,
212260567,all,sinArtefactosEstricto,sin_balanceo,RBFNetwork_aprox,,,,,,,,,,,,,,,0,True,NO_APLICA,variante marcada como no modelable,,
212260567,all,sinArtefactosEstricto,random_oversampling,SMO_SVM,,,,,,,,,,,,,,,0,True,NO_APLICA,variante marcada como no modelable,,
212260567,all,sinArtefactosEstricto,random_oversampling,RandomForest,,,,,,,,,,,,,,,0,True,NO_APLICA,variante marcada como no modelable,,
212260567,all,sinArtefactosEstricto,random_oversampling,MLP,,,,,,,,,,,,,,,0,True,NO_APLICA,variante marcada como no modelable,,
212260567,all,sinArtefactosEstricto,random_oversampling,IBk_kNN,,,,,,,,,,,,,,,0,True,NO_APLICA,variante marcada como no modelable,,
212260567,all,sinArtefactosEstricto,random_oversampling,RBFNetwork_aprox,,,,,,,,,,,,,,,0,True,NO_APLICA,variante marcada como no modelable,,
212260567,all,sinArtefactosEstricto,class_weight_balanced,SMO_SVM,,,,,,,,,,,,,,,0,True,NO_APLICA,variante marcada como no modelable,,
212260567,all,sinArtefactosEstricto,class_weight_balanced,RandomForest,,,,,,,,,,,,,,,0,True,NO_APLICA,variante marcada como no modelable,,
212260567,all,sinArtefactosEstricto,class_weight_balanced,MLP,,,,,,,,,,,,,,,0,True,NO_APLICA,variante marcada como no modelable,,
212260567,all,sinArtefactosEstricto,class_weight_balanced,IBk_kNN,,,,,,,,,,,,,,,0,True,NO_APLICA,variante marcada como no modelable,,
212260567,all,sinArtefactosEstricto,class_weight_balanced,RBFNetwork_aprox,,,,,,,,,,,,,,,0,True,NO_APLICA,variante marcada como no modelable,,
212260567,all,sinArtefactosEstricto,smote,SMO_SVM,,,,,,,,,,,,,,,0,True,NO_APLICA,variante marcada como no modelable,,
212260567,all,sinArtefactosEstricto,smote,RandomForest,,,,,,,,,,,,,,,0,True,NO_APLICA,variante marcada como no modelable,,
212260567,all,sinArtefactosEstricto,smote,MLP,,,,,,,,,,,,,,,0,True,NO_APLICA,variante marcada como no modelable,,
212260567,all,sinArtefactosEstricto,smote,IBk_kNN,,,,,,,,,,,,,,,0,True,NO_APLICA,variante marcada como no modelable,,
212260567,all,sinArtefactosEstricto,smote,RBFNetwork_aprox,,,,,,,,,,,,,,,0,True,NO_APLICA,variante marcada como no modelable,,
212260567,all,sinArtefactosEstricto,smote_tomek,SMO_SVM,,,,,,,,,,,,,,,0,True,NO_APLICA,variante marcada como no modelable,,
212260567,all,sinArtefactosEstricto,smote_tomek,RandomForest,,,,,,,,,,,,,,,0,True,NO_APLICA,variante marcada como no modelable,,
212260567,all,sinArtefactosEstricto,smote_tomek,MLP,,,,,,,,,,,,,,,0,True,NO_APLICA,variante marcada como no modelable,,
212260567,all,sinArtefactosEstricto,smote_tomek,IBk_kNN,,,,,,,,,,,,,,,0,True,NO_APLICA,variante marcada como no modelable,,
212260567,all,sinArtefactosEstricto,smote_tomek,RBFNetwork_aprox,,,,,,,,,,,,,,,0,True,NO_APLICA,variante marcada como no modelable,,
212260567,all,sinArtefactosEstricto,random_undersampling_controlado,SMO_SVM,,,,,,,,,,,,,,,0,True,NO_APLICA,variante marcada como no modelable,,
212260567,all,sinArtefactosEstricto,random_undersampling_controlado,RandomForest,,,,,,,,,,,,,,,0,True,NO_APLICA,variante marcada como no modelable,,
212260567,all,sinArtefactosEstricto,random_undersampling_controlado,MLP,,,,,,,,,,,,,,,0,True,NO_APLICA,variante marcada como no modelable,,
212260567,all,sinArtefactosEstricto,random_undersampling_controlado,IBk_kNN,,,,,,,,,,,,,,,0,True,NO_APLICA,variante marcada como no modelable,,
212260567,all,sinArtefactosEstricto,random_undersampling_controlado,RBFNetwork_aprox,,,,,,,,,,,,,,,0,True,NO_APLICA,variante marcada como no modelable,,
212260567,left,noOutliers,sin_balanceo,SMO_SVM,,,,,,,,,,,,,,,0,True,NO_APLICA,menos de dos clases modelables,,
212260567,left,noOutliers,sin_balanceo,RandomForest,,,,,,,,,,,,,,,0,True,NO_APLICA,menos de dos clases modelables,,
212260567,left,noOutliers,sin_balanceo,MLP,,,,,,,,,,,,,,,0,True,NO_APLICA,menos de dos clases modelables,,
212260567,left,noOutliers,sin_balanceo,IBk_kNN,,,,,,,,,,,,,,,0,True,NO_APLICA,menos de dos clases modelables,,
212260567,left,noOutliers,sin_balanceo,RBFNetwork_aprox,,,,,,,,,,,,,,,0,True,NO_APLICA,menos de dos clases modelables,,
212260567,left,noOutliers,random_oversampling,SMO_SVM,,,,,,,,,,,,,,,0,True,NO_APLICA,menos de dos clases modelables,,
212260567,left,noOutliers,random_oversampling,RandomForest,,,,,,,,,,,,,,,0,True,NO_APLICA,menos de dos clases modelables,,
212260567,left,noOutliers,random_oversampling,MLP,,,,,,,,,,,,,,,0,True,NO_APLICA,menos de dos clases modelables,,
212260567,left,noOutliers,random_oversampling,IBk_kNN,,,,,,,,,,,,,,,0,True,NO_APLICA,menos de dos clases modelables,,
212260567,left,noOutliers,random_oversampling,RBFNetwork_aprox,,,,,,,,,,,,,,,0,True,NO_APLICA,menos de dos clases modelables,,
212260567,left,noOutliers,class_weight_balanced,SMO_SVM,,,,,,,,,,,,,,,0,True,NO_APLICA,menos de dos clases modelables,,
212260567,left,noOutliers,class_weight_balanced,RandomForest,,,,,,,,,,,,,,,0,True,NO_APLICA,menos de dos clases modelables,,
212260567,left,noOutliers,class_weight_balanced,MLP,,,,,,,,,,,,,,,0,True,NO_APLICA,menos de dos clases modelables,,
212260567,left,noOutliers,class_weight_balanced,IBk_kNN,,,,,,,,,,,,,,,0,True,NO_APLICA,menos de dos clases modelables,,
212260567,left,noOutliers,class_weight_balanced,RBFNetwork_aprox,,,,,,,,,,,,,,,0,True,NO_APLICA,menos de dos clases modelables,,
212260567,left,noOutliers,smote,SMO_SVM,,,,,,,,,,,,,,,0,True,NO_APLICA,menos de dos clases modelables,,
212260567,left,noOutliers,smote,RandomForest,,,,,,,,,,,,,,,0,True,NO_APLICA,menos de dos clases modelables,,
212260567,left,noOutliers,smote,MLP,,,,,,,,,,,,,,,0,True,NO_APLICA,menos de dos clases modelables,,
212260567,left,noOutliers,smote,IBk_kNN,,,,,,,,,,,,,,,0,True,NO_APLICA,menos de dos clases modelables,,
212260567,left,noOutliers,smote,RBFNetwork_aprox,,,,,,,,,,,,,,,0,True,NO_APLICA,menos de dos clases modelables,,
212260567,left,noOutliers,smote_tomek,SMO_SVM,,,,,,,,,,,,,,,0,True,NO_APLICA,menos de dos clases modelables,,
212260567,left,noOutliers,smote_tomek,RandomForest,,,,,,,,,,,,,,,0,True,NO_APLICA,menos de dos clases modelables,,
212260567,left,noOutliers,smote_tomek,MLP,,,,,,,,,,,,,,,0,True,NO_APLICA,menos de dos clases modelables,,
212260567,left,noOutliers,smote_tomek,IBk_kNN,,,,,,,,,,,,,,,0,True,NO_APLICA,menos de dos clases modelables,,
212260567,left,noOutliers,smote_tomek,RBFNetwork_aprox,,,,,,,,,,,,,,,0,True,NO_APLICA,menos de dos clases modelables,,
212260567,left,noOutliers,random_undersampling_controlado,SMO_SVM,,,,,,,,,,,,,,,0,True,NO_APLICA,menos de dos clases modelables,,
212260567,left,noOutliers,random_undersampling_controlado,RandomForest,,,,,,,,,,,,,,,0,True,NO_APLICA,menos de dos clases modelables,,
212260567,left,noOutliers,random_undersampling_controlado,MLP,,,,,,,,,,,,,,,0,True,NO_APLICA,menos de dos clases modelables,,
212260567,left,noOutliers,random_undersampling_controlado,IBk_kNN,,,,,,,,,,,,,,,0,True,NO_APLICA,menos de dos clases modelables,,
212260567,left,noOutliers,random_undersampling_controlado,RBFNetwork_aprox,,,,,,,,,,,,,,,0,True,NO_APLICA,menos de dos clases modelables,,
212260567,left,sinArtefactosConservador,sin_balanceo,SMO_SVM,,,,,,,,,,,,,,,0,True,NO_APLICA,variante marcada como no modelable,,
212260567,left,sinArtefactosConservador,sin_balanceo,RandomForest,,,,,,,,,,,,,,,0,True,NO_APLICA,variante marcada como no modelable,,
212260567,left,sinArtefactosConservador,sin_balanceo,MLP,,,,,,,,,,,,,,,0,True,NO_APLICA,variante marcada como no modelable,,
212260567,left,sinArtefactosConservador,sin_balanceo,IBk_kNN,,,,,,,,,,,,,,,0,True,NO_APLICA,variante marcada como no modelable,,
212260567,left,sinArtefactosConservador,sin_balanceo,RBFNetwork_aprox,,,,,,,,,,,,,,,0,True,NO_APLICA,variante marcada como no modelable,,
212260567,left,sinArtefactosConservador,random_oversampling,SMO_SVM,,,,,,,,,,,,,,,0,True,NO_APLICA,variante marcada como no modelable,,
212260567,left,sinArtefactosConservador,random_oversampling,RandomForest,,,,,,,,,,,,,,,0,True,NO_APLICA,variante marcada como no modelable,,
212260567,left,sinArtefactosConservador,random_oversampling,MLP,,,,,,,,,,,,,,,0,True,NO_APLICA,variante marcada como no modelable,,
212260567,left,sinArtefactosConservador,random_oversampling,IBk_kNN,,,,,,,,,,,,,,,0,True,NO_APLICA,variante marcada como no modelable,,
212260567,left,sinArtefactosConservador,random_oversampling,RBFNetwork_aprox,,,,,,,,,,,,,,,0,True,NO_APLICA,variante marcada como no modelable,,
212260567,left,sinArtefactosConservador,class_weight_balanced,SMO_SVM,,,,,,,,,,,,,,,0,True,NO_APLICA,variante marcada como no modelable,,
212260567,left,sinArtefactosConservador,class_weight_balanced,RandomForest,,,,,,,,,,,,,,,0,True,NO_APLICA,variante marcada como no modelable,,
212260567,left,sinArtefactosConservador,class_weight_balanced,MLP,,,,,,,,,,,,,,,0,True,NO_APLICA,variante marcada como no modelable,,
212260567,left,sinArtefactosConservador,class_weight_balanced,IBk_kNN,,,,,,,,,,,,,,,0,True,NO_APLICA,variante marcada como no modelable,,
212260567,left,sinArtefactosConservador,class_weight_balanced,RBFNetwork_aprox,,,,,,,,,,,,,,,0,True,NO_APLICA,variante marcada como no modelable,,
212260567,left,sinArtefactosConservador,smote,SMO_SVM,,,,,,,,,,,,,,,0,True,NO_APLICA,variante marcada como no modelable,,
212260567,left,sinArtefactosConservador,smote,RandomForest,,,,,,,,,,,,,,,0,True,NO_APLICA,variante marcada como no modelable,,
212260567,left,sinArtefactosConservador,smote,MLP,,,,,,,,,,,,,,,0,True,NO_APLICA,variante marcada como no modelable,,
212260567,left,sinArtefactosConservador,smote,IBk_kNN,,,,,,,,,,,,,,,0,True,NO_APLICA,variante marcada como no modelable,,
212260567,left,sinArtefactosConservador,smote,RBFNetwork_aprox,,,,,,,,,,,,,,,0,True,NO_APLICA,variante marcada como no modelable,,
212260567,left,sinArtefactosConservador,smote_tomek,SMO_SVM,,,,,,,,,,,,,,,0,True,NO_APLICA,variante marcada como no modelable,,
212260567,left,sinArtefactosConservador,smote_tomek,RandomForest,,,,,,,,,,,,,,,0,True,NO_APLICA,variante marcada como no modelable,,
212260567,left,sinArtefactosConservador,smote_tomek,MLP,,,,,,,,,,,,,,,0,True,NO_APLICA,variante marcada como no modelable,,
212260567,left,sinArtefactosConservador,smote_tomek,IBk_kNN,,,,,,,,,,,,,,,0,True,NO_APLICA,variante marcada como no modelable,,
212260567,left,sinArtefactosConservador,smote_tomek,RBFNetwork_aprox,,,,,,,,,,,,,,,0,True,NO_APLICA,variante marcada como no modelable,,
212260567,left,sinArtefactosConservador,random_undersampling_controlado,SMO_SVM,,,,,,,,,,,,,,,0,True,NO_APLICA,variante marcada como no modelable,,
212260567,left,sinArtefactosConservador,random_undersampling_controlado,RandomForest,,,,,,,,,,,,,,,0,True,NO_APLICA,variante marcada como no modelable,,
212260567,left,sinArtefactosConservador,random_undersampling_controlado,MLP,,,,,,,,,,,,,,,0,True,NO_APLICA,variante marcada como no modelable,,
212260567,left,sinArtefactosConservador,random_undersampling_controlado,IBk_kNN,,,,,,,,,,,,,,,0,True,NO_APLICA,variante marcada como no modelable,,
212260567,left,sinArtefactosConservador,random_undersampling_controlado,RBFNetwork_aprox,,,,,,,,,,,,,,,0,True,NO_APLICA,variante marcada como no modelable,,
212260567,left,sinArtefactosEstricto,sin_balanceo,SMO_SVM,,,,,,,,,,,,,,,0,True,NO_APLICA,variante marcada como no modelable,,
212260567,left,sinArtefactosEstricto,sin_balanceo,RandomForest,,,,,,,,,,,,,,,0,True,NO_APLICA,variante marcada como no modelable,,
212260567,left,sinArtefactosEstricto,sin_balanceo,MLP,,,,,,,,,,,,,,,0,True,NO_APLICA,variante marcada como no modelable,,
212260567,left,sinArtefactosEstricto,sin_balanceo,IBk_kNN,,,,,,,,,,,,,,,0,True,NO_APLICA,variante marcada como no modelable,,
212260567,left,sinArtefactosEstricto,sin_balanceo,RBFNetwork_aprox,,,,,,,,,,,,,,,0,True,NO_APLICA,variante marcada como no modelable,,
212260567,left,sinArtefactosEstricto,random_oversampling,SMO_SVM,,,,,,,,,,,,,,,0,True,NO_APLICA,variante marcada como no modelable,,
212260567,left,sinArtefactosEstricto,random_oversampling,RandomForest,,,,,,,,,,,,,,,0,True,NO_APLICA,variante marcada como no modelable,,
212260567,left,sinArtefactosEstricto,random_oversampling,MLP,,,,,,,,,,,,,,,0,True,NO_APLICA,variante marcada como no modelable,,
212260567,left,sinArtefactosEstricto,random_oversampling,IBk_kNN,,,,,,,,,,,,,,,0,True,NO_APLICA,variante marcada como no modelable,,
212260567,left,sinArtefactosEstricto,random_oversampling,RBFNetwork_aprox,,,,,,,,,,,,,,,0,True,NO_APLICA,variante marcada como no modelable,,
212260567,left,sinArtefactosEstricto,class_weight_balanced,SMO_SVM,,,,,,,,,,,,,,,0,True,NO_APLICA,variante marcada como no modelable,,
212260567,left,sinArtefactosEstricto,class_weight_balanced,RandomForest,,,,,,,,,,,,,,,0,True,NO_APLICA,variante marcada como no modelable,,
212260567,left,sinArtefactosEstricto,class_weight_balanced,MLP,,,,,,,,,,,,,,,0,True,NO_APLICA,variante marcada como no modelable,,
212260567,left,sinArtefactosEstricto,class_weight_balanced,IBk_kNN,,,,,,,,,,,,,,,0,True,NO_APLICA,variante marcada como no modelable,,
212260567,left,sinArtefactosEstricto,class_weight_balanced,RBFNetwork_aprox,,,,,,,,,,,,,,,0,True,NO_APLICA,variante marcada como no modelable,,
212260567,left,sinArtefactosEstricto,smote,SMO_SVM,,,,,,,,,,,,,,,0,True,NO_APLICA,variante marcada como no modelable,,
212260567,left,sinArtefactosEstricto,smote,RandomForest,,,,,,,,,,,,,,,0,True,NO_APLICA,variante marcada como no modelable,,
212260567,left,sinArtefactosEstricto,smote,MLP,,,,,,,,,,,,,,,0,True,NO_APLICA,variante marcada como no modelable,,
212260567,left,sinArtefactosEstricto,smote,IBk_kNN,,,,,,,,,,,,,,,0,True,NO_APLICA,variante marcada como no modelable,,
212260567,left,sinArtefactosEstricto,smote,RBFNetwork_aprox,,,,,,,,,,,,,,,0,True,NO_APLICA,variante marcada como no modelable,,
212260567,left,sinArtefactosEstricto,smote_tomek,SMO_SVM,,,,,,,,,,,,,,,0,True,NO_APLICA,variante marcada como no modelable,,
212260567,left,sinArtefactosEstricto,smote_tomek,RandomForest,,,,,,,,,,,,,,,0,True,NO_APLICA,variante marcada como no modelable,,
212260567,left,sinArtefactosEstricto,smote_tomek,MLP,,,,,,,,,,,,,,,0,True,NO_APLICA,variante marcada como no modelable,,
212260567,left,sinArtefactosEstricto,smote_tomek,IBk_kNN,,,,,,,,,,,,,,,0,True,NO_APLICA,variante marcada como no modelable,,
212260567,left,sinArtefactosEstricto,smote_tomek,RBFNetwork_aprox,,,,,,,,,,,,,,,0,True,NO_APLICA,variante marcada como no modelable,,
212260567,left,sinArtefactosEstricto,random_undersampling_controlado,SMO_SVM,,,,,,,,,,,,,,,0,True,NO_APLICA,variante marcada como no modelable,,
212260567,left,sinArtefactosEstricto,random_undersampling_controlado,RandomForest,,,,,,,,,,,,,,,0,True,NO_APLICA,variante marcada como no modelable,,
212260567,left,sinArtefactosEstricto,random_undersampling_controlado,MLP,,,,,,,,,,,,,,,0,True,NO_APLICA,variante marcada como no modelable,,
212260567,left,sinArtefactosEstricto,random_undersampling_controlado,IBk_kNN,,,,,,,,,,,,,,,0,True,NO_APLICA,variante marcada como no modelable,,
212260567,left,sinArtefactosEstricto,random_undersampling_controlado,RBFNetwork_aprox,,,,,,,,,,,,,,,0,True,NO_APLICA,variante marcada como no modelable,,
212260567,pull,noOutliers,sin_balanceo,SMO_SVM,,,,,,,,,,,,,,,0,True,NO_APLICA,menos de dos clases modelables,,
212260567,pull,noOutliers,sin_balanceo,RandomForest,,,,,,,,,,,,,,,0,True,NO_APLICA,menos de dos clases modelables,,
212260567,pull,noOutliers,sin_balanceo,MLP,,,,,,,,,,,,,,,0,True,NO_APLICA,menos de dos clases modelables,,
212260567,pull,noOutliers,sin_balanceo,IBk_kNN,,,,,,,,,,,,,,,0,True,NO_APLICA,menos de dos clases modelables,,
212260567,pull,noOutliers,sin_balanceo,RBFNetwork_aprox,,,,,,,,,,,,,,,0,True,NO_APLICA,menos de dos clases modelables,,
212260567,pull,noOutliers,random_oversampling,SMO_SVM,,,,,,,,,,,,,,,0,True,NO_APLICA,menos de dos clases modelables,,
212260567,pull,noOutliers,random_oversampling,RandomForest,,,,,,,,,,,,,,,0,True,NO_APLICA,menos de dos clases modelables,,
212260567,pull,noOutliers,random_oversampling,MLP,,,,,,,,,,,,,,,0,True,NO_APLICA,menos de dos clases modelables,,
212260567,pull,noOutliers,random_oversampling,IBk_kNN,,,,,,,,,,,,,,,0,True,NO_APLICA,menos de dos clases modelables,,
212260567,pull,noOutliers,random_oversampling,RBFNetwork_aprox,,,,,,,,,,,,,,,0,True,NO_APLICA,menos de dos clases modelables,,
212260567,pull,noOutliers,class_weight_balanced,SMO_SVM,,,,,,,,,,,,,,,0,True,NO_APLICA,menos de dos clases modelables,,
212260567,pull,noOutliers,class_weight_balanced,RandomForest,,,,,,,,,,,,,,,0,True,NO_APLICA,menos de dos clases modelables,,
212260567,pull,noOutliers,class_weight_balanced,MLP,,,,,,,,,,,,,,,0,True,NO_APLICA,menos de dos clases modelables,,
212260567,pull,noOutliers,class_weight_balanced,IBk_kNN,,,,,,,,,,,,,,,0,True,NO_APLICA,menos de dos clases modelables,,
212260567,pull,noOutliers,class_weight_balanced,RBFNetwork_aprox,,,,,,,,,,,,,,,0,True,NO_APLICA,menos de dos clases modelables,,
212260567,pull,noOutliers,smote,SMO_SVM,,,,,,,,,,,,,,,0,True,NO_APLICA,menos de dos clases modelables,,
212260567,pull,noOutliers,smote,RandomForest,,,,,,,,,,,,,,,0,True,NO_APLICA,menos de dos clases modelables,,
212260567,pull,noOutliers,smote,MLP,,,,,,,,,,,,,,,0,True,NO_APLICA,menos de dos clases modelables,,
212260567,pull,noOutliers,smote,IBk_kNN,,,,,,,,,,,,,,,0,True,NO_APLICA,menos de dos clases modelables,,
212260567,pull,noOutliers,smote,RBFNetwork_aprox,,,,,,,,,,,,,,,0,True,NO_APLICA,menos de dos clases modelables,,
212260567,pull,noOutliers,smote_tomek,SMO_SVM,,,,,,,,,,,,,,,0,True,NO_APLICA,menos de dos clases modelables,,
212260567,pull,noOutliers,smote_tomek,RandomForest,,,,,,,,,,,,,,,0,True,NO_APLICA,menos de dos clases modelables,,
212260567,pull,noOutliers,smote_tomek,MLP,,,,,,,,,,,,,,,0,True,NO_APLICA,menos de dos clases modelables,,
212260567,pull,noOutliers,smote_tomek,IBk_kNN,,,,,,,,,,,,,,,0,True,NO_APLICA,menos de dos clases modelables,,
212260567,pull,noOutliers,smote_tomek,RBFNetwork_aprox,,,,,,,,,,,,,,,0,True,NO_APLICA,menos de dos clases modelables,,
212260567,pull,noOutliers,random_undersampling_controlado,SMO_SVM,,,,,,,,,,,,,,,0,True,NO_APLICA,menos de dos clases modelables,,
212260567,pull,noOutliers,random_undersampling_controlado,RandomForest,,,,,,,,,,,,,,,0,True,NO_APLICA,menos de dos clases modelables,,
212260567,pull,noOutliers,random_undersampling_controlado,MLP,,,,,,,,,,,,,,,0,True,NO_APLICA,menos de dos clases modelables,,
212260567,pull,noOutliers,random_undersampling_controlado,IBk_kNN,,,,,,,,,,,,,,,0,True,NO_APLICA,menos de dos clases modelables,,
212260567,pull,noOutliers,random_undersampling_controlado,RBFNetwork_aprox,,,,,,,,,,,,,,,0,True,NO_APLICA,menos de dos clases modelables,,
212260567,pull,sinArtefactosConservador,sin_balanceo,SMO_SVM,,,,,,,,,,,,,,,0,True,NO_APLICA,variante marcada como no modelable,,
212260567,pull,sinArtefactosConservador,sin_balanceo,RandomForest,,,,,,,,,,,,,,,0,True,NO_APLICA,variante marcada como no modelable,,
212260567,pull,sinArtefactosConservador,sin_balanceo,MLP,,,,,,,,,,,,,,,0,True,NO_APLICA,variante marcada como no modelable,,
212260567,pull,sinArtefactosConservador,sin_balanceo,IBk_kNN,,,,,,,,,,,,,,,0,True,NO_APLICA,variante marcada como no modelable,,
212260567,pull,sinArtefactosConservador,sin_balanceo,RBFNetwork_aprox,,,,,,,,,,,,,,,0,True,NO_APLICA,variante marcada como no modelable,,
212260567,pull,sinArtefactosConservador,random_oversampling,SMO_SVM,,,,,,,,,,,,,,,0,True,NO_APLICA,variante marcada como no modelable,,
212260567,pull,sinArtefactosConservador,random_oversampling,RandomForest,,,,,,,,,,,,,,,0,True,NO_APLICA,variante marcada como no modelable,,
212260567,pull,sinArtefactosConservador,random_oversampling,MLP,,,,,,,,,,,,,,,0,True,NO_APLICA,variante marcada como no modelable,,
212260567,pull,sinArtefactosConservador,random_oversampling,IBk_kNN,,,,,,,,,,,,,,,0,True,NO_APLICA,variante marcada como no modelable,,
212260567,pull,sinArtefactosConservador,random_oversampling,RBFNetwork_aprox,,,,,,,,,,,,,,,0,True,NO_APLICA,variante marcada como no modelable,,
212260567,pull,sinArtefactosConservador,class_weight_balanced,SMO_SVM,,,,,,,,,,,,,,,0,True,NO_APLICA,variante marcada como no modelable,,
212260567,pull,sinArtefactosConservador,class_weight_balanced,RandomForest,,,,,,,,,,,,,,,0,True,NO_APLICA,variante marcada como no modelable,,
212260567,pull,sinArtefactosConservador,class_weight_balanced,MLP,,,,,,,,,,,,,,,0,True,NO_APLICA,variante marcada como no modelable,,
212260567,pull,sinArtefactosConservador,class_weight_balanced,IBk_kNN,,,,,,,,,,,,,,,0,True,NO_APLICA,variante marcada como no modelable,,
212260567,pull,sinArtefactosConservador,class_weight_balanced,RBFNetwork_aprox,,,,,,,,,,,,,,,0,True,NO_APLICA,variante marcada como no modelable,,
212260567,pull,sinArtefactosConservador,smote,SMO_SVM,,,,,,,,,,,,,,,0,True,NO_APLICA,variante marcada como no modelable,,
212260567,pull,sinArtefactosConservador,smote,RandomForest,,,,,,,,,,,,,,,0,True,NO_APLICA,variante marcada como no modelable,,
212260567,pull,sinArtefactosConservador,smote,MLP,,,,,,,,,,,,,,,0,True,NO_APLICA,variante marcada como no modelable,,
212260567,pull,sinArtefactosConservador,smote,IBk_kNN,,,,,,,,,,,,,,,0,True,NO_APLICA,variante marcada como no modelable,,
212260567,pull,sinArtefactosConservador,smote,RBFNetwork_aprox,,,,,,,,,,,,,,,0,True,NO_APLICA,variante marcada como no modelable,,
212260567,pull,sinArtefactosConservador,smote_tomek,SMO_SVM,,,,,,,,,,,,,,,0,True,NO_APLICA,variante marcada como no modelable,,
212260567,pull,sinArtefactosConservador,smote_tomek,RandomForest,,,,,,,,,,,,,,,0,True,NO_APLICA,variante marcada como no modelable,,
212260567,pull,sinArtefactosConservador,smote_tomek,MLP,,,,,,,,,,,,,,,0,True,NO_APLICA,variante marcada como no modelable,,
212260567,pull,sinArtefactosConservador,smote_tomek,IBk_kNN,,,,,,,,,,,,,,,0,True,NO_APLICA,variante marcada como no modelable,,
212260567,pull,sinArtefactosConservador,smote_tomek,RBFNetwork_aprox,,,,,,,,,,,,,,,0,True,NO_APLICA,variante marcada como no modelable,,
212260567,pull,sinArtefactosConservador,random_undersampling_controlado,SMO_SVM,,,,,,,,,,,,,,,0,True,NO_APLICA,variante marcada como no modelable,,
212260567,pull,sinArtefactosConservador,random_undersampling_controlado,RandomForest,,,,,,,,,,,,,,,0,True,NO_APLICA,variante marcada como no modelable,,
212260567,pull,sinArtefactosConservador,random_undersampling_controlado,MLP,,,,,,,,,,,,,,,0,True,NO_APLICA,variante marcada como no modelable,,
212260567,pull,sinArtefactosConservador,random_undersampling_controlado,IBk_kNN,,,,,,,,,,,,,,,0,True,NO_APLICA,variante marcada como no modelable,,
212260567,pull,sinArtefactosConservador,random_undersampling_controlado,RBFNetwork_aprox,,,,,,,,,,,,,,,0,True,NO_APLICA,variante marcada como no modelable,,
212260567,pull,sinArtefactosEstricto,sin_balanceo,SMO_SVM,,,,,,,,,,,,,,,0,True,NO_APLICA,variante marcada como no modelable,,
212260567,pull,sinArtefactosEstricto,sin_balanceo,RandomForest,,,,,,,,,,,,,,,0,True,NO_APLICA,variante marcada como no modelable,,
212260567,pull,sinArtefactosEstricto,sin_balanceo,MLP,,,,,,,,,,,,,,,0,True,NO_APLICA,variante marcada como no modelable,,
212260567,pull,sinArtefactosEstricto,sin_balanceo,IBk_kNN,,,,,,,,,,,,,,,0,True,NO_APLICA,variante marcada como no modelable,,
212260567,pull,sinArtefactosEstricto,sin_balanceo,RBFNetwork_aprox,,,,,,,,,,,,,,,0,True,NO_APLICA,variante marcada como no modelable,,
212260567,pull,sinArtefactosEstricto,random_oversampling,SMO_SVM,,,,,,,,,,,,,,,0,True,NO_APLICA,variante marcada como no modelable,,
212260567,pull,sinArtefactosEstricto,random_oversampling,RandomForest,,,,,,,,,,,,,,,0,True,NO_APLICA,variante marcada como no modelable,,
212260567,pull,sinArtefactosEstricto,random_oversampling,MLP,,,,,,,,,,,,,,,0,True,NO_APLICA,variante marcada como no modelable,,
212260567,pull,sinArtefactosEstricto,random_oversampling,IBk_kNN,,,,,,,,,,,,,,,0,True,NO_APLICA,variante marcada como no modelable,,
212260567,pull,sinArtefactosEstricto,random_oversampling,RBFNetwork_aprox,,,,,,,,,,,,,,,0,True,NO_APLICA,variante marcada como no modelable,,
212260567,pull,sinArtefactosEstricto,class_weight_balanced,SMO_SVM,,,,,,,,,,,,,,,0,True,NO_APLICA,variante marcada como no modelable,,
212260567,pull,sinArtefactosEstricto,class_weight_balanced,RandomForest,,,,,,,,,,,,,,,0,True,NO_APLICA,variante marcada como no modelable,,
212260567,pull,sinArtefactosEstricto,class_weight_balanced,MLP,,,,,,,,,,,,,,,0,True,NO_APLICA,variante marcada como no modelable,,
212260567,pull,sinArtefactosEstricto,class_weight_balanced,IBk_kNN,,,,,,,,,,,,,,,0,True,NO_APLICA,variante marcada como no modelable,,
212260567,pull,sinArtefactosEstricto,class_weight_balanced,RBFNetwork_aprox,,,,,,,,,,,,,,,0,True,NO_APLICA,variante marcada como no modelable,,
212260567,pull,sinArtefactosEstricto,smote,SMO_SVM,,,,,,,,,,,,,,,0,True,NO_APLICA,variante marcada como no modelable,,
212260567,pull,sinArtefactosEstricto,smote,RandomForest,,,,,,,,,,,,,,,0,True,NO_APLICA,variante marcada como no modelable,,
212260567,pull,sinArtefactosEstricto,smote,MLP,,,,,,,,,,,,,,,0,True,NO_APLICA,variante marcada como no modelable,,
212260567,pull,sinArtefactosEstricto,smote,IBk_kNN,,,,,,,,,,,,,,,0,True,NO_APLICA,variante marcada como no modelable,,
212260567,pull,sinArtefactosEstricto,smote,RBFNetwork_aprox,,,,,,,,,,,,,,,0,True,NO_APLICA,variante marcada como no modelable,,
212260567,pull,sinArtefactosEstricto,smote_tomek,SMO_SVM,,,,,,,,,,,,,,,0,True,NO_APLICA,variante marcada como no modelable,,
212260567,pull,sinArtefactosEstricto,smote_tomek,RandomForest,,,,,,,,,,,,,,,0,True,NO_APLICA,variante marcada como no modelable,,
212260567,pull,sinArtefactosEstricto,smote_tomek,MLP,,,,,,,,,,,,,,,0,True,NO_APLICA,variante marcada como no modelable,,
212260567,pull,sinArtefactosEstricto,smote_tomek,IBk_kNN,,,,,,,,,,,,,,,0,True,NO_APLICA,variante marcada como no modelable,,
212260567,pull,sinArtefactosEstricto,smote_tomek,RBFNetwork_aprox,,,,,,,,,,,,,,,0,True,NO_APLICA,variante marcada como no modelable,,
212260567,pull,sinArtefactosEstricto,random_undersampling_controlado,SMO_SVM,,,,,,,,,,,,,,,0,True,NO_APLICA,variante marcada como no modelable,,
212260567,pull,sinArtefactosEstricto,random_undersampling_controlado,RandomForest,,,,,,,,,,,,,,,0,True,NO_APLICA,variante marcada como no modelable,,
212260567,pull,sinArtefactosEstricto,random_undersampling_controlado,MLP,,,,,,,,,,,,,,,0,True,NO_APLICA,variante marcada como no modelable,,
212260567,pull,sinArtefactosEstricto,random_undersampling_controlado,IBk_kNN,,,,,,,,,,,,,,,0,True,NO_APLICA,variante marcada como no modelable,,
212260567,pull,sinArtefactosEstricto,random_undersampling_controlado,RBFNetwork_aprox,,,,,,,,,,,,,,,0,True,NO_APLICA,variante marcada como no modelable,,
212260567,push,noOutliers,sin_balanceo,SMO_SVM,,,,,,,,,,,,,,,0,True,NO_APLICA,menos de dos clases modelables,,
212260567,push,noOutliers,sin_balanceo,RandomForest,,,,,,,,,,,,,,,0,True,NO_APLICA,menos de dos clases modelables,,
212260567,push,noOutliers,sin_balanceo,MLP,,,,,,,,,,,,,,,0,True,NO_APLICA,menos de dos clases modelables,,
212260567,push,noOutliers,sin_balanceo,IBk_kNN,,,,,,,,,,,,,,,0,True,NO_APLICA,menos de dos clases modelables,,
212260567,push,noOutliers,sin_balanceo,RBFNetwork_aprox,,,,,,,,,,,,,,,0,True,NO_APLICA,menos de dos clases modelables,,
212260567,push,noOutliers,random_oversampling,SMO_SVM,,,,,,,,,,,,,,,0,True,NO_APLICA,menos de dos clases modelables,,
212260567,push,noOutliers,random_oversampling,RandomForest,,,,,,,,,,,,,,,0,True,NO_APLICA,menos de dos clases modelables,,
212260567,push,noOutliers,random_oversampling,MLP,,,,,,,,,,,,,,,0,True,NO_APLICA,menos de dos clases modelables,,
212260567,push,noOutliers,random_oversampling,IBk_kNN,,,,,,,,,,,,,,,0,True,NO_APLICA,menos de dos clases modelables,,
212260567,push,noOutliers,random_oversampling,RBFNetwork_aprox,,,,,,,,,,,,,,,0,True,NO_APLICA,menos de dos clases modelables,,
212260567,push,noOutliers,class_weight_balanced,SMO_SVM,,,,,,,,,,,,,,,0,True,NO_APLICA,menos de dos clases modelables,,
212260567,push,noOutliers,class_weight_balanced,RandomForest,,,,,,,,,,,,,,,0,True,NO_APLICA,menos de dos clases modelables,,
212260567,push,noOutliers,class_weight_balanced,MLP,,,,,,,,,,,,,,,0,True,NO_APLICA,menos de dos clases modelables,,
212260567,push,noOutliers,class_weight_balanced,IBk_kNN,,,,,,,,,,,,,,,0,True,NO_APLICA,menos de dos clases modelables,,
212260567,push,noOutliers,class_weight_balanced,RBFNetwork_aprox,,,,,,,,,,,,,,,0,True,NO_APLICA,menos de dos clases modelables,,
212260567,push,noOutliers,smote,SMO_SVM,,,,,,,,,,,,,,,0,True,NO_APLICA,menos de dos clases modelables,,
212260567,push,noOutliers,smote,RandomForest,,,,,,,,,,,,,,,0,True,NO_APLICA,menos de dos clases modelables,,
212260567,push,noOutliers,smote,MLP,,,,,,,,,,,,,,,0,True,NO_APLICA,menos de dos clases modelables,,
212260567,push,noOutliers,smote,IBk_kNN,,,,,,,,,,,,,,,0,True,NO_APLICA,menos de dos clases modelables,,
212260567,push,noOutliers,smote,RBFNetwork_aprox,,,,,,,,,,,,,,,0,True,NO_APLICA,menos de dos clases modelables,,
212260567,push,noOutliers,smote_tomek,SMO_SVM,,,,,,,,,,,,,,,0,True,NO_APLICA,menos de dos clases modelables,,
212260567,push,noOutliers,smote_tomek,RandomForest,,,,,,,,,,,,,,,0,True,NO_APLICA,menos de dos clases modelables,,
212260567,push,noOutliers,smote_tomek,MLP,,,,,,,,,,,,,,,0,True,NO_APLICA,menos de dos clases modelables,,
212260567,push,noOutliers,smote_tomek,IBk_kNN,,,,,,,,,,,,,,,0,True,NO_APLICA,menos de dos clases modelables,,
212260567,push,noOutliers,smote_tomek,RBFNetwork_aprox,,,,,,,,,,,,,,,0,True,NO_APLICA,menos de dos clases modelables,,
212260567,push,noOutliers,random_undersampling_controlado,SMO_SVM,,,,,,,,,,,,,,,0,True,NO_APLICA,menos de dos clases modelables,,
212260567,push,noOutliers,random_undersampling_controlado,RandomForest,,,,,,,,,,,,,,,0,True,NO_APLICA,menos de dos clases modelables,,
212260567,push,noOutliers,random_undersampling_controlado,MLP,,,,,,,,,,,,,,,0,True,NO_APLICA,menos de dos clases modelables,,
212260567,push,noOutliers,random_undersampling_controlado,IBk_kNN,,,,,,,,,,,,,,,0,True,NO_APLICA,menos de dos clases modelables,,
212260567,push,noOutliers,random_undersampling_controlado,RBFNetwork_aprox,,,,,,,,,,,,,,,0,True,NO_APLICA,menos de dos clases modelables,,
212260567,push,sinArtefactosConservador,sin_balanceo,SMO_SVM,,,,,,,,,,,,,,,0,True,NO_APLICA,variante marcada como no modelable,,
212260567,push,sinArtefactosConservador,sin_balanceo,RandomForest,,,,,,,,,,,,,,,0,True,NO_APLICA,variante marcada como no modelable,,
212260567,push,sinArtefactosConservador,sin_balanceo,MLP,,,,,,,,,,,,,,,0,True,NO_APLICA,variante marcada como no modelable,,
212260567,push,sinArtefactosConservador,sin_balanceo,IBk_kNN,,,,,,,,,,,,,,,0,True,NO_APLICA,variante marcada como no modelable,,
212260567,push,sinArtefactosConservador,sin_balanceo,RBFNetwork_aprox,,,,,,,,,,,,,,,0,True,NO_APLICA,variante marcada como no modelable,,
212260567,push,sinArtefactosConservador,random_oversampling,SMO_SVM,,,,,,,,,,,,,,,0,True,NO_APLICA,variante marcada como no modelable,,
212260567,push,sinArtefactosConservador,random_oversampling,RandomForest,,,,,,,,,,,,,,,0,True,NO_APLICA,variante marcada como no modelable,,
212260567,push,sinArtefactosConservador,random_oversampling,MLP,,,,,,,,,,,,,,,0,True,NO_APLICA,variante marcada como no modelable,,
212260567,push,sinArtefactosConservador,random_oversampling,IBk_kNN,,,,,,,,,,,,,,,0,True,NO_APLICA,variante marcada como no modelable,,
212260567,push,sinArtefactosConservador,random_oversampling,RBFNetwork_aprox,,,,,,,,,,,,,,,0,True,NO_APLICA,variante marcada como no modelable,,
212260567,push,sinArtefactosConservador,class_weight_balanced,SMO_SVM,,,,,,,,,,,,,,,0,True,NO_APLICA,variante marcada como no modelable,,
212260567,push,sinArtefactosConservador,class_weight_balanced,RandomForest,,,,,,,,,,,,,,,0,True,NO_APLICA,variante marcada como no modelable,,
212260567,push,sinArtefactosConservador,class_weight_balanced,MLP,,,,,,,,,,,,,,,0,True,NO_APLICA,variante marcada como no modelable,,
212260567,push,sinArtefactosConservador,class_weight_balanced,IBk_kNN,,,,,,,,,,,,,,,0,True,NO_APLICA,variante marcada como no modelable,,
212260567,push,sinArtefactosConservador,class_weight_balanced,RBFNetwork_aprox,,,,,,,,,,,,,,,0,True,NO_APLICA,variante marcada como no modelable,,
212260567,push,sinArtefactosConservador,smote,SMO_SVM,,,,,,,,,,,,,,,0,True,NO_APLICA,variante marcada como no modelable,,
212260567,push,sinArtefactosConservador,smote,RandomForest,,,,,,,,,,,,,,,0,True,NO_APLICA,variante marcada como no modelable,,
212260567,push,sinArtefactosConservador,smote,MLP,,,,,,,,,,,,,,,0,True,NO_APLICA,variante marcada como no modelable,,
212260567,push,sinArtefactosConservador,smote,IBk_kNN,,,,,,,,,,,,,,,0,True,NO_APLICA,variante marcada como no modelable,,
212260567,push,sinArtefactosConservador,smote,RBFNetwork_aprox,,,,,,,,,,,,,,,0,True,NO_APLICA,variante marcada como no modelable,,
212260567,push,sinArtefactosConservador,smote_tomek,SMO_SVM,,,,,,,,,,,,,,,0,True,NO_APLICA,variante marcada como no modelable,,
212260567,push,sinArtefactosConservador,smote_tomek,RandomForest,,,,,,,,,,,,,,,0,True,NO_APLICA,variante marcada como no modelable,,
212260567,push,sinArtefactosConservador,smote_tomek,MLP,,,,,,,,,,,,,,,0,True,NO_APLICA,variante marcada como no modelable,,
212260567,push,sinArtefactosConservador,smote_tomek,IBk_kNN,,,,,,,,,,,,,,,0,True,NO_APLICA,variante marcada como no modelable,,
212260567,push,sinArtefactosConservador,smote_tomek,RBFNetwork_aprox,,,,,,,,,,,,,,,0,True,NO_APLICA,variante marcada como no modelable,,
212260567,push,sinArtefactosConservador,random_undersampling_controlado,SMO_SVM,,,,,,,,,,,,,,,0,True,NO_APLICA,variante marcada como no modelable,,
212260567,push,sinArtefactosConservador,random_undersampling_controlado,RandomForest,,,,,,,,,,,,,,,0,True,NO_APLICA,variante marcada como no modelable,,
212260567,push,sinArtefactosConservador,random_undersampling_controlado,MLP,,,,,,,,,,,,,,,0,True,NO_APLICA,variante marcada como no modelable,,
212260567,push,sinArtefactosConservador,random_undersampling_controlado,IBk_kNN,,,,,,,,,,,,,,,0,True,NO_APLICA,variante marcada como no modelable,,
212260567,push,sinArtefactosConservador,random_undersampling_controlado,RBFNetwork_aprox,,,,,,,,,,,,,,,0,True,NO_APLICA,variante marcada como no modelable,,
212260567,push,sinArtefactosEstricto,sin_balanceo,SMO_SVM,,,,,,,,,,,,,,,0,True,NO_APLICA,variante marcada como no modelable,,
212260567,push,sinArtefactosEstricto,sin_balanceo,RandomForest,,,,,,,,,,,,,,,0,True,NO_APLICA,variante marcada como no modelable,,
212260567,push,sinArtefactosEstricto,sin_balanceo,MLP,,,,,,,,,,,,,,,0,True,NO_APLICA,variante marcada como no modelable,,
212260567,push,sinArtefactosEstricto,sin_balanceo,IBk_kNN,,,,,,,,,,,,,,,0,True,NO_APLICA,variante marcada como no modelable,,
212260567,push,sinArtefactosEstricto,sin_balanceo,RBFNetwork_aprox,,,,,,,,,,,,,,,0,True,NO_APLICA,variante marcada como no modelable,,
212260567,push,sinArtefactosEstricto,random_oversampling,SMO_SVM,,,,,,,,,,,,,,,0,True,NO_APLICA,variante marcada como no modelable,,
212260567,push,sinArtefactosEstricto,random_oversampling,RandomForest,,,,,,,,,,,,,,,0,True,NO_APLICA,variante marcada como no modelable,,
212260567,push,sinArtefactosEstricto,random_oversampling,MLP,,,,,,,,,,,,,,,0,True,NO_APLICA,variante marcada como no modelable,,
212260567,push,sinArtefactosEstricto,random_oversampling,IBk_kNN,,,,,,,,,,,,,,,0,True,NO_APLICA,variante marcada como no modelable,,
212260567,push,sinArtefactosEstricto,random_oversampling,RBFNetwork_aprox,,,,,,,,,,,,,,,0,True,NO_APLICA,variante marcada como no modelable,,
212260567,push,sinArtefactosEstricto,class_weight_balanced,SMO_SVM,,,,,,,,,,,,,,,0,True,NO_APLICA,variante marcada como no modelable,,
212260567,push,sinArtefactosEstricto,class_weight_balanced,RandomForest,,,,,,,,,,,,,,,0,True,NO_APLICA,variante marcada como no modelable,,
212260567,push,sinArtefactosEstricto,class_weight_balanced,MLP,,,,,,,,,,,,,,,0,True,NO_APLICA,variante marcada como no modelable,,
212260567,push,sinArtefactosEstricto,class_weight_balanced,IBk_kNN,,,,,,,,,,,,,,,0,True,NO_APLICA,variante marcada como no modelable,,
212260567,push,sinArtefactosEstricto,class_weight_balanced,RBFNetwork_aprox,,,,,,,,,,,,,,,0,True,NO_APLICA,variante marcada como no modelable,,
212260567,push,sinArtefactosEstricto,smote,SMO_SVM,,,,,,,,,,,,,,,0,True,NO_APLICA,variante marcada como no modelable,,
212260567,push,sinArtefactosEstricto,smote,RandomForest,,,,,,,,,,,,,,,0,True,NO_APLICA,variante marcada como no modelable,,
212260567,push,sinArtefactosEstricto,smote,MLP,,,,,,,,,,,,,,,0,True,NO_APLICA,variante marcada como no modelable,,
212260567,push,sinArtefactosEstricto,smote,IBk_kNN,,,,,,,,,,,,,,,0,True,NO_APLICA,variante marcada como no modelable,,
212260567,push,sinArtefactosEstricto,smote,RBFNetwork_aprox,,,,,,,,,,,,,,,0,True,NO_APLICA,variante marcada como no modelable,,
212260567,push,sinArtefactosEstricto,smote_tomek,SMO_SVM,,,,,,,,,,,,,,,0,True,NO_APLICA,variante marcada como no modelable,,
212260567,push,sinArtefactosEstricto,smote_tomek,RandomForest,,,,,,,,,,,,,,,0,True,NO_APLICA,variante marcada como no modelable,,
212260567,push,sinArtefactosEstricto,smote_tomek,MLP,,,,,,,,,,,,,,,0,True,NO_APLICA,variante marcada como no modelable,,
212260567,push,sinArtefactosEstricto,smote_tomek,IBk_kNN,,,,,,,,,,,,,,,0,True,NO_APLICA,variante marcada como no modelable,,
212260567,push,sinArtefactosEstricto,smote_tomek,RBFNetwork_aprox,,,,,,,,,,,,,,,0,True,NO_APLICA,variante marcada como no modelable,,
212260567,push,sinArtefactosEstricto,random_undersampling_controlado,SMO_SVM,,,,,,,,,,,,,,,0,True,NO_APLICA,variante marcada como no modelable,,
212260567,push,sinArtefactosEstricto,random_undersampling_controlado,RandomForest,,,,,,,,,,,,,,,0,True,NO_APLICA,variante marcada como no modelable,,
212260567,push,sinArtefactosEstricto,random_undersampling_controlado,MLP,,,,,,,,,,,,,,,0,True,NO_APLICA,variante marcada como no modelable,,
212260567,push,sinArtefactosEstricto,random_undersampling_controlado,IBk_kNN,,,,,,,,,,,,,,,0,True,NO_APLICA,variante marcada como no modelable,,
212260567,push,sinArtefactosEstricto,random_undersampling_controlado,RBFNetwork_aprox,,,,,,,,,,,,,,,0,True,NO_APLICA,variante marcada como no modelable,,
212260567,right,noOutliers,sin_balanceo,SMO_SVM,,,,,,,,,,,,,,,0,True,NO_APLICA,menos de dos clases modelables,,
212260567,right,noOutliers,sin_balanceo,RandomForest,,,,,,,,,,,,,,,0,True,NO_APLICA,menos de dos clases modelables,,
212260567,right,noOutliers,sin_balanceo,MLP,,,,,,,,,,,,,,,0,True,NO_APLICA,menos de dos clases modelables,,
212260567,right,noOutliers,sin_balanceo,IBk_kNN,,,,,,,,,,,,,,,0,True,NO_APLICA,menos de dos clases modelables,,
212260567,right,noOutliers,sin_balanceo,RBFNetwork_aprox,,,,,,,,,,,,,,,0,True,NO_APLICA,menos de dos clases modelables,,
212260567,right,noOutliers,random_oversampling,SMO_SVM,,,,,,,,,,,,,,,0,True,NO_APLICA,menos de dos clases modelables,,
212260567,right,noOutliers,random_oversampling,RandomForest,,,,,,,,,,,,,,,0,True,NO_APLICA,menos de dos clases modelables,,
212260567,right,noOutliers,random_oversampling,MLP,,,,,,,,,,,,,,,0,True,NO_APLICA,menos de dos clases modelables,,
212260567,right,noOutliers,random_oversampling,IBk_kNN,,,,,,,,,,,,,,,0,True,NO_APLICA,menos de dos clases modelables,,
212260567,right,noOutliers,random_oversampling,RBFNetwork_aprox,,,,,,,,,,,,,,,0,True,NO_APLICA,menos de dos clases modelables,,
212260567,right,noOutliers,class_weight_balanced,SMO_SVM,,,,,,,,,,,,,,,0,True,NO_APLICA,menos de dos clases modelables,,
212260567,right,noOutliers,class_weight_balanced,RandomForest,,,,,,,,,,,,,,,0,True,NO_APLICA,menos de dos clases modelables,,
212260567,right,noOutliers,class_weight_balanced,MLP,,,,,,,,,,,,,,,0,True,NO_APLICA,menos de dos clases modelables,,
212260567,right,noOutliers,class_weight_balanced,IBk_kNN,,,,,,,,,,,,,,,0,True,NO_APLICA,menos de dos clases modelables,,
212260567,right,noOutliers,class_weight_balanced,RBFNetwork_aprox,,,,,,,,,,,,,,,0,True,NO_APLICA,menos de dos clases modelables,,
212260567,right,noOutliers,smote,SMO_SVM,,,,,,,,,,,,,,,0,True,NO_APLICA,menos de dos clases modelables,,
212260567,right,noOutliers,smote,RandomForest,,,,,,,,,,,,,,,0,True,NO_APLICA,menos de dos clases modelables,,
212260567,right,noOutliers,smote,MLP,,,,,,,,,,,,,,,0,True,NO_APLICA,menos de dos clases modelables,,
212260567,right,noOutliers,smote,IBk_kNN,,,,,,,,,,,,,,,0,True,NO_APLICA,menos de dos clases modelables,,
212260567,right,noOutliers,smote,RBFNetwork_aprox,,,,,,,,,,,,,,,0,True,NO_APLICA,menos de dos clases modelables,,
212260567,right,noOutliers,smote_tomek,SMO_SVM,,,,,,,,,,,,,,,0,True,NO_APLICA,menos de dos clases modelables,,
212260567,right,noOutliers,smote_tomek,RandomForest,,,,,,,,,,,,,,,0,True,NO_APLICA,menos de dos clases modelables,,
212260567,right,noOutliers,smote_tomek,MLP,,,,,,,,,,,,,,,0,True,NO_APLICA,menos de dos clases modelables,,
212260567,right,noOutliers,smote_tomek,IBk_kNN,,,,,,,,,,,,,,,0,True,NO_APLICA,menos de dos clases modelables,,
212260567,right,noOutliers,smote_tomek,RBFNetwork_aprox,,,,,,,,,,,,,,,0,True,NO_APLICA,menos de dos clases modelables,,
212260567,right,noOutliers,random_undersampling_controlado,SMO_SVM,,,,,,,,,,,,,,,0,True,NO_APLICA,menos de dos clases modelables,,
212260567,right,noOutliers,random_undersampling_controlado,RandomForest,,,,,,,,,,,,,,,0,True,NO_APLICA,menos de dos clases modelables,,
212260567,right,noOutliers,random_undersampling_controlado,MLP,,,,,,,,,,,,,,,0,True,NO_APLICA,menos de dos clases modelables,,
212260567,right,noOutliers,random_undersampling_controlado,IBk_kNN,,,,,,,,,,,,,,,0,True,NO_APLICA,menos de dos clases modelables,,
212260567,right,noOutliers,random_undersampling_controlado,RBFNetwork_aprox,,,,,,,,,,,,,,,0,True,NO_APLICA,menos de dos clases modelables,,
212260567,right,sinArtefactosConservador,sin_balanceo,SMO_SVM,,,,,,,,,,,,,,,0,True,NO_APLICA,variante marcada como no modelable,,
212260567,right,sinArtefactosConservador,sin_balanceo,RandomForest,,,,,,,,,,,,,,,0,True,NO_APLICA,variante marcada como no modelable,,
212260567,right,sinArtefactosConservador,sin_balanceo,MLP,,,,,,,,,,,,,,,0,True,NO_APLICA,variante marcada como no modelable,,
212260567,right,sinArtefactosConservador,sin_balanceo,IBk_kNN,,,,,,,,,,,,,,,0,True,NO_APLICA,variante marcada como no modelable,,
212260567,right,sinArtefactosConservador,sin_balanceo,RBFNetwork_aprox,,,,,,,,,,,,,,,0,True,NO_APLICA,variante marcada como no modelable,,
212260567,right,sinArtefactosConservador,random_oversampling,SMO_SVM,,,,,,,,,,,,,,,0,True,NO_APLICA,variante marcada como no modelable,,
212260567,right,sinArtefactosConservador,random_oversampling,RandomForest,,,,,,,,,,,,,,,0,True,NO_APLICA,variante marcada como no modelable,,
212260567,right,sinArtefactosConservador,random_oversampling,MLP,,,,,,,,,,,,,,,0,True,NO_APLICA,variante marcada como no modelable,,
212260567,right,sinArtefactosConservador,random_oversampling,IBk_kNN,,,,,,,,,,,,,,,0,True,NO_APLICA,variante marcada como no modelable,,
212260567,right,sinArtefactosConservador,random_oversampling,RBFNetwork_aprox,,,,,,,,,,,,,,,0,True,NO_APLICA,variante marcada como no modelable,,
212260567,right,sinArtefactosConservador,class_weight_balanced,SMO_SVM,,,,,,,,,,,,,,,0,True,NO_APLICA,variante marcada como no modelable,,
212260567,right,sinArtefactosConservador,class_weight_balanced,RandomForest,,,,,,,,,,,,,,,0,True,NO_APLICA,variante marcada como no modelable,,
212260567,right,sinArtefactosConservador,class_weight_balanced,MLP,,,,,,,,,,,,,,,0,True,NO_APLICA,variante marcada como no modelable,,
212260567,right,sinArtefactosConservador,class_weight_balanced,IBk_kNN,,,,,,,,,,,,,,,0,True,NO_APLICA,variante marcada como no modelable,,
212260567,right,sinArtefactosConservador,class_weight_balanced,RBFNetwork_aprox,,,,,,,,,,,,,,,0,True,NO_APLICA,variante marcada como no modelable,,
212260567,right,sinArtefactosConservador,smote,SMO_SVM,,,,,,,,,,,,,,,0,True,NO_APLICA,variante marcada como no modelable,,
212260567,right,sinArtefactosConservador,smote,RandomForest,,,,,,,,,,,,,,,0,True,NO_APLICA,variante marcada como no modelable,,
212260567,right,sinArtefactosConservador,smote,MLP,,,,,,,,,,,,,,,0,True,NO_APLICA,variante marcada como no modelable,,
212260567,right,sinArtefactosConservador,smote,IBk_kNN,,,,,,,,,,,,,,,0,True,NO_APLICA,variante marcada como no modelable,,
212260567,right,sinArtefactosConservador,smote,RBFNetwork_aprox,,,,,,,,,,,,,,,0,True,NO_APLICA,variante marcada como no modelable,,
212260567,right,sinArtefactosConservador,smote_tomek,SMO_SVM,,,,,,,,,,,,,,,0,True,NO_APLICA,variante marcada como no modelable,,
212260567,right,sinArtefactosConservador,smote_tomek,RandomForest,,,,,,,,,,,,,,,0,True,NO_APLICA,variante marcada como no modelable,,
212260567,right,sinArtefactosConservador,smote_tomek,MLP,,,,,,,,,,,,,,,0,True,NO_APLICA,variante marcada como no modelable,,
212260567,right,sinArtefactosConservador,smote_tomek,IBk_kNN,,,,,,,,,,,,,,,0,True,NO_APLICA,variante marcada como no modelable,,
212260567,right,sinArtefactosConservador,smote_tomek,RBFNetwork_aprox,,,,,,,,,,,,,,,0,True,NO_APLICA,variante marcada como no modelable,,
212260567,right,sinArtefactosConservador,random_undersampling_controlado,SMO_SVM,,,,,,,,,,,,,,,0,True,NO_APLICA,variante marcada como no modelable,,
212260567,right,sinArtefactosConservador,random_undersampling_controlado,RandomForest,,,,,,,,,,,,,,,0,True,NO_APLICA,variante marcada como no modelable,,
212260567,right,sinArtefactosConservador,random_undersampling_controlado,MLP,,,,,,,,,,,,,,,0,True,NO_APLICA,variante marcada como no modelable,,
212260567,right,sinArtefactosConservador,random_undersampling_controlado,IBk_kNN,,,,,,,,,,,,,,,0,True,NO_APLICA,variante marcada como no modelable,,
212260567,right,sinArtefactosConservador,random_undersampling_controlado,RBFNetwork_aprox,,,,,,,,,,,,,,,0,True,NO_APLICA,variante marcada como no modelable,,
212260567,right,sinArtefactosEstricto,sin_balanceo,SMO_SVM,,,,,,,,,,,,,,,0,True,NO_APLICA,variante marcada como no modelable,,
212260567,right,sinArtefactosEstricto,sin_balanceo,RandomForest,,,,,,,,,,,,,,,0,True,NO_APLICA,variante marcada como no modelable,,
212260567,right,sinArtefactosEstricto,sin_balanceo,MLP,,,,,,,,,,,,,,,0,True,NO_APLICA,variante marcada como no modelable,,
212260567,right,sinArtefactosEstricto,sin_balanceo,IBk_kNN,,,,,,,,,,,,,,,0,True,NO_APLICA,variante marcada como no modelable,,
212260567,right,sinArtefactosEstricto,sin_balanceo,RBFNetwork_aprox,,,,,,,,,,,,,,,0,True,NO_APLICA,variante marcada como no modelable,,
212260567,right,sinArtefactosEstricto,random_oversampling,SMO_SVM,,,,,,,,,,,,,,,0,True,NO_APLICA,variante marcada como no modelable,,
212260567,right,sinArtefactosEstricto,random_oversampling,RandomForest,,,,,,,,,,,,,,,0,True,NO_APLICA,variante marcada como no modelable,,
212260567,right,sinArtefactosEstricto,random_oversampling,MLP,,,,,,,,,,,,,,,0,True,NO_APLICA,variante marcada como no modelable,,
212260567,right,sinArtefactosEstricto,random_oversampling,IBk_kNN,,,,,,,,,,,,,,,0,True,NO_APLICA,variante marcada como no modelable,,
212260567,right,sinArtefactosEstricto,random_oversampling,RBFNetwork_aprox,,,,,,,,,,,,,,,0,True,NO_APLICA,variante marcada como no modelable,,
212260567,right,sinArtefactosEstricto,class_weight_balanced,SMO_SVM,,,,,,,,,,,,,,,0,True,NO_APLICA,variante marcada como no modelable,,
212260567,right,sinArtefactosEstricto,class_weight_balanced,RandomForest,,,,,,,,,,,,,,,0,True,NO_APLICA,variante marcada como no modelable,,
212260567,right,sinArtefactosEstricto,class_weight_balanced,MLP,,,,,,,,,,,,,,,0,True,NO_APLICA,variante marcada como no modelable,,
212260567,right,sinArtefactosEstricto,class_weight_balanced,IBk_kNN,,,,,,,,,,,,,,,0,True,NO_APLICA,variante marcada como no modelable,,
212260567,right,sinArtefactosEstricto,class_weight_balanced,RBFNetwork_aprox,,,,,,,,,,,,,,,0,True,NO_APLICA,variante marcada como no modelable,,
212260567,right,sinArtefactosEstricto,smote,SMO_SVM,,,,,,,,,,,,,,,0,True,NO_APLICA,variante marcada como no modelable,,
212260567,right,sinArtefactosEstricto,smote,RandomForest,,,,,,,,,,,,,,,0,True,NO_APLICA,variante marcada como no modelable,,
212260567,right,sinArtefactosEstricto,smote,MLP,,,,,,,,,,,,,,,0,True,NO_APLICA,variante marcada como no modelable,,
212260567,right,sinArtefactosEstricto,smote,IBk_kNN,,,,,,,,,,,,,,,0,True,NO_APLICA,variante marcada como no modelable,,
212260567,right,sinArtefactosEstricto,smote,RBFNetwork_aprox,,,,,,,,,,,,,,,0,True,NO_APLICA,variante marcada como no modelable,,
212260567,right,sinArtefactosEstricto,smote_tomek,SMO_SVM,,,,,,,,,,,,,,,0,True,NO_APLICA,variante marcada como no modelable,,
212260567,right,sinArtefactosEstricto,smote_tomek,RandomForest,,,,,,,,,,,,,,,0,True,NO_APLICA,variante marcada como no modelable,,
212260567,right,sinArtefactosEstricto,smote_tomek,MLP,,,,,,,,,,,,,,,0,True,NO_APLICA,variante marcada como no modelable,,
212260567,right,sinArtefactosEstricto,smote_tomek,IBk_kNN,,,,,,,,,,,,,,,0,True,NO_APLICA,variante marcada como no modelable,,
212260567,right,sinArtefactosEstricto,smote_tomek,RBFNetwork_aprox,,,,,,,,,,,,,,,0,True,NO_APLICA,variante marcada como no modelable,,
212260567,right,sinArtefactosEstricto,random_undersampling_controlado,SMO_SVM,,,,,,,,,,,,,,,0,True,NO_APLICA,variante marcada como no modelable,,
212260567,right,sinArtefactosEstricto,random_undersampling_controlado,RandomForest,,,,,,,,,,,,,,,0,True,NO_APLICA,variante marcada como no modelable,,
212260567,right,sinArtefactosEstricto,random_undersampling_controlado,MLP,,,,,,,,,,,,,,,0,True,NO_APLICA,variante marcada como no modelable,,
212260567,right,sinArtefactosEstricto,random_undersampling_controlado,IBk_kNN,,,,,,,,,,,,,,,0,True,NO_APLICA,variante marcada como no modelable,,
212260567,right,sinArtefactosEstricto,random_undersampling_controlado,RBFNetwork_aprox,,,,,,,,,,,,,,,0,True,NO_APLICA,variante marcada como no modelable,,
212260569,all,noOutliers,sin_balanceo,SMO_SVM,87.44,71.29,0.7721,0.7272,0.8603,0.9315,0.2632,0.9439,0.0,0.8193,0.625,0.9352,0.0,0.8781,19,False,no,Recall crítico bajo en: pull,bloques,3.0
212260569,all,noOutliers,sin_balanceo,RandomForest,76.38,55.91,0.5583,0.5395,0.7331,0.8082,0.0,0.8692,0.0,0.7973,0.0,0.7686,0.0,0.7341,19,False,no,Recall crítico bajo en: pull,bloques,3.0
212260569,all,noOutliers,sin_balanceo,MLP,81.41,64.37,0.6642,0.6449,0.7967,0.9041,0.1579,0.8692,0.0,0.7253,0.5,0.9118,0.0,0.8299,19,False,no,Recall crítico bajo en: pull,bloques,3.0
212260569,all,noOutliers,sin_balanceo,IBk_kNN,73.37,60.1,0.5256,0.6043,0.7299,0.6986,0.2632,0.8411,0.0,0.6892,0.3125,0.8257,0.0,0.7255,19,False,no,Recall crítico bajo en: pull,bloques,3.0
212260569,all,noOutliers,sin_balanceo,RBFNetwork_aprox,78.89,60.22,0.6165,0.5816,0.7596,0.9315,0.0526,0.8224,0.0,0.68,1.0,0.898,0.0,0.8303,19,False,no,Recall crítico bajo en: pull,bloques,3.0
212260569,all,noOutliers,random_oversampling,SMO_SVM,88.44,73.5,0.7907,0.7558,0.8724,0.9452,0.3158,0.9439,0.0,0.8214,0.75,0.9439,0.0,0.9374,19,False,no,Recall crítico bajo en: pull,bloques,3.0
212260569,all,noOutliers,random_oversampling,RandomForest,78.89,60.21,0.6054,0.6056,0.7665,0.7945,0.1053,0.9065,0.0,0.8406,0.3333,0.7823,0.0,0.7778,19,False,no,Recall crítico bajo en: pull,bloques,3.0
212260569,all,noOutliers,random_oversampling,MLP,82.41,68.03,0.6846,0.695,0.8131,0.9178,0.2632,0.8598,0.0,0.7204,0.7143,0.9293,0.0,0.83,19,False,no,Recall crítico bajo en: pull,bloques,3.0
212260569,all,noOutliers,random_oversampling,IBk_kNN,73.37,58.94,0.5187,0.5957,0.7244,0.726,0.2105,0.8318,0.0,0.7067,0.3333,0.7946,0.0,0.7165,19,False,no,Recall crítico bajo en: pull,bloques,3.0
212260569,all,noOutliers,random_oversampling,RBFNetwork_aprox,79.9,65.32,0.6417,0.6621,0.7858,0.9452,0.2105,0.8037,0.0,0.6765,0.8,0.9348,0.0,0.8353,19,False,no,Recall crítico bajo en: pull,bloques,3.0
212260569,all,noOutliers,class_weight_balanced,SMO_SVM,87.44,71.29,0.7721,0.7272,0.8603,0.9315,0.2632,0.9439,0.0,0.8193,0.625,0.9352,0.0,0.8781,19,False,no,Recall crítico bajo en: pull,bloques,3.0
212260569,all,noOutliers,class_weight_balanced,RandomForest,75.88,55.02,0.5441,0.5311,0.7253,0.7534,0.0,0.8972,0.0,0.7857,0.0,0.7619,0.0,0.7723,19,False,no,Recall crítico bajo en: pull,bloques,3.0
212260569,all,noOutliers,class_weight_balanced,MLP,,,,,,,,,,,,,,,19,False,NO_APLICA,class_weight no soportado por este modelo,,
212260569,all,noOutliers,class_weight_balanced,IBk_kNN,,,,,,,,,,,,,,,19,False,NO_APLICA,class_weight no soportado por este modelo,,
212260569,all,noOutliers,class_weight_balanced,RBFNetwork_aprox,76.88,63.45,0.5933,0.6386,0.7583,0.9452,0.2105,0.7477,0.0,0.6389,0.6667,0.9412,0.0,0.8295,19,False,no,Recall crítico bajo en: pull,bloques,3.0
212260569,all,noOutliers,smote,SMO_SVM,,,,,,,,,,,,,,,19,False,NO_APLICA,SMOTE no aplicable dentro de fold: clase con menos de 2 registros en train,,
212260569,all,noOutliers,smote,RandomForest,,,,,,,,,,,,,,,19,False,NO_APLICA,SMOTE no aplicable dentro de fold: clase con menos de 2 registros en train,,
212260569,all,noOutliers,smote,MLP,,,,,,,,,,,,,,,19,False,NO_APLICA,SMOTE no aplicable dentro de fold: clase con menos de 2 registros en train,,
212260569,all,noOutliers,smote,IBk_kNN,,,,,,,,,,,,,,,19,False,NO_APLICA,SMOTE no aplicable dentro de fold: clase con menos de 2 registros en train,,
212260569,all,noOutliers,smote,RBFNetwork_aprox,,,,,,,,,,,,,,,19,False,NO_APLICA,SMOTE no aplicable dentro de fold: clase con menos de 2 registros en train,,
212260569,all,noOutliers,smote_tomek,SMO_SVM,,,,,,,,,,,,,,,19,False,NO_APLICA,SMOTE no aplicable dentro de fold: clase con menos de 2 registros en train,,
212260569,all,noOutliers,smote_tomek,RandomForest,,,,,,,,,,,,,,,19,False,NO_APLICA,SMOTE no aplicable dentro de fold: clase con menos de 2 registros en train,,
212260569,all,noOutliers,smote_tomek,MLP,,,,,,,,,,,,,,,19,False,NO_APLICA,SMOTE no aplicable dentro de fold: clase con menos de 2 registros en train,,
212260569,all,noOutliers,smote_tomek,IBk_kNN,,,,,,,,,,,,,,,19,False,NO_APLICA,SMOTE no aplicable dentro de fold: clase con menos de 2 registros en train,,
212260569,all,noOutliers,smote_tomek,RBFNetwork_aprox,,,,,,,,,,,,,,,19,False,NO_APLICA,SMOTE no aplicable dentro de fold: clase con menos de 2 registros en train,,
212260569,all,noOutliers,random_undersampling_controlado,SMO_SVM,75.38,67.26,0.5773,0.6561,0.7637,0.7123,0.4737,0.8318,0.0,0.8,0.3103,0.8476,0.0,0.8339,19,False,no,Recall crítico bajo en: pull,bloques,3.0
212260569,all,noOutliers,random_undersampling_controlado,RandomForest,70.35,53.91,0.4627,0.5218,0.6785,0.8356,0.0526,0.729,0.0,0.6162,0.5,0.7959,0.0,0.8211,19,False,no,Recall crítico bajo en: pull,bloques,3.0
212260569,all,noOutliers,random_undersampling_controlado,MLP,77.39,64.9,0.5971,0.656,0.7693,0.7808,0.3158,0.8505,0.0,0.7215,0.4286,0.8585,0.0,0.8491,19,False,no,Recall crítico bajo en: pull,bloques,3.0
212260569,all,noOutliers,random_undersampling_controlado,IBk_kNN,63.82,58.64,0.3937,0.5597,0.6522,0.5753,0.4737,0.7103,0.0,0.6364,0.2571,0.7755,0.0,0.6975,19,False,no,Recall crítico bajo en: pull,bloques,3.0
212260569,all,noOutliers,random_undersampling_controlado,RBFNetwork_aprox,67.84,52.35,0.4184,0.5053,0.6525,0.8356,0.0526,0.6822,0.0,0.5922,1.0,0.7684,0.0,0.843,19,False,no,Recall crítico bajo en: pull,bloques,3.0
212260569,all,sinArtefactosConservador,sin_balanceo,SMO_SVM,86.15,75.23,0.7511,0.7854,0.8542,0.84,0.4615,0.9552,0.0,0.8571,0.8571,0.8649,0.0,0.8945,13,False,no,Recall crítico bajo en: pull,bloques,3.0
212260569,all,sinArtefactosConservador,sin_balanceo,RandomForest,82.31,62.57,0.673,0.6196,0.7895,0.86,0.0769,0.9403,0.0,0.8113,1.0,0.8289,0.0,0.8047,13,False,no,Recall crítico bajo en: pull,bloques,3.0
212260569,all,sinArtefactosConservador,sin_balanceo,MLP,83.85,69.6,0.7107,0.7127,0.8271,0.84,0.3077,0.9403,0.0,0.8235,0.5714,0.875,0.0,0.8883,13,False,no,Recall crítico bajo en: pull,bloques,3.0
212260569,all,sinArtefactosConservador,sin_balanceo,IBk_kNN,84.62,74.57,0.7279,0.7683,0.841,0.88,0.4615,0.8955,0.0,0.8,0.75,0.8955,0.0,0.8286,13,False,no,Recall crítico bajo en: pull,bloques,3.0
212260569,all,sinArtefactosConservador,sin_balanceo,RBFNetwork_aprox,78.46,60.26,0.6078,0.5934,0.7544,0.88,0.0769,0.8507,0.0,0.7213,1.0,0.8382,0.0,0.788,13,False,no,Recall crítico bajo en: pull,bloques,3.0
212260569,all,sinArtefactosConservador,random_oversampling,SMO_SVM,86.15,73.33,0.7501,0.7647,0.8513,0.86,0.3846,0.9552,0.0,0.86,0.8333,0.8649,0.0,0.8981,13,False,no,Recall crítico bajo en: pull,bloques,3.0
212260569,all,sinArtefactosConservador,random_oversampling,RandomForest,85.38,73.0,0.7366,0.7668,0.8441,0.88,0.3846,0.9254,0.0,0.8148,1.0,0.8732,0.0,0.8392,13,False,no,Recall crítico bajo en: pull,bloques,3.0
212260569,all,sinArtefactosConservador,random_oversampling,MLP,87.69,74.49,0.7795,0.7688,0.8671,0.88,0.3846,0.9701,0.0,0.8627,0.7143,0.9028,0.0,0.8749,13,False,no,Recall crítico bajo en: pull,bloques,3.0
212260569,all,sinArtefactosConservador,random_oversampling,IBk_kNN,83.85,72.0,0.7132,0.7419,0.8308,0.88,0.3846,0.8955,0.0,0.7857,0.7143,0.8955,0.0,0.8137,13,False,no,Recall crítico bajo en: pull,bloques,3.0
212260569,all,sinArtefactosConservador,random_oversampling,RBFNetwork_aprox,80.0,67.28,0.6414,0.7032,0.7895,0.86,0.3077,0.8507,0.0,0.7167,1.0,0.8636,0.0,0.8409,13,False,no,Recall crítico bajo en: pull,bloques,3.0
212260569,all,sinArtefactosConservador,class_weight_balanced,SMO_SVM,86.15,75.23,0.7511,0.7854,0.8542,0.84,0.4615,0.9552,0.0,0.8571,0.8571,0.8649,0.0,0.8945,13,False,no,Recall crítico bajo en: pull,bloques,3.0
212260569,all,sinArtefactosConservador,class_weight_balanced,RandomForest,83.08,65.14,0.6885,0.6636,0.8051,0.86,0.1538,0.9403,0.0,0.8269,1.0,0.8289,0.0,0.828,13,False,no,Recall crítico bajo en: pull,bloques,3.0
212260569,all,sinArtefactosConservador,class_weight_balanced,MLP,,,,,,,,,,,,,,,13,False,NO_APLICA,class_weight no soportado por este modelo,,
212260569,all,sinArtefactosConservador,class_weight_balanced,IBk_kNN,,,,,,,,,,,,,,,13,False,NO_APLICA,class_weight no soportado por este modelo,,
212260569,all,sinArtefactosConservador,class_weight_balanced,RBFNetwork_aprox,80.77,70.01,0.6584,0.7343,0.8018,0.88,0.3846,0.8358,0.0,0.7097,1.0,0.8889,0.0,0.7502,13,False,no,Recall crítico bajo en: pull,bloques,3.0
212260569,all,sinArtefactosConservador,smote,SMO_SVM,,,,,,,,,,,,,,,13,False,NO_APLICA,SMOTE no aplicable dentro de fold: clase con menos de 2 registros en train,,
212260569,all,sinArtefactosConservador,smote,RandomForest,,,,,,,,,,,,,,,13,False,NO_APLICA,SMOTE no aplicable dentro de fold: clase con menos de 2 registros en train,,
212260569,all,sinArtefactosConservador,smote,MLP,,,,,,,,,,,,,,,13,False,NO_APLICA,SMOTE no aplicable dentro de fold: clase con menos de 2 registros en train,,
212260569,all,sinArtefactosConservador,smote,IBk_kNN,,,,,,,,,,,,,,,13,False,NO_APLICA,SMOTE no aplicable dentro de fold: clase con menos de 2 registros en train,,
212260569,all,sinArtefactosConservador,smote,RBFNetwork_aprox,,,,,,,,,,,,,,,13,False,NO_APLICA,SMOTE no aplicable dentro de fold: clase con menos de 2 registros en train,,
212260569,all,sinArtefactosConservador,smote_tomek,SMO_SVM,,,,,,,,,,,,,,,13,False,NO_APLICA,SMOTE no aplicable dentro de fold: clase con menos de 2 registros en train,,
212260569,all,sinArtefactosConservador,smote_tomek,RandomForest,,,,,,,,,,,,,,,13,False,NO_APLICA,SMOTE no aplicable dentro de fold: clase con menos de 2 registros en train,,
212260569,all,sinArtefactosConservador,smote_tomek,MLP,,,,,,,,,,,,,,,13,False,NO_APLICA,SMOTE no aplicable dentro de fold: clase con menos de 2 registros en train,,
212260569,all,sinArtefactosConservador,smote_tomek,IBk_kNN,,,,,,,,,,,,,,,13,False,NO_APLICA,SMOTE no aplicable dentro de fold: clase con menos de 2 registros en train,,
212260569,all,sinArtefactosConservador,smote_tomek,RBFNetwork_aprox,,,,,,,,,,,,,,,13,False,NO_APLICA,SMOTE no aplicable dentro de fold: clase con menos de 2 registros en train,,
212260569,all,sinArtefactosConservador,random_undersampling_controlado,SMO_SVM,73.08,66.94,0.5684,0.6396,0.7546,0.86,0.4615,0.6866,0.0,0.7288,0.24,1.0,0.0,0.8684,13,False,no,Recall crítico bajo en: pull,bloques,3.0
212260569,all,sinArtefactosConservador,random_undersampling_controlado,RandomForest,67.69,58.31,0.4582,0.5742,0.6865,0.74,0.3077,0.7015,0.0,0.6491,0.2353,0.8393,0.0,0.8503,13,False,no,Recall crítico bajo en: pull,bloques,3.0
212260569,all,sinArtefactosConservador,random_undersampling_controlado,MLP,70.77,65.11,0.5347,0.6209,0.7352,0.82,0.4615,0.6716,0.0,0.7193,0.2222,0.9783,0.0,0.7101,13,False,no,Recall crítico bajo en: pull,bloques,3.0
212260569,all,sinArtefactosConservador,random_undersampling_controlado,IBk_kNN,65.38,60.95,0.4481,0.5783,0.6783,0.74,0.4615,0.6269,0.0,0.6607,0.2222,0.8936,0.0,0.722,13,False,no,Recall crítico bajo en: pull,bloques,3.0
212260569,all,sinArtefactosConservador,random_undersampling_controlado,RBFNetwork_aprox,66.15,54.53,0.4119,0.547,0.6472,0.9,0.1538,0.5821,0.0,0.5357,1.0,0.8864,0.0,0.8115,13,False,no,Recall crítico bajo en: pull,bloques,3.0
212260569,all,sinArtefactosEstricto,sin_balanceo,SMO_SVM,,,,,,,,,,,,,,,0,True,NO_APLICA,variante marcada como no modelable,,
212260569,all,sinArtefactosEstricto,sin_balanceo,RandomForest,,,,,,,,,,,,,,,0,True,NO_APLICA,variante marcada como no modelable,,
212260569,all,sinArtefactosEstricto,sin_balanceo,MLP,,,,,,,,,,,,,,,0,True,NO_APLICA,variante marcada como no modelable,,
212260569,all,sinArtefactosEstricto,sin_balanceo,IBk_kNN,,,,,,,,,,,,,,,0,True,NO_APLICA,variante marcada como no modelable,,
212260569,all,sinArtefactosEstricto,sin_balanceo,RBFNetwork_aprox,,,,,,,,,,,,,,,0,True,NO_APLICA,variante marcada como no modelable,,
212260569,all,sinArtefactosEstricto,random_oversampling,SMO_SVM,,,,,,,,,,,,,,,0,True,NO_APLICA,variante marcada como no modelable,,
212260569,all,sinArtefactosEstricto,random_oversampling,RandomForest,,,,,,,,,,,,,,,0,True,NO_APLICA,variante marcada como no modelable,,
212260569,all,sinArtefactosEstricto,random_oversampling,MLP,,,,,,,,,,,,,,,0,True,NO_APLICA,variante marcada como no modelable,,
212260569,all,sinArtefactosEstricto,random_oversampling,IBk_kNN,,,,,,,,,,,,,,,0,True,NO_APLICA,variante marcada como no modelable,,
212260569,all,sinArtefactosEstricto,random_oversampling,RBFNetwork_aprox,,,,,,,,,,,,,,,0,True,NO_APLICA,variante marcada como no modelable,,
212260569,all,sinArtefactosEstricto,class_weight_balanced,SMO_SVM,,,,,,,,,,,,,,,0,True,NO_APLICA,variante marcada como no modelable,,
212260569,all,sinArtefactosEstricto,class_weight_balanced,RandomForest,,,,,,,,,,,,,,,0,True,NO_APLICA,variante marcada como no modelable,,
212260569,all,sinArtefactosEstricto,class_weight_balanced,MLP,,,,,,,,,,,,,,,0,True,NO_APLICA,variante marcada como no modelable,,
212260569,all,sinArtefactosEstricto,class_weight_balanced,IBk_kNN,,,,,,,,,,,,,,,0,True,NO_APLICA,variante marcada como no modelable,,
212260569,all,sinArtefactosEstricto,class_weight_balanced,RBFNetwork_aprox,,,,,,,,,,,,,,,0,True,NO_APLICA,variante marcada como no modelable,,
212260569,all,sinArtefactosEstricto,smote,SMO_SVM,,,,,,,,,,,,,,,0,True,NO_APLICA,variante marcada como no modelable,,
212260569,all,sinArtefactosEstricto,smote,RandomForest,,,,,,,,,,,,,,,0,True,NO_APLICA,variante marcada como no modelable,,
212260569,all,sinArtefactosEstricto,smote,MLP,,,,,,,,,,,,,,,0,True,NO_APLICA,variante marcada como no modelable,,
212260569,all,sinArtefactosEstricto,smote,IBk_kNN,,,,,,,,,,,,,,,0,True,NO_APLICA,variante marcada como no modelable,,
212260569,all,sinArtefactosEstricto,smote,RBFNetwork_aprox,,,,,,,,,,,,,,,0,True,NO_APLICA,variante marcada como no modelable,,
212260569,all,sinArtefactosEstricto,smote_tomek,SMO_SVM,,,,,,,,,,,,,,,0,True,NO_APLICA,variante marcada como no modelable,,
212260569,all,sinArtefactosEstricto,smote_tomek,RandomForest,,,,,,,,,,,,,,,0,True,NO_APLICA,variante marcada como no modelable,,
212260569,all,sinArtefactosEstricto,smote_tomek,MLP,,,,,,,,,,,,,,,0,True,NO_APLICA,variante marcada como no modelable,,
212260569,all,sinArtefactosEstricto,smote_tomek,IBk_kNN,,,,,,,,,,,,,,,0,True,NO_APLICA,variante marcada como no modelable,,
212260569,all,sinArtefactosEstricto,smote_tomek,RBFNetwork_aprox,,,,,,,,,,,,,,,0,True,NO_APLICA,variante marcada como no modelable,,
212260569,all,sinArtefactosEstricto,random_undersampling_controlado,SMO_SVM,,,,,,,,,,,,,,,0,True,NO_APLICA,variante marcada como no modelable,,
212260569,all,sinArtefactosEstricto,random_undersampling_controlado,RandomForest,,,,,,,,,,,,,,,0,True,NO_APLICA,variante marcada como no modelable,,
212260569,all,sinArtefactosEstricto,random_undersampling_controlado,MLP,,,,,,,,,,,,,,,0,True,NO_APLICA,variante marcada como no modelable,,
212260569,all,sinArtefactosEstricto,random_undersampling_controlado,IBk_kNN,,,,,,,,,,,,,,,0,True,NO_APLICA,variante marcada como no modelable,,
212260569,all,sinArtefactosEstricto,random_undersampling_controlado,RBFNetwork_aprox,,,,,,,,,,,,,,,0,True,NO_APLICA,variante marcada como no modelable,,
212260569,left,noOutliers,sin_balanceo,SMO_SVM,,,,,,,,,,,,,,,0,True,NO_APLICA,menos de dos clases modelables,,
212260569,left,noOutliers,sin_balanceo,RandomForest,,,,,,,,,,,,,,,0,True,NO_APLICA,menos de dos clases modelables,,
212260569,left,noOutliers,sin_balanceo,MLP,,,,,,,,,,,,,,,0,True,NO_APLICA,menos de dos clases modelables,,
212260569,left,noOutliers,sin_balanceo,IBk_kNN,,,,,,,,,,,,,,,0,True,NO_APLICA,menos de dos clases modelables,,
212260569,left,noOutliers,sin_balanceo,RBFNetwork_aprox,,,,,,,,,,,,,,,0,True,NO_APLICA,menos de dos clases modelables,,
212260569,left,noOutliers,random_oversampling,SMO_SVM,,,,,,,,,,,,,,,0,True,NO_APLICA,menos de dos clases modelables,,
212260569,left,noOutliers,random_oversampling,RandomForest,,,,,,,,,,,,,,,0,True,NO_APLICA,menos de dos clases modelables,,
212260569,left,noOutliers,random_oversampling,MLP,,,,,,,,,,,,,,,0,True,NO_APLICA,menos de dos clases modelables,,
212260569,left,noOutliers,random_oversampling,IBk_kNN,,,,,,,,,,,,,,,0,True,NO_APLICA,menos de dos clases modelables,,
212260569,left,noOutliers,random_oversampling,RBFNetwork_aprox,,,,,,,,,,,,,,,0,True,NO_APLICA,menos de dos clases modelables,,
212260569,left,noOutliers,class_weight_balanced,SMO_SVM,,,,,,,,,,,,,,,0,True,NO_APLICA,menos de dos clases modelables,,
212260569,left,noOutliers,class_weight_balanced,RandomForest,,,,,,,,,,,,,,,0,True,NO_APLICA,menos de dos clases modelables,,
212260569,left,noOutliers,class_weight_balanced,MLP,,,,,,,,,,,,,,,0,True,NO_APLICA,menos de dos clases modelables,,
212260569,left,noOutliers,class_weight_balanced,IBk_kNN,,,,,,,,,,,,,,,0,True,NO_APLICA,menos de dos clases modelables,,
212260569,left,noOutliers,class_weight_balanced,RBFNetwork_aprox,,,,,,,,,,,,,,,0,True,NO_APLICA,menos de dos clases modelables,,
212260569,left,noOutliers,smote,SMO_SVM,,,,,,,,,,,,,,,0,True,NO_APLICA,menos de dos clases modelables,,
212260569,left,noOutliers,smote,RandomForest,,,,,,,,,,,,,,,0,True,NO_APLICA,menos de dos clases modelables,,
212260569,left,noOutliers,smote,MLP,,,,,,,,,,,,,,,0,True,NO_APLICA,menos de dos clases modelables,,
212260569,left,noOutliers,smote,IBk_kNN,,,,,,,,,,,,,,,0,True,NO_APLICA,menos de dos clases modelables,,
212260569,left,noOutliers,smote,RBFNetwork_aprox,,,,,,,,,,,,,,,0,True,NO_APLICA,menos de dos clases modelables,,
212260569,left,noOutliers,smote_tomek,SMO_SVM,,,,,,,,,,,,,,,0,True,NO_APLICA,menos de dos clases modelables,,
212260569,left,noOutliers,smote_tomek,RandomForest,,,,,,,,,,,,,,,0,True,NO_APLICA,menos de dos clases modelables,,
212260569,left,noOutliers,smote_tomek,MLP,,,,,,,,,,,,,,,0,True,NO_APLICA,menos de dos clases modelables,,
212260569,left,noOutliers,smote_tomek,IBk_kNN,,,,,,,,,,,,,,,0,True,NO_APLICA,menos de dos clases modelables,,
212260569,left,noOutliers,smote_tomek,RBFNetwork_aprox,,,,,,,,,,,,,,,0,True,NO_APLICA,menos de dos clases modelables,,
212260569,left,noOutliers,random_undersampling_controlado,SMO_SVM,,,,,,,,,,,,,,,0,True,NO_APLICA,menos de dos clases modelables,,
212260569,left,noOutliers,random_undersampling_controlado,RandomForest,,,,,,,,,,,,,,,0,True,NO_APLICA,menos de dos clases modelables,,
212260569,left,noOutliers,random_undersampling_controlado,MLP,,,,,,,,,,,,,,,0,True,NO_APLICA,menos de dos clases modelables,,
212260569,left,noOutliers,random_undersampling_controlado,IBk_kNN,,,,,,,,,,,,,,,0,True,NO_APLICA,menos de dos clases modelables,,
212260569,left,noOutliers,random_undersampling_controlado,RBFNetwork_aprox,,,,,,,,,,,,,,,0,True,NO_APLICA,menos de dos clases modelables,,
212260569,left,sinArtefactosConservador,sin_balanceo,SMO_SVM,,,,,,,,,,,,,,,0,True,NO_APLICA,variante marcada como no modelable,,
212260569,left,sinArtefactosConservador,sin_balanceo,RandomForest,,,,,,,,,,,,,,,0,True,NO_APLICA,variante marcada como no modelable,,
212260569,left,sinArtefactosConservador,sin_balanceo,MLP,,,,,,,,,,,,,,,0,True,NO_APLICA,variante marcada como no modelable,,
212260569,left,sinArtefactosConservador,sin_balanceo,IBk_kNN,,,,,,,,,,,,,,,0,True,NO_APLICA,variante marcada como no modelable,,
212260569,left,sinArtefactosConservador,sin_balanceo,RBFNetwork_aprox,,,,,,,,,,,,,,,0,True,NO_APLICA,variante marcada como no modelable,,
212260569,left,sinArtefactosConservador,random_oversampling,SMO_SVM,,,,,,,,,,,,,,,0,True,NO_APLICA,variante marcada como no modelable,,
212260569,left,sinArtefactosConservador,random_oversampling,RandomForest,,,,,,,,,,,,,,,0,True,NO_APLICA,variante marcada como no modelable,,
212260569,left,sinArtefactosConservador,random_oversampling,MLP,,,,,,,,,,,,,,,0,True,NO_APLICA,variante marcada como no modelable,,
212260569,left,sinArtefactosConservador,random_oversampling,IBk_kNN,,,,,,,,,,,,,,,0,True,NO_APLICA,variante marcada como no modelable,,
212260569,left,sinArtefactosConservador,random_oversampling,RBFNetwork_aprox,,,,,,,,,,,,,,,0,True,NO_APLICA,variante marcada como no modelable,,
212260569,left,sinArtefactosConservador,class_weight_balanced,SMO_SVM,,,,,,,,,,,,,,,0,True,NO_APLICA,variante marcada como no modelable,,
212260569,left,sinArtefactosConservador,class_weight_balanced,RandomForest,,,,,,,,,,,,,,,0,True,NO_APLICA,variante marcada como no modelable,,
212260569,left,sinArtefactosConservador,class_weight_balanced,MLP,,,,,,,,,,,,,,,0,True,NO_APLICA,variante marcada como no modelable,,
212260569,left,sinArtefactosConservador,class_weight_balanced,IBk_kNN,,,,,,,,,,,,,,,0,True,NO_APLICA,variante marcada como no modelable,,
212260569,left,sinArtefactosConservador,class_weight_balanced,RBFNetwork_aprox,,,,,,,,,,,,,,,0,True,NO_APLICA,variante marcada como no modelable,,
212260569,left,sinArtefactosConservador,smote,SMO_SVM,,,,,,,,,,,,,,,0,True,NO_APLICA,variante marcada como no modelable,,
212260569,left,sinArtefactosConservador,smote,RandomForest,,,,,,,,,,,,,,,0,True,NO_APLICA,variante marcada como no modelable,,
212260569,left,sinArtefactosConservador,smote,MLP,,,,,,,,,,,,,,,0,True,NO_APLICA,variante marcada como no modelable,,
212260569,left,sinArtefactosConservador,smote,IBk_kNN,,,,,,,,,,,,,,,0,True,NO_APLICA,variante marcada como no modelable,,
212260569,left,sinArtefactosConservador,smote,RBFNetwork_aprox,,,,,,,,,,,,,,,0,True,NO_APLICA,variante marcada como no modelable,,
212260569,left,sinArtefactosConservador,smote_tomek,SMO_SVM,,,,,,,,,,,,,,,0,True,NO_APLICA,variante marcada como no modelable,,
212260569,left,sinArtefactosConservador,smote_tomek,RandomForest,,,,,,,,,,,,,,,0,True,NO_APLICA,variante marcada como no modelable,,
212260569,left,sinArtefactosConservador,smote_tomek,MLP,,,,,,,,,,,,,,,0,True,NO_APLICA,variante marcada como no modelable,,
212260569,left,sinArtefactosConservador,smote_tomek,IBk_kNN,,,,,,,,,,,,,,,0,True,NO_APLICA,variante marcada como no modelable,,
212260569,left,sinArtefactosConservador,smote_tomek,RBFNetwork_aprox,,,,,,,,,,,,,,,0,True,NO_APLICA,variante marcada como no modelable,,
212260569,left,sinArtefactosConservador,random_undersampling_controlado,SMO_SVM,,,,,,,,,,,,,,,0,True,NO_APLICA,variante marcada como no modelable,,
212260569,left,sinArtefactosConservador,random_undersampling_controlado,RandomForest,,,,,,,,,,,,,,,0,True,NO_APLICA,variante marcada como no modelable,,
212260569,left,sinArtefactosConservador,random_undersampling_controlado,MLP,,,,,,,,,,,,,,,0,True,NO_APLICA,variante marcada como no modelable,,
212260569,left,sinArtefactosConservador,random_undersampling_controlado,IBk_kNN,,,,,,,,,,,,,,,0,True,NO_APLICA,variante marcada como no modelable,,
212260569,left,sinArtefactosConservador,random_undersampling_controlado,RBFNetwork_aprox,,,,,,,,,,,,,,,0,True,NO_APLICA,variante marcada como no modelable,,
212260569,left,sinArtefactosEstricto,sin_balanceo,SMO_SVM,,,,,,,,,,,,,,,0,True,NO_APLICA,variante marcada como no modelable,,
212260569,left,sinArtefactosEstricto,sin_balanceo,RandomForest,,,,,,,,,,,,,,,0,True,NO_APLICA,variante marcada como no modelable,,
212260569,left,sinArtefactosEstricto,sin_balanceo,MLP,,,,,,,,,,,,,,,0,True,NO_APLICA,variante marcada como no modelable,,
212260569,left,sinArtefactosEstricto,sin_balanceo,IBk_kNN,,,,,,,,,,,,,,,0,True,NO_APLICA,variante marcada como no modelable,,
212260569,left,sinArtefactosEstricto,sin_balanceo,RBFNetwork_aprox,,,,,,,,,,,,,,,0,True,NO_APLICA,variante marcada como no modelable,,
212260569,left,sinArtefactosEstricto,random_oversampling,SMO_SVM,,,,,,,,,,,,,,,0,True,NO_APLICA,variante marcada como no modelable,,
212260569,left,sinArtefactosEstricto,random_oversampling,RandomForest,,,,,,,,,,,,,,,0,True,NO_APLICA,variante marcada como no modelable,,
212260569,left,sinArtefactosEstricto,random_oversampling,MLP,,,,,,,,,,,,,,,0,True,NO_APLICA,variante marcada como no modelable,,
212260569,left,sinArtefactosEstricto,random_oversampling,IBk_kNN,,,,,,,,,,,,,,,0,True,NO_APLICA,variante marcada como no modelable,,
212260569,left,sinArtefactosEstricto,random_oversampling,RBFNetwork_aprox,,,,,,,,,,,,,,,0,True,NO_APLICA,variante marcada como no modelable,,
212260569,left,sinArtefactosEstricto,class_weight_balanced,SMO_SVM,,,,,,,,,,,,,,,0,True,NO_APLICA,variante marcada como no modelable,,
212260569,left,sinArtefactosEstricto,class_weight_balanced,RandomForest,,,,,,,,,,,,,,,0,True,NO_APLICA,variante marcada como no modelable,,
212260569,left,sinArtefactosEstricto,class_weight_balanced,MLP,,,,,,,,,,,,,,,0,True,NO_APLICA,variante marcada como no modelable,,
212260569,left,sinArtefactosEstricto,class_weight_balanced,IBk_kNN,,,,,,,,,,,,,,,0,True,NO_APLICA,variante marcada como no modelable,,
212260569,left,sinArtefactosEstricto,class_weight_balanced,RBFNetwork_aprox,,,,,,,,,,,,,,,0,True,NO_APLICA,variante marcada como no modelable,,
212260569,left,sinArtefactosEstricto,smote,SMO_SVM,,,,,,,,,,,,,,,0,True,NO_APLICA,variante marcada como no modelable,,
212260569,left,sinArtefactosEstricto,smote,RandomForest,,,,,,,,,,,,,,,0,True,NO_APLICA,variante marcada como no modelable,,
212260569,left,sinArtefactosEstricto,smote,MLP,,,,,,,,,,,,,,,0,True,NO_APLICA,variante marcada como no modelable,,
212260569,left,sinArtefactosEstricto,smote,IBk_kNN,,,,,,,,,,,,,,,0,True,NO_APLICA,variante marcada como no modelable,,
212260569,left,sinArtefactosEstricto,smote,RBFNetwork_aprox,,,,,,,,,,,,,,,0,True,NO_APLICA,variante marcada como no modelable,,
212260569,left,sinArtefactosEstricto,smote_tomek,SMO_SVM,,,,,,,,,,,,,,,0,True,NO_APLICA,variante marcada como no modelable,,
212260569,left,sinArtefactosEstricto,smote_tomek,RandomForest,,,,,,,,,,,,,,,0,True,NO_APLICA,variante marcada como no modelable,,
212260569,left,sinArtefactosEstricto,smote_tomek,MLP,,,,,,,,,,,,,,,0,True,NO_APLICA,variante marcada como no modelable,,
212260569,left,sinArtefactosEstricto,smote_tomek,IBk_kNN,,,,,,,,,,,,,,,0,True,NO_APLICA,variante marcada como no modelable,,
212260569,left,sinArtefactosEstricto,smote_tomek,RBFNetwork_aprox,,,,,,,,,,,,,,,0,True,NO_APLICA,variante marcada como no modelable,,
212260569,left,sinArtefactosEstricto,random_undersampling_controlado,SMO_SVM,,,,,,,,,,,,,,,0,True,NO_APLICA,variante marcada como no modelable,,
212260569,left,sinArtefactosEstricto,random_undersampling_controlado,RandomForest,,,,,,,,,,,,,,,0,True,NO_APLICA,variante marcada como no modelable,,
212260569,left,sinArtefactosEstricto,random_undersampling_controlado,MLP,,,,,,,,,,,,,,,0,True,NO_APLICA,variante marcada como no modelable,,
212260569,left,sinArtefactosEstricto,random_undersampling_controlado,IBk_kNN,,,,,,,,,,,,,,,0,True,NO_APLICA,variante marcada como no modelable,,
212260569,left,sinArtefactosEstricto,random_undersampling_controlado,RBFNetwork_aprox,,,,,,,,,,,,,,,0,True,NO_APLICA,variante marcada como no modelable,,
212260569,pull,noOutliers,sin_balanceo,SMO_SVM,,,,,,,,,,,,,,,0,True,NO_APLICA,menos de dos clases modelables,,
212260569,pull,noOutliers,sin_balanceo,RandomForest,,,,,,,,,,,,,,,0,True,NO_APLICA,menos de dos clases modelables,,
212260569,pull,noOutliers,sin_balanceo,MLP,,,,,,,,,,,,,,,0,True,NO_APLICA,menos de dos clases modelables,,
212260569,pull,noOutliers,sin_balanceo,IBk_kNN,,,,,,,,,,,,,,,0,True,NO_APLICA,menos de dos clases modelables,,
212260569,pull,noOutliers,sin_balanceo,RBFNetwork_aprox,,,,,,,,,,,,,,,0,True,NO_APLICA,menos de dos clases modelables,,
212260569,pull,noOutliers,random_oversampling,SMO_SVM,,,,,,,,,,,,,,,0,True,NO_APLICA,menos de dos clases modelables,,
212260569,pull,noOutliers,random_oversampling,RandomForest,,,,,,,,,,,,,,,0,True,NO_APLICA,menos de dos clases modelables,,
212260569,pull,noOutliers,random_oversampling,MLP,,,,,,,,,,,,,,,0,True,NO_APLICA,menos de dos clases modelables,,
212260569,pull,noOutliers,random_oversampling,IBk_kNN,,,,,,,,,,,,,,,0,True,NO_APLICA,menos de dos clases modelables,,
212260569,pull,noOutliers,random_oversampling,RBFNetwork_aprox,,,,,,,,,,,,,,,0,True,NO_APLICA,menos de dos clases modelables,,
212260569,pull,noOutliers,class_weight_balanced,SMO_SVM,,,,,,,,,,,,,,,0,True,NO_APLICA,menos de dos clases modelables,,
212260569,pull,noOutliers,class_weight_balanced,RandomForest,,,,,,,,,,,,,,,0,True,NO_APLICA,menos de dos clases modelables,,
212260569,pull,noOutliers,class_weight_balanced,MLP,,,,,,,,,,,,,,,0,True,NO_APLICA,menos de dos clases modelables,,
212260569,pull,noOutliers,class_weight_balanced,IBk_kNN,,,,,,,,,,,,,,,0,True,NO_APLICA,menos de dos clases modelables,,
212260569,pull,noOutliers,class_weight_balanced,RBFNetwork_aprox,,,,,,,,,,,,,,,0,True,NO_APLICA,menos de dos clases modelables,,
212260569,pull,noOutliers,smote,SMO_SVM,,,,,,,,,,,,,,,0,True,NO_APLICA,menos de dos clases modelables,,
212260569,pull,noOutliers,smote,RandomForest,,,,,,,,,,,,,,,0,True,NO_APLICA,menos de dos clases modelables,,
212260569,pull,noOutliers,smote,MLP,,,,,,,,,,,,,,,0,True,NO_APLICA,menos de dos clases modelables,,
212260569,pull,noOutliers,smote,IBk_kNN,,,,,,,,,,,,,,,0,True,NO_APLICA,menos de dos clases modelables,,
212260569,pull,noOutliers,smote,RBFNetwork_aprox,,,,,,,,,,,,,,,0,True,NO_APLICA,menos de dos clases modelables,,
212260569,pull,noOutliers,smote_tomek,SMO_SVM,,,,,,,,,,,,,,,0,True,NO_APLICA,menos de dos clases modelables,,
212260569,pull,noOutliers,smote_tomek,RandomForest,,,,,,,,,,,,,,,0,True,NO_APLICA,menos de dos clases modelables,,
212260569,pull,noOutliers,smote_tomek,MLP,,,,,,,,,,,,,,,0,True,NO_APLICA,menos de dos clases modelables,,
212260569,pull,noOutliers,smote_tomek,IBk_kNN,,,,,,,,,,,,,,,0,True,NO_APLICA,menos de dos clases modelables,,
212260569,pull,noOutliers,smote_tomek,RBFNetwork_aprox,,,,,,,,,,,,,,,0,True,NO_APLICA,menos de dos clases modelables,,
212260569,pull,noOutliers,random_undersampling_controlado,SMO_SVM,,,,,,,,,,,,,,,0,True,NO_APLICA,menos de dos clases modelables,,
212260569,pull,noOutliers,random_undersampling_controlado,RandomForest,,,,,,,,,,,,,,,0,True,NO_APLICA,menos de dos clases modelables,,
212260569,pull,noOutliers,random_undersampling_controlado,MLP,,,,,,,,,,,,,,,0,True,NO_APLICA,menos de dos clases modelables,,
212260569,pull,noOutliers,random_undersampling_controlado,IBk_kNN,,,,,,,,,,,,,,,0,True,NO_APLICA,menos de dos clases modelables,,
212260569,pull,noOutliers,random_undersampling_controlado,RBFNetwork_aprox,,,,,,,,,,,,,,,0,True,NO_APLICA,menos de dos clases modelables,,
212260569,pull,sinArtefactosConservador,sin_balanceo,SMO_SVM,,,,,,,,,,,,,,,0,True,NO_APLICA,variante marcada como no modelable,,
212260569,pull,sinArtefactosConservador,sin_balanceo,RandomForest,,,,,,,,,,,,,,,0,True,NO_APLICA,variante marcada como no modelable,,
212260569,pull,sinArtefactosConservador,sin_balanceo,MLP,,,,,,,,,,,,,,,0,True,NO_APLICA,variante marcada como no modelable,,
212260569,pull,sinArtefactosConservador,sin_balanceo,IBk_kNN,,,,,,,,,,,,,,,0,True,NO_APLICA,variante marcada como no modelable,,
212260569,pull,sinArtefactosConservador,sin_balanceo,RBFNetwork_aprox,,,,,,,,,,,,,,,0,True,NO_APLICA,variante marcada como no modelable,,
212260569,pull,sinArtefactosConservador,random_oversampling,SMO_SVM,,,,,,,,,,,,,,,0,True,NO_APLICA,variante marcada como no modelable,,
212260569,pull,sinArtefactosConservador,random_oversampling,RandomForest,,,,,,,,,,,,,,,0,True,NO_APLICA,variante marcada como no modelable,,
212260569,pull,sinArtefactosConservador,random_oversampling,MLP,,,,,,,,,,,,,,,0,True,NO_APLICA,variante marcada como no modelable,,
212260569,pull,sinArtefactosConservador,random_oversampling,IBk_kNN,,,,,,,,,,,,,,,0,True,NO_APLICA,variante marcada como no modelable,,
212260569,pull,sinArtefactosConservador,random_oversampling,RBFNetwork_aprox,,,,,,,,,,,,,,,0,True,NO_APLICA,variante marcada como no modelable,,
212260569,pull,sinArtefactosConservador,class_weight_balanced,SMO_SVM,,,,,,,,,,,,,,,0,True,NO_APLICA,variante marcada como no modelable,,
212260569,pull,sinArtefactosConservador,class_weight_balanced,RandomForest,,,,,,,,,,,,,,,0,True,NO_APLICA,variante marcada como no modelable,,
212260569,pull,sinArtefactosConservador,class_weight_balanced,MLP,,,,,,,,,,,,,,,0,True,NO_APLICA,variante marcada como no modelable,,
212260569,pull,sinArtefactosConservador,class_weight_balanced,IBk_kNN,,,,,,,,,,,,,,,0,True,NO_APLICA,variante marcada como no modelable,,
212260569,pull,sinArtefactosConservador,class_weight_balanced,RBFNetwork_aprox,,,,,,,,,,,,,,,0,True,NO_APLICA,variante marcada como no modelable,,
212260569,pull,sinArtefactosConservador,smote,SMO_SVM,,,,,,,,,,,,,,,0,True,NO_APLICA,variante marcada como no modelable,,
212260569,pull,sinArtefactosConservador,smote,RandomForest,,,,,,,,,,,,,,,0,True,NO_APLICA,variante marcada como no modelable,,
212260569,pull,sinArtefactosConservador,smote,MLP,,,,,,,,,,,,,,,0,True,NO_APLICA,variante marcada como no modelable,,
212260569,pull,sinArtefactosConservador,smote,IBk_kNN,,,,,,,,,,,,,,,0,True,NO_APLICA,variante marcada como no modelable,,
212260569,pull,sinArtefactosConservador,smote,RBFNetwork_aprox,,,,,,,,,,,,,,,0,True,NO_APLICA,variante marcada como no modelable,,
212260569,pull,sinArtefactosConservador,smote_tomek,SMO_SVM,,,,,,,,,,,,,,,0,True,NO_APLICA,variante marcada como no modelable,,
212260569,pull,sinArtefactosConservador,smote_tomek,RandomForest,,,,,,,,,,,,,,,0,True,NO_APLICA,variante marcada como no modelable,,
212260569,pull,sinArtefactosConservador,smote_tomek,MLP,,,,,,,,,,,,,,,0,True,NO_APLICA,variante marcada como no modelable,,
212260569,pull,sinArtefactosConservador,smote_tomek,IBk_kNN,,,,,,,,,,,,,,,0,True,NO_APLICA,variante marcada como no modelable,,
212260569,pull,sinArtefactosConservador,smote_tomek,RBFNetwork_aprox,,,,,,,,,,,,,,,0,True,NO_APLICA,variante marcada como no modelable,,
212260569,pull,sinArtefactosConservador,random_undersampling_controlado,SMO_SVM,,,,,,,,,,,,,,,0,True,NO_APLICA,variante marcada como no modelable,,
212260569,pull,sinArtefactosConservador,random_undersampling_controlado,RandomForest,,,,,,,,,,,,,,,0,True,NO_APLICA,variante marcada como no modelable,,
212260569,pull,sinArtefactosConservador,random_undersampling_controlado,MLP,,,,,,,,,,,,,,,0,True,NO_APLICA,variante marcada como no modelable,,
212260569,pull,sinArtefactosConservador,random_undersampling_controlado,IBk_kNN,,,,,,,,,,,,,,,0,True,NO_APLICA,variante marcada como no modelable,,
212260569,pull,sinArtefactosConservador,random_undersampling_controlado,RBFNetwork_aprox,,,,,,,,,,,,,,,0,True,NO_APLICA,variante marcada como no modelable,,
212260569,pull,sinArtefactosEstricto,sin_balanceo,SMO_SVM,,,,,,,,,,,,,,,0,True,NO_APLICA,variante marcada como no modelable,,
212260569,pull,sinArtefactosEstricto,sin_balanceo,RandomForest,,,,,,,,,,,,,,,0,True,NO_APLICA,variante marcada como no modelable,,
212260569,pull,sinArtefactosEstricto,sin_balanceo,MLP,,,,,,,,,,,,,,,0,True,NO_APLICA,variante marcada como no modelable,,
212260569,pull,sinArtefactosEstricto,sin_balanceo,IBk_kNN,,,,,,,,,,,,,,,0,True,NO_APLICA,variante marcada como no modelable,,
212260569,pull,sinArtefactosEstricto,sin_balanceo,RBFNetwork_aprox,,,,,,,,,,,,,,,0,True,NO_APLICA,variante marcada como no modelable,,
212260569,pull,sinArtefactosEstricto,random_oversampling,SMO_SVM,,,,,,,,,,,,,,,0,True,NO_APLICA,variante marcada como no modelable,,
212260569,pull,sinArtefactosEstricto,random_oversampling,RandomForest,,,,,,,,,,,,,,,0,True,NO_APLICA,variante marcada como no modelable,,
212260569,pull,sinArtefactosEstricto,random_oversampling,MLP,,,,,,,,,,,,,,,0,True,NO_APLICA,variante marcada como no modelable,,
212260569,pull,sinArtefactosEstricto,random_oversampling,IBk_kNN,,,,,,,,,,,,,,,0,True,NO_APLICA,variante marcada como no modelable,,
212260569,pull,sinArtefactosEstricto,random_oversampling,RBFNetwork_aprox,,,,,,,,,,,,,,,0,True,NO_APLICA,variante marcada como no modelable,,
212260569,pull,sinArtefactosEstricto,class_weight_balanced,SMO_SVM,,,,,,,,,,,,,,,0,True,NO_APLICA,variante marcada como no modelable,,
212260569,pull,sinArtefactosEstricto,class_weight_balanced,RandomForest,,,,,,,,,,,,,,,0,True,NO_APLICA,variante marcada como no modelable,,
212260569,pull,sinArtefactosEstricto,class_weight_balanced,MLP,,,,,,,,,,,,,,,0,True,NO_APLICA,variante marcada como no modelable,,
212260569,pull,sinArtefactosEstricto,class_weight_balanced,IBk_kNN,,,,,,,,,,,,,,,0,True,NO_APLICA,variante marcada como no modelable,,
212260569,pull,sinArtefactosEstricto,class_weight_balanced,RBFNetwork_aprox,,,,,,,,,,,,,,,0,True,NO_APLICA,variante marcada como no modelable,,
212260569,pull,sinArtefactosEstricto,smote,SMO_SVM,,,,,,,,,,,,,,,0,True,NO_APLICA,variante marcada como no modelable,,
212260569,pull,sinArtefactosEstricto,smote,RandomForest,,,,,,,,,,,,,,,0,True,NO_APLICA,variante marcada como no modelable,,
212260569,pull,sinArtefactosEstricto,smote,MLP,,,,,,,,,,,,,,,0,True,NO_APLICA,variante marcada como no modelable,,
212260569,pull,sinArtefactosEstricto,smote,IBk_kNN,,,,,,,,,,,,,,,0,True,NO_APLICA,variante marcada como no modelable,,
212260569,pull,sinArtefactosEstricto,smote,RBFNetwork_aprox,,,,,,,,,,,,,,,0,True,NO_APLICA,variante marcada como no modelable,,
212260569,pull,sinArtefactosEstricto,smote_tomek,SMO_SVM,,,,,,,,,,,,,,,0,True,NO_APLICA,variante marcada como no modelable,,
212260569,pull,sinArtefactosEstricto,smote_tomek,RandomForest,,,,,,,,,,,,,,,0,True,NO_APLICA,variante marcada como no modelable,,
212260569,pull,sinArtefactosEstricto,smote_tomek,MLP,,,,,,,,,,,,,,,0,True,NO_APLICA,variante marcada como no modelable,,
212260569,pull,sinArtefactosEstricto,smote_tomek,IBk_kNN,,,,,,,,,,,,,,,0,True,NO_APLICA,variante marcada como no modelable,,
212260569,pull,sinArtefactosEstricto,smote_tomek,RBFNetwork_aprox,,,,,,,,,,,,,,,0,True,NO_APLICA,variante marcada como no modelable,,
212260569,pull,sinArtefactosEstricto,random_undersampling_controlado,SMO_SVM,,,,,,,,,,,,,,,0,True,NO_APLICA,variante marcada como no modelable,,
212260569,pull,sinArtefactosEstricto,random_undersampling_controlado,RandomForest,,,,,,,,,,,,,,,0,True,NO_APLICA,variante marcada como no modelable,,
212260569,pull,sinArtefactosEstricto,random_undersampling_controlado,MLP,,,,,,,,,,,,,,,0,True,NO_APLICA,variante marcada como no modelable,,
212260569,pull,sinArtefactosEstricto,random_undersampling_controlado,IBk_kNN,,,,,,,,,,,,,,,0,True,NO_APLICA,variante marcada como no modelable,,
212260569,pull,sinArtefactosEstricto,random_undersampling_controlado,RBFNetwork_aprox,,,,,,,,,,,,,,,0,True,NO_APLICA,variante marcada como no modelable,,
212260569,push,noOutliers,sin_balanceo,SMO_SVM,,,,,,,,,,,,,,,0,True,NO_APLICA,menos de dos clases modelables,,
212260569,push,noOutliers,sin_balanceo,RandomForest,,,,,,,,,,,,,,,0,True,NO_APLICA,menos de dos clases modelables,,
212260569,push,noOutliers,sin_balanceo,MLP,,,,,,,,,,,,,,,0,True,NO_APLICA,menos de dos clases modelables,,
212260569,push,noOutliers,sin_balanceo,IBk_kNN,,,,,,,,,,,,,,,0,True,NO_APLICA,menos de dos clases modelables,,
212260569,push,noOutliers,sin_balanceo,RBFNetwork_aprox,,,,,,,,,,,,,,,0,True,NO_APLICA,menos de dos clases modelables,,
212260569,push,noOutliers,random_oversampling,SMO_SVM,,,,,,,,,,,,,,,0,True,NO_APLICA,menos de dos clases modelables,,
212260569,push,noOutliers,random_oversampling,RandomForest,,,,,,,,,,,,,,,0,True,NO_APLICA,menos de dos clases modelables,,
212260569,push,noOutliers,random_oversampling,MLP,,,,,,,,,,,,,,,0,True,NO_APLICA,menos de dos clases modelables,,
212260569,push,noOutliers,random_oversampling,IBk_kNN,,,,,,,,,,,,,,,0,True,NO_APLICA,menos de dos clases modelables,,
212260569,push,noOutliers,random_oversampling,RBFNetwork_aprox,,,,,,,,,,,,,,,0,True,NO_APLICA,menos de dos clases modelables,,
212260569,push,noOutliers,class_weight_balanced,SMO_SVM,,,,,,,,,,,,,,,0,True,NO_APLICA,menos de dos clases modelables,,
212260569,push,noOutliers,class_weight_balanced,RandomForest,,,,,,,,,,,,,,,0,True,NO_APLICA,menos de dos clases modelables,,
212260569,push,noOutliers,class_weight_balanced,MLP,,,,,,,,,,,,,,,0,True,NO_APLICA,menos de dos clases modelables,,
212260569,push,noOutliers,class_weight_balanced,IBk_kNN,,,,,,,,,,,,,,,0,True,NO_APLICA,menos de dos clases modelables,,
212260569,push,noOutliers,class_weight_balanced,RBFNetwork_aprox,,,,,,,,,,,,,,,0,True,NO_APLICA,menos de dos clases modelables,,
212260569,push,noOutliers,smote,SMO_SVM,,,,,,,,,,,,,,,0,True,NO_APLICA,menos de dos clases modelables,,
212260569,push,noOutliers,smote,RandomForest,,,,,,,,,,,,,,,0,True,NO_APLICA,menos de dos clases modelables,,
212260569,push,noOutliers,smote,MLP,,,,,,,,,,,,,,,0,True,NO_APLICA,menos de dos clases modelables,,
212260569,push,noOutliers,smote,IBk_kNN,,,,,,,,,,,,,,,0,True,NO_APLICA,menos de dos clases modelables,,
212260569,push,noOutliers,smote,RBFNetwork_aprox,,,,,,,,,,,,,,,0,True,NO_APLICA,menos de dos clases modelables,,
212260569,push,noOutliers,smote_tomek,SMO_SVM,,,,,,,,,,,,,,,0,True,NO_APLICA,menos de dos clases modelables,,
212260569,push,noOutliers,smote_tomek,RandomForest,,,,,,,,,,,,,,,0,True,NO_APLICA,menos de dos clases modelables,,
212260569,push,noOutliers,smote_tomek,MLP,,,,,,,,,,,,,,,0,True,NO_APLICA,menos de dos clases modelables,,
212260569,push,noOutliers,smote_tomek,IBk_kNN,,,,,,,,,,,,,,,0,True,NO_APLICA,menos de dos clases modelables,,
212260569,push,noOutliers,smote_tomek,RBFNetwork_aprox,,,,,,,,,,,,,,,0,True,NO_APLICA,menos de dos clases modelables,,
212260569,push,noOutliers,random_undersampling_controlado,SMO_SVM,,,,,,,,,,,,,,,0,True,NO_APLICA,menos de dos clases modelables,,
212260569,push,noOutliers,random_undersampling_controlado,RandomForest,,,,,,,,,,,,,,,0,True,NO_APLICA,menos de dos clases modelables,,
212260569,push,noOutliers,random_undersampling_controlado,MLP,,,,,,,,,,,,,,,0,True,NO_APLICA,menos de dos clases modelables,,
212260569,push,noOutliers,random_undersampling_controlado,IBk_kNN,,,,,,,,,,,,,,,0,True,NO_APLICA,menos de dos clases modelables,,
212260569,push,noOutliers,random_undersampling_controlado,RBFNetwork_aprox,,,,,,,,,,,,,,,0,True,NO_APLICA,menos de dos clases modelables,,
212260569,push,sinArtefactosConservador,sin_balanceo,SMO_SVM,,,,,,,,,,,,,,,0,True,NO_APLICA,variante marcada como no modelable,,
212260569,push,sinArtefactosConservador,sin_balanceo,RandomForest,,,,,,,,,,,,,,,0,True,NO_APLICA,variante marcada como no modelable,,
212260569,push,sinArtefactosConservador,sin_balanceo,MLP,,,,,,,,,,,,,,,0,True,NO_APLICA,variante marcada como no modelable,,
212260569,push,sinArtefactosConservador,sin_balanceo,IBk_kNN,,,,,,,,,,,,,,,0,True,NO_APLICA,variante marcada como no modelable,,
212260569,push,sinArtefactosConservador,sin_balanceo,RBFNetwork_aprox,,,,,,,,,,,,,,,0,True,NO_APLICA,variante marcada como no modelable,,
212260569,push,sinArtefactosConservador,random_oversampling,SMO_SVM,,,,,,,,,,,,,,,0,True,NO_APLICA,variante marcada como no modelable,,
212260569,push,sinArtefactosConservador,random_oversampling,RandomForest,,,,,,,,,,,,,,,0,True,NO_APLICA,variante marcada como no modelable,,
212260569,push,sinArtefactosConservador,random_oversampling,MLP,,,,,,,,,,,,,,,0,True,NO_APLICA,variante marcada como no modelable,,
212260569,push,sinArtefactosConservador,random_oversampling,IBk_kNN,,,,,,,,,,,,,,,0,True,NO_APLICA,variante marcada como no modelable,,
212260569,push,sinArtefactosConservador,random_oversampling,RBFNetwork_aprox,,,,,,,,,,,,,,,0,True,NO_APLICA,variante marcada como no modelable,,
212260569,push,sinArtefactosConservador,class_weight_balanced,SMO_SVM,,,,,,,,,,,,,,,0,True,NO_APLICA,variante marcada como no modelable,,
212260569,push,sinArtefactosConservador,class_weight_balanced,RandomForest,,,,,,,,,,,,,,,0,True,NO_APLICA,variante marcada como no modelable,,
212260569,push,sinArtefactosConservador,class_weight_balanced,MLP,,,,,,,,,,,,,,,0,True,NO_APLICA,variante marcada como no modelable,,
212260569,push,sinArtefactosConservador,class_weight_balanced,IBk_kNN,,,,,,,,,,,,,,,0,True,NO_APLICA,variante marcada como no modelable,,
212260569,push,sinArtefactosConservador,class_weight_balanced,RBFNetwork_aprox,,,,,,,,,,,,,,,0,True,NO_APLICA,variante marcada como no modelable,,
212260569,push,sinArtefactosConservador,smote,SMO_SVM,,,,,,,,,,,,,,,0,True,NO_APLICA,variante marcada como no modelable,,
212260569,push,sinArtefactosConservador,smote,RandomForest,,,,,,,,,,,,,,,0,True,NO_APLICA,variante marcada como no modelable,,
212260569,push,sinArtefactosConservador,smote,MLP,,,,,,,,,,,,,,,0,True,NO_APLICA,variante marcada como no modelable,,
212260569,push,sinArtefactosConservador,smote,IBk_kNN,,,,,,,,,,,,,,,0,True,NO_APLICA,variante marcada como no modelable,,
212260569,push,sinArtefactosConservador,smote,RBFNetwork_aprox,,,,,,,,,,,,,,,0,True,NO_APLICA,variante marcada como no modelable,,
212260569,push,sinArtefactosConservador,smote_tomek,SMO_SVM,,,,,,,,,,,,,,,0,True,NO_APLICA,variante marcada como no modelable,,
212260569,push,sinArtefactosConservador,smote_tomek,RandomForest,,,,,,,,,,,,,,,0,True,NO_APLICA,variante marcada como no modelable,,
212260569,push,sinArtefactosConservador,smote_tomek,MLP,,,,,,,,,,,,,,,0,True,NO_APLICA,variante marcada como no modelable,,
212260569,push,sinArtefactosConservador,smote_tomek,IBk_kNN,,,,,,,,,,,,,,,0,True,NO_APLICA,variante marcada como no modelable,,
212260569,push,sinArtefactosConservador,smote_tomek,RBFNetwork_aprox,,,,,,,,,,,,,,,0,True,NO_APLICA,variante marcada como no modelable,,
212260569,push,sinArtefactosConservador,random_undersampling_controlado,SMO_SVM,,,,,,,,,,,,,,,0,True,NO_APLICA,variante marcada como no modelable,,
212260569,push,sinArtefactosConservador,random_undersampling_controlado,RandomForest,,,,,,,,,,,,,,,0,True,NO_APLICA,variante marcada como no modelable,,
212260569,push,sinArtefactosConservador,random_undersampling_controlado,MLP,,,,,,,,,,,,,,,0,True,NO_APLICA,variante marcada como no modelable,,
212260569,push,sinArtefactosConservador,random_undersampling_controlado,IBk_kNN,,,,,,,,,,,,,,,0,True,NO_APLICA,variante marcada como no modelable,,
212260569,push,sinArtefactosConservador,random_undersampling_controlado,RBFNetwork_aprox,,,,,,,,,,,,,,,0,True,NO_APLICA,variante marcada como no modelable,,
212260569,push,sinArtefactosEstricto,sin_balanceo,SMO_SVM,,,,,,,,,,,,,,,0,True,NO_APLICA,variante marcada como no modelable,,
212260569,push,sinArtefactosEstricto,sin_balanceo,RandomForest,,,,,,,,,,,,,,,0,True,NO_APLICA,variante marcada como no modelable,,
212260569,push,sinArtefactosEstricto,sin_balanceo,MLP,,,,,,,,,,,,,,,0,True,NO_APLICA,variante marcada como no modelable,,
212260569,push,sinArtefactosEstricto,sin_balanceo,IBk_kNN,,,,,,,,,,,,,,,0,True,NO_APLICA,variante marcada como no modelable,,
212260569,push,sinArtefactosEstricto,sin_balanceo,RBFNetwork_aprox,,,,,,,,,,,,,,,0,True,NO_APLICA,variante marcada como no modelable,,
212260569,push,sinArtefactosEstricto,random_oversampling,SMO_SVM,,,,,,,,,,,,,,,0,True,NO_APLICA,variante marcada como no modelable,,
212260569,push,sinArtefactosEstricto,random_oversampling,RandomForest,,,,,,,,,,,,,,,0,True,NO_APLICA,variante marcada como no modelable,,
212260569,push,sinArtefactosEstricto,random_oversampling,MLP,,,,,,,,,,,,,,,0,True,NO_APLICA,variante marcada como no modelable,,
212260569,push,sinArtefactosEstricto,random_oversampling,IBk_kNN,,,,,,,,,,,,,,,0,True,NO_APLICA,variante marcada como no modelable,,
212260569,push,sinArtefactosEstricto,random_oversampling,RBFNetwork_aprox,,,,,,,,,,,,,,,0,True,NO_APLICA,variante marcada como no modelable,,
212260569,push,sinArtefactosEstricto,class_weight_balanced,SMO_SVM,,,,,,,,,,,,,,,0,True,NO_APLICA,variante marcada como no modelable,,
212260569,push,sinArtefactosEstricto,class_weight_balanced,RandomForest,,,,,,,,,,,,,,,0,True,NO_APLICA,variante marcada como no modelable,,
212260569,push,sinArtefactosEstricto,class_weight_balanced,MLP,,,,,,,,,,,,,,,0,True,NO_APLICA,variante marcada como no modelable,,
212260569,push,sinArtefactosEstricto,class_weight_balanced,IBk_kNN,,,,,,,,,,,,,,,0,True,NO_APLICA,variante marcada como no modelable,,
212260569,push,sinArtefactosEstricto,class_weight_balanced,RBFNetwork_aprox,,,,,,,,,,,,,,,0,True,NO_APLICA,variante marcada como no modelable,,
212260569,push,sinArtefactosEstricto,smote,SMO_SVM,,,,,,,,,,,,,,,0,True,NO_APLICA,variante marcada como no modelable,,
212260569,push,sinArtefactosEstricto,smote,RandomForest,,,,,,,,,,,,,,,0,True,NO_APLICA,variante marcada como no modelable,,
212260569,push,sinArtefactosEstricto,smote,MLP,,,,,,,,,,,,,,,0,True,NO_APLICA,variante marcada como no modelable,,
212260569,push,sinArtefactosEstricto,smote,IBk_kNN,,,,,,,,,,,,,,,0,True,NO_APLICA,variante marcada como no modelable,,
212260569,push,sinArtefactosEstricto,smote,RBFNetwork_aprox,,,,,,,,,,,,,,,0,True,NO_APLICA,variante marcada como no modelable,,
212260569,push,sinArtefactosEstricto,smote_tomek,SMO_SVM,,,,,,,,,,,,,,,0,True,NO_APLICA,variante marcada como no modelable,,
212260569,push,sinArtefactosEstricto,smote_tomek,RandomForest,,,,,,,,,,,,,,,0,True,NO_APLICA,variante marcada como no modelable,,
212260569,push,sinArtefactosEstricto,smote_tomek,MLP,,,,,,,,,,,,,,,0,True,NO_APLICA,variante marcada como no modelable,,
212260569,push,sinArtefactosEstricto,smote_tomek,IBk_kNN,,,,,,,,,,,,,,,0,True,NO_APLICA,variante marcada como no modelable,,
212260569,push,sinArtefactosEstricto,smote_tomek,RBFNetwork_aprox,,,,,,,,,,,,,,,0,True,NO_APLICA,variante marcada como no modelable,,
212260569,push,sinArtefactosEstricto,random_undersampling_controlado,SMO_SVM,,,,,,,,,,,,,,,0,True,NO_APLICA,variante marcada como no modelable,,
212260569,push,sinArtefactosEstricto,random_undersampling_controlado,RandomForest,,,,,,,,,,,,,,,0,True,NO_APLICA,variante marcada como no modelable,,
212260569,push,sinArtefactosEstricto,random_undersampling_controlado,MLP,,,,,,,,,,,,,,,0,True,NO_APLICA,variante marcada como no modelable,,
212260569,push,sinArtefactosEstricto,random_undersampling_controlado,IBk_kNN,,,,,,,,,,,,,,,0,True,NO_APLICA,variante marcada como no modelable,,
212260569,push,sinArtefactosEstricto,random_undersampling_controlado,RBFNetwork_aprox,,,,,,,,,,,,,,,0,True,NO_APLICA,variante marcada como no modelable,,
212260666,all,noOutliers,sin_balanceo,SMO_SVM,73.87,60.95,0.5414,0.6289,0.7313,0.4375,0.8644,0.4138,0.7222,0.7,0.816,0.48,0.6667,0.8147,16,False,no,"Recall crítico bajo en: left, push",bloques,2.0
212260666,all,noOutliers,sin_balanceo,RandomForest,70.35,46.5,0.409,0.477,0.6453,0.25,0.9576,0.069,0.5833,0.6667,0.729,0.6667,0.6,0.8166,16,False,no,"Recall crítico bajo en: left, push",bloques,2.0
212260666,all,noOutliers,sin_balanceo,MLP,67.84,51.61,0.3969,0.5474,0.6533,0.4375,0.8644,0.2069,0.5556,0.7778,0.7234,0.6667,0.5,0.7519,16,False,no,"Recall crítico bajo en: left, push",bloques,2.0
212260666,all,noOutliers,sin_balanceo,IBk_kNN,65.83,59.13,0.4223,0.5724,0.6515,0.75,0.7627,0.2414,0.6111,0.6316,0.7759,0.4118,0.4681,0.7242,16,False,no,Recall crítico bajo en: push,bloques,2.0
212260666,all,noOutliers,sin_balanceo,RBFNetwork_aprox,62.81,35.41,0.2242,0.3512,0.5564,0.0625,0.9237,0.069,0.3611,0.3333,0.6606,1.0,0.4483,0.7206,16,False,no,"Recall crítico bajo en: left, push, right",bloques,2.0
212260666,all,noOutliers,random_oversampling,SMO_SVM,75.38,60.4,0.5666,0.6185,0.7446,0.375,0.8983,0.4483,0.6944,0.5,0.8413,0.5909,0.641,0.8181,16,False,no,"Recall crítico bajo en: left, push",bloques,2.0
212260666,all,noOutliers,random_oversampling,RandomForest,72.36,48.38,0.4576,0.4937,0.672,0.3125,0.9915,0.1034,0.5278,0.3846,0.7647,0.75,0.6552,0.7818,16,False,no,"Recall crítico bajo en: left, push",bloques,2.0
212260666,all,noOutliers,random_oversampling,MLP,71.36,63.08,0.5002,0.6282,0.7015,0.75,0.8305,0.2759,0.6667,0.7059,0.7903,0.6667,0.5217,0.7724,16,False,no,Recall crítico bajo en: push,bloques,2.0
212260666,all,noOutliers,random_oversampling,IBk_kNN,65.33,58.92,0.416,0.5666,0.6466,0.75,0.7542,0.2414,0.6111,0.6,0.7739,0.4667,0.449,0.7224,16,False,no,Recall crítico bajo en: push,bloques,2.0
212260666,all,noOutliers,random_oversampling,RBFNetwork_aprox,69.35,51.28,0.419,0.5428,0.6641,0.4375,0.9068,0.2069,0.5,0.7,0.7431,0.6667,0.5,0.7512,16,False,no,"Recall crítico bajo en: left, push",bloques,2.0
212260666,all,noOutliers,class_weight_balanced,SMO_SVM,73.87,60.95,0.5414,0.6289,0.7313,0.4375,0.8644,0.4138,0.7222,0.7,0.816,0.48,0.6667,0.8147,16,False,no,"Recall crítico bajo en: left, push",bloques,2.0
212260666,all,noOutliers,class_weight_balanced,RandomForest,69.85,44.74,0.3817,0.4613,0.6354,0.3125,0.9915,0.069,0.4167,0.4545,0.7178,0.6667,0.6818,0.8057,16,False,no,"Recall crítico bajo en: left, push, right",bloques,2.0
212260666,all,noOutliers,class_weight_balanced,MLP,,,,,,,,,,,,,,,16,False,NO_APLICA,class_weight no soportado por este modelo,,
212260666,all,noOutliers,class_weight_balanced,IBk_kNN,,,,,,,,,,,,,,,16,False,NO_APLICA,class_weight no soportado por este modelo,,
212260666,all,noOutliers,class_weight_balanced,RBFNetwork_aprox,64.32,42.02,0.3315,0.4211,0.6072,0.0625,0.8559,0.2069,0.5556,0.2,0.7214,0.5455,0.4651,0.7378,16,False,no,"Recall crítico bajo en: left, push",bloques,2.0
212260666,all,noOutliers,smote,SMO_SVM,76.38,64.01,0.5911,0.6481,0.7584,0.5,0.8898,0.4483,0.7222,0.5714,0.8607,0.5652,0.65,0.8224,16,False,no,SMOTE experimental: min_clase < 20; Recall crítico bajo en: push,bloques,2.0
212260666,all,noOutliers,smote,RandomForest,72.86,50.38,0.4751,0.5242,0.6899,0.3125,0.9746,0.1724,0.5556,0.3571,0.7667,0.625,0.7407,0.7996,16,False,no,"SMOTE experimental: min_clase < 20; Recall crítico bajo en: left, push",bloques,2.0
212260666,all,noOutliers,smote,MLP,70.85,59.68,0.4799,0.6182,0.6958,0.625,0.8475,0.2759,0.6389,0.8333,0.7752,0.6154,0.5111,0.7617,16,False,no,SMOTE experimental: min_clase < 20; Recall crítico bajo en: push,bloques,2.0
212260666,all,noOutliers,smote,IBk_kNN,64.32,61.39,0.4364,0.5701,0.6463,0.75,0.6864,0.2414,0.7778,0.6,0.8438,0.4667,0.4118,0.7418,16,False,no,SMOTE experimental: min_clase < 20; Recall crítico bajo en: push,bloques,2.0
212260666,all,noOutliers,smote,RBFNetwork_aprox,71.86,53.4,0.4691,0.5666,0.6885,0.375,0.9153,0.2069,0.6389,0.8571,0.7606,0.75,0.5476,0.7551,16,False,no,"SMOTE experimental: min_clase < 20; Recall crítico bajo en: left, push",bloques,2.0
212260666,all,noOutliers,smote_tomek,SMO_SVM,75.38,62.23,0.5714,0.6346,0.747,0.4375,0.8814,0.4483,0.7222,0.5833,0.8455,0.5652,0.6341,0.8152,16,False,no,"SMOTE experimental: min_clase < 20; Recall crítico bajo en: left, push",bloques,2.0
212260666,all,noOutliers,smote_tomek,RandomForest,73.37,51.94,0.4807,0.5445,0.6953,0.375,0.9746,0.1724,0.5556,0.4286,0.7566,0.625,0.8,0.801,16,False,no,"SMOTE experimental: min_clase < 20; Recall crítico bajo en: left, push",bloques,2.0
212260666,all,noOutliers,smote_tomek,MLP,69.85,59.26,0.4659,0.6124,0.6876,0.625,0.8305,0.2759,0.6389,0.8333,0.7717,0.6154,0.4894,0.7613,16,False,no,SMOTE experimental: min_clase < 20; Recall crítico bajo en: push,bloques,2.0
212260666,all,noOutliers,smote_tomek,IBk_kNN,64.32,61.39,0.4346,0.5705,0.6451,0.75,0.6864,0.2414,0.7778,0.6,0.8351,0.4667,0.4179,0.741,16,False,no,SMOTE experimental: min_clase < 20; Recall crítico bajo en: push,bloques,2.0
212260666,all,noOutliers,smote_tomek,RBFNetwork_aprox,71.86,53.4,0.4691,0.5666,0.6885,0.375,0.9153,0.2069,0.6389,0.8571,0.7606,0.75,0.5476,0.754,16,False,no,"SMOTE experimental: min_clase < 20; Recall crítico bajo en: left, push",bloques,2.0
212260666,all,noOutliers,random_undersampling_controlado,SMO_SVM,57.79,59.95,0.392,0.5234,0.5995,0.5625,0.5339,0.5517,0.75,0.2647,0.875,0.4,0.5094,0.8033,16,False,no,,bloques,2.0
212260666,all,noOutliers,random_undersampling_controlado,RandomForest,63.32,53.65,0.3907,0.5294,0.6427,0.5,0.7458,0.3448,0.5556,0.381,0.7788,0.2778,0.6897,0.7666,16,False,no,Recall crítico bajo en: push,bloques,2.0
212260666,all,noOutliers,random_undersampling_controlado,MLP,55.78,53.97,0.3294,0.4807,0.5736,0.625,0.5847,0.3103,0.6389,0.2703,0.7841,0.4091,0.4423,0.7334,16,False,no,Recall crítico bajo en: push,bloques,2.0
212260666,all,noOutliers,random_undersampling_controlado,IBk_kNN,48.74,57.09,0.3042,0.453,0.4961,0.75,0.3898,0.3103,0.8333,0.3158,0.8846,0.2647,0.4,0.7055,16,False,no,"Recall crítico bajo en: pull, push",bloques,2.0
212260666,all,noOutliers,random_undersampling_controlado,RBFNetwork_aprox,63.32,54.72,0.3964,0.5332,0.6349,0.4375,0.7119,0.3448,0.6944,0.4375,0.7778,0.4167,0.4902,0.716,16,False,no,"Recall crítico bajo en: left, push",bloques,2.0
212260666,all,sinArtefactosConservador,sin_balanceo,SMO_SVM,65.85,68.68,0.4996,0.6401,0.66,0.8125,0.5846,0.5833,0.7667,0.619,0.7917,0.4667,0.5897,0.8195,12,False,no,,bloques,2.0
212260666,all,sinArtefactosConservador,sin_balanceo,RandomForest,78.86,70.78,0.6555,0.729,0.7868,0.6875,0.8769,0.5,0.7667,0.6471,0.7808,0.6667,0.9583,0.877,12,False,SI,,bloques,2.0
212260666,all,sinArtefactosConservador,sin_balanceo,MLP,62.6,66.69,0.454,0.6189,0.6263,0.8125,0.5385,0.5833,0.7333,0.65,0.7447,0.4375,0.55,0.7733,12,False,no,,bloques,2.0
212260666,all,sinArtefactosConservador,sin_balanceo,IBk_kNN,67.48,68.65,0.5221,0.6454,0.6765,0.8125,0.6,0.5,0.8333,0.6842,0.8125,0.4,0.6098,0.7852,12,False,no,,bloques,2.0
212260666,all,sinArtefactosConservador,sin_balanceo,RBFNetwork_aprox,64.23,54.75,0.3965,0.6073,0.6389,0.4375,0.7692,0.4167,0.5667,1.0,0.6579,1.0,0.4857,0.7858,12,False,no,"Recall crítico bajo en: left, push",bloques,2.0
212260666,all,sinArtefactosConservador,random_oversampling,SMO_SVM,62.6,65.44,0.4547,0.6084,0.6255,0.8125,0.5385,0.5,0.7667,0.619,0.7609,0.4286,0.5476,0.8175,12,False,no,,bloques,2.0
212260666,all,sinArtefactosConservador,random_oversampling,RandomForest,78.86,70.05,0.6517,0.732,0.787,0.625,0.8769,0.5,0.8,0.625,0.76,0.75,1.0,0.9074,12,False,SI,,bloques,2.0
212260666,all,sinArtefactosConservador,random_oversampling,MLP,65.85,66.53,0.4955,0.6256,0.6639,0.8125,0.6154,0.5,0.7333,0.65,0.7843,0.3529,0.6286,0.7681,12,False,no,,bloques,2.0
212260666,all,sinArtefactosConservador,random_oversampling,IBk_kNN,65.04,67.94,0.4957,0.6282,0.6501,0.8125,0.5385,0.5,0.8667,0.6842,0.814,0.375,0.5778,0.7787,12,False,no,,bloques,2.0
212260666,all,sinArtefactosConservador,random_oversampling,RBFNetwork_aprox,69.11,62.22,0.4868,0.6721,0.689,0.6875,0.7846,0.4167,0.6,0.9167,0.6892,1.0,0.5625,0.7823,12,False,no,Recall crítico bajo en: push,bloques,2.0
212260666,all,sinArtefactosConservador,class_weight_balanced,SMO_SVM,65.85,68.68,0.4996,0.6401,0.66,0.8125,0.5846,0.5833,0.7667,0.619,0.7917,0.4667,0.5897,0.8195,12,False,no,,bloques,2.0
212260666,all,sinArtefactosConservador,class_weight_balanced,RandomForest,77.24,67.2,0.6178,0.716,0.7692,0.5625,0.8923,0.5,0.7333,0.6,0.7342,0.8571,1.0,0.8948,12,False,no,,bloques,2.0
212260666,all,sinArtefactosConservador,class_weight_balanced,MLP,,,,,,,,,,,,,,,12,False,NO_APLICA,class_weight no soportado por este modelo,,
212260666,all,sinArtefactosConservador,class_weight_balanced,IBk_kNN,,,,,,,,,,,,,,,12,False,NO_APLICA,class_weight no soportado por este modelo,,
212260666,all,sinArtefactosConservador,class_weight_balanced,RBFNetwork_aprox,65.04,59.12,0.4293,0.64,0.6536,0.625,0.7231,0.4167,0.6,0.9091,0.6812,1.0,0.4737,0.7771,12,False,no,Recall crítico bajo en: push,bloques,2.0
212260666,all,sinArtefactosConservador,smote,SMO_SVM,62.6,65.44,0.4547,0.6084,0.6255,0.8125,0.5385,0.5,0.7667,0.619,0.7609,0.4286,0.5476,0.8177,12,False,no,SMOTE experimental: min_clase < 20,bloques,2.0
212260666,all,sinArtefactosConservador,smote,RandomForest,76.42,68.89,0.6181,0.706,0.7656,0.625,0.8308,0.5,0.8,0.625,0.75,0.5455,1.0,0.8885,12,False,no,SMOTE experimental: min_clase < 20,bloques,2.0
212260666,all,sinArtefactosConservador,smote,MLP,63.41,64.72,0.4636,0.6049,0.6425,0.6875,0.5846,0.5833,0.7333,0.6111,0.76,0.3333,0.6471,0.7642,12,False,no,SMOTE experimental: min_clase < 20,bloques,2.0
212260666,all,sinArtefactosConservador,smote,IBk_kNN,65.04,69.64,0.5038,0.6285,0.6517,0.8125,0.5231,0.5833,0.8667,0.619,0.8293,0.35,0.6341,0.789,12,False,no,SMOTE experimental: min_clase < 20,bloques,2.0
212260666,all,sinArtefactosConservador,smote,RBFNetwork_aprox,67.48,59.82,0.4547,0.6524,0.672,0.625,0.7846,0.4167,0.5667,0.9091,0.6711,1.0,0.5484,0.7844,12,False,no,SMOTE experimental: min_clase < 20; Recall crítico bajo en: push,bloques,2.0
212260666,all,sinArtefactosConservador,smote_tomek,SMO_SVM,61.79,64.61,0.4409,0.6022,0.6179,0.8125,0.5385,0.5,0.7333,0.619,0.7447,0.4286,0.5366,0.7978,12,False,no,SMOTE experimental: min_clase < 20,bloques,2.0
212260666,all,sinArtefactosConservador,smote_tomek,RandomForest,75.61,68.06,0.6035,0.6993,0.7575,0.625,0.8308,0.5,0.7667,0.625,0.7397,0.5455,1.0,0.8816,12,False,no,SMOTE experimental: min_clase < 20,bloques,2.0
212260666,all,sinArtefactosConservador,smote_tomek,MLP,60.98,62.22,0.422,0.5846,0.6179,0.6875,0.5846,0.5833,0.6333,0.6111,0.717,0.3333,0.6129,0.7475,12,False,no,SMOTE experimental: min_clase < 20,bloques,2.0
212260666,all,sinArtefactosConservador,smote_tomek,IBk_kNN,62.6,67.14,0.469,0.6051,0.6312,0.8125,0.5231,0.5833,0.7667,0.5909,0.8095,0.3333,0.6053,0.772,12,False,no,SMOTE experimental: min_clase < 20,bloques,2.0
212260666,all,sinArtefactosConservador,smote_tomek,RBFNetwork_aprox,65.85,58.16,0.423,0.6377,0.6547,0.625,0.7846,0.4167,0.5,0.9091,0.6538,1.0,0.5172,0.7634,12,False,no,SMOTE experimental: min_clase < 20; Recall crítico bajo en: push,bloques,2.0
212260666,all,sinArtefactosConservador,random_undersampling_controlado,SMO_SVM,69.11,72.36,0.5436,0.6755,0.6923,0.8125,0.6154,0.6667,0.8,0.65,0.7843,0.4706,0.6857,0.8578,12,False,no,,bloques,2.0
212260666,all,sinArtefactosConservador,random_undersampling_controlado,RandomForest,77.24,71.26,0.6415,0.7174,0.7736,0.6875,0.8462,0.5833,0.7333,0.55,0.8462,0.7778,0.7586,0.9233,12,False,SI,,bloques,2.0
212260666,all,sinArtefactosConservador,random_undersampling_controlado,MLP,63.41,68.77,0.4703,0.6256,0.6378,0.8125,0.5385,0.6667,0.7333,0.619,0.7292,0.3636,0.6875,0.8033,12,False,no,,bloques,2.0
212260666,all,sinArtefactosConservador,random_undersampling_controlado,IBk_kNN,68.29,75.83,0.5509,0.6846,0.6859,0.8125,0.5538,0.8333,0.8333,0.6842,0.9231,0.5263,0.5435,0.8273,12,False,no,,bloques,2.0
212260666,all,sinArtefactosConservador,random_undersampling_controlado,RBFNetwork_aprox,68.29,59.93,0.4704,0.6491,0.6786,0.5625,0.7846,0.4167,0.6333,0.8182,0.68,1.0,0.5938,0.8435,12,False,no,Recall crítico bajo en: push,bloques,2.0
212260666,all,sinArtefactosEstricto,sin_balanceo,SMO_SVM,,,,,,,,,,,,,,,0,True,NO_APLICA,variante marcada como no modelable,,
212260666,all,sinArtefactosEstricto,sin_balanceo,RandomForest,,,,,,,,,,,,,,,0,True,NO_APLICA,variante marcada como no modelable,,
212260666,all,sinArtefactosEstricto,sin_balanceo,MLP,,,,,,,,,,,,,,,0,True,NO_APLICA,variante marcada como no modelable,,
212260666,all,sinArtefactosEstricto,sin_balanceo,IBk_kNN,,,,,,,,,,,,,,,0,True,NO_APLICA,variante marcada como no modelable,,
212260666,all,sinArtefactosEstricto,sin_balanceo,RBFNetwork_aprox,,,,,,,,,,,,,,,0,True,NO_APLICA,variante marcada como no modelable,,
212260666,all,sinArtefactosEstricto,random_oversampling,SMO_SVM,,,,,,,,,,,,,,,0,True,NO_APLICA,variante marcada como no modelable,,
212260666,all,sinArtefactosEstricto,random_oversampling,RandomForest,,,,,,,,,,,,,,,0,True,NO_APLICA,variante marcada como no modelable,,
212260666,all,sinArtefactosEstricto,random_oversampling,MLP,,,,,,,,,,,,,,,0,True,NO_APLICA,variante marcada como no modelable,,
212260666,all,sinArtefactosEstricto,random_oversampling,IBk_kNN,,,,,,,,,,,,,,,0,True,NO_APLICA,variante marcada como no modelable,,
212260666,all,sinArtefactosEstricto,random_oversampling,RBFNetwork_aprox,,,,,,,,,,,,,,,0,True,NO_APLICA,variante marcada como no modelable,,
212260666,all,sinArtefactosEstricto,class_weight_balanced,SMO_SVM,,,,,,,,,,,,,,,0,True,NO_APLICA,variante marcada como no modelable,,
212260666,all,sinArtefactosEstricto,class_weight_balanced,RandomForest,,,,,,,,,,,,,,,0,True,NO_APLICA,variante marcada como no modelable,,
212260666,all,sinArtefactosEstricto,class_weight_balanced,MLP,,,,,,,,,,,,,,,0,True,NO_APLICA,variante marcada como no modelable,,
212260666,all,sinArtefactosEstricto,class_weight_balanced,IBk_kNN,,,,,,,,,,,,,,,0,True,NO_APLICA,variante marcada como no modelable,,
212260666,all,sinArtefactosEstricto,class_weight_balanced,RBFNetwork_aprox,,,,,,,,,,,,,,,0,True,NO_APLICA,variante marcada como no modelable,,
212260666,all,sinArtefactosEstricto,smote,SMO_SVM,,,,,,,,,,,,,,,0,True,NO_APLICA,variante marcada como no modelable,,
212260666,all,sinArtefactosEstricto,smote,RandomForest,,,,,,,,,,,,,,,0,True,NO_APLICA,variante marcada como no modelable,,
212260666,all,sinArtefactosEstricto,smote,MLP,,,,,,,,,,,,,,,0,True,NO_APLICA,variante marcada como no modelable,,
212260666,all,sinArtefactosEstricto,smote,IBk_kNN,,,,,,,,,,,,,,,0,True,NO_APLICA,variante marcada como no modelable,,
212260666,all,sinArtefactosEstricto,smote,RBFNetwork_aprox,,,,,,,,,,,,,,,0,True,NO_APLICA,variante marcada como no modelable,,
212260666,all,sinArtefactosEstricto,smote_tomek,SMO_SVM,,,,,,,,,,,,,,,0,True,NO_APLICA,variante marcada como no modelable,,
212260666,all,sinArtefactosEstricto,smote_tomek,RandomForest,,,,,,,,,,,,,,,0,True,NO_APLICA,variante marcada como no modelable,,
212260666,all,sinArtefactosEstricto,smote_tomek,MLP,,,,,,,,,,,,,,,0,True,NO_APLICA,variante marcada como no modelable,,
212260666,all,sinArtefactosEstricto,smote_tomek,IBk_kNN,,,,,,,,,,,,,,,0,True,NO_APLICA,variante marcada como no modelable,,
212260666,all,sinArtefactosEstricto,smote_tomek,RBFNetwork_aprox,,,,,,,,,,,,,,,0,True,NO_APLICA,variante marcada como no modelable,,
212260666,all,sinArtefactosEstricto,random_undersampling_controlado,SMO_SVM,,,,,,,,,,,,,,,0,True,NO_APLICA,variante marcada como no modelable,,
212260666,all,sinArtefactosEstricto,random_undersampling_controlado,RandomForest,,,,,,,,,,,,,,,0,True,NO_APLICA,variante marcada como no modelable,,
212260666,all,sinArtefactosEstricto,random_undersampling_controlado,MLP,,,,,,,,,,,,,,,0,True,NO_APLICA,variante marcada como no modelable,,
212260666,all,sinArtefactosEstricto,random_undersampling_controlado,IBk_kNN,,,,,,,,,,,,,,,0,True,NO_APLICA,variante marcada como no modelable,,
212260666,all,sinArtefactosEstricto,random_undersampling_controlado,RBFNetwork_aprox,,,,,,,,,,,,,,,0,True,NO_APLICA,variante marcada como no modelable,,
212260666,left,noOutliers,sin_balanceo,SMO_SVM,,,,,,,,,,,,,,,0,True,NO_APLICA,menos de dos clases modelables,,
212260666,left,noOutliers,sin_balanceo,RandomForest,,,,,,,,,,,,,,,0,True,NO_APLICA,menos de dos clases modelables,,
212260666,left,noOutliers,sin_balanceo,MLP,,,,,,,,,,,,,,,0,True,NO_APLICA,menos de dos clases modelables,,
212260666,left,noOutliers,sin_balanceo,IBk_kNN,,,,,,,,,,,,,,,0,True,NO_APLICA,menos de dos clases modelables,,
212260666,left,noOutliers,sin_balanceo,RBFNetwork_aprox,,,,,,,,,,,,,,,0,True,NO_APLICA,menos de dos clases modelables,,
212260666,left,noOutliers,random_oversampling,SMO_SVM,,,,,,,,,,,,,,,0,True,NO_APLICA,menos de dos clases modelables,,
212260666,left,noOutliers,random_oversampling,RandomForest,,,,,,,,,,,,,,,0,True,NO_APLICA,menos de dos clases modelables,,
212260666,left,noOutliers,random_oversampling,MLP,,,,,,,,,,,,,,,0,True,NO_APLICA,menos de dos clases modelables,,
212260666,left,noOutliers,random_oversampling,IBk_kNN,,,,,,,,,,,,,,,0,True,NO_APLICA,menos de dos clases modelables,,
212260666,left,noOutliers,random_oversampling,RBFNetwork_aprox,,,,,,,,,,,,,,,0,True,NO_APLICA,menos de dos clases modelables,,
212260666,left,noOutliers,class_weight_balanced,SMO_SVM,,,,,,,,,,,,,,,0,True,NO_APLICA,menos de dos clases modelables,,
212260666,left,noOutliers,class_weight_balanced,RandomForest,,,,,,,,,,,,,,,0,True,NO_APLICA,menos de dos clases modelables,,
212260666,left,noOutliers,class_weight_balanced,MLP,,,,,,,,,,,,,,,0,True,NO_APLICA,menos de dos clases modelables,,
212260666,left,noOutliers,class_weight_balanced,IBk_kNN,,,,,,,,,,,,,,,0,True,NO_APLICA,menos de dos clases modelables,,
212260666,left,noOutliers,class_weight_balanced,RBFNetwork_aprox,,,,,,,,,,,,,,,0,True,NO_APLICA,menos de dos clases modelables,,
212260666,left,noOutliers,smote,SMO_SVM,,,,,,,,,,,,,,,0,True,NO_APLICA,menos de dos clases modelables,,
212260666,left,noOutliers,smote,RandomForest,,,,,,,,,,,,,,,0,True,NO_APLICA,menos de dos clases modelables,,
212260666,left,noOutliers,smote,MLP,,,,,,,,,,,,,,,0,True,NO_APLICA,menos de dos clases modelables,,
212260666,left,noOutliers,smote,IBk_kNN,,,,,,,,,,,,,,,0,True,NO_APLICA,menos de dos clases modelables,,
212260666,left,noOutliers,smote,RBFNetwork_aprox,,,,,,,,,,,,,,,0,True,NO_APLICA,menos de dos clases modelables,,
212260666,left,noOutliers,smote_tomek,SMO_SVM,,,,,,,,,,,,,,,0,True,NO_APLICA,menos de dos clases modelables,,
212260666,left,noOutliers,smote_tomek,RandomForest,,,,,,,,,,,,,,,0,True,NO_APLICA,menos de dos clases modelables,,
212260666,left,noOutliers,smote_tomek,MLP,,,,,,,,,,,,,,,0,True,NO_APLICA,menos de dos clases modelables,,
212260666,left,noOutliers,smote_tomek,IBk_kNN,,,,,,,,,,,,,,,0,True,NO_APLICA,menos de dos clases modelables,,
212260666,left,noOutliers,smote_tomek,RBFNetwork_aprox,,,,,,,,,,,,,,,0,True,NO_APLICA,menos de dos clases modelables,,
212260666,left,noOutliers,random_undersampling_controlado,SMO_SVM,,,,,,,,,,,,,,,0,True,NO_APLICA,menos de dos clases modelables,,
212260666,left,noOutliers,random_undersampling_controlado,RandomForest,,,,,,,,,,,,,,,0,True,NO_APLICA,menos de dos clases modelables,,
212260666,left,noOutliers,random_undersampling_controlado,MLP,,,,,,,,,,,,,,,0,True,NO_APLICA,menos de dos clases modelables,,
212260666,left,noOutliers,random_undersampling_controlado,IBk_kNN,,,,,,,,,,,,,,,0,True,NO_APLICA,menos de dos clases modelables,,
212260666,left,noOutliers,random_undersampling_controlado,RBFNetwork_aprox,,,,,,,,,,,,,,,0,True,NO_APLICA,menos de dos clases modelables,,
212260666,left,sinArtefactosConservador,sin_balanceo,SMO_SVM,,,,,,,,,,,,,,,0,True,NO_APLICA,variante marcada como no modelable,,
212260666,left,sinArtefactosConservador,sin_balanceo,RandomForest,,,,,,,,,,,,,,,0,True,NO_APLICA,variante marcada como no modelable,,
212260666,left,sinArtefactosConservador,sin_balanceo,MLP,,,,,,,,,,,,,,,0,True,NO_APLICA,variante marcada como no modelable,,
212260666,left,sinArtefactosConservador,sin_balanceo,IBk_kNN,,,,,,,,,,,,,,,0,True,NO_APLICA,variante marcada como no modelable,,
212260666,left,sinArtefactosConservador,sin_balanceo,RBFNetwork_aprox,,,,,,,,,,,,,,,0,True,NO_APLICA,variante marcada como no modelable,,
212260666,left,sinArtefactosConservador,random_oversampling,SMO_SVM,,,,,,,,,,,,,,,0,True,NO_APLICA,variante marcada como no modelable,,
212260666,left,sinArtefactosConservador,random_oversampling,RandomForest,,,,,,,,,,,,,,,0,True,NO_APLICA,variante marcada como no modelable,,
212260666,left,sinArtefactosConservador,random_oversampling,MLP,,,,,,,,,,,,,,,0,True,NO_APLICA,variante marcada como no modelable,,
212260666,left,sinArtefactosConservador,random_oversampling,IBk_kNN,,,,,,,,,,,,,,,0,True,NO_APLICA,variante marcada como no modelable,,
212260666,left,sinArtefactosConservador,random_oversampling,RBFNetwork_aprox,,,,,,,,,,,,,,,0,True,NO_APLICA,variante marcada como no modelable,,
212260666,left,sinArtefactosConservador,class_weight_balanced,SMO_SVM,,,,,,,,,,,,,,,0,True,NO_APLICA,variante marcada como no modelable,,
212260666,left,sinArtefactosConservador,class_weight_balanced,RandomForest,,,,,,,,,,,,,,,0,True,NO_APLICA,variante marcada como no modelable,,
212260666,left,sinArtefactosConservador,class_weight_balanced,MLP,,,,,,,,,,,,,,,0,True,NO_APLICA,variante marcada como no modelable,,
212260666,left,sinArtefactosConservador,class_weight_balanced,IBk_kNN,,,,,,,,,,,,,,,0,True,NO_APLICA,variante marcada como no modelable,,
212260666,left,sinArtefactosConservador,class_weight_balanced,RBFNetwork_aprox,,,,,,,,,,,,,,,0,True,NO_APLICA,variante marcada como no modelable,,
212260666,left,sinArtefactosConservador,smote,SMO_SVM,,,,,,,,,,,,,,,0,True,NO_APLICA,variante marcada como no modelable,,
212260666,left,sinArtefactosConservador,smote,RandomForest,,,,,,,,,,,,,,,0,True,NO_APLICA,variante marcada como no modelable,,
212260666,left,sinArtefactosConservador,smote,MLP,,,,,,,,,,,,,,,0,True,NO_APLICA,variante marcada como no modelable,,
212260666,left,sinArtefactosConservador,smote,IBk_kNN,,,,,,,,,,,,,,,0,True,NO_APLICA,variante marcada como no modelable,,
212260666,left,sinArtefactosConservador,smote,RBFNetwork_aprox,,,,,,,,,,,,,,,0,True,NO_APLICA,variante marcada como no modelable,,
212260666,left,sinArtefactosConservador,smote_tomek,SMO_SVM,,,,,,,,,,,,,,,0,True,NO_APLICA,variante marcada como no modelable,,
212260666,left,sinArtefactosConservador,smote_tomek,RandomForest,,,,,,,,,,,,,,,0,True,NO_APLICA,variante marcada como no modelable,,
212260666,left,sinArtefactosConservador,smote_tomek,MLP,,,,,,,,,,,,,,,0,True,NO_APLICA,variante marcada como no modelable,,
212260666,left,sinArtefactosConservador,smote_tomek,IBk_kNN,,,,,,,,,,,,,,,0,True,NO_APLICA,variante marcada como no modelable,,
212260666,left,sinArtefactosConservador,smote_tomek,RBFNetwork_aprox,,,,,,,,,,,,,,,0,True,NO_APLICA,variante marcada como no modelable,,
212260666,left,sinArtefactosConservador,random_undersampling_controlado,SMO_SVM,,,,,,,,,,,,,,,0,True,NO_APLICA,variante marcada como no modelable,,
212260666,left,sinArtefactosConservador,random_undersampling_controlado,RandomForest,,,,,,,,,,,,,,,0,True,NO_APLICA,variante marcada como no modelable,,
212260666,left,sinArtefactosConservador,random_undersampling_controlado,MLP,,,,,,,,,,,,,,,0,True,NO_APLICA,variante marcada como no modelable,,
212260666,left,sinArtefactosConservador,random_undersampling_controlado,IBk_kNN,,,,,,,,,,,,,,,0,True,NO_APLICA,variante marcada como no modelable,,
212260666,left,sinArtefactosConservador,random_undersampling_controlado,RBFNetwork_aprox,,,,,,,,,,,,,,,0,True,NO_APLICA,variante marcada como no modelable,,
212260666,left,sinArtefactosEstricto,sin_balanceo,SMO_SVM,,,,,,,,,,,,,,,0,True,NO_APLICA,variante marcada como no modelable,,
212260666,left,sinArtefactosEstricto,sin_balanceo,RandomForest,,,,,,,,,,,,,,,0,True,NO_APLICA,variante marcada como no modelable,,
212260666,left,sinArtefactosEstricto,sin_balanceo,MLP,,,,,,,,,,,,,,,0,True,NO_APLICA,variante marcada como no modelable,,
212260666,left,sinArtefactosEstricto,sin_balanceo,IBk_kNN,,,,,,,,,,,,,,,0,True,NO_APLICA,variante marcada como no modelable,,
212260666,left,sinArtefactosEstricto,sin_balanceo,RBFNetwork_aprox,,,,,,,,,,,,,,,0,True,NO_APLICA,variante marcada como no modelable,,
212260666,left,sinArtefactosEstricto,random_oversampling,SMO_SVM,,,,,,,,,,,,,,,0,True,NO_APLICA,variante marcada como no modelable,,
212260666,left,sinArtefactosEstricto,random_oversampling,RandomForest,,,,,,,,,,,,,,,0,True,NO_APLICA,variante marcada como no modelable,,
212260666,left,sinArtefactosEstricto,random_oversampling,MLP,,,,,,,,,,,,,,,0,True,NO_APLICA,variante marcada como no modelable,,
212260666,left,sinArtefactosEstricto,random_oversampling,IBk_kNN,,,,,,,,,,,,,,,0,True,NO_APLICA,variante marcada como no modelable,,
212260666,left,sinArtefactosEstricto,random_oversampling,RBFNetwork_aprox,,,,,,,,,,,,,,,0,True,NO_APLICA,variante marcada como no modelable,,
212260666,left,sinArtefactosEstricto,class_weight_balanced,SMO_SVM,,,,,,,,,,,,,,,0,True,NO_APLICA,variante marcada como no modelable,,
212260666,left,sinArtefactosEstricto,class_weight_balanced,RandomForest,,,,,,,,,,,,,,,0,True,NO_APLICA,variante marcada como no modelable,,
212260666,left,sinArtefactosEstricto,class_weight_balanced,MLP,,,,,,,,,,,,,,,0,True,NO_APLICA,variante marcada como no modelable,,
212260666,left,sinArtefactosEstricto,class_weight_balanced,IBk_kNN,,,,,,,,,,,,,,,0,True,NO_APLICA,variante marcada como no modelable,,
212260666,left,sinArtefactosEstricto,class_weight_balanced,RBFNetwork_aprox,,,,,,,,,,,,,,,0,True,NO_APLICA,variante marcada como no modelable,,
212260666,left,sinArtefactosEstricto,smote,SMO_SVM,,,,,,,,,,,,,,,0,True,NO_APLICA,variante marcada como no modelable,,
212260666,left,sinArtefactosEstricto,smote,RandomForest,,,,,,,,,,,,,,,0,True,NO_APLICA,variante marcada como no modelable,,
212260666,left,sinArtefactosEstricto,smote,MLP,,,,,,,,,,,,,,,0,True,NO_APLICA,variante marcada como no modelable,,
212260666,left,sinArtefactosEstricto,smote,IBk_kNN,,,,,,,,,,,,,,,0,True,NO_APLICA,variante marcada como no modelable,,
212260666,left,sinArtefactosEstricto,smote,RBFNetwork_aprox,,,,,,,,,,,,,,,0,True,NO_APLICA,variante marcada como no modelable,,
212260666,left,sinArtefactosEstricto,smote_tomek,SMO_SVM,,,,,,,,,,,,,,,0,True,NO_APLICA,variante marcada como no modelable,,
212260666,left,sinArtefactosEstricto,smote_tomek,RandomForest,,,,,,,,,,,,,,,0,True,NO_APLICA,variante marcada como no modelable,,
212260666,left,sinArtefactosEstricto,smote_tomek,MLP,,,,,,,,,,,,,,,0,True,NO_APLICA,variante marcada como no modelable,,
212260666,left,sinArtefactosEstricto,smote_tomek,IBk_kNN,,,,,,,,,,,,,,,0,True,NO_APLICA,variante marcada como no modelable,,
212260666,left,sinArtefactosEstricto,smote_tomek,RBFNetwork_aprox,,,,,,,,,,,,,,,0,True,NO_APLICA,variante marcada como no modelable,,
212260666,left,sinArtefactosEstricto,random_undersampling_controlado,SMO_SVM,,,,,,,,,,,,,,,0,True,NO_APLICA,variante marcada como no modelable,,
212260666,left,sinArtefactosEstricto,random_undersampling_controlado,RandomForest,,,,,,,,,,,,,,,0,True,NO_APLICA,variante marcada como no modelable,,
212260666,left,sinArtefactosEstricto,random_undersampling_controlado,MLP,,,,,,,,,,,,,,,0,True,NO_APLICA,variante marcada como no modelable,,
212260666,left,sinArtefactosEstricto,random_undersampling_controlado,IBk_kNN,,,,,,,,,,,,,,,0,True,NO_APLICA,variante marcada como no modelable,,
212260666,left,sinArtefactosEstricto,random_undersampling_controlado,RBFNetwork_aprox,,,,,,,,,,,,,,,0,True,NO_APLICA,variante marcada como no modelable,,
212260666,pull,noOutliers,sin_balanceo,SMO_SVM,,,,,,,,,,,,,,,0,True,NO_APLICA,menos de dos clases modelables,,
212260666,pull,noOutliers,sin_balanceo,RandomForest,,,,,,,,,,,,,,,0,True,NO_APLICA,menos de dos clases modelables,,
212260666,pull,noOutliers,sin_balanceo,MLP,,,,,,,,,,,,,,,0,True,NO_APLICA,menos de dos clases modelables,,
212260666,pull,noOutliers,sin_balanceo,IBk_kNN,,,,,,,,,,,,,,,0,True,NO_APLICA,menos de dos clases modelables,,
212260666,pull,noOutliers,sin_balanceo,RBFNetwork_aprox,,,,,,,,,,,,,,,0,True,NO_APLICA,menos de dos clases modelables,,
212260666,pull,noOutliers,random_oversampling,SMO_SVM,,,,,,,,,,,,,,,0,True,NO_APLICA,menos de dos clases modelables,,
212260666,pull,noOutliers,random_oversampling,RandomForest,,,,,,,,,,,,,,,0,True,NO_APLICA,menos de dos clases modelables,,
212260666,pull,noOutliers,random_oversampling,MLP,,,,,,,,,,,,,,,0,True,NO_APLICA,menos de dos clases modelables,,
212260666,pull,noOutliers,random_oversampling,IBk_kNN,,,,,,,,,,,,,,,0,True,NO_APLICA,menos de dos clases modelables,,
212260666,pull,noOutliers,random_oversampling,RBFNetwork_aprox,,,,,,,,,,,,,,,0,True,NO_APLICA,menos de dos clases modelables,,
212260666,pull,noOutliers,class_weight_balanced,SMO_SVM,,,,,,,,,,,,,,,0,True,NO_APLICA,menos de dos clases modelables,,
212260666,pull,noOutliers,class_weight_balanced,RandomForest,,,,,,,,,,,,,,,0,True,NO_APLICA,menos de dos clases modelables,,
212260666,pull,noOutliers,class_weight_balanced,MLP,,,,,,,,,,,,,,,0,True,NO_APLICA,menos de dos clases modelables,,
212260666,pull,noOutliers,class_weight_balanced,IBk_kNN,,,,,,,,,,,,,,,0,True,NO_APLICA,menos de dos clases modelables,,
212260666,pull,noOutliers,class_weight_balanced,RBFNetwork_aprox,,,,,,,,,,,,,,,0,True,NO_APLICA,menos de dos clases modelables,,
212260666,pull,noOutliers,smote,SMO_SVM,,,,,,,,,,,,,,,0,True,NO_APLICA,menos de dos clases modelables,,
212260666,pull,noOutliers,smote,RandomForest,,,,,,,,,,,,,,,0,True,NO_APLICA,menos de dos clases modelables,,
212260666,pull,noOutliers,smote,MLP,,,,,,,,,,,,,,,0,True,NO_APLICA,menos de dos clases modelables,,
212260666,pull,noOutliers,smote,IBk_kNN,,,,,,,,,,,,,,,0,True,NO_APLICA,menos de dos clases modelables,,
212260666,pull,noOutliers,smote,RBFNetwork_aprox,,,,,,,,,,,,,,,0,True,NO_APLICA,menos de dos clases modelables,,
212260666,pull,noOutliers,smote_tomek,SMO_SVM,,,,,,,,,,,,,,,0,True,NO_APLICA,menos de dos clases modelables,,
212260666,pull,noOutliers,smote_tomek,RandomForest,,,,,,,,,,,,,,,0,True,NO_APLICA,menos de dos clases modelables,,
212260666,pull,noOutliers,smote_tomek,MLP,,,,,,,,,,,,,,,0,True,NO_APLICA,menos de dos clases modelables,,
212260666,pull,noOutliers,smote_tomek,IBk_kNN,,,,,,,,,,,,,,,0,True,NO_APLICA,menos de dos clases modelables,,
212260666,pull,noOutliers,smote_tomek,RBFNetwork_aprox,,,,,,,,,,,,,,,0,True,NO_APLICA,menos de dos clases modelables,,
212260666,pull,noOutliers,random_undersampling_controlado,SMO_SVM,,,,,,,,,,,,,,,0,True,NO_APLICA,menos de dos clases modelables,,
212260666,pull,noOutliers,random_undersampling_controlado,RandomForest,,,,,,,,,,,,,,,0,True,NO_APLICA,menos de dos clases modelables,,
212260666,pull,noOutliers,random_undersampling_controlado,MLP,,,,,,,,,,,,,,,0,True,NO_APLICA,menos de dos clases modelables,,
212260666,pull,noOutliers,random_undersampling_controlado,IBk_kNN,,,,,,,,,,,,,,,0,True,NO_APLICA,menos de dos clases modelables,,
212260666,pull,noOutliers,random_undersampling_controlado,RBFNetwork_aprox,,,,,,,,,,,,,,,0,True,NO_APLICA,menos de dos clases modelables,,
212260666,pull,sinArtefactosConservador,sin_balanceo,SMO_SVM,,,,,,,,,,,,,,,0,True,NO_APLICA,variante marcada como no modelable,,
212260666,pull,sinArtefactosConservador,sin_balanceo,RandomForest,,,,,,,,,,,,,,,0,True,NO_APLICA,variante marcada como no modelable,,
212260666,pull,sinArtefactosConservador,sin_balanceo,MLP,,,,,,,,,,,,,,,0,True,NO_APLICA,variante marcada como no modelable,,
212260666,pull,sinArtefactosConservador,sin_balanceo,IBk_kNN,,,,,,,,,,,,,,,0,True,NO_APLICA,variante marcada como no modelable,,
212260666,pull,sinArtefactosConservador,sin_balanceo,RBFNetwork_aprox,,,,,,,,,,,,,,,0,True,NO_APLICA,variante marcada como no modelable,,
212260666,pull,sinArtefactosConservador,random_oversampling,SMO_SVM,,,,,,,,,,,,,,,0,True,NO_APLICA,variante marcada como no modelable,,
212260666,pull,sinArtefactosConservador,random_oversampling,RandomForest,,,,,,,,,,,,,,,0,True,NO_APLICA,variante marcada como no modelable,,
212260666,pull,sinArtefactosConservador,random_oversampling,MLP,,,,,,,,,,,,,,,0,True,NO_APLICA,variante marcada como no modelable,,
212260666,pull,sinArtefactosConservador,random_oversampling,IBk_kNN,,,,,,,,,,,,,,,0,True,NO_APLICA,variante marcada como no modelable,,
212260666,pull,sinArtefactosConservador,random_oversampling,RBFNetwork_aprox,,,,,,,,,,,,,,,0,True,NO_APLICA,variante marcada como no modelable,,
212260666,pull,sinArtefactosConservador,class_weight_balanced,SMO_SVM,,,,,,,,,,,,,,,0,True,NO_APLICA,variante marcada como no modelable,,
212260666,pull,sinArtefactosConservador,class_weight_balanced,RandomForest,,,,,,,,,,,,,,,0,True,NO_APLICA,variante marcada como no modelable,,
212260666,pull,sinArtefactosConservador,class_weight_balanced,MLP,,,,,,,,,,,,,,,0,True,NO_APLICA,variante marcada como no modelable,,
212260666,pull,sinArtefactosConservador,class_weight_balanced,IBk_kNN,,,,,,,,,,,,,,,0,True,NO_APLICA,variante marcada como no modelable,,
212260666,pull,sinArtefactosConservador,class_weight_balanced,RBFNetwork_aprox,,,,,,,,,,,,,,,0,True,NO_APLICA,variante marcada como no modelable,,
212260666,pull,sinArtefactosConservador,smote,SMO_SVM,,,,,,,,,,,,,,,0,True,NO_APLICA,variante marcada como no modelable,,
212260666,pull,sinArtefactosConservador,smote,RandomForest,,,,,,,,,,,,,,,0,True,NO_APLICA,variante marcada como no modelable,,
212260666,pull,sinArtefactosConservador,smote,MLP,,,,,,,,,,,,,,,0,True,NO_APLICA,variante marcada como no modelable,,
212260666,pull,sinArtefactosConservador,smote,IBk_kNN,,,,,,,,,,,,,,,0,True,NO_APLICA,variante marcada como no modelable,,
212260666,pull,sinArtefactosConservador,smote,RBFNetwork_aprox,,,,,,,,,,,,,,,0,True,NO_APLICA,variante marcada como no modelable,,
212260666,pull,sinArtefactosConservador,smote_tomek,SMO_SVM,,,,,,,,,,,,,,,0,True,NO_APLICA,variante marcada como no modelable,,
212260666,pull,sinArtefactosConservador,smote_tomek,RandomForest,,,,,,,,,,,,,,,0,True,NO_APLICA,variante marcada como no modelable,,
212260666,pull,sinArtefactosConservador,smote_tomek,MLP,,,,,,,,,,,,,,,0,True,NO_APLICA,variante marcada como no modelable,,
212260666,pull,sinArtefactosConservador,smote_tomek,IBk_kNN,,,,,,,,,,,,,,,0,True,NO_APLICA,variante marcada como no modelable,,
212260666,pull,sinArtefactosConservador,smote_tomek,RBFNetwork_aprox,,,,,,,,,,,,,,,0,True,NO_APLICA,variante marcada como no modelable,,
212260666,pull,sinArtefactosConservador,random_undersampling_controlado,SMO_SVM,,,,,,,,,,,,,,,0,True,NO_APLICA,variante marcada como no modelable,,
212260666,pull,sinArtefactosConservador,random_undersampling_controlado,RandomForest,,,,,,,,,,,,,,,0,True,NO_APLICA,variante marcada como no modelable,,
212260666,pull,sinArtefactosConservador,random_undersampling_controlado,MLP,,,,,,,,,,,,,,,0,True,NO_APLICA,variante marcada como no modelable,,
212260666,pull,sinArtefactosConservador,random_undersampling_controlado,IBk_kNN,,,,,,,,,,,,,,,0,True,NO_APLICA,variante marcada como no modelable,,
212260666,pull,sinArtefactosConservador,random_undersampling_controlado,RBFNetwork_aprox,,,,,,,,,,,,,,,0,True,NO_APLICA,variante marcada como no modelable,,
212260666,pull,sinArtefactosEstricto,sin_balanceo,SMO_SVM,,,,,,,,,,,,,,,0,True,NO_APLICA,variante marcada como no modelable,,
212260666,pull,sinArtefactosEstricto,sin_balanceo,RandomForest,,,,,,,,,,,,,,,0,True,NO_APLICA,variante marcada como no modelable,,
212260666,pull,sinArtefactosEstricto,sin_balanceo,MLP,,,,,,,,,,,,,,,0,True,NO_APLICA,variante marcada como no modelable,,
212260666,pull,sinArtefactosEstricto,sin_balanceo,IBk_kNN,,,,,,,,,,,,,,,0,True,NO_APLICA,variante marcada como no modelable,,
212260666,pull,sinArtefactosEstricto,sin_balanceo,RBFNetwork_aprox,,,,,,,,,,,,,,,0,True,NO_APLICA,variante marcada como no modelable,,
212260666,pull,sinArtefactosEstricto,random_oversampling,SMO_SVM,,,,,,,,,,,,,,,0,True,NO_APLICA,variante marcada como no modelable,,
212260666,pull,sinArtefactosEstricto,random_oversampling,RandomForest,,,,,,,,,,,,,,,0,True,NO_APLICA,variante marcada como no modelable,,
212260666,pull,sinArtefactosEstricto,random_oversampling,MLP,,,,,,,,,,,,,,,0,True,NO_APLICA,variante marcada como no modelable,,
212260666,pull,sinArtefactosEstricto,random_oversampling,IBk_kNN,,,,,,,,,,,,,,,0,True,NO_APLICA,variante marcada como no modelable,,
212260666,pull,sinArtefactosEstricto,random_oversampling,RBFNetwork_aprox,,,,,,,,,,,,,,,0,True,NO_APLICA,variante marcada como no modelable,,
212260666,pull,sinArtefactosEstricto,class_weight_balanced,SMO_SVM,,,,,,,,,,,,,,,0,True,NO_APLICA,variante marcada como no modelable,,
212260666,pull,sinArtefactosEstricto,class_weight_balanced,RandomForest,,,,,,,,,,,,,,,0,True,NO_APLICA,variante marcada como no modelable,,
212260666,pull,sinArtefactosEstricto,class_weight_balanced,MLP,,,,,,,,,,,,,,,0,True,NO_APLICA,variante marcada como no modelable,,
212260666,pull,sinArtefactosEstricto,class_weight_balanced,IBk_kNN,,,,,,,,,,,,,,,0,True,NO_APLICA,variante marcada como no modelable,,
212260666,pull,sinArtefactosEstricto,class_weight_balanced,RBFNetwork_aprox,,,,,,,,,,,,,,,0,True,NO_APLICA,variante marcada como no modelable,,
212260666,pull,sinArtefactosEstricto,smote,SMO_SVM,,,,,,,,,,,,,,,0,True,NO_APLICA,variante marcada como no modelable,,
212260666,pull,sinArtefactosEstricto,smote,RandomForest,,,,,,,,,,,,,,,0,True,NO_APLICA,variante marcada como no modelable,,
212260666,pull,sinArtefactosEstricto,smote,MLP,,,,,,,,,,,,,,,0,True,NO_APLICA,variante marcada como no modelable,,
212260666,pull,sinArtefactosEstricto,smote,IBk_kNN,,,,,,,,,,,,,,,0,True,NO_APLICA,variante marcada como no modelable,,
212260666,pull,sinArtefactosEstricto,smote,RBFNetwork_aprox,,,,,,,,,,,,,,,0,True,NO_APLICA,variante marcada como no modelable,,
212260666,pull,sinArtefactosEstricto,smote_tomek,SMO_SVM,,,,,,,,,,,,,,,0,True,NO_APLICA,variante marcada como no modelable,,
212260666,pull,sinArtefactosEstricto,smote_tomek,RandomForest,,,,,,,,,,,,,,,0,True,NO_APLICA,variante marcada como no modelable,,
212260666,pull,sinArtefactosEstricto,smote_tomek,MLP,,,,,,,,,,,,,,,0,True,NO_APLICA,variante marcada como no modelable,,
212260666,pull,sinArtefactosEstricto,smote_tomek,IBk_kNN,,,,,,,,,,,,,,,0,True,NO_APLICA,variante marcada como no modelable,,
212260666,pull,sinArtefactosEstricto,smote_tomek,RBFNetwork_aprox,,,,,,,,,,,,,,,0,True,NO_APLICA,variante marcada como no modelable,,
212260666,pull,sinArtefactosEstricto,random_undersampling_controlado,SMO_SVM,,,,,,,,,,,,,,,0,True,NO_APLICA,variante marcada como no modelable,,
212260666,pull,sinArtefactosEstricto,random_undersampling_controlado,RandomForest,,,,,,,,,,,,,,,0,True,NO_APLICA,variante marcada como no modelable,,
212260666,pull,sinArtefactosEstricto,random_undersampling_controlado,MLP,,,,,,,,,,,,,,,0,True,NO_APLICA,variante marcada como no modelable,,
212260666,pull,sinArtefactosEstricto,random_undersampling_controlado,IBk_kNN,,,,,,,,,,,,,,,0,True,NO_APLICA,variante marcada como no modelable,,
212260666,pull,sinArtefactosEstricto,random_undersampling_controlado,RBFNetwork_aprox,,,,,,,,,,,,,,,0,True,NO_APLICA,variante marcada como no modelable,,
212260666,push,noOutliers,sin_balanceo,SMO_SVM,,,,,,,,,,,,,,,0,True,NO_APLICA,menos de dos clases modelables,,
212260666,push,noOutliers,sin_balanceo,RandomForest,,,,,,,,,,,,,,,0,True,NO_APLICA,menos de dos clases modelables,,
212260666,push,noOutliers,sin_balanceo,MLP,,,,,,,,,,,,,,,0,True,NO_APLICA,menos de dos clases modelables,,
212260666,push,noOutliers,sin_balanceo,IBk_kNN,,,,,,,,,,,,,,,0,True,NO_APLICA,menos de dos clases modelables,,
212260666,push,noOutliers,sin_balanceo,RBFNetwork_aprox,,,,,,,,,,,,,,,0,True,NO_APLICA,menos de dos clases modelables,,
212260666,push,noOutliers,random_oversampling,SMO_SVM,,,,,,,,,,,,,,,0,True,NO_APLICA,menos de dos clases modelables,,
212260666,push,noOutliers,random_oversampling,RandomForest,,,,,,,,,,,,,,,0,True,NO_APLICA,menos de dos clases modelables,,
212260666,push,noOutliers,random_oversampling,MLP,,,,,,,,,,,,,,,0,True,NO_APLICA,menos de dos clases modelables,,
212260666,push,noOutliers,random_oversampling,IBk_kNN,,,,,,,,,,,,,,,0,True,NO_APLICA,menos de dos clases modelables,,
212260666,push,noOutliers,random_oversampling,RBFNetwork_aprox,,,,,,,,,,,,,,,0,True,NO_APLICA,menos de dos clases modelables,,
212260666,push,noOutliers,class_weight_balanced,SMO_SVM,,,,,,,,,,,,,,,0,True,NO_APLICA,menos de dos clases modelables,,
212260666,push,noOutliers,class_weight_balanced,RandomForest,,,,,,,,,,,,,,,0,True,NO_APLICA,menos de dos clases modelables,,
212260666,push,noOutliers,class_weight_balanced,MLP,,,,,,,,,,,,,,,0,True,NO_APLICA,menos de dos clases modelables,,
212260666,push,noOutliers,class_weight_balanced,IBk_kNN,,,,,,,,,,,,,,,0,True,NO_APLICA,menos de dos clases modelables,,
212260666,push,noOutliers,class_weight_balanced,RBFNetwork_aprox,,,,,,,,,,,,,,,0,True,NO_APLICA,menos de dos clases modelables,,
212260666,push,noOutliers,smote,SMO_SVM,,,,,,,,,,,,,,,0,True,NO_APLICA,menos de dos clases modelables,,
212260666,push,noOutliers,smote,RandomForest,,,,,,,,,,,,,,,0,True,NO_APLICA,menos de dos clases modelables,,
212260666,push,noOutliers,smote,MLP,,,,,,,,,,,,,,,0,True,NO_APLICA,menos de dos clases modelables,,
212260666,push,noOutliers,smote,IBk_kNN,,,,,,,,,,,,,,,0,True,NO_APLICA,menos de dos clases modelables,,
212260666,push,noOutliers,smote,RBFNetwork_aprox,,,,,,,,,,,,,,,0,True,NO_APLICA,menos de dos clases modelables,,
212260666,push,noOutliers,smote_tomek,SMO_SVM,,,,,,,,,,,,,,,0,True,NO_APLICA,menos de dos clases modelables,,
212260666,push,noOutliers,smote_tomek,RandomForest,,,,,,,,,,,,,,,0,True,NO_APLICA,menos de dos clases modelables,,
212260666,push,noOutliers,smote_tomek,MLP,,,,,,,,,,,,,,,0,True,NO_APLICA,menos de dos clases modelables,,
212260666,push,noOutliers,smote_tomek,IBk_kNN,,,,,,,,,,,,,,,0,True,NO_APLICA,menos de dos clases modelables,,
212260666,push,noOutliers,smote_tomek,RBFNetwork_aprox,,,,,,,,,,,,,,,0,True,NO_APLICA,menos de dos clases modelables,,
212260666,push,noOutliers,random_undersampling_controlado,SMO_SVM,,,,,,,,,,,,,,,0,True,NO_APLICA,menos de dos clases modelables,,
212260666,push,noOutliers,random_undersampling_controlado,RandomForest,,,,,,,,,,,,,,,0,True,NO_APLICA,menos de dos clases modelables,,
212260666,push,noOutliers,random_undersampling_controlado,MLP,,,,,,,,,,,,,,,0,True,NO_APLICA,menos de dos clases modelables,,
212260666,push,noOutliers,random_undersampling_controlado,IBk_kNN,,,,,,,,,,,,,,,0,True,NO_APLICA,menos de dos clases modelables,,
212260666,push,noOutliers,random_undersampling_controlado,RBFNetwork_aprox,,,,,,,,,,,,,,,0,True,NO_APLICA,menos de dos clases modelables,,
212260666,push,sinArtefactosConservador,sin_balanceo,SMO_SVM,,,,,,,,,,,,,,,0,True,NO_APLICA,variante marcada como no modelable,,
212260666,push,sinArtefactosConservador,sin_balanceo,RandomForest,,,,,,,,,,,,,,,0,True,NO_APLICA,variante marcada como no modelable,,
212260666,push,sinArtefactosConservador,sin_balanceo,MLP,,,,,,,,,,,,,,,0,True,NO_APLICA,variante marcada como no modelable,,
212260666,push,sinArtefactosConservador,sin_balanceo,IBk_kNN,,,,,,,,,,,,,,,0,True,NO_APLICA,variante marcada como no modelable,,
212260666,push,sinArtefactosConservador,sin_balanceo,RBFNetwork_aprox,,,,,,,,,,,,,,,0,True,NO_APLICA,variante marcada como no modelable,,
212260666,push,sinArtefactosConservador,random_oversampling,SMO_SVM,,,,,,,,,,,,,,,0,True,NO_APLICA,variante marcada como no modelable,,
212260666,push,sinArtefactosConservador,random_oversampling,RandomForest,,,,,,,,,,,,,,,0,True,NO_APLICA,variante marcada como no modelable,,
212260666,push,sinArtefactosConservador,random_oversampling,MLP,,,,,,,,,,,,,,,0,True,NO_APLICA,variante marcada como no modelable,,
212260666,push,sinArtefactosConservador,random_oversampling,IBk_kNN,,,,,,,,,,,,,,,0,True,NO_APLICA,variante marcada como no modelable,,
212260666,push,sinArtefactosConservador,random_oversampling,RBFNetwork_aprox,,,,,,,,,,,,,,,0,True,NO_APLICA,variante marcada como no modelable,,
212260666,push,sinArtefactosConservador,class_weight_balanced,SMO_SVM,,,,,,,,,,,,,,,0,True,NO_APLICA,variante marcada como no modelable,,
212260666,push,sinArtefactosConservador,class_weight_balanced,RandomForest,,,,,,,,,,,,,,,0,True,NO_APLICA,variante marcada como no modelable,,
212260666,push,sinArtefactosConservador,class_weight_balanced,MLP,,,,,,,,,,,,,,,0,True,NO_APLICA,variante marcada como no modelable,,
212260666,push,sinArtefactosConservador,class_weight_balanced,IBk_kNN,,,,,,,,,,,,,,,0,True,NO_APLICA,variante marcada como no modelable,,
212260666,push,sinArtefactosConservador,class_weight_balanced,RBFNetwork_aprox,,,,,,,,,,,,,,,0,True,NO_APLICA,variante marcada como no modelable,,
212260666,push,sinArtefactosConservador,smote,SMO_SVM,,,,,,,,,,,,,,,0,True,NO_APLICA,variante marcada como no modelable,,
212260666,push,sinArtefactosConservador,smote,RandomForest,,,,,,,,,,,,,,,0,True,NO_APLICA,variante marcada como no modelable,,
212260666,push,sinArtefactosConservador,smote,MLP,,,,,,,,,,,,,,,0,True,NO_APLICA,variante marcada como no modelable,,
212260666,push,sinArtefactosConservador,smote,IBk_kNN,,,,,,,,,,,,,,,0,True,NO_APLICA,variante marcada como no modelable,,
212260666,push,sinArtefactosConservador,smote,RBFNetwork_aprox,,,,,,,,,,,,,,,0,True,NO_APLICA,variante marcada como no modelable,,
212260666,push,sinArtefactosConservador,smote_tomek,SMO_SVM,,,,,,,,,,,,,,,0,True,NO_APLICA,variante marcada como no modelable,,
212260666,push,sinArtefactosConservador,smote_tomek,RandomForest,,,,,,,,,,,,,,,0,True,NO_APLICA,variante marcada como no modelable,,
212260666,push,sinArtefactosConservador,smote_tomek,MLP,,,,,,,,,,,,,,,0,True,NO_APLICA,variante marcada como no modelable,,
212260666,push,sinArtefactosConservador,smote_tomek,IBk_kNN,,,,,,,,,,,,,,,0,True,NO_APLICA,variante marcada como no modelable,,
212260666,push,sinArtefactosConservador,smote_tomek,RBFNetwork_aprox,,,,,,,,,,,,,,,0,True,NO_APLICA,variante marcada como no modelable,,
212260666,push,sinArtefactosConservador,random_undersampling_controlado,SMO_SVM,,,,,,,,,,,,,,,0,True,NO_APLICA,variante marcada como no modelable,,
212260666,push,sinArtefactosConservador,random_undersampling_controlado,RandomForest,,,,,,,,,,,,,,,0,True,NO_APLICA,variante marcada como no modelable,,
212260666,push,sinArtefactosConservador,random_undersampling_controlado,MLP,,,,,,,,,,,,,,,0,True,NO_APLICA,variante marcada como no modelable,,
212260666,push,sinArtefactosConservador,random_undersampling_controlado,IBk_kNN,,,,,,,,,,,,,,,0,True,NO_APLICA,variante marcada como no modelable,,
212260666,push,sinArtefactosConservador,random_undersampling_controlado,RBFNetwork_aprox,,,,,,,,,,,,,,,0,True,NO_APLICA,variante marcada como no modelable,,
212260666,push,sinArtefactosEstricto,sin_balanceo,SMO_SVM,,,,,,,,,,,,,,,0,True,NO_APLICA,variante marcada como no modelable,,
212260666,push,sinArtefactosEstricto,sin_balanceo,RandomForest,,,,,,,,,,,,,,,0,True,NO_APLICA,variante marcada como no modelable,,
212260666,push,sinArtefactosEstricto,sin_balanceo,MLP,,,,,,,,,,,,,,,0,True,NO_APLICA,variante marcada como no modelable,,
212260666,push,sinArtefactosEstricto,sin_balanceo,IBk_kNN,,,,,,,,,,,,,,,0,True,NO_APLICA,variante marcada como no modelable,,
212260666,push,sinArtefactosEstricto,sin_balanceo,RBFNetwork_aprox,,,,,,,,,,,,,,,0,True,NO_APLICA,variante marcada como no modelable,,
212260666,push,sinArtefactosEstricto,random_oversampling,SMO_SVM,,,,,,,,,,,,,,,0,True,NO_APLICA,variante marcada como no modelable,,
212260666,push,sinArtefactosEstricto,random_oversampling,RandomForest,,,,,,,,,,,,,,,0,True,NO_APLICA,variante marcada como no modelable,,
212260666,push,sinArtefactosEstricto,random_oversampling,MLP,,,,,,,,,,,,,,,0,True,NO_APLICA,variante marcada como no modelable,,
212260666,push,sinArtefactosEstricto,random_oversampling,IBk_kNN,,,,,,,,,,,,,,,0,True,NO_APLICA,variante marcada como no modelable,,
212260666,push,sinArtefactosEstricto,random_oversampling,RBFNetwork_aprox,,,,,,,,,,,,,,,0,True,NO_APLICA,variante marcada como no modelable,,
212260666,push,sinArtefactosEstricto,class_weight_balanced,SMO_SVM,,,,,,,,,,,,,,,0,True,NO_APLICA,variante marcada como no modelable,,
212260666,push,sinArtefactosEstricto,class_weight_balanced,RandomForest,,,,,,,,,,,,,,,0,True,NO_APLICA,variante marcada como no modelable,,
212260666,push,sinArtefactosEstricto,class_weight_balanced,MLP,,,,,,,,,,,,,,,0,True,NO_APLICA,variante marcada como no modelable,,
212260666,push,sinArtefactosEstricto,class_weight_balanced,IBk_kNN,,,,,,,,,,,,,,,0,True,NO_APLICA,variante marcada como no modelable,,
212260666,push,sinArtefactosEstricto,class_weight_balanced,RBFNetwork_aprox,,,,,,,,,,,,,,,0,True,NO_APLICA,variante marcada como no modelable,,
212260666,push,sinArtefactosEstricto,smote,SMO_SVM,,,,,,,,,,,,,,,0,True,NO_APLICA,variante marcada como no modelable,,
212260666,push,sinArtefactosEstricto,smote,RandomForest,,,,,,,,,,,,,,,0,True,NO_APLICA,variante marcada como no modelable,,
212260666,push,sinArtefactosEstricto,smote,MLP,,,,,,,,,,,,,,,0,True,NO_APLICA,variante marcada como no modelable,,
212260666,push,sinArtefactosEstricto,smote,IBk_kNN,,,,,,,,,,,,,,,0,True,NO_APLICA,variante marcada como no modelable,,
212260666,push,sinArtefactosEstricto,smote,RBFNetwork_aprox,,,,,,,,,,,,,,,0,True,NO_APLICA,variante marcada como no modelable,,
212260666,push,sinArtefactosEstricto,smote_tomek,SMO_SVM,,,,,,,,,,,,,,,0,True,NO_APLICA,variante marcada como no modelable,,
212260666,push,sinArtefactosEstricto,smote_tomek,RandomForest,,,,,,,,,,,,,,,0,True,NO_APLICA,variante marcada como no modelable,,
212260666,push,sinArtefactosEstricto,smote_tomek,MLP,,,,,,,,,,,,,,,0,True,NO_APLICA,variante marcada como no modelable,,
212260666,push,sinArtefactosEstricto,smote_tomek,IBk_kNN,,,,,,,,,,,,,,,0,True,NO_APLICA,variante marcada como no modelable,,
212260666,push,sinArtefactosEstricto,smote_tomek,RBFNetwork_aprox,,,,,,,,,,,,,,,0,True,NO_APLICA,variante marcada como no modelable,,
212260666,push,sinArtefactosEstricto,random_undersampling_controlado,SMO_SVM,,,,,,,,,,,,,,,0,True,NO_APLICA,variante marcada como no modelable,,
212260666,push,sinArtefactosEstricto,random_undersampling_controlado,RandomForest,,,,,,,,,,,,,,,0,True,NO_APLICA,variante marcada como no modelable,,
212260666,push,sinArtefactosEstricto,random_undersampling_controlado,MLP,,,,,,,,,,,,,,,0,True,NO_APLICA,variante marcada como no modelable,,
212260666,push,sinArtefactosEstricto,random_undersampling_controlado,IBk_kNN,,,,,,,,,,,,,,,0,True,NO_APLICA,variante marcada como no modelable,,
212260666,push,sinArtefactosEstricto,random_undersampling_controlado,RBFNetwork_aprox,,,,,,,,,,,,,,,0,True,NO_APLICA,variante marcada como no modelable,,
212260666,right,noOutliers,sin_balanceo,SMO_SVM,,,,,,,,,,,,,,,0,True,NO_APLICA,menos de dos clases modelables,,
212260666,right,noOutliers,sin_balanceo,RandomForest,,,,,,,,,,,,,,,0,True,NO_APLICA,menos de dos clases modelables,,
212260666,right,noOutliers,sin_balanceo,MLP,,,,,,,,,,,,,,,0,True,NO_APLICA,menos de dos clases modelables,,
212260666,right,noOutliers,sin_balanceo,IBk_kNN,,,,,,,,,,,,,,,0,True,NO_APLICA,menos de dos clases modelables,,
212260666,right,noOutliers,sin_balanceo,RBFNetwork_aprox,,,,,,,,,,,,,,,0,True,NO_APLICA,menos de dos clases modelables,,
212260666,right,noOutliers,random_oversampling,SMO_SVM,,,,,,,,,,,,,,,0,True,NO_APLICA,menos de dos clases modelables,,
212260666,right,noOutliers,random_oversampling,RandomForest,,,,,,,,,,,,,,,0,True,NO_APLICA,menos de dos clases modelables,,
212260666,right,noOutliers,random_oversampling,MLP,,,,,,,,,,,,,,,0,True,NO_APLICA,menos de dos clases modelables,,
212260666,right,noOutliers,random_oversampling,IBk_kNN,,,,,,,,,,,,,,,0,True,NO_APLICA,menos de dos clases modelables,,
212260666,right,noOutliers,random_oversampling,RBFNetwork_aprox,,,,,,,,,,,,,,,0,True,NO_APLICA,menos de dos clases modelables,,
212260666,right,noOutliers,class_weight_balanced,SMO_SVM,,,,,,,,,,,,,,,0,True,NO_APLICA,menos de dos clases modelables,,
212260666,right,noOutliers,class_weight_balanced,RandomForest,,,,,,,,,,,,,,,0,True,NO_APLICA,menos de dos clases modelables,,
212260666,right,noOutliers,class_weight_balanced,MLP,,,,,,,,,,,,,,,0,True,NO_APLICA,menos de dos clases modelables,,
212260666,right,noOutliers,class_weight_balanced,IBk_kNN,,,,,,,,,,,,,,,0,True,NO_APLICA,menos de dos clases modelables,,
212260666,right,noOutliers,class_weight_balanced,RBFNetwork_aprox,,,,,,,,,,,,,,,0,True,NO_APLICA,menos de dos clases modelables,,
212260666,right,noOutliers,smote,SMO_SVM,,,,,,,,,,,,,,,0,True,NO_APLICA,menos de dos clases modelables,,
212260666,right,noOutliers,smote,RandomForest,,,,,,,,,,,,,,,0,True,NO_APLICA,menos de dos clases modelables,,
212260666,right,noOutliers,smote,MLP,,,,,,,,,,,,,,,0,True,NO_APLICA,menos de dos clases modelables,,
212260666,right,noOutliers,smote,IBk_kNN,,,,,,,,,,,,,,,0,True,NO_APLICA,menos de dos clases modelables,,
212260666,right,noOutliers,smote,RBFNetwork_aprox,,,,,,,,,,,,,,,0,True,NO_APLICA,menos de dos clases modelables,,
212260666,right,noOutliers,smote_tomek,SMO_SVM,,,,,,,,,,,,,,,0,True,NO_APLICA,menos de dos clases modelables,,
212260666,right,noOutliers,smote_tomek,RandomForest,,,,,,,,,,,,,,,0,True,NO_APLICA,menos de dos clases modelables,,
212260666,right,noOutliers,smote_tomek,MLP,,,,,,,,,,,,,,,0,True,NO_APLICA,menos de dos clases modelables,,
212260666,right,noOutliers,smote_tomek,IBk_kNN,,,,,,,,,,,,,,,0,True,NO_APLICA,menos de dos clases modelables,,
212260666,right,noOutliers,smote_tomek,RBFNetwork_aprox,,,,,,,,,,,,,,,0,True,NO_APLICA,menos de dos clases modelables,,
212260666,right,noOutliers,random_undersampling_controlado,SMO_SVM,,,,,,,,,,,,,,,0,True,NO_APLICA,menos de dos clases modelables,,
212260666,right,noOutliers,random_undersampling_controlado,RandomForest,,,,,,,,,,,,,,,0,True,NO_APLICA,menos de dos clases modelables,,
212260666,right,noOutliers,random_undersampling_controlado,MLP,,,,,,,,,,,,,,,0,True,NO_APLICA,menos de dos clases modelables,,
212260666,right,noOutliers,random_undersampling_controlado,IBk_kNN,,,,,,,,,,,,,,,0,True,NO_APLICA,menos de dos clases modelables,,
212260666,right,noOutliers,random_undersampling_controlado,RBFNetwork_aprox,,,,,,,,,,,,,,,0,True,NO_APLICA,menos de dos clases modelables,,
212260666,right,sinArtefactosConservador,sin_balanceo,SMO_SVM,,,,,,,,,,,,,,,0,True,NO_APLICA,variante marcada como no modelable,,
212260666,right,sinArtefactosConservador,sin_balanceo,RandomForest,,,,,,,,,,,,,,,0,True,NO_APLICA,variante marcada como no modelable,,
212260666,right,sinArtefactosConservador,sin_balanceo,MLP,,,,,,,,,,,,,,,0,True,NO_APLICA,variante marcada como no modelable,,
212260666,right,sinArtefactosConservador,sin_balanceo,IBk_kNN,,,,,,,,,,,,,,,0,True,NO_APLICA,variante marcada como no modelable,,
212260666,right,sinArtefactosConservador,sin_balanceo,RBFNetwork_aprox,,,,,,,,,,,,,,,0,True,NO_APLICA,variante marcada como no modelable,,
212260666,right,sinArtefactosConservador,random_oversampling,SMO_SVM,,,,,,,,,,,,,,,0,True,NO_APLICA,variante marcada como no modelable,,
212260666,right,sinArtefactosConservador,random_oversampling,RandomForest,,,,,,,,,,,,,,,0,True,NO_APLICA,variante marcada como no modelable,,
212260666,right,sinArtefactosConservador,random_oversampling,MLP,,,,,,,,,,,,,,,0,True,NO_APLICA,variante marcada como no modelable,,
212260666,right,sinArtefactosConservador,random_oversampling,IBk_kNN,,,,,,,,,,,,,,,0,True,NO_APLICA,variante marcada como no modelable,,
212260666,right,sinArtefactosConservador,random_oversampling,RBFNetwork_aprox,,,,,,,,,,,,,,,0,True,NO_APLICA,variante marcada como no modelable,,
212260666,right,sinArtefactosConservador,class_weight_balanced,SMO_SVM,,,,,,,,,,,,,,,0,True,NO_APLICA,variante marcada como no modelable,,
212260666,right,sinArtefactosConservador,class_weight_balanced,RandomForest,,,,,,,,,,,,,,,0,True,NO_APLICA,variante marcada como no modelable,,
212260666,right,sinArtefactosConservador,class_weight_balanced,MLP,,,,,,,,,,,,,,,0,True,NO_APLICA,variante marcada como no modelable,,
212260666,right,sinArtefactosConservador,class_weight_balanced,IBk_kNN,,,,,,,,,,,,,,,0,True,NO_APLICA,variante marcada como no modelable,,
212260666,right,sinArtefactosConservador,class_weight_balanced,RBFNetwork_aprox,,,,,,,,,,,,,,,0,True,NO_APLICA,variante marcada como no modelable,,
212260666,right,sinArtefactosConservador,smote,SMO_SVM,,,,,,,,,,,,,,,0,True,NO_APLICA,variante marcada como no modelable,,
212260666,right,sinArtefactosConservador,smote,RandomForest,,,,,,,,,,,,,,,0,True,NO_APLICA,variante marcada como no modelable,,
212260666,right,sinArtefactosConservador,smote,MLP,,,,,,,,,,,,,,,0,True,NO_APLICA,variante marcada como no modelable,,
212260666,right,sinArtefactosConservador,smote,IBk_kNN,,,,,,,,,,,,,,,0,True,NO_APLICA,variante marcada como no modelable,,
212260666,right,sinArtefactosConservador,smote,RBFNetwork_aprox,,,,,,,,,,,,,,,0,True,NO_APLICA,variante marcada como no modelable,,
212260666,right,sinArtefactosConservador,smote_tomek,SMO_SVM,,,,,,,,,,,,,,,0,True,NO_APLICA,variante marcada como no modelable,,
212260666,right,sinArtefactosConservador,smote_tomek,RandomForest,,,,,,,,,,,,,,,0,True,NO_APLICA,variante marcada como no modelable,,
212260666,right,sinArtefactosConservador,smote_tomek,MLP,,,,,,,,,,,,,,,0,True,NO_APLICA,variante marcada como no modelable,,
212260666,right,sinArtefactosConservador,smote_tomek,IBk_kNN,,,,,,,,,,,,,,,0,True,NO_APLICA,variante marcada como no modelable,,
212260666,right,sinArtefactosConservador,smote_tomek,RBFNetwork_aprox,,,,,,,,,,,,,,,0,True,NO_APLICA,variante marcada como no modelable,,
212260666,right,sinArtefactosConservador,random_undersampling_controlado,SMO_SVM,,,,,,,,,,,,,,,0,True,NO_APLICA,variante marcada como no modelable,,
212260666,right,sinArtefactosConservador,random_undersampling_controlado,RandomForest,,,,,,,,,,,,,,,0,True,NO_APLICA,variante marcada como no modelable,,
212260666,right,sinArtefactosConservador,random_undersampling_controlado,MLP,,,,,,,,,,,,,,,0,True,NO_APLICA,variante marcada como no modelable,,
212260666,right,sinArtefactosConservador,random_undersampling_controlado,IBk_kNN,,,,,,,,,,,,,,,0,True,NO_APLICA,variante marcada como no modelable,,
212260666,right,sinArtefactosConservador,random_undersampling_controlado,RBFNetwork_aprox,,,,,,,,,,,,,,,0,True,NO_APLICA,variante marcada como no modelable,,
212260666,right,sinArtefactosEstricto,sin_balanceo,SMO_SVM,,,,,,,,,,,,,,,0,True,NO_APLICA,variante marcada como no modelable,,
212260666,right,sinArtefactosEstricto,sin_balanceo,RandomForest,,,,,,,,,,,,,,,0,True,NO_APLICA,variante marcada como no modelable,,
212260666,right,sinArtefactosEstricto,sin_balanceo,MLP,,,,,,,,,,,,,,,0,True,NO_APLICA,variante marcada como no modelable,,
212260666,right,sinArtefactosEstricto,sin_balanceo,IBk_kNN,,,,,,,,,,,,,,,0,True,NO_APLICA,variante marcada como no modelable,,
212260666,right,sinArtefactosEstricto,sin_balanceo,RBFNetwork_aprox,,,,,,,,,,,,,,,0,True,NO_APLICA,variante marcada como no modelable,,
212260666,right,sinArtefactosEstricto,random_oversampling,SMO_SVM,,,,,,,,,,,,,,,0,True,NO_APLICA,variante marcada como no modelable,,
212260666,right,sinArtefactosEstricto,random_oversampling,RandomForest,,,,,,,,,,,,,,,0,True,NO_APLICA,variante marcada como no modelable,,
212260666,right,sinArtefactosEstricto,random_oversampling,MLP,,,,,,,,,,,,,,,0,True,NO_APLICA,variante marcada como no modelable,,
212260666,right,sinArtefactosEstricto,random_oversampling,IBk_kNN,,,,,,,,,,,,,,,0,True,NO_APLICA,variante marcada como no modelable,,
212260666,right,sinArtefactosEstricto,random_oversampling,RBFNetwork_aprox,,,,,,,,,,,,,,,0,True,NO_APLICA,variante marcada como no modelable,,
212260666,right,sinArtefactosEstricto,class_weight_balanced,SMO_SVM,,,,,,,,,,,,,,,0,True,NO_APLICA,variante marcada como no modelable,,
212260666,right,sinArtefactosEstricto,class_weight_balanced,RandomForest,,,,,,,,,,,,,,,0,True,NO_APLICA,variante marcada como no modelable,,
212260666,right,sinArtefactosEstricto,class_weight_balanced,MLP,,,,,,,,,,,,,,,0,True,NO_APLICA,variante marcada como no modelable,,
212260666,right,sinArtefactosEstricto,class_weight_balanced,IBk_kNN,,,,,,,,,,,,,,,0,True,NO_APLICA,variante marcada como no modelable,,
212260666,right,sinArtefactosEstricto,class_weight_balanced,RBFNetwork_aprox,,,,,,,,,,,,,,,0,True,NO_APLICA,variante marcada como no modelable,,
212260666,right,sinArtefactosEstricto,smote,SMO_SVM,,,,,,,,,,,,,,,0,True,NO_APLICA,variante marcada como no modelable,,
212260666,right,sinArtefactosEstricto,smote,RandomForest,,,,,,,,,,,,,,,0,True,NO_APLICA,variante marcada como no modelable,,
212260666,right,sinArtefactosEstricto,smote,MLP,,,,,,,,,,,,,,,0,True,NO_APLICA,variante marcada como no modelable,,
212260666,right,sinArtefactosEstricto,smote,IBk_kNN,,,,,,,,,,,,,,,0,True,NO_APLICA,variante marcada como no modelable,,
212260666,right,sinArtefactosEstricto,smote,RBFNetwork_aprox,,,,,,,,,,,,,,,0,True,NO_APLICA,variante marcada como no modelable,,
212260666,right,sinArtefactosEstricto,smote_tomek,SMO_SVM,,,,,,,,,,,,,,,0,True,NO_APLICA,variante marcada como no modelable,,
212260666,right,sinArtefactosEstricto,smote_tomek,RandomForest,,,,,,,,,,,,,,,0,True,NO_APLICA,variante marcada como no modelable,,
212260666,right,sinArtefactosEstricto,smote_tomek,MLP,,,,,,,,,,,,,,,0,True,NO_APLICA,variante marcada como no modelable,,
212260666,right,sinArtefactosEstricto,smote_tomek,IBk_kNN,,,,,,,,,,,,,,,0,True,NO_APLICA,variante marcada como no modelable,,
212260666,right,sinArtefactosEstricto,smote_tomek,RBFNetwork_aprox,,,,,,,,,,,,,,,0,True,NO_APLICA,variante marcada como no modelable,,
212260666,right,sinArtefactosEstricto,random_undersampling_controlado,SMO_SVM,,,,,,,,,,,,,,,0,True,NO_APLICA,variante marcada como no modelable,,
212260666,right,sinArtefactosEstricto,random_undersampling_controlado,RandomForest,,,,,,,,,,,,,,,0,True,NO_APLICA,variante marcada como no modelable,,
212260666,right,sinArtefactosEstricto,random_undersampling_controlado,MLP,,,,,,,,,,,,,,,0,True,NO_APLICA,variante marcada como no modelable,,
212260666,right,sinArtefactosEstricto,random_undersampling_controlado,IBk_kNN,,,,,,,,,,,,,,,0,True,NO_APLICA,variante marcada como no modelable,,
212260666,right,sinArtefactosEstricto,random_undersampling_controlado,RBFNetwork_aprox,,,,,,,,,,,,,,,0,True,NO_APLICA,variante marcada como no modelable,,
212260668,all,noOutliers,sin_balanceo,SMO_SVM,86.93,87.08,0.8001,0.8706,0.8692,0.0,0.9041,0.8333,0.875,0.0,0.8919,0.8442,0.875,0.9662,48,False,SI,,bloques,4.0
212260668,all,noOutliers,sin_balanceo,RandomForest,93.47,93.76,0.9003,0.9345,0.9348,0.0,0.9315,0.9231,0.9583,0.0,0.9714,0.9231,0.902,0.9522,48,False,SI,,bloques,4.0
212260668,all,noOutliers,sin_balanceo,MLP,91.46,90.99,0.8691,0.9114,0.9147,0.0,0.9315,0.9231,0.875,0.0,0.9577,0.8889,0.8936,0.9712,48,False,SI,,bloques,4.0
212260668,all,noOutliers,sin_balanceo,IBk_kNN,91.96,91.89,0.8767,0.9212,0.9201,0.0,0.9041,0.9359,0.9167,0.0,0.9706,0.869,0.9362,0.9383,48,False,SI,,bloques,4.0
212260668,all,noOutliers,sin_balanceo,RBFNetwork_aprox,81.41,83.57,0.7182,0.8208,0.8057,0.0,0.9589,0.5897,0.9583,0.0,0.7216,0.92,0.8846,0.9514,48,False,SI,,bloques,4.0
212260668,all,noOutliers,random_oversampling,SMO_SVM,87.44,87.51,0.8078,0.8751,0.8744,0.0,0.9041,0.8462,0.875,0.0,0.9041,0.8462,0.875,0.9701,48,False,SI,,bloques,4.0
212260668,all,noOutliers,random_oversampling,RandomForest,92.46,92.91,0.8852,0.9245,0.9247,0.0,0.9315,0.8974,0.9583,0.0,0.9577,0.9211,0.8846,0.9509,48,False,SI,,bloques,4.0
212260668,all,noOutliers,random_oversampling,MLP,93.47,92.99,0.8998,0.9327,0.9348,0.0,0.9452,0.9487,0.8958,0.0,0.9718,0.9024,0.9348,0.9821,48,False,SI,,bloques,4.0
212260668,all,noOutliers,random_oversampling,IBk_kNN,92.46,92.58,0.8846,0.9268,0.925,0.0,0.9041,0.9359,0.9375,0.0,0.9706,0.8795,0.9375,0.9432,48,False,SI,,bloques,4.0
212260668,all,noOutliers,random_oversampling,RBFNetwork_aprox,82.41,84.15,0.7327,0.8316,0.8186,0.0,0.9589,0.6282,0.9375,0.0,0.7292,0.9245,0.9,0.9534,48,False,SI,,bloques,4.0
212260668,all,noOutliers,class_weight_balanced,SMO_SVM,87.44,87.51,0.8078,0.8751,0.8744,0.0,0.9041,0.8462,0.875,0.0,0.9041,0.8462,0.875,0.9662,48,False,SI,,bloques,4.0
212260668,all,noOutliers,class_weight_balanced,RandomForest,90.95,91.63,0.8625,0.9091,0.9095,0.0,0.9315,0.859,0.9583,0.0,0.9444,0.9178,0.8519,0.9521,48,False,SI,,bloques,4.0
212260668,all,noOutliers,class_weight_balanced,MLP,,,,,,,,,,,,,,,48,False,NO_APLICA,class_weight no soportado por este modelo,,
212260668,all,noOutliers,class_weight_balanced,IBk_kNN,,,,,,,,,,,,,,,48,False,NO_APLICA,class_weight no soportado por este modelo,,
212260668,all,noOutliers,class_weight_balanced,RBFNetwork_aprox,82.91,84.85,0.7407,0.8372,0.8235,0.0,0.9589,0.6282,0.9583,0.0,0.7292,0.9423,0.902,0.9482,48,False,SI,,bloques,4.0
212260668,all,noOutliers,smote,SMO_SVM,87.44,87.51,0.8078,0.8751,0.8744,0.0,0.9041,0.8462,0.875,0.0,0.9041,0.8462,0.875,0.9709,48,False,SI,,bloques,4.0
212260668,all,noOutliers,smote,RandomForest,92.96,93.34,0.8927,0.93,0.9297,0.0,0.9315,0.9103,0.9583,0.0,0.9577,0.9221,0.902,0.9448,48,False,SI,,bloques,4.0
212260668,all,noOutliers,smote,MLP,94.47,93.58,0.9148,0.9436,0.9447,0.0,0.9452,0.9872,0.875,0.0,0.9718,0.8953,1.0,0.9784,48,False,SI,,bloques,4.0
212260668,all,noOutliers,smote,IBk_kNN,91.96,92.16,0.8769,0.9224,0.9199,0.0,0.9041,0.9231,0.9375,0.0,0.9565,0.878,0.9375,0.9397,48,False,SI,,bloques,4.0
212260668,all,noOutliers,smote,RBFNetwork_aprox,80.9,82.87,0.7105,0.8141,0.8009,0.0,0.9589,0.5897,0.9375,0.0,0.7216,0.92,0.8654,0.9557,48,False,SI,,bloques,4.0
212260668,all,noOutliers,smote_tomek,SMO_SVM,87.44,87.51,0.8078,0.8751,0.8744,0.0,0.9041,0.8462,0.875,0.0,0.9041,0.8462,0.875,0.9702,48,False,SI,,bloques,4.0
212260668,all,noOutliers,smote_tomek,RandomForest,91.46,92.05,0.8698,0.9164,0.9142,0.0,0.9315,0.8718,0.9583,0.0,0.9189,0.9189,0.902,0.9465,48,False,SI,,bloques,4.0
212260668,all,noOutliers,smote_tomek,MLP,93.47,92.67,0.8993,0.9349,0.9349,0.0,0.9178,0.9872,0.875,0.0,0.971,0.875,1.0,0.9767,48,False,SI,,bloques,4.0
212260668,all,noOutliers,smote_tomek,IBk_kNN,91.46,91.73,0.8694,0.9168,0.9149,0.0,0.9041,0.9103,0.9375,0.0,0.9565,0.8765,0.9184,0.9365,48,False,SI,,bloques,4.0
212260668,all,noOutliers,smote_tomek,RBFNetwork_aprox,80.4,82.44,0.7033,0.8078,0.7948,0.0,0.9589,0.5769,0.9375,0.0,0.7216,0.9184,0.8491,0.958,48,False,SI,,bloques,4.0
212260668,all,noOutliers,random_undersampling_controlado,SMO_SVM,86.93,87.08,0.8001,0.8708,0.8693,0.0,0.9041,0.8333,0.875,0.0,0.9041,0.8333,0.875,0.9714,48,False,SI,,bloques,4.0
212260668,all,noOutliers,random_undersampling_controlado,RandomForest,91.46,92.05,0.8702,0.9137,0.9147,0.0,0.9315,0.8718,0.9583,0.0,0.9577,0.9189,0.8519,0.9482,48,False,SI,,bloques,4.0
212260668,all,noOutliers,random_undersampling_controlado,MLP,91.96,91.44,0.8768,0.9158,0.9196,0.0,0.9452,0.9231,0.875,0.0,0.9583,0.9,0.8936,0.9751,48,False,SI,,bloques,4.0
212260668,all,noOutliers,random_undersampling_controlado,IBk_kNN,91.96,91.89,0.8767,0.9212,0.9201,0.0,0.9041,0.9359,0.9167,0.0,0.9706,0.869,0.9362,0.9383,48,False,SI,,bloques,4.0
212260668,all,noOutliers,random_undersampling_controlado,RBFNetwork_aprox,81.41,83.57,0.7182,0.821,0.8062,0.0,0.9589,0.5897,0.9583,0.0,0.7143,0.9388,0.8846,0.9569,48,False,SI,,bloques,4.0
212260668,all,sinArtefactosConservador,sin_balanceo,SMO_SVM,,,,,,,,,,,,,,,0,True,NO_APLICA,variante marcada como no modelable,,
212260668,all,sinArtefactosConservador,sin_balanceo,RandomForest,,,,,,,,,,,,,,,0,True,NO_APLICA,variante marcada como no modelable,,
212260668,all,sinArtefactosConservador,sin_balanceo,MLP,,,,,,,,,,,,,,,0,True,NO_APLICA,variante marcada como no modelable,,
212260668,all,sinArtefactosConservador,sin_balanceo,IBk_kNN,,,,,,,,,,,,,,,0,True,NO_APLICA,variante marcada como no modelable,,
212260668,all,sinArtefactosConservador,sin_balanceo,RBFNetwork_aprox,,,,,,,,,,,,,,,0,True,NO_APLICA,variante marcada como no modelable,,
212260668,all,sinArtefactosConservador,random_oversampling,SMO_SVM,,,,,,,,,,,,,,,0,True,NO_APLICA,variante marcada como no modelable,,
212260668,all,sinArtefactosConservador,random_oversampling,RandomForest,,,,,,,,,,,,,,,0,True,NO_APLICA,variante marcada como no modelable,,
212260668,all,sinArtefactosConservador,random_oversampling,MLP,,,,,,,,,,,,,,,0,True,NO_APLICA,variante marcada como no modelable,,
212260668,all,sinArtefactosConservador,random_oversampling,IBk_kNN,,,,,,,,,,,,,,,0,True,NO_APLICA,variante marcada como no modelable,,
212260668,all,sinArtefactosConservador,random_oversampling,RBFNetwork_aprox,,,,,,,,,,,,,,,0,True,NO_APLICA,variante marcada como no modelable,,
212260668,all,sinArtefactosConservador,class_weight_balanced,SMO_SVM,,,,,,,,,,,,,,,0,True,NO_APLICA,variante marcada como no modelable,,
212260668,all,sinArtefactosConservador,class_weight_balanced,RandomForest,,,,,,,,,,,,,,,0,True,NO_APLICA,variante marcada como no modelable,,
212260668,all,sinArtefactosConservador,class_weight_balanced,MLP,,,,,,,,,,,,,,,0,True,NO_APLICA,variante marcada como no modelable,,
212260668,all,sinArtefactosConservador,class_weight_balanced,IBk_kNN,,,,,,,,,,,,,,,0,True,NO_APLICA,variante marcada como no modelable,,
212260668,all,sinArtefactosConservador,class_weight_balanced,RBFNetwork_aprox,,,,,,,,,,,,,,,0,True,NO_APLICA,variante marcada como no modelable,,
212260668,all,sinArtefactosConservador,smote,SMO_SVM,,,,,,,,,,,,,,,0,True,NO_APLICA,variante marcada como no modelable,,
212260668,all,sinArtefactosConservador,smote,RandomForest,,,,,,,,,,,,,,,0,True,NO_APLICA,variante marcada como no modelable,,
212260668,all,sinArtefactosConservador,smote,MLP,,,,,,,,,,,,,,,0,True,NO_APLICA,variante marcada como no modelable,,
212260668,all,sinArtefactosConservador,smote,IBk_kNN,,,,,,,,,,,,,,,0,True,NO_APLICA,variante marcada como no modelable,,
212260668,all,sinArtefactosConservador,smote,RBFNetwork_aprox,,,,,,,,,,,,,,,0,True,NO_APLICA,variante marcada como no modelable,,
212260668,all,sinArtefactosConservador,smote_tomek,SMO_SVM,,,,,,,,,,,,,,,0,True,NO_APLICA,variante marcada como no modelable,,
212260668,all,sinArtefactosConservador,smote_tomek,RandomForest,,,,,,,,,,,,,,,0,True,NO_APLICA,variante marcada como no modelable,,
212260668,all,sinArtefactosConservador,smote_tomek,MLP,,,,,,,,,,,,,,,0,True,NO_APLICA,variante marcada como no modelable,,
212260668,all,sinArtefactosConservador,smote_tomek,IBk_kNN,,,,,,,,,,,,,,,0,True,NO_APLICA,variante marcada como no modelable,,
212260668,all,sinArtefactosConservador,smote_tomek,RBFNetwork_aprox,,,,,,,,,,,,,,,0,True,NO_APLICA,variante marcada como no modelable,,
212260668,all,sinArtefactosConservador,random_undersampling_controlado,SMO_SVM,,,,,,,,,,,,,,,0,True,NO_APLICA,variante marcada como no modelable,,
212260668,all,sinArtefactosConservador,random_undersampling_controlado,RandomForest,,,,,,,,,,,,,,,0,True,NO_APLICA,variante marcada como no modelable,,
212260668,all,sinArtefactosConservador,random_undersampling_controlado,MLP,,,,,,,,,,,,,,,0,True,NO_APLICA,variante marcada como no modelable,,
212260668,all,sinArtefactosConservador,random_undersampling_controlado,IBk_kNN,,,,,,,,,,,,,,,0,True,NO_APLICA,variante marcada como no modelable,,
212260668,all,sinArtefactosConservador,random_undersampling_controlado,RBFNetwork_aprox,,,,,,,,,,,,,,,0,True,NO_APLICA,variante marcada como no modelable,,
212260668,all,sinArtefactosEstricto,sin_balanceo,SMO_SVM,,,,,,,,,,,,,,,0,True,NO_APLICA,variante marcada como no modelable,,
212260668,all,sinArtefactosEstricto,sin_balanceo,RandomForest,,,,,,,,,,,,,,,0,True,NO_APLICA,variante marcada como no modelable,,
212260668,all,sinArtefactosEstricto,sin_balanceo,MLP,,,,,,,,,,,,,,,0,True,NO_APLICA,variante marcada como no modelable,,
212260668,all,sinArtefactosEstricto,sin_balanceo,IBk_kNN,,,,,,,,,,,,,,,0,True,NO_APLICA,variante marcada como no modelable,,
212260668,all,sinArtefactosEstricto,sin_balanceo,RBFNetwork_aprox,,,,,,,,,,,,,,,0,True,NO_APLICA,variante marcada como no modelable,,
212260668,all,sinArtefactosEstricto,random_oversampling,SMO_SVM,,,,,,,,,,,,,,,0,True,NO_APLICA,variante marcada como no modelable,,
212260668,all,sinArtefactosEstricto,random_oversampling,RandomForest,,,,,,,,,,,,,,,0,True,NO_APLICA,variante marcada como no modelable,,
212260668,all,sinArtefactosEstricto,random_oversampling,MLP,,,,,,,,,,,,,,,0,True,NO_APLICA,variante marcada como no modelable,,
212260668,all,sinArtefactosEstricto,random_oversampling,IBk_kNN,,,,,,,,,,,,,,,0,True,NO_APLICA,variante marcada como no modelable,,
212260668,all,sinArtefactosEstricto,random_oversampling,RBFNetwork_aprox,,,,,,,,,,,,,,,0,True,NO_APLICA,variante marcada como no modelable,,
212260668,all,sinArtefactosEstricto,class_weight_balanced,SMO_SVM,,,,,,,,,,,,,,,0,True,NO_APLICA,variante marcada como no modelable,,
212260668,all,sinArtefactosEstricto,class_weight_balanced,RandomForest,,,,,,,,,,,,,,,0,True,NO_APLICA,variante marcada como no modelable,,
212260668,all,sinArtefactosEstricto,class_weight_balanced,MLP,,,,,,,,,,,,,,,0,True,NO_APLICA,variante marcada como no modelable,,
212260668,all,sinArtefactosEstricto,class_weight_balanced,IBk_kNN,,,,,,,,,,,,,,,0,True,NO_APLICA,variante marcada como no modelable,,
212260668,all,sinArtefactosEstricto,class_weight_balanced,RBFNetwork_aprox,,,,,,,,,,,,,,,0,True,NO_APLICA,variante marcada como no modelable,,
212260668,all,sinArtefactosEstricto,smote,SMO_SVM,,,,,,,,,,,,,,,0,True,NO_APLICA,variante marcada como no modelable,,
212260668,all,sinArtefactosEstricto,smote,RandomForest,,,,,,,,,,,,,,,0,True,NO_APLICA,variante marcada como no modelable,,
212260668,all,sinArtefactosEstricto,smote,MLP,,,,,,,,,,,,,,,0,True,NO_APLICA,variante marcada como no modelable,,
212260668,all,sinArtefactosEstricto,smote,IBk_kNN,,,,,,,,,,,,,,,0,True,NO_APLICA,variante marcada como no modelable,,
212260668,all,sinArtefactosEstricto,smote,RBFNetwork_aprox,,,,,,,,,,,,,,,0,True,NO_APLICA,variante marcada como no modelable,,
212260668,all,sinArtefactosEstricto,smote_tomek,SMO_SVM,,,,,,,,,,,,,,,0,True,NO_APLICA,variante marcada como no modelable,,
212260668,all,sinArtefactosEstricto,smote_tomek,RandomForest,,,,,,,,,,,,,,,0,True,NO_APLICA,variante marcada como no modelable,,
212260668,all,sinArtefactosEstricto,smote_tomek,MLP,,,,,,,,,,,,,,,0,True,NO_APLICA,variante marcada como no modelable,,
212260668,all,sinArtefactosEstricto,smote_tomek,IBk_kNN,,,,,,,,,,,,,,,0,True,NO_APLICA,variante marcada como no modelable,,
212260668,all,sinArtefactosEstricto,smote_tomek,RBFNetwork_aprox,,,,,,,,,,,,,,,0,True,NO_APLICA,variante marcada como no modelable,,
212260668,all,sinArtefactosEstricto,random_undersampling_controlado,SMO_SVM,,,,,,,,,,,,,,,0,True,NO_APLICA,variante marcada como no modelable,,
212260668,all,sinArtefactosEstricto,random_undersampling_controlado,RandomForest,,,,,,,,,,,,,,,0,True,NO_APLICA,variante marcada como no modelable,,
212260668,all,sinArtefactosEstricto,random_undersampling_controlado,MLP,,,,,,,,,,,,,,,0,True,NO_APLICA,variante marcada como no modelable,,
212260668,all,sinArtefactosEstricto,random_undersampling_controlado,IBk_kNN,,,,,,,,,,,,,,,0,True,NO_APLICA,variante marcada como no modelable,,
212260668,all,sinArtefactosEstricto,random_undersampling_controlado,RBFNetwork_aprox,,,,,,,,,,,,,,,0,True,NO_APLICA,variante marcada como no modelable,,
212260668,left,noOutliers,sin_balanceo,SMO_SVM,,,,,,,,,,,,,,,0,True,NO_APLICA,menos de dos clases modelables,,
212260668,left,noOutliers,sin_balanceo,RandomForest,,,,,,,,,,,,,,,0,True,NO_APLICA,menos de dos clases modelables,,
212260668,left,noOutliers,sin_balanceo,MLP,,,,,,,,,,,,,,,0,True,NO_APLICA,menos de dos clases modelables,,
212260668,left,noOutliers,sin_balanceo,IBk_kNN,,,,,,,,,,,,,,,0,True,NO_APLICA,menos de dos clases modelables,,
212260668,left,noOutliers,sin_balanceo,RBFNetwork_aprox,,,,,,,,,,,,,,,0,True,NO_APLICA,menos de dos clases modelables,,
212260668,left,noOutliers,random_oversampling,SMO_SVM,,,,,,,,,,,,,,,0,True,NO_APLICA,menos de dos clases modelables,,
212260668,left,noOutliers,random_oversampling,RandomForest,,,,,,,,,,,,,,,0,True,NO_APLICA,menos de dos clases modelables,,
212260668,left,noOutliers,random_oversampling,MLP,,,,,,,,,,,,,,,0,True,NO_APLICA,menos de dos clases modelables,,
212260668,left,noOutliers,random_oversampling,IBk_kNN,,,,,,,,,,,,,,,0,True,NO_APLICA,menos de dos clases modelables,,
212260668,left,noOutliers,random_oversampling,RBFNetwork_aprox,,,,,,,,,,,,,,,0,True,NO_APLICA,menos de dos clases modelables,,
212260668,left,noOutliers,class_weight_balanced,SMO_SVM,,,,,,,,,,,,,,,0,True,NO_APLICA,menos de dos clases modelables,,
212260668,left,noOutliers,class_weight_balanced,RandomForest,,,,,,,,,,,,,,,0,True,NO_APLICA,menos de dos clases modelables,,
212260668,left,noOutliers,class_weight_balanced,MLP,,,,,,,,,,,,,,,0,True,NO_APLICA,menos de dos clases modelables,,
212260668,left,noOutliers,class_weight_balanced,IBk_kNN,,,,,,,,,,,,,,,0,True,NO_APLICA,menos de dos clases modelables,,
212260668,left,noOutliers,class_weight_balanced,RBFNetwork_aprox,,,,,,,,,,,,,,,0,True,NO_APLICA,menos de dos clases modelables,,
212260668,left,noOutliers,smote,SMO_SVM,,,,,,,,,,,,,,,0,True,NO_APLICA,menos de dos clases modelables,,
212260668,left,noOutliers,smote,RandomForest,,,,,,,,,,,,,,,0,True,NO_APLICA,menos de dos clases modelables,,
212260668,left,noOutliers,smote,MLP,,,,,,,,,,,,,,,0,True,NO_APLICA,menos de dos clases modelables,,
212260668,left,noOutliers,smote,IBk_kNN,,,,,,,,,,,,,,,0,True,NO_APLICA,menos de dos clases modelables,,
212260668,left,noOutliers,smote,RBFNetwork_aprox,,,,,,,,,,,,,,,0,True,NO_APLICA,menos de dos clases modelables,,
212260668,left,noOutliers,smote_tomek,SMO_SVM,,,,,,,,,,,,,,,0,True,NO_APLICA,menos de dos clases modelables,,
212260668,left,noOutliers,smote_tomek,RandomForest,,,,,,,,,,,,,,,0,True,NO_APLICA,menos de dos clases modelables,,
212260668,left,noOutliers,smote_tomek,MLP,,,,,,,,,,,,,,,0,True,NO_APLICA,menos de dos clases modelables,,
212260668,left,noOutliers,smote_tomek,IBk_kNN,,,,,,,,,,,,,,,0,True,NO_APLICA,menos de dos clases modelables,,
212260668,left,noOutliers,smote_tomek,RBFNetwork_aprox,,,,,,,,,,,,,,,0,True,NO_APLICA,menos de dos clases modelables,,
212260668,left,noOutliers,random_undersampling_controlado,SMO_SVM,,,,,,,,,,,,,,,0,True,NO_APLICA,menos de dos clases modelables,,
212260668,left,noOutliers,random_undersampling_controlado,RandomForest,,,,,,,,,,,,,,,0,True,NO_APLICA,menos de dos clases modelables,,
212260668,left,noOutliers,random_undersampling_controlado,MLP,,,,,,,,,,,,,,,0,True,NO_APLICA,menos de dos clases modelables,,
212260668,left,noOutliers,random_undersampling_controlado,IBk_kNN,,,,,,,,,,,,,,,0,True,NO_APLICA,menos de dos clases modelables,,
212260668,left,noOutliers,random_undersampling_controlado,RBFNetwork_aprox,,,,,,,,,,,,,,,0,True,NO_APLICA,menos de dos clases modelables,,
212260668,left,sinArtefactosConservador,sin_balanceo,SMO_SVM,,,,,,,,,,,,,,,0,True,NO_APLICA,variante marcada como no modelable,,
212260668,left,sinArtefactosConservador,sin_balanceo,RandomForest,,,,,,,,,,,,,,,0,True,NO_APLICA,variante marcada como no modelable,,
212260668,left,sinArtefactosConservador,sin_balanceo,MLP,,,,,,,,,,,,,,,0,True,NO_APLICA,variante marcada como no modelable,,
212260668,left,sinArtefactosConservador,sin_balanceo,IBk_kNN,,,,,,,,,,,,,,,0,True,NO_APLICA,variante marcada como no modelable,,
212260668,left,sinArtefactosConservador,sin_balanceo,RBFNetwork_aprox,,,,,,,,,,,,,,,0,True,NO_APLICA,variante marcada como no modelable,,
212260668,left,sinArtefactosConservador,random_oversampling,SMO_SVM,,,,,,,,,,,,,,,0,True,NO_APLICA,variante marcada como no modelable,,
212260668,left,sinArtefactosConservador,random_oversampling,RandomForest,,,,,,,,,,,,,,,0,True,NO_APLICA,variante marcada como no modelable,,
212260668,left,sinArtefactosConservador,random_oversampling,MLP,,,,,,,,,,,,,,,0,True,NO_APLICA,variante marcada como no modelable,,
212260668,left,sinArtefactosConservador,random_oversampling,IBk_kNN,,,,,,,,,,,,,,,0,True,NO_APLICA,variante marcada como no modelable,,
212260668,left,sinArtefactosConservador,random_oversampling,RBFNetwork_aprox,,,,,,,,,,,,,,,0,True,NO_APLICA,variante marcada como no modelable,,
212260668,left,sinArtefactosConservador,class_weight_balanced,SMO_SVM,,,,,,,,,,,,,,,0,True,NO_APLICA,variante marcada como no modelable,,
212260668,left,sinArtefactosConservador,class_weight_balanced,RandomForest,,,,,,,,,,,,,,,0,True,NO_APLICA,variante marcada como no modelable,,
212260668,left,sinArtefactosConservador,class_weight_balanced,MLP,,,,,,,,,,,,,,,0,True,NO_APLICA,variante marcada como no modelable,,
212260668,left,sinArtefactosConservador,class_weight_balanced,IBk_kNN,,,,,,,,,,,,,,,0,True,NO_APLICA,variante marcada como no modelable,,
212260668,left,sinArtefactosConservador,class_weight_balanced,RBFNetwork_aprox,,,,,,,,,,,,,,,0,True,NO_APLICA,variante marcada como no modelable,,
212260668,left,sinArtefactosConservador,smote,SMO_SVM,,,,,,,,,,,,,,,0,True,NO_APLICA,variante marcada como no modelable,,
212260668,left,sinArtefactosConservador,smote,RandomForest,,,,,,,,,,,,,,,0,True,NO_APLICA,variante marcada como no modelable,,
212260668,left,sinArtefactosConservador,smote,MLP,,,,,,,,,,,,,,,0,True,NO_APLICA,variante marcada como no modelable,,
212260668,left,sinArtefactosConservador,smote,IBk_kNN,,,,,,,,,,,,,,,0,True,NO_APLICA,variante marcada como no modelable,,
212260668,left,sinArtefactosConservador,smote,RBFNetwork_aprox,,,,,,,,,,,,,,,0,True,NO_APLICA,variante marcada como no modelable,,
212260668,left,sinArtefactosConservador,smote_tomek,SMO_SVM,,,,,,,,,,,,,,,0,True,NO_APLICA,variante marcada como no modelable,,
212260668,left,sinArtefactosConservador,smote_tomek,RandomForest,,,,,,,,,,,,,,,0,True,NO_APLICA,variante marcada como no modelable,,
212260668,left,sinArtefactosConservador,smote_tomek,MLP,,,,,,,,,,,,,,,0,True,NO_APLICA,variante marcada como no modelable,,
212260668,left,sinArtefactosConservador,smote_tomek,IBk_kNN,,,,,,,,,,,,,,,0,True,NO_APLICA,variante marcada como no modelable,,
212260668,left,sinArtefactosConservador,smote_tomek,RBFNetwork_aprox,,,,,,,,,,,,,,,0,True,NO_APLICA,variante marcada como no modelable,,
212260668,left,sinArtefactosConservador,random_undersampling_controlado,SMO_SVM,,,,,,,,,,,,,,,0,True,NO_APLICA,variante marcada como no modelable,,
212260668,left,sinArtefactosConservador,random_undersampling_controlado,RandomForest,,,,,,,,,,,,,,,0,True,NO_APLICA,variante marcada como no modelable,,
212260668,left,sinArtefactosConservador,random_undersampling_controlado,MLP,,,,,,,,,,,,,,,0,True,NO_APLICA,variante marcada como no modelable,,
212260668,left,sinArtefactosConservador,random_undersampling_controlado,IBk_kNN,,,,,,,,,,,,,,,0,True,NO_APLICA,variante marcada como no modelable,,
212260668,left,sinArtefactosConservador,random_undersampling_controlado,RBFNetwork_aprox,,,,,,,,,,,,,,,0,True,NO_APLICA,variante marcada como no modelable,,
212260668,left,sinArtefactosEstricto,sin_balanceo,SMO_SVM,,,,,,,,,,,,,,,0,True,NO_APLICA,variante marcada como no modelable,,
212260668,left,sinArtefactosEstricto,sin_balanceo,RandomForest,,,,,,,,,,,,,,,0,True,NO_APLICA,variante marcada como no modelable,,
212260668,left,sinArtefactosEstricto,sin_balanceo,MLP,,,,,,,,,,,,,,,0,True,NO_APLICA,variante marcada como no modelable,,
212260668,left,sinArtefactosEstricto,sin_balanceo,IBk_kNN,,,,,,,,,,,,,,,0,True,NO_APLICA,variante marcada como no modelable,,
212260668,left,sinArtefactosEstricto,sin_balanceo,RBFNetwork_aprox,,,,,,,,,,,,,,,0,True,NO_APLICA,variante marcada como no modelable,,
212260668,left,sinArtefactosEstricto,random_oversampling,SMO_SVM,,,,,,,,,,,,,,,0,True,NO_APLICA,variante marcada como no modelable,,
212260668,left,sinArtefactosEstricto,random_oversampling,RandomForest,,,,,,,,,,,,,,,0,True,NO_APLICA,variante marcada como no modelable,,
212260668,left,sinArtefactosEstricto,random_oversampling,MLP,,,,,,,,,,,,,,,0,True,NO_APLICA,variante marcada como no modelable,,
212260668,left,sinArtefactosEstricto,random_oversampling,IBk_kNN,,,,,,,,,,,,,,,0,True,NO_APLICA,variante marcada como no modelable,,
212260668,left,sinArtefactosEstricto,random_oversampling,RBFNetwork_aprox,,,,,,,,,,,,,,,0,True,NO_APLICA,variante marcada como no modelable,,
212260668,left,sinArtefactosEstricto,class_weight_balanced,SMO_SVM,,,,,,,,,,,,,,,0,True,NO_APLICA,variante marcada como no modelable,,
212260668,left,sinArtefactosEstricto,class_weight_balanced,RandomForest,,,,,,,,,,,,,,,0,True,NO_APLICA,variante marcada como no modelable,,
212260668,left,sinArtefactosEstricto,class_weight_balanced,MLP,,,,,,,,,,,,,,,0,True,NO_APLICA,variante marcada como no modelable,,
212260668,left,sinArtefactosEstricto,class_weight_balanced,IBk_kNN,,,,,,,,,,,,,,,0,True,NO_APLICA,variante marcada como no modelable,,
212260668,left,sinArtefactosEstricto,class_weight_balanced,RBFNetwork_aprox,,,,,,,,,,,,,,,0,True,NO_APLICA,variante marcada como no modelable,,
212260668,left,sinArtefactosEstricto,smote,SMO_SVM,,,,,,,,,,,,,,,0,True,NO_APLICA,variante marcada como no modelable,,
212260668,left,sinArtefactosEstricto,smote,RandomForest,,,,,,,,,,,,,,,0,True,NO_APLICA,variante marcada como no modelable,,
212260668,left,sinArtefactosEstricto,smote,MLP,,,,,,,,,,,,,,,0,True,NO_APLICA,variante marcada como no modelable,,
212260668,left,sinArtefactosEstricto,smote,IBk_kNN,,,,,,,,,,,,,,,0,True,NO_APLICA,variante marcada como no modelable,,
212260668,left,sinArtefactosEstricto,smote,RBFNetwork_aprox,,,,,,,,,,,,,,,0,True,NO_APLICA,variante marcada como no modelable,,
212260668,left,sinArtefactosEstricto,smote_tomek,SMO_SVM,,,,,,,,,,,,,,,0,True,NO_APLICA,variante marcada como no modelable,,
212260668,left,sinArtefactosEstricto,smote_tomek,RandomForest,,,,,,,,,,,,,,,0,True,NO_APLICA,variante marcada como no modelable,,
212260668,left,sinArtefactosEstricto,smote_tomek,MLP,,,,,,,,,,,,,,,0,True,NO_APLICA,variante marcada como no modelable,,
212260668,left,sinArtefactosEstricto,smote_tomek,IBk_kNN,,,,,,,,,,,,,,,0,True,NO_APLICA,variante marcada como no modelable,,
212260668,left,sinArtefactosEstricto,smote_tomek,RBFNetwork_aprox,,,,,,,,,,,,,,,0,True,NO_APLICA,variante marcada como no modelable,,
212260668,left,sinArtefactosEstricto,random_undersampling_controlado,SMO_SVM,,,,,,,,,,,,,,,0,True,NO_APLICA,variante marcada como no modelable,,
212260668,left,sinArtefactosEstricto,random_undersampling_controlado,RandomForest,,,,,,,,,,,,,,,0,True,NO_APLICA,variante marcada como no modelable,,
212260668,left,sinArtefactosEstricto,random_undersampling_controlado,MLP,,,,,,,,,,,,,,,0,True,NO_APLICA,variante marcada como no modelable,,
212260668,left,sinArtefactosEstricto,random_undersampling_controlado,IBk_kNN,,,,,,,,,,,,,,,0,True,NO_APLICA,variante marcada como no modelable,,
212260668,left,sinArtefactosEstricto,random_undersampling_controlado,RBFNetwork_aprox,,,,,,,,,,,,,,,0,True,NO_APLICA,variante marcada como no modelable,,
212260668,pull,noOutliers,sin_balanceo,SMO_SVM,,,,,,,,,,,,,,,0,True,NO_APLICA,menos de dos clases modelables,,
212260668,pull,noOutliers,sin_balanceo,RandomForest,,,,,,,,,,,,,,,0,True,NO_APLICA,menos de dos clases modelables,,
212260668,pull,noOutliers,sin_balanceo,MLP,,,,,,,,,,,,,,,0,True,NO_APLICA,menos de dos clases modelables,,
212260668,pull,noOutliers,sin_balanceo,IBk_kNN,,,,,,,,,,,,,,,0,True,NO_APLICA,menos de dos clases modelables,,
212260668,pull,noOutliers,sin_balanceo,RBFNetwork_aprox,,,,,,,,,,,,,,,0,True,NO_APLICA,menos de dos clases modelables,,
212260668,pull,noOutliers,random_oversampling,SMO_SVM,,,,,,,,,,,,,,,0,True,NO_APLICA,menos de dos clases modelables,,
212260668,pull,noOutliers,random_oversampling,RandomForest,,,,,,,,,,,,,,,0,True,NO_APLICA,menos de dos clases modelables,,
212260668,pull,noOutliers,random_oversampling,MLP,,,,,,,,,,,,,,,0,True,NO_APLICA,menos de dos clases modelables,,
212260668,pull,noOutliers,random_oversampling,IBk_kNN,,,,,,,,,,,,,,,0,True,NO_APLICA,menos de dos clases modelables,,
212260668,pull,noOutliers,random_oversampling,RBFNetwork_aprox,,,,,,,,,,,,,,,0,True,NO_APLICA,menos de dos clases modelables,,
212260668,pull,noOutliers,class_weight_balanced,SMO_SVM,,,,,,,,,,,,,,,0,True,NO_APLICA,menos de dos clases modelables,,
212260668,pull,noOutliers,class_weight_balanced,RandomForest,,,,,,,,,,,,,,,0,True,NO_APLICA,menos de dos clases modelables,,
212260668,pull,noOutliers,class_weight_balanced,MLP,,,,,,,,,,,,,,,0,True,NO_APLICA,menos de dos clases modelables,,
212260668,pull,noOutliers,class_weight_balanced,IBk_kNN,,,,,,,,,,,,,,,0,True,NO_APLICA,menos de dos clases modelables,,
212260668,pull,noOutliers,class_weight_balanced,RBFNetwork_aprox,,,,,,,,,,,,,,,0,True,NO_APLICA,menos de dos clases modelables,,
212260668,pull,noOutliers,smote,SMO_SVM,,,,,,,,,,,,,,,0,True,NO_APLICA,menos de dos clases modelables,,
212260668,pull,noOutliers,smote,RandomForest,,,,,,,,,,,,,,,0,True,NO_APLICA,menos de dos clases modelables,,
212260668,pull,noOutliers,smote,MLP,,,,,,,,,,,,,,,0,True,NO_APLICA,menos de dos clases modelables,,
212260668,pull,noOutliers,smote,IBk_kNN,,,,,,,,,,,,,,,0,True,NO_APLICA,menos de dos clases modelables,,
212260668,pull,noOutliers,smote,RBFNetwork_aprox,,,,,,,,,,,,,,,0,True,NO_APLICA,menos de dos clases modelables,,
212260668,pull,noOutliers,smote_tomek,SMO_SVM,,,,,,,,,,,,,,,0,True,NO_APLICA,menos de dos clases modelables,,
212260668,pull,noOutliers,smote_tomek,RandomForest,,,,,,,,,,,,,,,0,True,NO_APLICA,menos de dos clases modelables,,
212260668,pull,noOutliers,smote_tomek,MLP,,,,,,,,,,,,,,,0,True,NO_APLICA,menos de dos clases modelables,,
212260668,pull,noOutliers,smote_tomek,IBk_kNN,,,,,,,,,,,,,,,0,True,NO_APLICA,menos de dos clases modelables,,
212260668,pull,noOutliers,smote_tomek,RBFNetwork_aprox,,,,,,,,,,,,,,,0,True,NO_APLICA,menos de dos clases modelables,,
212260668,pull,noOutliers,random_undersampling_controlado,SMO_SVM,,,,,,,,,,,,,,,0,True,NO_APLICA,menos de dos clases modelables,,
212260668,pull,noOutliers,random_undersampling_controlado,RandomForest,,,,,,,,,,,,,,,0,True,NO_APLICA,menos de dos clases modelables,,
212260668,pull,noOutliers,random_undersampling_controlado,MLP,,,,,,,,,,,,,,,0,True,NO_APLICA,menos de dos clases modelables,,
212260668,pull,noOutliers,random_undersampling_controlado,IBk_kNN,,,,,,,,,,,,,,,0,True,NO_APLICA,menos de dos clases modelables,,
212260668,pull,noOutliers,random_undersampling_controlado,RBFNetwork_aprox,,,,,,,,,,,,,,,0,True,NO_APLICA,menos de dos clases modelables,,
212260668,pull,sinArtefactosConservador,sin_balanceo,SMO_SVM,,,,,,,,,,,,,,,0,True,NO_APLICA,variante marcada como no modelable,,
212260668,pull,sinArtefactosConservador,sin_balanceo,RandomForest,,,,,,,,,,,,,,,0,True,NO_APLICA,variante marcada como no modelable,,
212260668,pull,sinArtefactosConservador,sin_balanceo,MLP,,,,,,,,,,,,,,,0,True,NO_APLICA,variante marcada como no modelable,,
212260668,pull,sinArtefactosConservador,sin_balanceo,IBk_kNN,,,,,,,,,,,,,,,0,True,NO_APLICA,variante marcada como no modelable,,
212260668,pull,sinArtefactosConservador,sin_balanceo,RBFNetwork_aprox,,,,,,,,,,,,,,,0,True,NO_APLICA,variante marcada como no modelable,,
212260668,pull,sinArtefactosConservador,random_oversampling,SMO_SVM,,,,,,,,,,,,,,,0,True,NO_APLICA,variante marcada como no modelable,,
212260668,pull,sinArtefactosConservador,random_oversampling,RandomForest,,,,,,,,,,,,,,,0,True,NO_APLICA,variante marcada como no modelable,,
212260668,pull,sinArtefactosConservador,random_oversampling,MLP,,,,,,,,,,,,,,,0,True,NO_APLICA,variante marcada como no modelable,,
212260668,pull,sinArtefactosConservador,random_oversampling,IBk_kNN,,,,,,,,,,,,,,,0,True,NO_APLICA,variante marcada como no modelable,,
212260668,pull,sinArtefactosConservador,random_oversampling,RBFNetwork_aprox,,,,,,,,,,,,,,,0,True,NO_APLICA,variante marcada como no modelable,,
212260668,pull,sinArtefactosConservador,class_weight_balanced,SMO_SVM,,,,,,,,,,,,,,,0,True,NO_APLICA,variante marcada como no modelable,,
212260668,pull,sinArtefactosConservador,class_weight_balanced,RandomForest,,,,,,,,,,,,,,,0,True,NO_APLICA,variante marcada como no modelable,,
212260668,pull,sinArtefactosConservador,class_weight_balanced,MLP,,,,,,,,,,,,,,,0,True,NO_APLICA,variante marcada como no modelable,,
212260668,pull,sinArtefactosConservador,class_weight_balanced,IBk_kNN,,,,,,,,,,,,,,,0,True,NO_APLICA,variante marcada como no modelable,,
212260668,pull,sinArtefactosConservador,class_weight_balanced,RBFNetwork_aprox,,,,,,,,,,,,,,,0,True,NO_APLICA,variante marcada como no modelable,,
212260668,pull,sinArtefactosConservador,smote,SMO_SVM,,,,,,,,,,,,,,,0,True,NO_APLICA,variante marcada como no modelable,,
212260668,pull,sinArtefactosConservador,smote,RandomForest,,,,,,,,,,,,,,,0,True,NO_APLICA,variante marcada como no modelable,,
212260668,pull,sinArtefactosConservador,smote,MLP,,,,,,,,,,,,,,,0,True,NO_APLICA,variante marcada como no modelable,,
212260668,pull,sinArtefactosConservador,smote,IBk_kNN,,,,,,,,,,,,,,,0,True,NO_APLICA,variante marcada como no modelable,,
212260668,pull,sinArtefactosConservador,smote,RBFNetwork_aprox,,,,,,,,,,,,,,,0,True,NO_APLICA,variante marcada como no modelable,,
212260668,pull,sinArtefactosConservador,smote_tomek,SMO_SVM,,,,,,,,,,,,,,,0,True,NO_APLICA,variante marcada como no modelable,,
212260668,pull,sinArtefactosConservador,smote_tomek,RandomForest,,,,,,,,,,,,,,,0,True,NO_APLICA,variante marcada como no modelable,,
212260668,pull,sinArtefactosConservador,smote_tomek,MLP,,,,,,,,,,,,,,,0,True,NO_APLICA,variante marcada como no modelable,,
212260668,pull,sinArtefactosConservador,smote_tomek,IBk_kNN,,,,,,,,,,,,,,,0,True,NO_APLICA,variante marcada como no modelable,,
212260668,pull,sinArtefactosConservador,smote_tomek,RBFNetwork_aprox,,,,,,,,,,,,,,,0,True,NO_APLICA,variante marcada como no modelable,,
212260668,pull,sinArtefactosConservador,random_undersampling_controlado,SMO_SVM,,,,,,,,,,,,,,,0,True,NO_APLICA,variante marcada como no modelable,,
212260668,pull,sinArtefactosConservador,random_undersampling_controlado,RandomForest,,,,,,,,,,,,,,,0,True,NO_APLICA,variante marcada como no modelable,,
212260668,pull,sinArtefactosConservador,random_undersampling_controlado,MLP,,,,,,,,,,,,,,,0,True,NO_APLICA,variante marcada como no modelable,,
212260668,pull,sinArtefactosConservador,random_undersampling_controlado,IBk_kNN,,,,,,,,,,,,,,,0,True,NO_APLICA,variante marcada como no modelable,,
212260668,pull,sinArtefactosConservador,random_undersampling_controlado,RBFNetwork_aprox,,,,,,,,,,,,,,,0,True,NO_APLICA,variante marcada como no modelable,,
212260668,pull,sinArtefactosEstricto,sin_balanceo,SMO_SVM,,,,,,,,,,,,,,,0,True,NO_APLICA,variante marcada como no modelable,,
212260668,pull,sinArtefactosEstricto,sin_balanceo,RandomForest,,,,,,,,,,,,,,,0,True,NO_APLICA,variante marcada como no modelable,,
212260668,pull,sinArtefactosEstricto,sin_balanceo,MLP,,,,,,,,,,,,,,,0,True,NO_APLICA,variante marcada como no modelable,,
212260668,pull,sinArtefactosEstricto,sin_balanceo,IBk_kNN,,,,,,,,,,,,,,,0,True,NO_APLICA,variante marcada como no modelable,,
212260668,pull,sinArtefactosEstricto,sin_balanceo,RBFNetwork_aprox,,,,,,,,,,,,,,,0,True,NO_APLICA,variante marcada como no modelable,,
212260668,pull,sinArtefactosEstricto,random_oversampling,SMO_SVM,,,,,,,,,,,,,,,0,True,NO_APLICA,variante marcada como no modelable,,
212260668,pull,sinArtefactosEstricto,random_oversampling,RandomForest,,,,,,,,,,,,,,,0,True,NO_APLICA,variante marcada como no modelable,,
212260668,pull,sinArtefactosEstricto,random_oversampling,MLP,,,,,,,,,,,,,,,0,True,NO_APLICA,variante marcada como no modelable,,
212260668,pull,sinArtefactosEstricto,random_oversampling,IBk_kNN,,,,,,,,,,,,,,,0,True,NO_APLICA,variante marcada como no modelable,,
212260668,pull,sinArtefactosEstricto,random_oversampling,RBFNetwork_aprox,,,,,,,,,,,,,,,0,True,NO_APLICA,variante marcada como no modelable,,
212260668,pull,sinArtefactosEstricto,class_weight_balanced,SMO_SVM,,,,,,,,,,,,,,,0,True,NO_APLICA,variante marcada como no modelable,,
212260668,pull,sinArtefactosEstricto,class_weight_balanced,RandomForest,,,,,,,,,,,,,,,0,True,NO_APLICA,variante marcada como no modelable,,
212260668,pull,sinArtefactosEstricto,class_weight_balanced,MLP,,,,,,,,,,,,,,,0,True,NO_APLICA,variante marcada como no modelable,,
212260668,pull,sinArtefactosEstricto,class_weight_balanced,IBk_kNN,,,,,,,,,,,,,,,0,True,NO_APLICA,variante marcada como no modelable,,
212260668,pull,sinArtefactosEstricto,class_weight_balanced,RBFNetwork_aprox,,,,,,,,,,,,,,,0,True,NO_APLICA,variante marcada como no modelable,,
212260668,pull,sinArtefactosEstricto,smote,SMO_SVM,,,,,,,,,,,,,,,0,True,NO_APLICA,variante marcada como no modelable,,
212260668,pull,sinArtefactosEstricto,smote,RandomForest,,,,,,,,,,,,,,,0,True,NO_APLICA,variante marcada como no modelable,,
212260668,pull,sinArtefactosEstricto,smote,MLP,,,,,,,,,,,,,,,0,True,NO_APLICA,variante marcada como no modelable,,
212260668,pull,sinArtefactosEstricto,smote,IBk_kNN,,,,,,,,,,,,,,,0,True,NO_APLICA,variante marcada como no modelable,,
212260668,pull,sinArtefactosEstricto,smote,RBFNetwork_aprox,,,,,,,,,,,,,,,0,True,NO_APLICA,variante marcada como no modelable,,
212260668,pull,sinArtefactosEstricto,smote_tomek,SMO_SVM,,,,,,,,,,,,,,,0,True,NO_APLICA,variante marcada como no modelable,,
212260668,pull,sinArtefactosEstricto,smote_tomek,RandomForest,,,,,,,,,,,,,,,0,True,NO_APLICA,variante marcada como no modelable,,
212260668,pull,sinArtefactosEstricto,smote_tomek,MLP,,,,,,,,,,,,,,,0,True,NO_APLICA,variante marcada como no modelable,,
212260668,pull,sinArtefactosEstricto,smote_tomek,IBk_kNN,,,,,,,,,,,,,,,0,True,NO_APLICA,variante marcada como no modelable,,
212260668,pull,sinArtefactosEstricto,smote_tomek,RBFNetwork_aprox,,,,,,,,,,,,,,,0,True,NO_APLICA,variante marcada como no modelable,,
212260668,pull,sinArtefactosEstricto,random_undersampling_controlado,SMO_SVM,,,,,,,,,,,,,,,0,True,NO_APLICA,variante marcada como no modelable,,
212260668,pull,sinArtefactosEstricto,random_undersampling_controlado,RandomForest,,,,,,,,,,,,,,,0,True,NO_APLICA,variante marcada como no modelable,,
212260668,pull,sinArtefactosEstricto,random_undersampling_controlado,MLP,,,,,,,,,,,,,,,0,True,NO_APLICA,variante marcada como no modelable,,
212260668,pull,sinArtefactosEstricto,random_undersampling_controlado,IBk_kNN,,,,,,,,,,,,,,,0,True,NO_APLICA,variante marcada como no modelable,,
212260668,pull,sinArtefactosEstricto,random_undersampling_controlado,RBFNetwork_aprox,,,,,,,,,,,,,,,0,True,NO_APLICA,variante marcada como no modelable,,
212260668,push,noOutliers,sin_balanceo,SMO_SVM,,,,,,,,,,,,,,,0,True,NO_APLICA,menos de dos clases modelables,,
212260668,push,noOutliers,sin_balanceo,RandomForest,,,,,,,,,,,,,,,0,True,NO_APLICA,menos de dos clases modelables,,
212260668,push,noOutliers,sin_balanceo,MLP,,,,,,,,,,,,,,,0,True,NO_APLICA,menos de dos clases modelables,,
212260668,push,noOutliers,sin_balanceo,IBk_kNN,,,,,,,,,,,,,,,0,True,NO_APLICA,menos de dos clases modelables,,
212260668,push,noOutliers,sin_balanceo,RBFNetwork_aprox,,,,,,,,,,,,,,,0,True,NO_APLICA,menos de dos clases modelables,,
212260668,push,noOutliers,random_oversampling,SMO_SVM,,,,,,,,,,,,,,,0,True,NO_APLICA,menos de dos clases modelables,,
212260668,push,noOutliers,random_oversampling,RandomForest,,,,,,,,,,,,,,,0,True,NO_APLICA,menos de dos clases modelables,,
212260668,push,noOutliers,random_oversampling,MLP,,,,,,,,,,,,,,,0,True,NO_APLICA,menos de dos clases modelables,,
212260668,push,noOutliers,random_oversampling,IBk_kNN,,,,,,,,,,,,,,,0,True,NO_APLICA,menos de dos clases modelables,,
212260668,push,noOutliers,random_oversampling,RBFNetwork_aprox,,,,,,,,,,,,,,,0,True,NO_APLICA,menos de dos clases modelables,,
212260668,push,noOutliers,class_weight_balanced,SMO_SVM,,,,,,,,,,,,,,,0,True,NO_APLICA,menos de dos clases modelables,,
212260668,push,noOutliers,class_weight_balanced,RandomForest,,,,,,,,,,,,,,,0,True,NO_APLICA,menos de dos clases modelables,,
212260668,push,noOutliers,class_weight_balanced,MLP,,,,,,,,,,,,,,,0,True,NO_APLICA,menos de dos clases modelables,,
212260668,push,noOutliers,class_weight_balanced,IBk_kNN,,,,,,,,,,,,,,,0,True,NO_APLICA,menos de dos clases modelables,,
212260668,push,noOutliers,class_weight_balanced,RBFNetwork_aprox,,,,,,,,,,,,,,,0,True,NO_APLICA,menos de dos clases modelables,,
212260668,push,noOutliers,smote,SMO_SVM,,,,,,,,,,,,,,,0,True,NO_APLICA,menos de dos clases modelables,,
212260668,push,noOutliers,smote,RandomForest,,,,,,,,,,,,,,,0,True,NO_APLICA,menos de dos clases modelables,,
212260668,push,noOutliers,smote,MLP,,,,,,,,,,,,,,,0,True,NO_APLICA,menos de dos clases modelables,,
212260668,push,noOutliers,smote,IBk_kNN,,,,,,,,,,,,,,,0,True,NO_APLICA,menos de dos clases modelables,,
212260668,push,noOutliers,smote,RBFNetwork_aprox,,,,,,,,,,,,,,,0,True,NO_APLICA,menos de dos clases modelables,,
212260668,push,noOutliers,smote_tomek,SMO_SVM,,,,,,,,,,,,,,,0,True,NO_APLICA,menos de dos clases modelables,,
212260668,push,noOutliers,smote_tomek,RandomForest,,,,,,,,,,,,,,,0,True,NO_APLICA,menos de dos clases modelables,,
212260668,push,noOutliers,smote_tomek,MLP,,,,,,,,,,,,,,,0,True,NO_APLICA,menos de dos clases modelables,,
212260668,push,noOutliers,smote_tomek,IBk_kNN,,,,,,,,,,,,,,,0,True,NO_APLICA,menos de dos clases modelables,,
212260668,push,noOutliers,smote_tomek,RBFNetwork_aprox,,,,,,,,,,,,,,,0,True,NO_APLICA,menos de dos clases modelables,,
212260668,push,noOutliers,random_undersampling_controlado,SMO_SVM,,,,,,,,,,,,,,,0,True,NO_APLICA,menos de dos clases modelables,,
212260668,push,noOutliers,random_undersampling_controlado,RandomForest,,,,,,,,,,,,,,,0,True,NO_APLICA,menos de dos clases modelables,,
212260668,push,noOutliers,random_undersampling_controlado,MLP,,,,,,,,,,,,,,,0,True,NO_APLICA,menos de dos clases modelables,,
212260668,push,noOutliers,random_undersampling_controlado,IBk_kNN,,,,,,,,,,,,,,,0,True,NO_APLICA,menos de dos clases modelables,,
212260668,push,noOutliers,random_undersampling_controlado,RBFNetwork_aprox,,,,,,,,,,,,,,,0,True,NO_APLICA,menos de dos clases modelables,,
212260668,push,sinArtefactosConservador,sin_balanceo,SMO_SVM,,,,,,,,,,,,,,,0,True,NO_APLICA,variante marcada como no modelable,,
212260668,push,sinArtefactosConservador,sin_balanceo,RandomForest,,,,,,,,,,,,,,,0,True,NO_APLICA,variante marcada como no modelable,,
212260668,push,sinArtefactosConservador,sin_balanceo,MLP,,,,,,,,,,,,,,,0,True,NO_APLICA,variante marcada como no modelable,,
212260668,push,sinArtefactosConservador,sin_balanceo,IBk_kNN,,,,,,,,,,,,,,,0,True,NO_APLICA,variante marcada como no modelable,,
212260668,push,sinArtefactosConservador,sin_balanceo,RBFNetwork_aprox,,,,,,,,,,,,,,,0,True,NO_APLICA,variante marcada como no modelable,,
212260668,push,sinArtefactosConservador,random_oversampling,SMO_SVM,,,,,,,,,,,,,,,0,True,NO_APLICA,variante marcada como no modelable,,
212260668,push,sinArtefactosConservador,random_oversampling,RandomForest,,,,,,,,,,,,,,,0,True,NO_APLICA,variante marcada como no modelable,,
212260668,push,sinArtefactosConservador,random_oversampling,MLP,,,,,,,,,,,,,,,0,True,NO_APLICA,variante marcada como no modelable,,
212260668,push,sinArtefactosConservador,random_oversampling,IBk_kNN,,,,,,,,,,,,,,,0,True,NO_APLICA,variante marcada como no modelable,,
212260668,push,sinArtefactosConservador,random_oversampling,RBFNetwork_aprox,,,,,,,,,,,,,,,0,True,NO_APLICA,variante marcada como no modelable,,
212260668,push,sinArtefactosConservador,class_weight_balanced,SMO_SVM,,,,,,,,,,,,,,,0,True,NO_APLICA,variante marcada como no modelable,,
212260668,push,sinArtefactosConservador,class_weight_balanced,RandomForest,,,,,,,,,,,,,,,0,True,NO_APLICA,variante marcada como no modelable,,
212260668,push,sinArtefactosConservador,class_weight_balanced,MLP,,,,,,,,,,,,,,,0,True,NO_APLICA,variante marcada como no modelable,,
212260668,push,sinArtefactosConservador,class_weight_balanced,IBk_kNN,,,,,,,,,,,,,,,0,True,NO_APLICA,variante marcada como no modelable,,
212260668,push,sinArtefactosConservador,class_weight_balanced,RBFNetwork_aprox,,,,,,,,,,,,,,,0,True,NO_APLICA,variante marcada como no modelable,,
212260668,push,sinArtefactosConservador,smote,SMO_SVM,,,,,,,,,,,,,,,0,True,NO_APLICA,variante marcada como no modelable,,
212260668,push,sinArtefactosConservador,smote,RandomForest,,,,,,,,,,,,,,,0,True,NO_APLICA,variante marcada como no modelable,,
212260668,push,sinArtefactosConservador,smote,MLP,,,,,,,,,,,,,,,0,True,NO_APLICA,variante marcada como no modelable,,
212260668,push,sinArtefactosConservador,smote,IBk_kNN,,,,,,,,,,,,,,,0,True,NO_APLICA,variante marcada como no modelable,,
212260668,push,sinArtefactosConservador,smote,RBFNetwork_aprox,,,,,,,,,,,,,,,0,True,NO_APLICA,variante marcada como no modelable,,
212260668,push,sinArtefactosConservador,smote_tomek,SMO_SVM,,,,,,,,,,,,,,,0,True,NO_APLICA,variante marcada como no modelable,,
212260668,push,sinArtefactosConservador,smote_tomek,RandomForest,,,,,,,,,,,,,,,0,True,NO_APLICA,variante marcada como no modelable,,
212260668,push,sinArtefactosConservador,smote_tomek,MLP,,,,,,,,,,,,,,,0,True,NO_APLICA,variante marcada como no modelable,,
212260668,push,sinArtefactosConservador,smote_tomek,IBk_kNN,,,,,,,,,,,,,,,0,True,NO_APLICA,variante marcada como no modelable,,
212260668,push,sinArtefactosConservador,smote_tomek,RBFNetwork_aprox,,,,,,,,,,,,,,,0,True,NO_APLICA,variante marcada como no modelable,,
212260668,push,sinArtefactosConservador,random_undersampling_controlado,SMO_SVM,,,,,,,,,,,,,,,0,True,NO_APLICA,variante marcada como no modelable,,
212260668,push,sinArtefactosConservador,random_undersampling_controlado,RandomForest,,,,,,,,,,,,,,,0,True,NO_APLICA,variante marcada como no modelable,,
212260668,push,sinArtefactosConservador,random_undersampling_controlado,MLP,,,,,,,,,,,,,,,0,True,NO_APLICA,variante marcada como no modelable,,
212260668,push,sinArtefactosConservador,random_undersampling_controlado,IBk_kNN,,,,,,,,,,,,,,,0,True,NO_APLICA,variante marcada como no modelable,,
212260668,push,sinArtefactosConservador,random_undersampling_controlado,RBFNetwork_aprox,,,,,,,,,,,,,,,0,True,NO_APLICA,variante marcada como no modelable,,
212260668,push,sinArtefactosEstricto,sin_balanceo,SMO_SVM,,,,,,,,,,,,,,,0,True,NO_APLICA,variante marcada como no modelable,,
212260668,push,sinArtefactosEstricto,sin_balanceo,RandomForest,,,,,,,,,,,,,,,0,True,NO_APLICA,variante marcada como no modelable,,
212260668,push,sinArtefactosEstricto,sin_balanceo,MLP,,,,,,,,,,,,,,,0,True,NO_APLICA,variante marcada como no modelable,,
212260668,push,sinArtefactosEstricto,sin_balanceo,IBk_kNN,,,,,,,,,,,,,,,0,True,NO_APLICA,variante marcada como no modelable,,
212260668,push,sinArtefactosEstricto,sin_balanceo,RBFNetwork_aprox,,,,,,,,,,,,,,,0,True,NO_APLICA,variante marcada como no modelable,,
212260668,push,sinArtefactosEstricto,random_oversampling,SMO_SVM,,,,,,,,,,,,,,,0,True,NO_APLICA,variante marcada como no modelable,,
212260668,push,sinArtefactosEstricto,random_oversampling,RandomForest,,,,,,,,,,,,,,,0,True,NO_APLICA,variante marcada como no modelable,,
212260668,push,sinArtefactosEstricto,random_oversampling,MLP,,,,,,,,,,,,,,,0,True,NO_APLICA,variante marcada como no modelable,,
212260668,push,sinArtefactosEstricto,random_oversampling,IBk_kNN,,,,,,,,,,,,,,,0,True,NO_APLICA,variante marcada como no modelable,,
212260668,push,sinArtefactosEstricto,random_oversampling,RBFNetwork_aprox,,,,,,,,,,,,,,,0,True,NO_APLICA,variante marcada como no modelable,,
212260668,push,sinArtefactosEstricto,class_weight_balanced,SMO_SVM,,,,,,,,,,,,,,,0,True,NO_APLICA,variante marcada como no modelable,,
212260668,push,sinArtefactosEstricto,class_weight_balanced,RandomForest,,,,,,,,,,,,,,,0,True,NO_APLICA,variante marcada como no modelable,,
212260668,push,sinArtefactosEstricto,class_weight_balanced,MLP,,,,,,,,,,,,,,,0,True,NO_APLICA,variante marcada como no modelable,,
212260668,push,sinArtefactosEstricto,class_weight_balanced,IBk_kNN,,,,,,,,,,,,,,,0,True,NO_APLICA,variante marcada como no modelable,,
212260668,push,sinArtefactosEstricto,class_weight_balanced,RBFNetwork_aprox,,,,,,,,,,,,,,,0,True,NO_APLICA,variante marcada como no modelable,,
212260668,push,sinArtefactosEstricto,smote,SMO_SVM,,,,,,,,,,,,,,,0,True,NO_APLICA,variante marcada como no modelable,,
212260668,push,sinArtefactosEstricto,smote,RandomForest,,,,,,,,,,,,,,,0,True,NO_APLICA,variante marcada como no modelable,,
212260668,push,sinArtefactosEstricto,smote,MLP,,,,,,,,,,,,,,,0,True,NO_APLICA,variante marcada como no modelable,,
212260668,push,sinArtefactosEstricto,smote,IBk_kNN,,,,,,,,,,,,,,,0,True,NO_APLICA,variante marcada como no modelable,,
212260668,push,sinArtefactosEstricto,smote,RBFNetwork_aprox,,,,,,,,,,,,,,,0,True,NO_APLICA,variante marcada como no modelable,,
212260668,push,sinArtefactosEstricto,smote_tomek,SMO_SVM,,,,,,,,,,,,,,,0,True,NO_APLICA,variante marcada como no modelable,,
212260668,push,sinArtefactosEstricto,smote_tomek,RandomForest,,,,,,,,,,,,,,,0,True,NO_APLICA,variante marcada como no modelable,,
212260668,push,sinArtefactosEstricto,smote_tomek,MLP,,,,,,,,,,,,,,,0,True,NO_APLICA,variante marcada como no modelable,,
212260668,push,sinArtefactosEstricto,smote_tomek,IBk_kNN,,,,,,,,,,,,,,,0,True,NO_APLICA,variante marcada como no modelable,,
212260668,push,sinArtefactosEstricto,smote_tomek,RBFNetwork_aprox,,,,,,,,,,,,,,,0,True,NO_APLICA,variante marcada como no modelable,,
212260668,push,sinArtefactosEstricto,random_undersampling_controlado,SMO_SVM,,,,,,,,,,,,,,,0,True,NO_APLICA,variante marcada como no modelable,,
212260668,push,sinArtefactosEstricto,random_undersampling_controlado,RandomForest,,,,,,,,,,,,,,,0,True,NO_APLICA,variante marcada como no modelable,,
212260668,push,sinArtefactosEstricto,random_undersampling_controlado,MLP,,,,,,,,,,,,,,,0,True,NO_APLICA,variante marcada como no modelable,,
212260668,push,sinArtefactosEstricto,random_undersampling_controlado,IBk_kNN,,,,,,,,,,,,,,,0,True,NO_APLICA,variante marcada como no modelable,,
212260668,push,sinArtefactosEstricto,random_undersampling_controlado,RBFNetwork_aprox,,,,,,,,,,,,,,,0,True,NO_APLICA,variante marcada como no modelable,,
212260668,right,noOutliers,sin_balanceo,SMO_SVM,,,,,,,,,,,,,,,0,True,NO_APLICA,menos de dos clases modelables,,
212260668,right,noOutliers,sin_balanceo,RandomForest,,,,,,,,,,,,,,,0,True,NO_APLICA,menos de dos clases modelables,,
212260668,right,noOutliers,sin_balanceo,MLP,,,,,,,,,,,,,,,0,True,NO_APLICA,menos de dos clases modelables,,
212260668,right,noOutliers,sin_balanceo,IBk_kNN,,,,,,,,,,,,,,,0,True,NO_APLICA,menos de dos clases modelables,,
212260668,right,noOutliers,sin_balanceo,RBFNetwork_aprox,,,,,,,,,,,,,,,0,True,NO_APLICA,menos de dos clases modelables,,
212260668,right,noOutliers,random_oversampling,SMO_SVM,,,,,,,,,,,,,,,0,True,NO_APLICA,menos de dos clases modelables,,
212260668,right,noOutliers,random_oversampling,RandomForest,,,,,,,,,,,,,,,0,True,NO_APLICA,menos de dos clases modelables,,
212260668,right,noOutliers,random_oversampling,MLP,,,,,,,,,,,,,,,0,True,NO_APLICA,menos de dos clases modelables,,
212260668,right,noOutliers,random_oversampling,IBk_kNN,,,,,,,,,,,,,,,0,True,NO_APLICA,menos de dos clases modelables,,
212260668,right,noOutliers,random_oversampling,RBFNetwork_aprox,,,,,,,,,,,,,,,0,True,NO_APLICA,menos de dos clases modelables,,
212260668,right,noOutliers,class_weight_balanced,SMO_SVM,,,,,,,,,,,,,,,0,True,NO_APLICA,menos de dos clases modelables,,
212260668,right,noOutliers,class_weight_balanced,RandomForest,,,,,,,,,,,,,,,0,True,NO_APLICA,menos de dos clases modelables,,
212260668,right,noOutliers,class_weight_balanced,MLP,,,,,,,,,,,,,,,0,True,NO_APLICA,menos de dos clases modelables,,
212260668,right,noOutliers,class_weight_balanced,IBk_kNN,,,,,,,,,,,,,,,0,True,NO_APLICA,menos de dos clases modelables,,
212260668,right,noOutliers,class_weight_balanced,RBFNetwork_aprox,,,,,,,,,,,,,,,0,True,NO_APLICA,menos de dos clases modelables,,
212260668,right,noOutliers,smote,SMO_SVM,,,,,,,,,,,,,,,0,True,NO_APLICA,menos de dos clases modelables,,
212260668,right,noOutliers,smote,RandomForest,,,,,,,,,,,,,,,0,True,NO_APLICA,menos de dos clases modelables,,
212260668,right,noOutliers,smote,MLP,,,,,,,,,,,,,,,0,True,NO_APLICA,menos de dos clases modelables,,
212260668,right,noOutliers,smote,IBk_kNN,,,,,,,,,,,,,,,0,True,NO_APLICA,menos de dos clases modelables,,
212260668,right,noOutliers,smote,RBFNetwork_aprox,,,,,,,,,,,,,,,0,True,NO_APLICA,menos de dos clases modelables,,
212260668,right,noOutliers,smote_tomek,SMO_SVM,,,,,,,,,,,,,,,0,True,NO_APLICA,menos de dos clases modelables,,
212260668,right,noOutliers,smote_tomek,RandomForest,,,,,,,,,,,,,,,0,True,NO_APLICA,menos de dos clases modelables,,
212260668,right,noOutliers,smote_tomek,MLP,,,,,,,,,,,,,,,0,True,NO_APLICA,menos de dos clases modelables,,
212260668,right,noOutliers,smote_tomek,IBk_kNN,,,,,,,,,,,,,,,0,True,NO_APLICA,menos de dos clases modelables,,
212260668,right,noOutliers,smote_tomek,RBFNetwork_aprox,,,,,,,,,,,,,,,0,True,NO_APLICA,menos de dos clases modelables,,
212260668,right,noOutliers,random_undersampling_controlado,SMO_SVM,,,,,,,,,,,,,,,0,True,NO_APLICA,menos de dos clases modelables,,
212260668,right,noOutliers,random_undersampling_controlado,RandomForest,,,,,,,,,,,,,,,0,True,NO_APLICA,menos de dos clases modelables,,
212260668,right,noOutliers,random_undersampling_controlado,MLP,,,,,,,,,,,,,,,0,True,NO_APLICA,menos de dos clases modelables,,
212260668,right,noOutliers,random_undersampling_controlado,IBk_kNN,,,,,,,,,,,,,,,0,True,NO_APLICA,menos de dos clases modelables,,
212260668,right,noOutliers,random_undersampling_controlado,RBFNetwork_aprox,,,,,,,,,,,,,,,0,True,NO_APLICA,menos de dos clases modelables,,
212260668,right,sinArtefactosConservador,sin_balanceo,SMO_SVM,,,,,,,,,,,,,,,0,True,NO_APLICA,variante marcada como no modelable,,
212260668,right,sinArtefactosConservador,sin_balanceo,RandomForest,,,,,,,,,,,,,,,0,True,NO_APLICA,variante marcada como no modelable,,
212260668,right,sinArtefactosConservador,sin_balanceo,MLP,,,,,,,,,,,,,,,0,True,NO_APLICA,variante marcada como no modelable,,
212260668,right,sinArtefactosConservador,sin_balanceo,IBk_kNN,,,,,,,,,,,,,,,0,True,NO_APLICA,variante marcada como no modelable,,
212260668,right,sinArtefactosConservador,sin_balanceo,RBFNetwork_aprox,,,,,,,,,,,,,,,0,True,NO_APLICA,variante marcada como no modelable,,
212260668,right,sinArtefactosConservador,random_oversampling,SMO_SVM,,,,,,,,,,,,,,,0,True,NO_APLICA,variante marcada como no modelable,,
212260668,right,sinArtefactosConservador,random_oversampling,RandomForest,,,,,,,,,,,,,,,0,True,NO_APLICA,variante marcada como no modelable,,
212260668,right,sinArtefactosConservador,random_oversampling,MLP,,,,,,,,,,,,,,,0,True,NO_APLICA,variante marcada como no modelable,,
212260668,right,sinArtefactosConservador,random_oversampling,IBk_kNN,,,,,,,,,,,,,,,0,True,NO_APLICA,variante marcada como no modelable,,
212260668,right,sinArtefactosConservador,random_oversampling,RBFNetwork_aprox,,,,,,,,,,,,,,,0,True,NO_APLICA,variante marcada como no modelable,,
212260668,right,sinArtefactosConservador,class_weight_balanced,SMO_SVM,,,,,,,,,,,,,,,0,True,NO_APLICA,variante marcada como no modelable,,
212260668,right,sinArtefactosConservador,class_weight_balanced,RandomForest,,,,,,,,,,,,,,,0,True,NO_APLICA,variante marcada como no modelable,,
212260668,right,sinArtefactosConservador,class_weight_balanced,MLP,,,,,,,,,,,,,,,0,True,NO_APLICA,variante marcada como no modelable,,
212260668,right,sinArtefactosConservador,class_weight_balanced,IBk_kNN,,,,,,,,,,,,,,,0,True,NO_APLICA,variante marcada como no modelable,,
212260668,right,sinArtefactosConservador,class_weight_balanced,RBFNetwork_aprox,,,,,,,,,,,,,,,0,True,NO_APLICA,variante marcada como no modelable,,
212260668,right,sinArtefactosConservador,smote,SMO_SVM,,,,,,,,,,,,,,,0,True,NO_APLICA,variante marcada como no modelable,,
212260668,right,sinArtefactosConservador,smote,RandomForest,,,,,,,,,,,,,,,0,True,NO_APLICA,variante marcada como no modelable,,
212260668,right,sinArtefactosConservador,smote,MLP,,,,,,,,,,,,,,,0,True,NO_APLICA,variante marcada como no modelable,,
212260668,right,sinArtefactosConservador,smote,IBk_kNN,,,,,,,,,,,,,,,0,True,NO_APLICA,variante marcada como no modelable,,
212260668,right,sinArtefactosConservador,smote,RBFNetwork_aprox,,,,,,,,,,,,,,,0,True,NO_APLICA,variante marcada como no modelable,,
212260668,right,sinArtefactosConservador,smote_tomek,SMO_SVM,,,,,,,,,,,,,,,0,True,NO_APLICA,variante marcada como no modelable,,
212260668,right,sinArtefactosConservador,smote_tomek,RandomForest,,,,,,,,,,,,,,,0,True,NO_APLICA,variante marcada como no modelable,,
212260668,right,sinArtefactosConservador,smote_tomek,MLP,,,,,,,,,,,,,,,0,True,NO_APLICA,variante marcada como no modelable,,
212260668,right,sinArtefactosConservador,smote_tomek,IBk_kNN,,,,,,,,,,,,,,,0,True,NO_APLICA,variante marcada como no modelable,,
212260668,right,sinArtefactosConservador,smote_tomek,RBFNetwork_aprox,,,,,,,,,,,,,,,0,True,NO_APLICA,variante marcada como no modelable,,
212260668,right,sinArtefactosConservador,random_undersampling_controlado,SMO_SVM,,,,,,,,,,,,,,,0,True,NO_APLICA,variante marcada como no modelable,,
212260668,right,sinArtefactosConservador,random_undersampling_controlado,RandomForest,,,,,,,,,,,,,,,0,True,NO_APLICA,variante marcada como no modelable,,
212260668,right,sinArtefactosConservador,random_undersampling_controlado,MLP,,,,,,,,,,,,,,,0,True,NO_APLICA,variante marcada como no modelable,,
212260668,right,sinArtefactosConservador,random_undersampling_controlado,IBk_kNN,,,,,,,,,,,,,,,0,True,NO_APLICA,variante marcada como no modelable,,
212260668,right,sinArtefactosConservador,random_undersampling_controlado,RBFNetwork_aprox,,,,,,,,,,,,,,,0,True,NO_APLICA,variante marcada como no modelable,,
212260668,right,sinArtefactosEstricto,sin_balanceo,SMO_SVM,,,,,,,,,,,,,,,0,True,NO_APLICA,variante marcada como no modelable,,
212260668,right,sinArtefactosEstricto,sin_balanceo,RandomForest,,,,,,,,,,,,,,,0,True,NO_APLICA,variante marcada como no modelable,,
212260668,right,sinArtefactosEstricto,sin_balanceo,MLP,,,,,,,,,,,,,,,0,True,NO_APLICA,variante marcada como no modelable,,
212260668,right,sinArtefactosEstricto,sin_balanceo,IBk_kNN,,,,,,,,,,,,,,,0,True,NO_APLICA,variante marcada como no modelable,,
212260668,right,sinArtefactosEstricto,sin_balanceo,RBFNetwork_aprox,,,,,,,,,,,,,,,0,True,NO_APLICA,variante marcada como no modelable,,
212260668,right,sinArtefactosEstricto,random_oversampling,SMO_SVM,,,,,,,,,,,,,,,0,True,NO_APLICA,variante marcada como no modelable,,
212260668,right,sinArtefactosEstricto,random_oversampling,RandomForest,,,,,,,,,,,,,,,0,True,NO_APLICA,variante marcada como no modelable,,
212260668,right,sinArtefactosEstricto,random_oversampling,MLP,,,,,,,,,,,,,,,0,True,NO_APLICA,variante marcada como no modelable,,
212260668,right,sinArtefactosEstricto,random_oversampling,IBk_kNN,,,,,,,,,,,,,,,0,True,NO_APLICA,variante marcada como no modelable,,
212260668,right,sinArtefactosEstricto,random_oversampling,RBFNetwork_aprox,,,,,,,,,,,,,,,0,True,NO_APLICA,variante marcada como no modelable,,
212260668,right,sinArtefactosEstricto,class_weight_balanced,SMO_SVM,,,,,,,,,,,,,,,0,True,NO_APLICA,variante marcada como no modelable,,
212260668,right,sinArtefactosEstricto,class_weight_balanced,RandomForest,,,,,,,,,,,,,,,0,True,NO_APLICA,variante marcada como no modelable,,
212260668,right,sinArtefactosEstricto,class_weight_balanced,MLP,,,,,,,,,,,,,,,0,True,NO_APLICA,variante marcada como no modelable,,
212260668,right,sinArtefactosEstricto,class_weight_balanced,IBk_kNN,,,,,,,,,,,,,,,0,True,NO_APLICA,variante marcada como no modelable,,
212260668,right,sinArtefactosEstricto,class_weight_balanced,RBFNetwork_aprox,,,,,,,,,,,,,,,0,True,NO_APLICA,variante marcada como no modelable,,
212260668,right,sinArtefactosEstricto,smote,SMO_SVM,,,,,,,,,,,,,,,0,True,NO_APLICA,variante marcada como no modelable,,
212260668,right,sinArtefactosEstricto,smote,RandomForest,,,,,,,,,,,,,,,0,True,NO_APLICA,variante marcada como no modelable,,
212260668,right,sinArtefactosEstricto,smote,MLP,,,,,,,,,,,,,,,0,True,NO_APLICA,variante marcada como no modelable,,
212260668,right,sinArtefactosEstricto,smote,IBk_kNN,,,,,,,,,,,,,,,0,True,NO_APLICA,variante marcada como no modelable,,
212260668,right,sinArtefactosEstricto,smote,RBFNetwork_aprox,,,,,,,,,,,,,,,0,True,NO_APLICA,variante marcada como no modelable,,
212260668,right,sinArtefactosEstricto,smote_tomek,SMO_SVM,,,,,,,,,,,,,,,0,True,NO_APLICA,variante marcada como no modelable,,
212260668,right,sinArtefactosEstricto,smote_tomek,RandomForest,,,,,,,,,,,,,,,0,True,NO_APLICA,variante marcada como no modelable,,
212260668,right,sinArtefactosEstricto,smote_tomek,MLP,,,,,,,,,,,,,,,0,True,NO_APLICA,variante marcada como no modelable,,
212260668,right,sinArtefactosEstricto,smote_tomek,IBk_kNN,,,,,,,,,,,,,,,0,True,NO_APLICA,variante marcada como no modelable,,
212260668,right,sinArtefactosEstricto,smote_tomek,RBFNetwork_aprox,,,,,,,,,,,,,,,0,True,NO_APLICA,variante marcada como no modelable,,
212260668,right,sinArtefactosEstricto,random_undersampling_controlado,SMO_SVM,,,,,,,,,,,,,,,0,True,NO_APLICA,variante marcada como no modelable,,
212260668,right,sinArtefactosEstricto,random_undersampling_controlado,RandomForest,,,,,,,,,,,,,,,0,True,NO_APLICA,variante marcada como no modelable,,
212260668,right,sinArtefactosEstricto,random_undersampling_controlado,MLP,,,,,,,,,,,,,,,0,True,NO_APLICA,variante marcada como no modelable,,
212260668,right,sinArtefactosEstricto,random_undersampling_controlado,IBk_kNN,,,,,,,,,,,,,,,0,True,NO_APLICA,variante marcada como no modelable,,
212260668,right,sinArtefactosEstricto,random_undersampling_controlado,RBFNetwork_aprox,,,,,,,,,,,,,,,0,True,NO_APLICA,variante marcada como no modelable,,
212260672,all,noOutliers,sin_balanceo,SMO_SVM,86.17,76.56,0.766,0.792,0.8553,0.75,0.9412,0.4545,0.9167,0.6667,0.8276,1.0,1.0,0.926,8,True,SI,Recall crítico bajo en: push,bloques,2.0
212260672,all,noOutliers,sin_balanceo,RandomForest,81.91,59.94,0.6736,0.6457,0.7847,0.25,1.0,0.2727,0.875,1.0,0.7846,1.0,0.875,0.9571,8,True,no,"Recall crítico bajo en: left, push",bloques,2.0
212260672,all,noOutliers,sin_balanceo,MLP,81.91,70.31,0.6918,0.7493,0.8105,0.625,0.9412,0.4545,0.7917,1.0,0.8276,0.7143,0.7917,0.9641,8,True,SI,Recall crítico bajo en: push,bloques,2.0
212260672,all,noOutliers,sin_balanceo,IBk_kNN,86.17,77.79,0.7674,0.8148,0.8585,0.75,0.9412,0.5455,0.875,1.0,0.8421,0.6667,0.9545,0.8565,8,True,SI,,bloques,2.0
212260672,all,noOutliers,sin_balanceo,RBFNetwork_aprox,71.28,53.26,0.4717,0.5947,0.685,0.375,0.9412,0.2727,0.5417,1.0,0.6957,1.0,0.6842,0.8568,8,True,no,"Recall crítico bajo en: left, push",bloques,2.0
212260672,all,noOutliers,random_oversampling,SMO_SVM,86.17,76.56,0.766,0.792,0.8553,0.75,0.9412,0.4545,0.9167,0.6667,0.8276,1.0,1.0,0.9466,8,True,SI,Recall crítico bajo en: push,bloques,2.0
212260672,all,noOutliers,random_oversampling,RandomForest,85.11,66.38,0.7371,0.7199,0.8278,0.375,1.0,0.3636,0.9167,1.0,0.8226,1.0,0.88,0.9321,8,True,no,"Recall crítico bajo en: left, push",bloques,2.0
212260672,all,noOutliers,random_oversampling,MLP,85.11,75.9,0.7455,0.8121,0.8472,0.625,0.9412,0.6364,0.8333,1.0,0.8136,0.875,0.9091,0.9432,8,True,SI,,bloques,2.0
212260672,all,noOutliers,random_oversampling,IBk_kNN,88.3,82.89,0.8071,0.854,0.8828,0.75,0.9216,0.7273,0.9167,1.0,0.8704,0.7273,0.9565,0.8878,8,True,SI,,bloques,2.0
212260672,all,noOutliers,random_oversampling,RBFNetwork_aprox,73.4,56.58,0.5176,0.6322,0.7127,0.375,0.9412,0.3636,0.5833,1.0,0.7164,1.0,0.7,0.8997,8,True,no,"Recall crítico bajo en: left, push",bloques,2.0
212260672,all,noOutliers,class_weight_balanced,SMO_SVM,86.17,76.56,0.766,0.792,0.8553,0.75,0.9412,0.4545,0.9167,0.6667,0.8276,1.0,1.0,0.926,8,True,SI,Recall crítico bajo en: push,bloques,2.0
212260672,all,noOutliers,class_weight_balanced,RandomForest,81.91,62.88,0.6694,0.6851,0.7899,0.5,1.0,0.1818,0.8333,1.0,0.75,1.0,1.0,0.9512,8,True,no,Recall crítico bajo en: push,bloques,2.0
212260672,all,noOutliers,class_weight_balanced,MLP,,,,,,,,,,,,,,,8,True,NO_APLICA,class_weight no soportado por este modelo,,
212260672,all,noOutliers,class_weight_balanced,IBk_kNN,,,,,,,,,,,,,,,8,True,NO_APLICA,class_weight no soportado por este modelo,,
212260672,all,noOutliers,class_weight_balanced,RBFNetwork_aprox,73.4,56.58,0.5176,0.6322,0.7127,0.375,0.9412,0.3636,0.5833,1.0,0.7164,1.0,0.7,0.8652,8,True,no,"Recall crítico bajo en: left, push",bloques,2.0
212260672,all,noOutliers,smote,SMO_SVM,,,,,,,,,,,,,,,8,True,NO_APLICA,SMOTE no aplicable: min_clase < 10,,
212260672,all,noOutliers,smote,RandomForest,,,,,,,,,,,,,,,8,True,NO_APLICA,SMOTE no aplicable: min_clase < 10,,
212260672,all,noOutliers,smote,MLP,,,,,,,,,,,,,,,8,True,NO_APLICA,SMOTE no aplicable: min_clase < 10,,
212260672,all,noOutliers,smote,IBk_kNN,,,,,,,,,,,,,,,8,True,NO_APLICA,SMOTE no aplicable: min_clase < 10,,
212260672,all,noOutliers,smote,RBFNetwork_aprox,,,,,,,,,,,,,,,8,True,NO_APLICA,SMOTE no aplicable: min_clase < 10,,
212260672,all,noOutliers,smote_tomek,SMO_SVM,,,,,,,,,,,,,,,8,True,NO_APLICA,SMOTE no aplicable: min_clase < 10,,
212260672,all,noOutliers,smote_tomek,RandomForest,,,,,,,,,,,,,,,8,True,NO_APLICA,SMOTE no aplicable: min_clase < 10,,
212260672,all,noOutliers,smote_tomek,MLP,,,,,,,,,,,,,,,8,True,NO_APLICA,SMOTE no aplicable: min_clase < 10,,
212260672,all,noOutliers,smote_tomek,IBk_kNN,,,,,,,,,,,,,,,8,True,NO_APLICA,SMOTE no aplicable: min_clase < 10,,
212260672,all,noOutliers,smote_tomek,RBFNetwork_aprox,,,,,,,,,,,,,,,8,True,NO_APLICA,SMOTE no aplicable: min_clase < 10,,
212260672,all,noOutliers,random_undersampling_controlado,SMO_SVM,84.04,76.13,0.7363,0.7719,0.8346,0.75,0.8824,0.4545,0.9583,0.6,0.8333,1.0,0.92,0.9385,8,True,SI,Recall crítico bajo en: push,bloques,2.0
212260672,all,noOutliers,random_undersampling_controlado,RandomForest,87.23,72.63,0.7785,0.7799,0.8557,0.625,1.0,0.3636,0.9167,1.0,0.85,1.0,0.88,0.9064,8,True,SI,Recall crítico bajo en: push,bloques,2.0
212260672,all,noOutliers,random_undersampling_controlado,MLP,79.79,69.88,0.6639,0.7157,0.7916,0.625,0.8824,0.4545,0.8333,0.625,0.8182,0.7143,0.8333,0.9547,8,True,no,Recall crítico bajo en: push,bloques,2.0
212260672,all,noOutliers,random_undersampling_controlado,IBk_kNN,82.98,78.23,0.7249,0.7702,0.8326,0.75,0.902,0.7273,0.75,0.5455,0.8679,0.7273,0.9474,0.8572,8,True,SI,,bloques,2.0
212260672,all,noOutliers,random_undersampling_controlado,RBFNetwork_aprox,74.47,57.62,0.5369,0.6435,0.7243,0.375,0.9412,0.3636,0.625,1.0,0.7164,1.0,0.75,0.855,8,True,no,"Recall crítico bajo en: left, push",bloques,2.0
212260672,all,sinArtefactosConservador,sin_balanceo,SMO_SVM,,,,,,,,,,,,,,,0,True,NO_APLICA,variante marcada como no modelable,,
212260672,all,sinArtefactosConservador,sin_balanceo,RandomForest,,,,,,,,,,,,,,,0,True,NO_APLICA,variante marcada como no modelable,,
212260672,all,sinArtefactosConservador,sin_balanceo,MLP,,,,,,,,,,,,,,,0,True,NO_APLICA,variante marcada como no modelable,,
212260672,all,sinArtefactosConservador,sin_balanceo,IBk_kNN,,,,,,,,,,,,,,,0,True,NO_APLICA,variante marcada como no modelable,,
212260672,all,sinArtefactosConservador,sin_balanceo,RBFNetwork_aprox,,,,,,,,,,,,,,,0,True,NO_APLICA,variante marcada como no modelable,,
212260672,all,sinArtefactosConservador,random_oversampling,SMO_SVM,,,,,,,,,,,,,,,0,True,NO_APLICA,variante marcada como no modelable,,
212260672,all,sinArtefactosConservador,random_oversampling,RandomForest,,,,,,,,,,,,,,,0,True,NO_APLICA,variante marcada como no modelable,,
212260672,all,sinArtefactosConservador,random_oversampling,MLP,,,,,,,,,,,,,,,0,True,NO_APLICA,variante marcada como no modelable,,
212260672,all,sinArtefactosConservador,random_oversampling,IBk_kNN,,,,,,,,,,,,,,,0,True,NO_APLICA,variante marcada como no modelable,,
212260672,all,sinArtefactosConservador,random_oversampling,RBFNetwork_aprox,,,,,,,,,,,,,,,0,True,NO_APLICA,variante marcada como no modelable,,
212260672,all,sinArtefactosConservador,class_weight_balanced,SMO_SVM,,,,,,,,,,,,,,,0,True,NO_APLICA,variante marcada como no modelable,,
212260672,all,sinArtefactosConservador,class_weight_balanced,RandomForest,,,,,,,,,,,,,,,0,True,NO_APLICA,variante marcada como no modelable,,
212260672,all,sinArtefactosConservador,class_weight_balanced,MLP,,,,,,,,,,,,,,,0,True,NO_APLICA,variante marcada como no modelable,,
212260672,all,sinArtefactosConservador,class_weight_balanced,IBk_kNN,,,,,,,,,,,,,,,0,True,NO_APLICA,variante marcada como no modelable,,
212260672,all,sinArtefactosConservador,class_weight_balanced,RBFNetwork_aprox,,,,,,,,,,,,,,,0,True,NO_APLICA,variante marcada como no modelable,,
212260672,all,sinArtefactosConservador,smote,SMO_SVM,,,,,,,,,,,,,,,0,True,NO_APLICA,variante marcada como no modelable,,
212260672,all,sinArtefactosConservador,smote,RandomForest,,,,,,,,,,,,,,,0,True,NO_APLICA,variante marcada como no modelable,,
212260672,all,sinArtefactosConservador,smote,MLP,,,,,,,,,,,,,,,0,True,NO_APLICA,variante marcada como no modelable,,
212260672,all,sinArtefactosConservador,smote,IBk_kNN,,,,,,,,,,,,,,,0,True,NO_APLICA,variante marcada como no modelable,,
212260672,all,sinArtefactosConservador,smote,RBFNetwork_aprox,,,,,,,,,,,,,,,0,True,NO_APLICA,variante marcada como no modelable,,
212260672,all,sinArtefactosConservador,smote_tomek,SMO_SVM,,,,,,,,,,,,,,,0,True,NO_APLICA,variante marcada como no modelable,,
212260672,all,sinArtefactosConservador,smote_tomek,RandomForest,,,,,,,,,,,,,,,0,True,NO_APLICA,variante marcada como no modelable,,
212260672,all,sinArtefactosConservador,smote_tomek,MLP,,,,,,,,,,,,,,,0,True,NO_APLICA,variante marcada como no modelable,,
212260672,all,sinArtefactosConservador,smote_tomek,IBk_kNN,,,,,,,,,,,,,,,0,True,NO_APLICA,variante marcada como no modelable,,
212260672,all,sinArtefactosConservador,smote_tomek,RBFNetwork_aprox,,,,,,,,,,,,,,,0,True,NO_APLICA,variante marcada como no modelable,,
212260672,all,sinArtefactosConservador,random_undersampling_controlado,SMO_SVM,,,,,,,,,,,,,,,0,True,NO_APLICA,variante marcada como no modelable,,
212260672,all,sinArtefactosConservador,random_undersampling_controlado,RandomForest,,,,,,,,,,,,,,,0,True,NO_APLICA,variante marcada como no modelable,,
212260672,all,sinArtefactosConservador,random_undersampling_controlado,MLP,,,,,,,,,,,,,,,0,True,NO_APLICA,variante marcada como no modelable,,
212260672,all,sinArtefactosConservador,random_undersampling_controlado,IBk_kNN,,,,,,,,,,,,,,,0,True,NO_APLICA,variante marcada como no modelable,,
212260672,all,sinArtefactosConservador,random_undersampling_controlado,RBFNetwork_aprox,,,,,,,,,,,,,,,0,True,NO_APLICA,variante marcada como no modelable,,
212260672,all,sinArtefactosEstricto,sin_balanceo,SMO_SVM,,,,,,,,,,,,,,,0,True,NO_APLICA,variante marcada como no modelable,,
212260672,all,sinArtefactosEstricto,sin_balanceo,RandomForest,,,,,,,,,,,,,,,0,True,NO_APLICA,variante marcada como no modelable,,
212260672,all,sinArtefactosEstricto,sin_balanceo,MLP,,,,,,,,,,,,,,,0,True,NO_APLICA,variante marcada como no modelable,,
212260672,all,sinArtefactosEstricto,sin_balanceo,IBk_kNN,,,,,,,,,,,,,,,0,True,NO_APLICA,variante marcada como no modelable,,
212260672,all,sinArtefactosEstricto,sin_balanceo,RBFNetwork_aprox,,,,,,,,,,,,,,,0,True,NO_APLICA,variante marcada como no modelable,,
212260672,all,sinArtefactosEstricto,random_oversampling,SMO_SVM,,,,,,,,,,,,,,,0,True,NO_APLICA,variante marcada como no modelable,,
212260672,all,sinArtefactosEstricto,random_oversampling,RandomForest,,,,,,,,,,,,,,,0,True,NO_APLICA,variante marcada como no modelable,,
212260672,all,sinArtefactosEstricto,random_oversampling,MLP,,,,,,,,,,,,,,,0,True,NO_APLICA,variante marcada como no modelable,,
212260672,all,sinArtefactosEstricto,random_oversampling,IBk_kNN,,,,,,,,,,,,,,,0,True,NO_APLICA,variante marcada como no modelable,,
212260672,all,sinArtefactosEstricto,random_oversampling,RBFNetwork_aprox,,,,,,,,,,,,,,,0,True,NO_APLICA,variante marcada como no modelable,,
212260672,all,sinArtefactosEstricto,class_weight_balanced,SMO_SVM,,,,,,,,,,,,,,,0,True,NO_APLICA,variante marcada como no modelable,,
212260672,all,sinArtefactosEstricto,class_weight_balanced,RandomForest,,,,,,,,,,,,,,,0,True,NO_APLICA,variante marcada como no modelable,,
212260672,all,sinArtefactosEstricto,class_weight_balanced,MLP,,,,,,,,,,,,,,,0,True,NO_APLICA,variante marcada como no modelable,,
212260672,all,sinArtefactosEstricto,class_weight_balanced,IBk_kNN,,,,,,,,,,,,,,,0,True,NO_APLICA,variante marcada como no modelable,,
212260672,all,sinArtefactosEstricto,class_weight_balanced,RBFNetwork_aprox,,,,,,,,,,,,,,,0,True,NO_APLICA,variante marcada como no modelable,,
212260672,all,sinArtefactosEstricto,smote,SMO_SVM,,,,,,,,,,,,,,,0,True,NO_APLICA,variante marcada como no modelable,,
212260672,all,sinArtefactosEstricto,smote,RandomForest,,,,,,,,,,,,,,,0,True,NO_APLICA,variante marcada como no modelable,,
212260672,all,sinArtefactosEstricto,smote,MLP,,,,,,,,,,,,,,,0,True,NO_APLICA,variante marcada como no modelable,,
212260672,all,sinArtefactosEstricto,smote,IBk_kNN,,,,,,,,,,,,,,,0,True,NO_APLICA,variante marcada como no modelable,,
212260672,all,sinArtefactosEstricto,smote,RBFNetwork_aprox,,,,,,,,,,,,,,,0,True,NO_APLICA,variante marcada como no modelable,,
212260672,all,sinArtefactosEstricto,smote_tomek,SMO_SVM,,,,,,,,,,,,,,,0,True,NO_APLICA,variante marcada como no modelable,,
212260672,all,sinArtefactosEstricto,smote_tomek,RandomForest,,,,,,,,,,,,,,,0,True,NO_APLICA,variante marcada como no modelable,,
212260672,all,sinArtefactosEstricto,smote_tomek,MLP,,,,,,,,,,,,,,,0,True,NO_APLICA,variante marcada como no modelable,,
212260672,all,sinArtefactosEstricto,smote_tomek,IBk_kNN,,,,,,,,,,,,,,,0,True,NO_APLICA,variante marcada como no modelable,,
212260672,all,sinArtefactosEstricto,smote_tomek,RBFNetwork_aprox,,,,,,,,,,,,,,,0,True,NO_APLICA,variante marcada como no modelable,,
212260672,all,sinArtefactosEstricto,random_undersampling_controlado,SMO_SVM,,,,,,,,,,,,,,,0,True,NO_APLICA,variante marcada como no modelable,,
212260672,all,sinArtefactosEstricto,random_undersampling_controlado,RandomForest,,,,,,,,,,,,,,,0,True,NO_APLICA,variante marcada como no modelable,,
212260672,all,sinArtefactosEstricto,random_undersampling_controlado,MLP,,,,,,,,,,,,,,,0,True,NO_APLICA,variante marcada como no modelable,,
212260672,all,sinArtefactosEstricto,random_undersampling_controlado,IBk_kNN,,,,,,,,,,,,,,,0,True,NO_APLICA,variante marcada como no modelable,,
212260672,all,sinArtefactosEstricto,random_undersampling_controlado,RBFNetwork_aprox,,,,,,,,,,,,,,,0,True,NO_APLICA,variante marcada como no modelable,,
212260672,left,noOutliers,sin_balanceo,SMO_SVM,,,,,,,,,,,,,,,0,True,NO_APLICA,menos de dos clases modelables,,
212260672,left,noOutliers,sin_balanceo,RandomForest,,,,,,,,,,,,,,,0,True,NO_APLICA,menos de dos clases modelables,,
212260672,left,noOutliers,sin_balanceo,MLP,,,,,,,,,,,,,,,0,True,NO_APLICA,menos de dos clases modelables,,
212260672,left,noOutliers,sin_balanceo,IBk_kNN,,,,,,,,,,,,,,,0,True,NO_APLICA,menos de dos clases modelables,,
212260672,left,noOutliers,sin_balanceo,RBFNetwork_aprox,,,,,,,,,,,,,,,0,True,NO_APLICA,menos de dos clases modelables,,
212260672,left,noOutliers,random_oversampling,SMO_SVM,,,,,,,,,,,,,,,0,True,NO_APLICA,menos de dos clases modelables,,
212260672,left,noOutliers,random_oversampling,RandomForest,,,,,,,,,,,,,,,0,True,NO_APLICA,menos de dos clases modelables,,
212260672,left,noOutliers,random_oversampling,MLP,,,,,,,,,,,,,,,0,True,NO_APLICA,menos de dos clases modelables,,
212260672,left,noOutliers,random_oversampling,IBk_kNN,,,,,,,,,,,,,,,0,True,NO_APLICA,menos de dos clases modelables,,
212260672,left,noOutliers,random_oversampling,RBFNetwork_aprox,,,,,,,,,,,,,,,0,True,NO_APLICA,menos de dos clases modelables,,
212260672,left,noOutliers,class_weight_balanced,SMO_SVM,,,,,,,,,,,,,,,0,True,NO_APLICA,menos de dos clases modelables,,
212260672,left,noOutliers,class_weight_balanced,RandomForest,,,,,,,,,,,,,,,0,True,NO_APLICA,menos de dos clases modelables,,
212260672,left,noOutliers,class_weight_balanced,MLP,,,,,,,,,,,,,,,0,True,NO_APLICA,menos de dos clases modelables,,
212260672,left,noOutliers,class_weight_balanced,IBk_kNN,,,,,,,,,,,,,,,0,True,NO_APLICA,menos de dos clases modelables,,
212260672,left,noOutliers,class_weight_balanced,RBFNetwork_aprox,,,,,,,,,,,,,,,0,True,NO_APLICA,menos de dos clases modelables,,
212260672,left,noOutliers,smote,SMO_SVM,,,,,,,,,,,,,,,0,True,NO_APLICA,menos de dos clases modelables,,
212260672,left,noOutliers,smote,RandomForest,,,,,,,,,,,,,,,0,True,NO_APLICA,menos de dos clases modelables,,
212260672,left,noOutliers,smote,MLP,,,,,,,,,,,,,,,0,True,NO_APLICA,menos de dos clases modelables,,
212260672,left,noOutliers,smote,IBk_kNN,,,,,,,,,,,,,,,0,True,NO_APLICA,menos de dos clases modelables,,
212260672,left,noOutliers,smote,RBFNetwork_aprox,,,,,,,,,,,,,,,0,True,NO_APLICA,menos de dos clases modelables,,
212260672,left,noOutliers,smote_tomek,SMO_SVM,,,,,,,,,,,,,,,0,True,NO_APLICA,menos de dos clases modelables,,
212260672,left,noOutliers,smote_tomek,RandomForest,,,,,,,,,,,,,,,0,True,NO_APLICA,menos de dos clases modelables,,
212260672,left,noOutliers,smote_tomek,MLP,,,,,,,,,,,,,,,0,True,NO_APLICA,menos de dos clases modelables,,
212260672,left,noOutliers,smote_tomek,IBk_kNN,,,,,,,,,,,,,,,0,True,NO_APLICA,menos de dos clases modelables,,
212260672,left,noOutliers,smote_tomek,RBFNetwork_aprox,,,,,,,,,,,,,,,0,True,NO_APLICA,menos de dos clases modelables,,
212260672,left,noOutliers,random_undersampling_controlado,SMO_SVM,,,,,,,,,,,,,,,0,True,NO_APLICA,menos de dos clases modelables,,
212260672,left,noOutliers,random_undersampling_controlado,RandomForest,,,,,,,,,,,,,,,0,True,NO_APLICA,menos de dos clases modelables,,
212260672,left,noOutliers,random_undersampling_controlado,MLP,,,,,,,,,,,,,,,0,True,NO_APLICA,menos de dos clases modelables,,
212260672,left,noOutliers,random_undersampling_controlado,IBk_kNN,,,,,,,,,,,,,,,0,True,NO_APLICA,menos de dos clases modelables,,
212260672,left,noOutliers,random_undersampling_controlado,RBFNetwork_aprox,,,,,,,,,,,,,,,0,True,NO_APLICA,menos de dos clases modelables,,
212260672,left,sinArtefactosConservador,sin_balanceo,SMO_SVM,,,,,,,,,,,,,,,0,True,NO_APLICA,variante marcada como no modelable,,
212260672,left,sinArtefactosConservador,sin_balanceo,RandomForest,,,,,,,,,,,,,,,0,True,NO_APLICA,variante marcada como no modelable,,
212260672,left,sinArtefactosConservador,sin_balanceo,MLP,,,,,,,,,,,,,,,0,True,NO_APLICA,variante marcada como no modelable,,
212260672,left,sinArtefactosConservador,sin_balanceo,IBk_kNN,,,,,,,,,,,,,,,0,True,NO_APLICA,variante marcada como no modelable,,
212260672,left,sinArtefactosConservador,sin_balanceo,RBFNetwork_aprox,,,,,,,,,,,,,,,0,True,NO_APLICA,variante marcada como no modelable,,
212260672,left,sinArtefactosConservador,random_oversampling,SMO_SVM,,,,,,,,,,,,,,,0,True,NO_APLICA,variante marcada como no modelable,,
212260672,left,sinArtefactosConservador,random_oversampling,RandomForest,,,,,,,,,,,,,,,0,True,NO_APLICA,variante marcada como no modelable,,
212260672,left,sinArtefactosConservador,random_oversampling,MLP,,,,,,,,,,,,,,,0,True,NO_APLICA,variante marcada como no modelable,,
212260672,left,sinArtefactosConservador,random_oversampling,IBk_kNN,,,,,,,,,,,,,,,0,True,NO_APLICA,variante marcada como no modelable,,
212260672,left,sinArtefactosConservador,random_oversampling,RBFNetwork_aprox,,,,,,,,,,,,,,,0,True,NO_APLICA,variante marcada como no modelable,,
212260672,left,sinArtefactosConservador,class_weight_balanced,SMO_SVM,,,,,,,,,,,,,,,0,True,NO_APLICA,variante marcada como no modelable,,
212260672,left,sinArtefactosConservador,class_weight_balanced,RandomForest,,,,,,,,,,,,,,,0,True,NO_APLICA,variante marcada como no modelable,,
212260672,left,sinArtefactosConservador,class_weight_balanced,MLP,,,,,,,,,,,,,,,0,True,NO_APLICA,variante marcada como no modelable,,
212260672,left,sinArtefactosConservador,class_weight_balanced,IBk_kNN,,,,,,,,,,,,,,,0,True,NO_APLICA,variante marcada como no modelable,,
212260672,left,sinArtefactosConservador,class_weight_balanced,RBFNetwork_aprox,,,,,,,,,,,,,,,0,True,NO_APLICA,variante marcada como no modelable,,
212260672,left,sinArtefactosConservador,smote,SMO_SVM,,,,,,,,,,,,,,,0,True,NO_APLICA,variante marcada como no modelable,,
212260672,left,sinArtefactosConservador,smote,RandomForest,,,,,,,,,,,,,,,0,True,NO_APLICA,variante marcada como no modelable,,
212260672,left,sinArtefactosConservador,smote,MLP,,,,,,,,,,,,,,,0,True,NO_APLICA,variante marcada como no modelable,,
212260672,left,sinArtefactosConservador,smote,IBk_kNN,,,,,,,,,,,,,,,0,True,NO_APLICA,variante marcada como no modelable,,
212260672,left,sinArtefactosConservador,smote,RBFNetwork_aprox,,,,,,,,,,,,,,,0,True,NO_APLICA,variante marcada como no modelable,,
212260672,left,sinArtefactosConservador,smote_tomek,SMO_SVM,,,,,,,,,,,,,,,0,True,NO_APLICA,variante marcada como no modelable,,
212260672,left,sinArtefactosConservador,smote_tomek,RandomForest,,,,,,,,,,,,,,,0,True,NO_APLICA,variante marcada como no modelable,,
212260672,left,sinArtefactosConservador,smote_tomek,MLP,,,,,,,,,,,,,,,0,True,NO_APLICA,variante marcada como no modelable,,
212260672,left,sinArtefactosConservador,smote_tomek,IBk_kNN,,,,,,,,,,,,,,,0,True,NO_APLICA,variante marcada como no modelable,,
212260672,left,sinArtefactosConservador,smote_tomek,RBFNetwork_aprox,,,,,,,,,,,,,,,0,True,NO_APLICA,variante marcada como no modelable,,
212260672,left,sinArtefactosConservador,random_undersampling_controlado,SMO_SVM,,,,,,,,,,,,,,,0,True,NO_APLICA,variante marcada como no modelable,,
212260672,left,sinArtefactosConservador,random_undersampling_controlado,RandomForest,,,,,,,,,,,,,,,0,True,NO_APLICA,variante marcada como no modelable,,
212260672,left,sinArtefactosConservador,random_undersampling_controlado,MLP,,,,,,,,,,,,,,,0,True,NO_APLICA,variante marcada como no modelable,,
212260672,left,sinArtefactosConservador,random_undersampling_controlado,IBk_kNN,,,,,,,,,,,,,,,0,True,NO_APLICA,variante marcada como no modelable,,
212260672,left,sinArtefactosConservador,random_undersampling_controlado,RBFNetwork_aprox,,,,,,,,,,,,,,,0,True,NO_APLICA,variante marcada como no modelable,,
212260672,left,sinArtefactosEstricto,sin_balanceo,SMO_SVM,,,,,,,,,,,,,,,0,True,NO_APLICA,variante marcada como no modelable,,
212260672,left,sinArtefactosEstricto,sin_balanceo,RandomForest,,,,,,,,,,,,,,,0,True,NO_APLICA,variante marcada como no modelable,,
212260672,left,sinArtefactosEstricto,sin_balanceo,MLP,,,,,,,,,,,,,,,0,True,NO_APLICA,variante marcada como no modelable,,
212260672,left,sinArtefactosEstricto,sin_balanceo,IBk_kNN,,,,,,,,,,,,,,,0,True,NO_APLICA,variante marcada como no modelable,,
212260672,left,sinArtefactosEstricto,sin_balanceo,RBFNetwork_aprox,,,,,,,,,,,,,,,0,True,NO_APLICA,variante marcada como no modelable,,
212260672,left,sinArtefactosEstricto,random_oversampling,SMO_SVM,,,,,,,,,,,,,,,0,True,NO_APLICA,variante marcada como no modelable,,
212260672,left,sinArtefactosEstricto,random_oversampling,RandomForest,,,,,,,,,,,,,,,0,True,NO_APLICA,variante marcada como no modelable,,
212260672,left,sinArtefactosEstricto,random_oversampling,MLP,,,,,,,,,,,,,,,0,True,NO_APLICA,variante marcada como no modelable,,
212260672,left,sinArtefactosEstricto,random_oversampling,IBk_kNN,,,,,,,,,,,,,,,0,True,NO_APLICA,variante marcada como no modelable,,
212260672,left,sinArtefactosEstricto,random_oversampling,RBFNetwork_aprox,,,,,,,,,,,,,,,0,True,NO_APLICA,variante marcada como no modelable,,
212260672,left,sinArtefactosEstricto,class_weight_balanced,SMO_SVM,,,,,,,,,,,,,,,0,True,NO_APLICA,variante marcada como no modelable,,
212260672,left,sinArtefactosEstricto,class_weight_balanced,RandomForest,,,,,,,,,,,,,,,0,True,NO_APLICA,variante marcada como no modelable,,
212260672,left,sinArtefactosEstricto,class_weight_balanced,MLP,,,,,,,,,,,,,,,0,True,NO_APLICA,variante marcada como no modelable,,
212260672,left,sinArtefactosEstricto,class_weight_balanced,IBk_kNN,,,,,,,,,,,,,,,0,True,NO_APLICA,variante marcada como no modelable,,
212260672,left,sinArtefactosEstricto,class_weight_balanced,RBFNetwork_aprox,,,,,,,,,,,,,,,0,True,NO_APLICA,variante marcada como no modelable,,
212260672,left,sinArtefactosEstricto,smote,SMO_SVM,,,,,,,,,,,,,,,0,True,NO_APLICA,variante marcada como no modelable,,
212260672,left,sinArtefactosEstricto,smote,RandomForest,,,,,,,,,,,,,,,0,True,NO_APLICA,variante marcada como no modelable,,
212260672,left,sinArtefactosEstricto,smote,MLP,,,,,,,,,,,,,,,0,True,NO_APLICA,variante marcada como no modelable,,
212260672,left,sinArtefactosEstricto,smote,IBk_kNN,,,,,,,,,,,,,,,0,True,NO_APLICA,variante marcada como no modelable,,
212260672,left,sinArtefactosEstricto,smote,RBFNetwork_aprox,,,,,,,,,,,,,,,0,True,NO_APLICA,variante marcada como no modelable,,
212260672,left,sinArtefactosEstricto,smote_tomek,SMO_SVM,,,,,,,,,,,,,,,0,True,NO_APLICA,variante marcada como no modelable,,
212260672,left,sinArtefactosEstricto,smote_tomek,RandomForest,,,,,,,,,,,,,,,0,True,NO_APLICA,variante marcada como no modelable,,
212260672,left,sinArtefactosEstricto,smote_tomek,MLP,,,,,,,,,,,,,,,0,True,NO_APLICA,variante marcada como no modelable,,
212260672,left,sinArtefactosEstricto,smote_tomek,IBk_kNN,,,,,,,,,,,,,,,0,True,NO_APLICA,variante marcada como no modelable,,
212260672,left,sinArtefactosEstricto,smote_tomek,RBFNetwork_aprox,,,,,,,,,,,,,,,0,True,NO_APLICA,variante marcada como no modelable,,
212260672,left,sinArtefactosEstricto,random_undersampling_controlado,SMO_SVM,,,,,,,,,,,,,,,0,True,NO_APLICA,variante marcada como no modelable,,
212260672,left,sinArtefactosEstricto,random_undersampling_controlado,RandomForest,,,,,,,,,,,,,,,0,True,NO_APLICA,variante marcada como no modelable,,
212260672,left,sinArtefactosEstricto,random_undersampling_controlado,MLP,,,,,,,,,,,,,,,0,True,NO_APLICA,variante marcada como no modelable,,
212260672,left,sinArtefactosEstricto,random_undersampling_controlado,IBk_kNN,,,,,,,,,,,,,,,0,True,NO_APLICA,variante marcada como no modelable,,
212260672,left,sinArtefactosEstricto,random_undersampling_controlado,RBFNetwork_aprox,,,,,,,,,,,,,,,0,True,NO_APLICA,variante marcada como no modelable,,
212260672,pull,noOutliers,sin_balanceo,SMO_SVM,,,,,,,,,,,,,,,0,True,NO_APLICA,menos de dos clases modelables,,
212260672,pull,noOutliers,sin_balanceo,RandomForest,,,,,,,,,,,,,,,0,True,NO_APLICA,menos de dos clases modelables,,
212260672,pull,noOutliers,sin_balanceo,MLP,,,,,,,,,,,,,,,0,True,NO_APLICA,menos de dos clases modelables,,
212260672,pull,noOutliers,sin_balanceo,IBk_kNN,,,,,,,,,,,,,,,0,True,NO_APLICA,menos de dos clases modelables,,
212260672,pull,noOutliers,sin_balanceo,RBFNetwork_aprox,,,,,,,,,,,,,,,0,True,NO_APLICA,menos de dos clases modelables,,
212260672,pull,noOutliers,random_oversampling,SMO_SVM,,,,,,,,,,,,,,,0,True,NO_APLICA,menos de dos clases modelables,,
212260672,pull,noOutliers,random_oversampling,RandomForest,,,,,,,,,,,,,,,0,True,NO_APLICA,menos de dos clases modelables,,
212260672,pull,noOutliers,random_oversampling,MLP,,,,,,,,,,,,,,,0,True,NO_APLICA,menos de dos clases modelables,,
212260672,pull,noOutliers,random_oversampling,IBk_kNN,,,,,,,,,,,,,,,0,True,NO_APLICA,menos de dos clases modelables,,
212260672,pull,noOutliers,random_oversampling,RBFNetwork_aprox,,,,,,,,,,,,,,,0,True,NO_APLICA,menos de dos clases modelables,,
212260672,pull,noOutliers,class_weight_balanced,SMO_SVM,,,,,,,,,,,,,,,0,True,NO_APLICA,menos de dos clases modelables,,
212260672,pull,noOutliers,class_weight_balanced,RandomForest,,,,,,,,,,,,,,,0,True,NO_APLICA,menos de dos clases modelables,,
212260672,pull,noOutliers,class_weight_balanced,MLP,,,,,,,,,,,,,,,0,True,NO_APLICA,menos de dos clases modelables,,
212260672,pull,noOutliers,class_weight_balanced,IBk_kNN,,,,,,,,,,,,,,,0,True,NO_APLICA,menos de dos clases modelables,,
212260672,pull,noOutliers,class_weight_balanced,RBFNetwork_aprox,,,,,,,,,,,,,,,0,True,NO_APLICA,menos de dos clases modelables,,
212260672,pull,noOutliers,smote,SMO_SVM,,,,,,,,,,,,,,,0,True,NO_APLICA,menos de dos clases modelables,,
212260672,pull,noOutliers,smote,RandomForest,,,,,,,,,,,,,,,0,True,NO_APLICA,menos de dos clases modelables,,
212260672,pull,noOutliers,smote,MLP,,,,,,,,,,,,,,,0,True,NO_APLICA,menos de dos clases modelables,,
212260672,pull,noOutliers,smote,IBk_kNN,,,,,,,,,,,,,,,0,True,NO_APLICA,menos de dos clases modelables,,
212260672,pull,noOutliers,smote,RBFNetwork_aprox,,,,,,,,,,,,,,,0,True,NO_APLICA,menos de dos clases modelables,,
212260672,pull,noOutliers,smote_tomek,SMO_SVM,,,,,,,,,,,,,,,0,True,NO_APLICA,menos de dos clases modelables,,
212260672,pull,noOutliers,smote_tomek,RandomForest,,,,,,,,,,,,,,,0,True,NO_APLICA,menos de dos clases modelables,,
212260672,pull,noOutliers,smote_tomek,MLP,,,,,,,,,,,,,,,0,True,NO_APLICA,menos de dos clases modelables,,
212260672,pull,noOutliers,smote_tomek,IBk_kNN,,,,,,,,,,,,,,,0,True,NO_APLICA,menos de dos clases modelables,,
212260672,pull,noOutliers,smote_tomek,RBFNetwork_aprox,,,,,,,,,,,,,,,0,True,NO_APLICA,menos de dos clases modelables,,
212260672,pull,noOutliers,random_undersampling_controlado,SMO_SVM,,,,,,,,,,,,,,,0,True,NO_APLICA,menos de dos clases modelables,,
212260672,pull,noOutliers,random_undersampling_controlado,RandomForest,,,,,,,,,,,,,,,0,True,NO_APLICA,menos de dos clases modelables,,
212260672,pull,noOutliers,random_undersampling_controlado,MLP,,,,,,,,,,,,,,,0,True,NO_APLICA,menos de dos clases modelables,,
212260672,pull,noOutliers,random_undersampling_controlado,IBk_kNN,,,,,,,,,,,,,,,0,True,NO_APLICA,menos de dos clases modelables,,
212260672,pull,noOutliers,random_undersampling_controlado,RBFNetwork_aprox,,,,,,,,,,,,,,,0,True,NO_APLICA,menos de dos clases modelables,,
212260672,pull,sinArtefactosConservador,sin_balanceo,SMO_SVM,,,,,,,,,,,,,,,0,True,NO_APLICA,variante marcada como no modelable,,
212260672,pull,sinArtefactosConservador,sin_balanceo,RandomForest,,,,,,,,,,,,,,,0,True,NO_APLICA,variante marcada como no modelable,,
212260672,pull,sinArtefactosConservador,sin_balanceo,MLP,,,,,,,,,,,,,,,0,True,NO_APLICA,variante marcada como no modelable,,
212260672,pull,sinArtefactosConservador,sin_balanceo,IBk_kNN,,,,,,,,,,,,,,,0,True,NO_APLICA,variante marcada como no modelable,,
212260672,pull,sinArtefactosConservador,sin_balanceo,RBFNetwork_aprox,,,,,,,,,,,,,,,0,True,NO_APLICA,variante marcada como no modelable,,
212260672,pull,sinArtefactosConservador,random_oversampling,SMO_SVM,,,,,,,,,,,,,,,0,True,NO_APLICA,variante marcada como no modelable,,
212260672,pull,sinArtefactosConservador,random_oversampling,RandomForest,,,,,,,,,,,,,,,0,True,NO_APLICA,variante marcada como no modelable,,
212260672,pull,sinArtefactosConservador,random_oversampling,MLP,,,,,,,,,,,,,,,0,True,NO_APLICA,variante marcada como no modelable,,
212260672,pull,sinArtefactosConservador,random_oversampling,IBk_kNN,,,,,,,,,,,,,,,0,True,NO_APLICA,variante marcada como no modelable,,
212260672,pull,sinArtefactosConservador,random_oversampling,RBFNetwork_aprox,,,,,,,,,,,,,,,0,True,NO_APLICA,variante marcada como no modelable,,
212260672,pull,sinArtefactosConservador,class_weight_balanced,SMO_SVM,,,,,,,,,,,,,,,0,True,NO_APLICA,variante marcada como no modelable,,
212260672,pull,sinArtefactosConservador,class_weight_balanced,RandomForest,,,,,,,,,,,,,,,0,True,NO_APLICA,variante marcada como no modelable,,
212260672,pull,sinArtefactosConservador,class_weight_balanced,MLP,,,,,,,,,,,,,,,0,True,NO_APLICA,variante marcada como no modelable,,
212260672,pull,sinArtefactosConservador,class_weight_balanced,IBk_kNN,,,,,,,,,,,,,,,0,True,NO_APLICA,variante marcada como no modelable,,
212260672,pull,sinArtefactosConservador,class_weight_balanced,RBFNetwork_aprox,,,,,,,,,,,,,,,0,True,NO_APLICA,variante marcada como no modelable,,
212260672,pull,sinArtefactosConservador,smote,SMO_SVM,,,,,,,,,,,,,,,0,True,NO_APLICA,variante marcada como no modelable,,
212260672,pull,sinArtefactosConservador,smote,RandomForest,,,,,,,,,,,,,,,0,True,NO_APLICA,variante marcada como no modelable,,
212260672,pull,sinArtefactosConservador,smote,MLP,,,,,,,,,,,,,,,0,True,NO_APLICA,variante marcada como no modelable,,
212260672,pull,sinArtefactosConservador,smote,IBk_kNN,,,,,,,,,,,,,,,0,True,NO_APLICA,variante marcada como no modelable,,
212260672,pull,sinArtefactosConservador,smote,RBFNetwork_aprox,,,,,,,,,,,,,,,0,True,NO_APLICA,variante marcada como no modelable,,
212260672,pull,sinArtefactosConservador,smote_tomek,SMO_SVM,,,,,,,,,,,,,,,0,True,NO_APLICA,variante marcada como no modelable,,
212260672,pull,sinArtefactosConservador,smote_tomek,RandomForest,,,,,,,,,,,,,,,0,True,NO_APLICA,variante marcada como no modelable,,
212260672,pull,sinArtefactosConservador,smote_tomek,MLP,,,,,,,,,,,,,,,0,True,NO_APLICA,variante marcada como no modelable,,
212260672,pull,sinArtefactosConservador,smote_tomek,IBk_kNN,,,,,,,,,,,,,,,0,True,NO_APLICA,variante marcada como no modelable,,
212260672,pull,sinArtefactosConservador,smote_tomek,RBFNetwork_aprox,,,,,,,,,,,,,,,0,True,NO_APLICA,variante marcada como no modelable,,
212260672,pull,sinArtefactosConservador,random_undersampling_controlado,SMO_SVM,,,,,,,,,,,,,,,0,True,NO_APLICA,variante marcada como no modelable,,
212260672,pull,sinArtefactosConservador,random_undersampling_controlado,RandomForest,,,,,,,,,,,,,,,0,True,NO_APLICA,variante marcada como no modelable,,
212260672,pull,sinArtefactosConservador,random_undersampling_controlado,MLP,,,,,,,,,,,,,,,0,True,NO_APLICA,variante marcada como no modelable,,
212260672,pull,sinArtefactosConservador,random_undersampling_controlado,IBk_kNN,,,,,,,,,,,,,,,0,True,NO_APLICA,variante marcada como no modelable,,
212260672,pull,sinArtefactosConservador,random_undersampling_controlado,RBFNetwork_aprox,,,,,,,,,,,,,,,0,True,NO_APLICA,variante marcada como no modelable,,
212260672,pull,sinArtefactosEstricto,sin_balanceo,SMO_SVM,,,,,,,,,,,,,,,0,True,NO_APLICA,variante marcada como no modelable,,
212260672,pull,sinArtefactosEstricto,sin_balanceo,RandomForest,,,,,,,,,,,,,,,0,True,NO_APLICA,variante marcada como no modelable,,
212260672,pull,sinArtefactosEstricto,sin_balanceo,MLP,,,,,,,,,,,,,,,0,True,NO_APLICA,variante marcada como no modelable,,
212260672,pull,sinArtefactosEstricto,sin_balanceo,IBk_kNN,,,,,,,,,,,,,,,0,True,NO_APLICA,variante marcada como no modelable,,
212260672,pull,sinArtefactosEstricto,sin_balanceo,RBFNetwork_aprox,,,,,,,,,,,,,,,0,True,NO_APLICA,variante marcada como no modelable,,
212260672,pull,sinArtefactosEstricto,random_oversampling,SMO_SVM,,,,,,,,,,,,,,,0,True,NO_APLICA,variante marcada como no modelable,,
212260672,pull,sinArtefactosEstricto,random_oversampling,RandomForest,,,,,,,,,,,,,,,0,True,NO_APLICA,variante marcada como no modelable,,
212260672,pull,sinArtefactosEstricto,random_oversampling,MLP,,,,,,,,,,,,,,,0,True,NO_APLICA,variante marcada como no modelable,,
212260672,pull,sinArtefactosEstricto,random_oversampling,IBk_kNN,,,,,,,,,,,,,,,0,True,NO_APLICA,variante marcada como no modelable,,
212260672,pull,sinArtefactosEstricto,random_oversampling,RBFNetwork_aprox,,,,,,,,,,,,,,,0,True,NO_APLICA,variante marcada como no modelable,,
212260672,pull,sinArtefactosEstricto,class_weight_balanced,SMO_SVM,,,,,,,,,,,,,,,0,True,NO_APLICA,variante marcada como no modelable,,
212260672,pull,sinArtefactosEstricto,class_weight_balanced,RandomForest,,,,,,,,,,,,,,,0,True,NO_APLICA,variante marcada como no modelable,,
212260672,pull,sinArtefactosEstricto,class_weight_balanced,MLP,,,,,,,,,,,,,,,0,True,NO_APLICA,variante marcada como no modelable,,
212260672,pull,sinArtefactosEstricto,class_weight_balanced,IBk_kNN,,,,,,,,,,,,,,,0,True,NO_APLICA,variante marcada como no modelable,,
212260672,pull,sinArtefactosEstricto,class_weight_balanced,RBFNetwork_aprox,,,,,,,,,,,,,,,0,True,NO_APLICA,variante marcada como no modelable,,
212260672,pull,sinArtefactosEstricto,smote,SMO_SVM,,,,,,,,,,,,,,,0,True,NO_APLICA,variante marcada como no modelable,,
212260672,pull,sinArtefactosEstricto,smote,RandomForest,,,,,,,,,,,,,,,0,True,NO_APLICA,variante marcada como no modelable,,
212260672,pull,sinArtefactosEstricto,smote,MLP,,,,,,,,,,,,,,,0,True,NO_APLICA,variante marcada como no modelable,,
212260672,pull,sinArtefactosEstricto,smote,IBk_kNN,,,,,,,,,,,,,,,0,True,NO_APLICA,variante marcada como no modelable,,
212260672,pull,sinArtefactosEstricto,smote,RBFNetwork_aprox,,,,,,,,,,,,,,,0,True,NO_APLICA,variante marcada como no modelable,,
212260672,pull,sinArtefactosEstricto,smote_tomek,SMO_SVM,,,,,,,,,,,,,,,0,True,NO_APLICA,variante marcada como no modelable,,
212260672,pull,sinArtefactosEstricto,smote_tomek,RandomForest,,,,,,,,,,,,,,,0,True,NO_APLICA,variante marcada como no modelable,,
212260672,pull,sinArtefactosEstricto,smote_tomek,MLP,,,,,,,,,,,,,,,0,True,NO_APLICA,variante marcada como no modelable,,
212260672,pull,sinArtefactosEstricto,smote_tomek,IBk_kNN,,,,,,,,,,,,,,,0,True,NO_APLICA,variante marcada como no modelable,,
212260672,pull,sinArtefactosEstricto,smote_tomek,RBFNetwork_aprox,,,,,,,,,,,,,,,0,True,NO_APLICA,variante marcada como no modelable,,
212260672,pull,sinArtefactosEstricto,random_undersampling_controlado,SMO_SVM,,,,,,,,,,,,,,,0,True,NO_APLICA,variante marcada como no modelable,,
212260672,pull,sinArtefactosEstricto,random_undersampling_controlado,RandomForest,,,,,,,,,,,,,,,0,True,NO_APLICA,variante marcada como no modelable,,
212260672,pull,sinArtefactosEstricto,random_undersampling_controlado,MLP,,,,,,,,,,,,,,,0,True,NO_APLICA,variante marcada como no modelable,,
212260672,pull,sinArtefactosEstricto,random_undersampling_controlado,IBk_kNN,,,,,,,,,,,,,,,0,True,NO_APLICA,variante marcada como no modelable,,
212260672,pull,sinArtefactosEstricto,random_undersampling_controlado,RBFNetwork_aprox,,,,,,,,,,,,,,,0,True,NO_APLICA,variante marcada como no modelable,,
212260672,push,noOutliers,sin_balanceo,SMO_SVM,,,,,,,,,,,,,,,0,True,NO_APLICA,menos de dos clases modelables,,
212260672,push,noOutliers,sin_balanceo,RandomForest,,,,,,,,,,,,,,,0,True,NO_APLICA,menos de dos clases modelables,,
212260672,push,noOutliers,sin_balanceo,MLP,,,,,,,,,,,,,,,0,True,NO_APLICA,menos de dos clases modelables,,
212260672,push,noOutliers,sin_balanceo,IBk_kNN,,,,,,,,,,,,,,,0,True,NO_APLICA,menos de dos clases modelables,,
212260672,push,noOutliers,sin_balanceo,RBFNetwork_aprox,,,,,,,,,,,,,,,0,True,NO_APLICA,menos de dos clases modelables,,
212260672,push,noOutliers,random_oversampling,SMO_SVM,,,,,,,,,,,,,,,0,True,NO_APLICA,menos de dos clases modelables,,
212260672,push,noOutliers,random_oversampling,RandomForest,,,,,,,,,,,,,,,0,True,NO_APLICA,menos de dos clases modelables,,
212260672,push,noOutliers,random_oversampling,MLP,,,,,,,,,,,,,,,0,True,NO_APLICA,menos de dos clases modelables,,
212260672,push,noOutliers,random_oversampling,IBk_kNN,,,,,,,,,,,,,,,0,True,NO_APLICA,menos de dos clases modelables,,
212260672,push,noOutliers,random_oversampling,RBFNetwork_aprox,,,,,,,,,,,,,,,0,True,NO_APLICA,menos de dos clases modelables,,
212260672,push,noOutliers,class_weight_balanced,SMO_SVM,,,,,,,,,,,,,,,0,True,NO_APLICA,menos de dos clases modelables,,
212260672,push,noOutliers,class_weight_balanced,RandomForest,,,,,,,,,,,,,,,0,True,NO_APLICA,menos de dos clases modelables,,
212260672,push,noOutliers,class_weight_balanced,MLP,,,,,,,,,,,,,,,0,True,NO_APLICA,menos de dos clases modelables,,
212260672,push,noOutliers,class_weight_balanced,IBk_kNN,,,,,,,,,,,,,,,0,True,NO_APLICA,menos de dos clases modelables,,
212260672,push,noOutliers,class_weight_balanced,RBFNetwork_aprox,,,,,,,,,,,,,,,0,True,NO_APLICA,menos de dos clases modelables,,
212260672,push,noOutliers,smote,SMO_SVM,,,,,,,,,,,,,,,0,True,NO_APLICA,menos de dos clases modelables,,
212260672,push,noOutliers,smote,RandomForest,,,,,,,,,,,,,,,0,True,NO_APLICA,menos de dos clases modelables,,
212260672,push,noOutliers,smote,MLP,,,,,,,,,,,,,,,0,True,NO_APLICA,menos de dos clases modelables,,
212260672,push,noOutliers,smote,IBk_kNN,,,,,,,,,,,,,,,0,True,NO_APLICA,menos de dos clases modelables,,
212260672,push,noOutliers,smote,RBFNetwork_aprox,,,,,,,,,,,,,,,0,True,NO_APLICA,menos de dos clases modelables,,
212260672,push,noOutliers,smote_tomek,SMO_SVM,,,,,,,,,,,,,,,0,True,NO_APLICA,menos de dos clases modelables,,
212260672,push,noOutliers,smote_tomek,RandomForest,,,,,,,,,,,,,,,0,True,NO_APLICA,menos de dos clases modelables,,
212260672,push,noOutliers,smote_tomek,MLP,,,,,,,,,,,,,,,0,True,NO_APLICA,menos de dos clases modelables,,
212260672,push,noOutliers,smote_tomek,IBk_kNN,,,,,,,,,,,,,,,0,True,NO_APLICA,menos de dos clases modelables,,
212260672,push,noOutliers,smote_tomek,RBFNetwork_aprox,,,,,,,,,,,,,,,0,True,NO_APLICA,menos de dos clases modelables,,
212260672,push,noOutliers,random_undersampling_controlado,SMO_SVM,,,,,,,,,,,,,,,0,True,NO_APLICA,menos de dos clases modelables,,
212260672,push,noOutliers,random_undersampling_controlado,RandomForest,,,,,,,,,,,,,,,0,True,NO_APLICA,menos de dos clases modelables,,
212260672,push,noOutliers,random_undersampling_controlado,MLP,,,,,,,,,,,,,,,0,True,NO_APLICA,menos de dos clases modelables,,
212260672,push,noOutliers,random_undersampling_controlado,IBk_kNN,,,,,,,,,,,,,,,0,True,NO_APLICA,menos de dos clases modelables,,
212260672,push,noOutliers,random_undersampling_controlado,RBFNetwork_aprox,,,,,,,,,,,,,,,0,True,NO_APLICA,menos de dos clases modelables,,
212260672,push,sinArtefactosConservador,sin_balanceo,SMO_SVM,,,,,,,,,,,,,,,0,True,NO_APLICA,variante marcada como no modelable,,
212260672,push,sinArtefactosConservador,sin_balanceo,RandomForest,,,,,,,,,,,,,,,0,True,NO_APLICA,variante marcada como no modelable,,
212260672,push,sinArtefactosConservador,sin_balanceo,MLP,,,,,,,,,,,,,,,0,True,NO_APLICA,variante marcada como no modelable,,
212260672,push,sinArtefactosConservador,sin_balanceo,IBk_kNN,,,,,,,,,,,,,,,0,True,NO_APLICA,variante marcada como no modelable,,
212260672,push,sinArtefactosConservador,sin_balanceo,RBFNetwork_aprox,,,,,,,,,,,,,,,0,True,NO_APLICA,variante marcada como no modelable,,
212260672,push,sinArtefactosConservador,random_oversampling,SMO_SVM,,,,,,,,,,,,,,,0,True,NO_APLICA,variante marcada como no modelable,,
212260672,push,sinArtefactosConservador,random_oversampling,RandomForest,,,,,,,,,,,,,,,0,True,NO_APLICA,variante marcada como no modelable,,
212260672,push,sinArtefactosConservador,random_oversampling,MLP,,,,,,,,,,,,,,,0,True,NO_APLICA,variante marcada como no modelable,,
212260672,push,sinArtefactosConservador,random_oversampling,IBk_kNN,,,,,,,,,,,,,,,0,True,NO_APLICA,variante marcada como no modelable,,
212260672,push,sinArtefactosConservador,random_oversampling,RBFNetwork_aprox,,,,,,,,,,,,,,,0,True,NO_APLICA,variante marcada como no modelable,,
212260672,push,sinArtefactosConservador,class_weight_balanced,SMO_SVM,,,,,,,,,,,,,,,0,True,NO_APLICA,variante marcada como no modelable,,
212260672,push,sinArtefactosConservador,class_weight_balanced,RandomForest,,,,,,,,,,,,,,,0,True,NO_APLICA,variante marcada como no modelable,,
212260672,push,sinArtefactosConservador,class_weight_balanced,MLP,,,,,,,,,,,,,,,0,True,NO_APLICA,variante marcada como no modelable,,
212260672,push,sinArtefactosConservador,class_weight_balanced,IBk_kNN,,,,,,,,,,,,,,,0,True,NO_APLICA,variante marcada como no modelable,,
212260672,push,sinArtefactosConservador,class_weight_balanced,RBFNetwork_aprox,,,,,,,,,,,,,,,0,True,NO_APLICA,variante marcada como no modelable,,
212260672,push,sinArtefactosConservador,smote,SMO_SVM,,,,,,,,,,,,,,,0,True,NO_APLICA,variante marcada como no modelable,,
212260672,push,sinArtefactosConservador,smote,RandomForest,,,,,,,,,,,,,,,0,True,NO_APLICA,variante marcada como no modelable,,
212260672,push,sinArtefactosConservador,smote,MLP,,,,,,,,,,,,,,,0,True,NO_APLICA,variante marcada como no modelable,,
212260672,push,sinArtefactosConservador,smote,IBk_kNN,,,,,,,,,,,,,,,0,True,NO_APLICA,variante marcada como no modelable,,
212260672,push,sinArtefactosConservador,smote,RBFNetwork_aprox,,,,,,,,,,,,,,,0,True,NO_APLICA,variante marcada como no modelable,,
212260672,push,sinArtefactosConservador,smote_tomek,SMO_SVM,,,,,,,,,,,,,,,0,True,NO_APLICA,variante marcada como no modelable,,
212260672,push,sinArtefactosConservador,smote_tomek,RandomForest,,,,,,,,,,,,,,,0,True,NO_APLICA,variante marcada como no modelable,,
212260672,push,sinArtefactosConservador,smote_tomek,MLP,,,,,,,,,,,,,,,0,True,NO_APLICA,variante marcada como no modelable,,
212260672,push,sinArtefactosConservador,smote_tomek,IBk_kNN,,,,,,,,,,,,,,,0,True,NO_APLICA,variante marcada como no modelable,,
212260672,push,sinArtefactosConservador,smote_tomek,RBFNetwork_aprox,,,,,,,,,,,,,,,0,True,NO_APLICA,variante marcada como no modelable,,
212260672,push,sinArtefactosConservador,random_undersampling_controlado,SMO_SVM,,,,,,,,,,,,,,,0,True,NO_APLICA,variante marcada como no modelable,,
212260672,push,sinArtefactosConservador,random_undersampling_controlado,RandomForest,,,,,,,,,,,,,,,0,True,NO_APLICA,variante marcada como no modelable,,
212260672,push,sinArtefactosConservador,random_undersampling_controlado,MLP,,,,,,,,,,,,,,,0,True,NO_APLICA,variante marcada como no modelable,,
212260672,push,sinArtefactosConservador,random_undersampling_controlado,IBk_kNN,,,,,,,,,,,,,,,0,True,NO_APLICA,variante marcada como no modelable,,
212260672,push,sinArtefactosConservador,random_undersampling_controlado,RBFNetwork_aprox,,,,,,,,,,,,,,,0,True,NO_APLICA,variante marcada como no modelable,,
212260672,push,sinArtefactosEstricto,sin_balanceo,SMO_SVM,,,,,,,,,,,,,,,0,True,NO_APLICA,variante marcada como no modelable,,
212260672,push,sinArtefactosEstricto,sin_balanceo,RandomForest,,,,,,,,,,,,,,,0,True,NO_APLICA,variante marcada como no modelable,,
212260672,push,sinArtefactosEstricto,sin_balanceo,MLP,,,,,,,,,,,,,,,0,True,NO_APLICA,variante marcada como no modelable,,
212260672,push,sinArtefactosEstricto,sin_balanceo,IBk_kNN,,,,,,,,,,,,,,,0,True,NO_APLICA,variante marcada como no modelable,,
212260672,push,sinArtefactosEstricto,sin_balanceo,RBFNetwork_aprox,,,,,,,,,,,,,,,0,True,NO_APLICA,variante marcada como no modelable,,
212260672,push,sinArtefactosEstricto,random_oversampling,SMO_SVM,,,,,,,,,,,,,,,0,True,NO_APLICA,variante marcada como no modelable,,
212260672,push,sinArtefactosEstricto,random_oversampling,RandomForest,,,,,,,,,,,,,,,0,True,NO_APLICA,variante marcada como no modelable,,
212260672,push,sinArtefactosEstricto,random_oversampling,MLP,,,,,,,,,,,,,,,0,True,NO_APLICA,variante marcada como no modelable,,
212260672,push,sinArtefactosEstricto,random_oversampling,IBk_kNN,,,,,,,,,,,,,,,0,True,NO_APLICA,variante marcada como no modelable,,
212260672,push,sinArtefactosEstricto,random_oversampling,RBFNetwork_aprox,,,,,,,,,,,,,,,0,True,NO_APLICA,variante marcada como no modelable,,
212260672,push,sinArtefactosEstricto,class_weight_balanced,SMO_SVM,,,,,,,,,,,,,,,0,True,NO_APLICA,variante marcada como no modelable,,
212260672,push,sinArtefactosEstricto,class_weight_balanced,RandomForest,,,,,,,,,,,,,,,0,True,NO_APLICA,variante marcada como no modelable,,
212260672,push,sinArtefactosEstricto,class_weight_balanced,MLP,,,,,,,,,,,,,,,0,True,NO_APLICA,variante marcada como no modelable,,
212260672,push,sinArtefactosEstricto,class_weight_balanced,IBk_kNN,,,,,,,,,,,,,,,0,True,NO_APLICA,variante marcada como no modelable,,
212260672,push,sinArtefactosEstricto,class_weight_balanced,RBFNetwork_aprox,,,,,,,,,,,,,,,0,True,NO_APLICA,variante marcada como no modelable,,
212260672,push,sinArtefactosEstricto,smote,SMO_SVM,,,,,,,,,,,,,,,0,True,NO_APLICA,variante marcada como no modelable,,
212260672,push,sinArtefactosEstricto,smote,RandomForest,,,,,,,,,,,,,,,0,True,NO_APLICA,variante marcada como no modelable,,
212260672,push,sinArtefactosEstricto,smote,MLP,,,,,,,,,,,,,,,0,True,NO_APLICA,variante marcada como no modelable,,
212260672,push,sinArtefactosEstricto,smote,IBk_kNN,,,,,,,,,,,,,,,0,True,NO_APLICA,variante marcada como no modelable,,
212260672,push,sinArtefactosEstricto,smote,RBFNetwork_aprox,,,,,,,,,,,,,,,0,True,NO_APLICA,variante marcada como no modelable,,
212260672,push,sinArtefactosEstricto,smote_tomek,SMO_SVM,,,,,,,,,,,,,,,0,True,NO_APLICA,variante marcada como no modelable,,
212260672,push,sinArtefactosEstricto,smote_tomek,RandomForest,,,,,,,,,,,,,,,0,True,NO_APLICA,variante marcada como no modelable,,
212260672,push,sinArtefactosEstricto,smote_tomek,MLP,,,,,,,,,,,,,,,0,True,NO_APLICA,variante marcada como no modelable,,
212260672,push,sinArtefactosEstricto,smote_tomek,IBk_kNN,,,,,,,,,,,,,,,0,True,NO_APLICA,variante marcada como no modelable,,
212260672,push,sinArtefactosEstricto,smote_tomek,RBFNetwork_aprox,,,,,,,,,,,,,,,0,True,NO_APLICA,variante marcada como no modelable,,
212260672,push,sinArtefactosEstricto,random_undersampling_controlado,SMO_SVM,,,,,,,,,,,,,,,0,True,NO_APLICA,variante marcada como no modelable,,
212260672,push,sinArtefactosEstricto,random_undersampling_controlado,RandomForest,,,,,,,,,,,,,,,0,True,NO_APLICA,variante marcada como no modelable,,
212260672,push,sinArtefactosEstricto,random_undersampling_controlado,MLP,,,,,,,,,,,,,,,0,True,NO_APLICA,variante marcada como no modelable,,
212260672,push,sinArtefactosEstricto,random_undersampling_controlado,IBk_kNN,,,,,,,,,,,,,,,0,True,NO_APLICA,variante marcada como no modelable,,
212260672,push,sinArtefactosEstricto,random_undersampling_controlado,RBFNetwork_aprox,,,,,,,,,,,,,,,0,True,NO_APLICA,variante marcada como no modelable,,
212260672,right,noOutliers,sin_balanceo,SMO_SVM,,,,,,,,,,,,,,,0,True,NO_APLICA,menos de dos clases modelables,,
212260672,right,noOutliers,sin_balanceo,RandomForest,,,,,,,,,,,,,,,0,True,NO_APLICA,menos de dos clases modelables,,
212260672,right,noOutliers,sin_balanceo,MLP,,,,,,,,,,,,,,,0,True,NO_APLICA,menos de dos clases modelables,,
212260672,right,noOutliers,sin_balanceo,IBk_kNN,,,,,,,,,,,,,,,0,True,NO_APLICA,menos de dos clases modelables,,
212260672,right,noOutliers,sin_balanceo,RBFNetwork_aprox,,,,,,,,,,,,,,,0,True,NO_APLICA,menos de dos clases modelables,,
212260672,right,noOutliers,random_oversampling,SMO_SVM,,,,,,,,,,,,,,,0,True,NO_APLICA,menos de dos clases modelables,,
212260672,right,noOutliers,random_oversampling,RandomForest,,,,,,,,,,,,,,,0,True,NO_APLICA,menos de dos clases modelables,,
212260672,right,noOutliers,random_oversampling,MLP,,,,,,,,,,,,,,,0,True,NO_APLICA,menos de dos clases modelables,,
212260672,right,noOutliers,random_oversampling,IBk_kNN,,,,,,,,,,,,,,,0,True,NO_APLICA,menos de dos clases modelables,,
212260672,right,noOutliers,random_oversampling,RBFNetwork_aprox,,,,,,,,,,,,,,,0,True,NO_APLICA,menos de dos clases modelables,,
212260672,right,noOutliers,class_weight_balanced,SMO_SVM,,,,,,,,,,,,,,,0,True,NO_APLICA,menos de dos clases modelables,,
212260672,right,noOutliers,class_weight_balanced,RandomForest,,,,,,,,,,,,,,,0,True,NO_APLICA,menos de dos clases modelables,,
212260672,right,noOutliers,class_weight_balanced,MLP,,,,,,,,,,,,,,,0,True,NO_APLICA,menos de dos clases modelables,,
212260672,right,noOutliers,class_weight_balanced,IBk_kNN,,,,,,,,,,,,,,,0,True,NO_APLICA,menos de dos clases modelables,,
212260672,right,noOutliers,class_weight_balanced,RBFNetwork_aprox,,,,,,,,,,,,,,,0,True,NO_APLICA,menos de dos clases modelables,,
212260672,right,noOutliers,smote,SMO_SVM,,,,,,,,,,,,,,,0,True,NO_APLICA,menos de dos clases modelables,,
212260672,right,noOutliers,smote,RandomForest,,,,,,,,,,,,,,,0,True,NO_APLICA,menos de dos clases modelables,,
212260672,right,noOutliers,smote,MLP,,,,,,,,,,,,,,,0,True,NO_APLICA,menos de dos clases modelables,,
212260672,right,noOutliers,smote,IBk_kNN,,,,,,,,,,,,,,,0,True,NO_APLICA,menos de dos clases modelables,,
212260672,right,noOutliers,smote,RBFNetwork_aprox,,,,,,,,,,,,,,,0,True,NO_APLICA,menos de dos clases modelables,,
212260672,right,noOutliers,smote_tomek,SMO_SVM,,,,,,,,,,,,,,,0,True,NO_APLICA,menos de dos clases modelables,,
212260672,right,noOutliers,smote_tomek,RandomForest,,,,,,,,,,,,,,,0,True,NO_APLICA,menos de dos clases modelables,,
212260672,right,noOutliers,smote_tomek,MLP,,,,,,,,,,,,,,,0,True,NO_APLICA,menos de dos clases modelables,,
212260672,right,noOutliers,smote_tomek,IBk_kNN,,,,,,,,,,,,,,,0,True,NO_APLICA,menos de dos clases modelables,,
212260672,right,noOutliers,smote_tomek,RBFNetwork_aprox,,,,,,,,,,,,,,,0,True,NO_APLICA,menos de dos clases modelables,,
212260672,right,noOutliers,random_undersampling_controlado,SMO_SVM,,,,,,,,,,,,,,,0,True,NO_APLICA,menos de dos clases modelables,,
212260672,right,noOutliers,random_undersampling_controlado,RandomForest,,,,,,,,,,,,,,,0,True,NO_APLICA,menos de dos clases modelables,,
212260672,right,noOutliers,random_undersampling_controlado,MLP,,,,,,,,,,,,,,,0,True,NO_APLICA,menos de dos clases modelables,,
212260672,right,noOutliers,random_undersampling_controlado,IBk_kNN,,,,,,,,,,,,,,,0,True,NO_APLICA,menos de dos clases modelables,,
212260672,right,noOutliers,random_undersampling_controlado,RBFNetwork_aprox,,,,,,,,,,,,,,,0,True,NO_APLICA,menos de dos clases modelables,,
212260672,right,sinArtefactosConservador,sin_balanceo,SMO_SVM,,,,,,,,,,,,,,,0,True,NO_APLICA,variante marcada como no modelable,,
212260672,right,sinArtefactosConservador,sin_balanceo,RandomForest,,,,,,,,,,,,,,,0,True,NO_APLICA,variante marcada como no modelable,,
212260672,right,sinArtefactosConservador,sin_balanceo,MLP,,,,,,,,,,,,,,,0,True,NO_APLICA,variante marcada como no modelable,,
212260672,right,sinArtefactosConservador,sin_balanceo,IBk_kNN,,,,,,,,,,,,,,,0,True,NO_APLICA,variante marcada como no modelable,,
212260672,right,sinArtefactosConservador,sin_balanceo,RBFNetwork_aprox,,,,,,,,,,,,,,,0,True,NO_APLICA,variante marcada como no modelable,,
212260672,right,sinArtefactosConservador,random_oversampling,SMO_SVM,,,,,,,,,,,,,,,0,True,NO_APLICA,variante marcada como no modelable,,
212260672,right,sinArtefactosConservador,random_oversampling,RandomForest,,,,,,,,,,,,,,,0,True,NO_APLICA,variante marcada como no modelable,,
212260672,right,sinArtefactosConservador,random_oversampling,MLP,,,,,,,,,,,,,,,0,True,NO_APLICA,variante marcada como no modelable,,
212260672,right,sinArtefactosConservador,random_oversampling,IBk_kNN,,,,,,,,,,,,,,,0,True,NO_APLICA,variante marcada como no modelable,,
212260672,right,sinArtefactosConservador,random_oversampling,RBFNetwork_aprox,,,,,,,,,,,,,,,0,True,NO_APLICA,variante marcada como no modelable,,
212260672,right,sinArtefactosConservador,class_weight_balanced,SMO_SVM,,,,,,,,,,,,,,,0,True,NO_APLICA,variante marcada como no modelable,,
212260672,right,sinArtefactosConservador,class_weight_balanced,RandomForest,,,,,,,,,,,,,,,0,True,NO_APLICA,variante marcada como no modelable,,
212260672,right,sinArtefactosConservador,class_weight_balanced,MLP,,,,,,,,,,,,,,,0,True,NO_APLICA,variante marcada como no modelable,,
212260672,right,sinArtefactosConservador,class_weight_balanced,IBk_kNN,,,,,,,,,,,,,,,0,True,NO_APLICA,variante marcada como no modelable,,
212260672,right,sinArtefactosConservador,class_weight_balanced,RBFNetwork_aprox,,,,,,,,,,,,,,,0,True,NO_APLICA,variante marcada como no modelable,,
212260672,right,sinArtefactosConservador,smote,SMO_SVM,,,,,,,,,,,,,,,0,True,NO_APLICA,variante marcada como no modelable,,
212260672,right,sinArtefactosConservador,smote,RandomForest,,,,,,,,,,,,,,,0,True,NO_APLICA,variante marcada como no modelable,,
212260672,right,sinArtefactosConservador,smote,MLP,,,,,,,,,,,,,,,0,True,NO_APLICA,variante marcada como no modelable,,
212260672,right,sinArtefactosConservador,smote,IBk_kNN,,,,,,,,,,,,,,,0,True,NO_APLICA,variante marcada como no modelable,,
212260672,right,sinArtefactosConservador,smote,RBFNetwork_aprox,,,,,,,,,,,,,,,0,True,NO_APLICA,variante marcada como no modelable,,
212260672,right,sinArtefactosConservador,smote_tomek,SMO_SVM,,,,,,,,,,,,,,,0,True,NO_APLICA,variante marcada como no modelable,,
212260672,right,sinArtefactosConservador,smote_tomek,RandomForest,,,,,,,,,,,,,,,0,True,NO_APLICA,variante marcada como no modelable,,
212260672,right,sinArtefactosConservador,smote_tomek,MLP,,,,,,,,,,,,,,,0,True,NO_APLICA,variante marcada como no modelable,,
212260672,right,sinArtefactosConservador,smote_tomek,IBk_kNN,,,,,,,,,,,,,,,0,True,NO_APLICA,variante marcada como no modelable,,
212260672,right,sinArtefactosConservador,smote_tomek,RBFNetwork_aprox,,,,,,,,,,,,,,,0,True,NO_APLICA,variante marcada como no modelable,,
212260672,right,sinArtefactosConservador,random_undersampling_controlado,SMO_SVM,,,,,,,,,,,,,,,0,True,NO_APLICA,variante marcada como no modelable,,
212260672,right,sinArtefactosConservador,random_undersampling_controlado,RandomForest,,,,,,,,,,,,,,,0,True,NO_APLICA,variante marcada como no modelable,,
212260672,right,sinArtefactosConservador,random_undersampling_controlado,MLP,,,,,,,,,,,,,,,0,True,NO_APLICA,variante marcada como no modelable,,
212260672,right,sinArtefactosConservador,random_undersampling_controlado,IBk_kNN,,,,,,,,,,,,,,,0,True,NO_APLICA,variante marcada como no modelable,,
212260672,right,sinArtefactosConservador,random_undersampling_controlado,RBFNetwork_aprox,,,,,,,,,,,,,,,0,True,NO_APLICA,variante marcada como no modelable,,
212260672,right,sinArtefactosEstricto,sin_balanceo,SMO_SVM,,,,,,,,,,,,,,,0,True,NO_APLICA,variante marcada como no modelable,,
212260672,right,sinArtefactosEstricto,sin_balanceo,RandomForest,,,,,,,,,,,,,,,0,True,NO_APLICA,variante marcada como no modelable,,
212260672,right,sinArtefactosEstricto,sin_balanceo,MLP,,,,,,,,,,,,,,,0,True,NO_APLICA,variante marcada como no modelable,,
212260672,right,sinArtefactosEstricto,sin_balanceo,IBk_kNN,,,,,,,,,,,,,,,0,True,NO_APLICA,variante marcada como no modelable,,
212260672,right,sinArtefactosEstricto,sin_balanceo,RBFNetwork_aprox,,,,,,,,,,,,,,,0,True,NO_APLICA,variante marcada como no modelable,,
212260672,right,sinArtefactosEstricto,random_oversampling,SMO_SVM,,,,,,,,,,,,,,,0,True,NO_APLICA,variante marcada como no modelable,,
212260672,right,sinArtefactosEstricto,random_oversampling,RandomForest,,,,,,,,,,,,,,,0,True,NO_APLICA,variante marcada como no modelable,,
212260672,right,sinArtefactosEstricto,random_oversampling,MLP,,,,,,,,,,,,,,,0,True,NO_APLICA,variante marcada como no modelable,,
212260672,right,sinArtefactosEstricto,random_oversampling,IBk_kNN,,,,,,,,,,,,,,,0,True,NO_APLICA,variante marcada como no modelable,,
212260672,right,sinArtefactosEstricto,random_oversampling,RBFNetwork_aprox,,,,,,,,,,,,,,,0,True,NO_APLICA,variante marcada como no modelable,,
212260672,right,sinArtefactosEstricto,class_weight_balanced,SMO_SVM,,,,,,,,,,,,,,,0,True,NO_APLICA,variante marcada como no modelable,,
212260672,right,sinArtefactosEstricto,class_weight_balanced,RandomForest,,,,,,,,,,,,,,,0,True,NO_APLICA,variante marcada como no modelable,,
212260672,right,sinArtefactosEstricto,class_weight_balanced,MLP,,,,,,,,,,,,,,,0,True,NO_APLICA,variante marcada como no modelable,,
212260672,right,sinArtefactosEstricto,class_weight_balanced,IBk_kNN,,,,,,,,,,,,,,,0,True,NO_APLICA,variante marcada como no modelable,,
212260672,right,sinArtefactosEstricto,class_weight_balanced,RBFNetwork_aprox,,,,,,,,,,,,,,,0,True,NO_APLICA,variante marcada como no modelable,,
212260672,right,sinArtefactosEstricto,smote,SMO_SVM,,,,,,,,,,,,,,,0,True,NO_APLICA,variante marcada como no modelable,,
212260672,right,sinArtefactosEstricto,smote,RandomForest,,,,,,,,,,,,,,,0,True,NO_APLICA,variante marcada como no modelable,,
212260672,right,sinArtefactosEstricto,smote,MLP,,,,,,,,,,,,,,,0,True,NO_APLICA,variante marcada como no modelable,,
212260672,right,sinArtefactosEstricto,smote,IBk_kNN,,,,,,,,,,,,,,,0,True,NO_APLICA,variante marcada como no modelable,,
212260672,right,sinArtefactosEstricto,smote,RBFNetwork_aprox,,,,,,,,,,,,,,,0,True,NO_APLICA,variante marcada como no modelable,,
212260672,right,sinArtefactosEstricto,smote_tomek,SMO_SVM,,,,,,,,,,,,,,,0,True,NO_APLICA,variante marcada como no modelable,,
212260672,right,sinArtefactosEstricto,smote_tomek,RandomForest,,,,,,,,,,,,,,,0,True,NO_APLICA,variante marcada como no modelable,,
212260672,right,sinArtefactosEstricto,smote_tomek,MLP,,,,,,,,,,,,,,,0,True,NO_APLICA,variante marcada como no modelable,,
212260672,right,sinArtefactosEstricto,smote_tomek,IBk_kNN,,,,,,,,,,,,,,,0,True,NO_APLICA,variante marcada como no modelable,,
212260672,right,sinArtefactosEstricto,smote_tomek,RBFNetwork_aprox,,,,,,,,,,,,,,,0,True,NO_APLICA,variante marcada como no modelable,,
212260672,right,sinArtefactosEstricto,random_undersampling_controlado,SMO_SVM,,,,,,,,,,,,,,,0,True,NO_APLICA,variante marcada como no modelable,,
212260672,right,sinArtefactosEstricto,random_undersampling_controlado,RandomForest,,,,,,,,,,,,,,,0,True,NO_APLICA,variante marcada como no modelable,,
212260672,right,sinArtefactosEstricto,random_undersampling_controlado,MLP,,,,,,,,,,,,,,,0,True,NO_APLICA,variante marcada como no modelable,,
212260672,right,sinArtefactosEstricto,random_undersampling_controlado,IBk_kNN,,,,,,,,,,,,,,,0,True,NO_APLICA,variante marcada como no modelable,,
212260672,right,sinArtefactosEstricto,random_undersampling_controlado,RBFNetwork_aprox,,,,,,,,,,,,,,,0,True,NO_APLICA,variante marcada como no modelable,,
222260671,all,noOutliers,sin_balanceo,SMO_SVM,57.31,50.13,0.2546,0.4831,0.5708,0.6667,0.3448,0.3333,0.6604,0.4615,0.4167,0.3529,0.6731,0.7161,18,False,no,"Recall crítico bajo en: pull, push",bloques,2.0
222260671,all,noOutliers,sin_balanceo,RandomForest,71.93,48.58,0.4061,0.5282,0.6785,0.5,0.3793,0.1111,0.9528,0.9,0.6111,0.4,0.7319,0.8078,18,False,no,"Recall crítico bajo en: pull, push",bloques,2.0
222260671,all,noOutliers,sin_balanceo,MLP,61.4,47.7,0.296,0.4784,0.6053,0.6111,0.3103,0.2222,0.7642,0.5789,0.36,0.2667,0.7232,0.7589,18,False,no,"Recall crítico bajo en: pull, push",bloques,2.0
222260671,all,noOutliers,sin_balanceo,IBk_kNN,59.65,43.53,0.269,0.447,0.5935,0.3333,0.3103,0.3333,0.7642,0.3158,0.2903,0.5455,0.7364,0.6278,18,False,no,"Recall crítico bajo en: left, pull, push",bloques,2.0
222260671,all,noOutliers,sin_balanceo,RBFNetwork_aprox,61.99,33.17,0.1117,0.3473,0.5409,0.2778,0.069,0.0556,0.9245,1.0,0.2222,0.3333,0.6364,0.6134,18,False,no,"Recall crítico bajo en: left, pull, push",bloques,2.0
222260671,all,noOutliers,random_oversampling,SMO_SVM,60.82,55.0,0.315,0.5361,0.6069,0.6667,0.3448,0.5,0.6887,0.5217,0.3846,0.5,0.7019,0.7265,18,False,no,Recall crítico bajo en: pull,bloques,2.0
222260671,all,noOutliers,random_oversampling,RandomForest,72.51,47.66,0.4028,0.5261,0.6785,0.4444,0.3793,0.1111,0.9717,1.0,0.5789,1.0,0.7254,0.8041,18,False,no,"Recall crítico bajo en: left, pull, push",bloques,2.0
222260671,all,noOutliers,random_oversampling,MLP,61.4,50.63,0.3176,0.5057,0.6146,0.6667,0.3448,0.2778,0.7358,0.6667,0.3704,0.25,0.7358,0.749,18,False,no,"Recall crítico bajo en: pull, push",bloques,2.0
222260671,all,noOutliers,random_oversampling,IBk_kNN,60.82,46.31,0.2969,0.4755,0.6085,0.4444,0.3103,0.3333,0.7642,0.381,0.2727,0.6667,0.75,0.6454,18,False,no,"Recall crítico bajo en: left, pull, push",bloques,2.0
222260671,all,noOutliers,random_oversampling,RBFNetwork_aprox,61.4,40.78,0.1987,0.4551,0.5858,0.2778,0.3103,0.2222,0.8208,1.0,0.3462,0.6667,0.6493,0.6574,18,False,no,"Recall crítico bajo en: left, pull, push",bloques,2.0
222260671,all,noOutliers,class_weight_balanced,SMO_SVM,57.31,50.13,0.2546,0.4831,0.5708,0.6667,0.3448,0.3333,0.6604,0.4615,0.4167,0.3529,0.6731,0.7161,18,False,no,"Recall crítico bajo en: pull, push",bloques,2.0
222260671,all,noOutliers,class_weight_balanced,RandomForest,71.93,46.7,0.3851,0.4908,0.6593,0.5556,0.2759,0.0556,0.9811,0.7692,0.6154,1.0,0.7222,0.813,18,False,no,"Recall crítico bajo en: pull, push",bloques,2.0
222260671,all,noOutliers,class_weight_balanced,MLP,,,,,,,,,,,,,,,18,False,NO_APLICA,class_weight no soportado por este modelo,,
222260671,all,noOutliers,class_weight_balanced,IBk_kNN,,,,,,,,,,,,,,,18,False,NO_APLICA,class_weight no soportado por este modelo,,
222260671,all,noOutliers,class_weight_balanced,RBFNetwork_aprox,50.88,35.81,0.1047,0.3824,0.5104,0.2778,0.2069,0.2778,0.6698,1.0,0.1875,0.2174,0.6396,0.6341,18,False,no,"Recall crítico bajo en: left, pull, push",bloques,2.0
222260671,all,noOutliers,smote,SMO_SVM,61.4,55.24,0.3322,0.5333,0.6141,0.6667,0.3448,0.5,0.6981,0.48,0.3846,0.5,0.7255,0.7198,18,False,no,SMOTE experimental: min_clase < 20; Recall crítico bajo en: pull,bloques,2.0
222260671,all,noOutliers,smote,RandomForest,75.44,55.33,0.518,0.5708,0.7243,0.6111,0.4828,0.1667,0.9528,0.5789,0.5833,1.0,0.808,0.8445,18,False,no,"SMOTE experimental: min_clase < 20; Recall crítico bajo en: pull, push",bloques,2.0
222260671,all,noOutliers,smote,MLP,60.82,49.77,0.3104,0.4978,0.6104,0.6111,0.3103,0.3333,0.7358,0.6471,0.3214,0.2857,0.7429,0.7671,18,False,no,"SMOTE experimental: min_clase < 20; Recall crítico bajo en: pull, push",bloques,2.0
222260671,all,noOutliers,smote,IBk_kNN,44.44,40.43,0.1573,0.372,0.4711,0.3889,0.4138,0.3333,0.4811,0.28,0.24,0.25,0.7083,0.5989,18,False,no,"SMOTE experimental: min_clase < 20; Recall crítico bajo en: left, pull, push, right",bloques,2.0
222260671,all,noOutliers,smote,RBFNetwork_aprox,60.23,40.31,0.1865,0.4428,0.5763,0.2778,0.3103,0.2222,0.8019,1.0,0.3913,0.3636,0.6439,0.6526,18,False,no,"SMOTE experimental: min_clase < 20; Recall crítico bajo en: left, pull, push",bloques,2.0
222260671,all,noOutliers,smote_tomek,SMO_SVM,61.4,55.24,0.3322,0.5333,0.6141,0.6667,0.3448,0.5,0.6981,0.48,0.3846,0.5,0.7255,0.7198,18,False,no,SMOTE experimental: min_clase < 20; Recall crítico bajo en: pull,bloques,2.0
222260671,all,noOutliers,smote_tomek,RandomForest,75.44,55.33,0.518,0.5708,0.7243,0.6111,0.4828,0.1667,0.9528,0.5789,0.5833,1.0,0.808,0.8445,18,False,no,"SMOTE experimental: min_clase < 20; Recall crítico bajo en: pull, push",bloques,2.0
222260671,all,noOutliers,smote_tomek,MLP,60.82,49.77,0.3104,0.4978,0.6104,0.6111,0.3103,0.3333,0.7358,0.6471,0.3214,0.2857,0.7429,0.7671,18,False,no,"SMOTE experimental: min_clase < 20; Recall crítico bajo en: pull, push",bloques,2.0
222260671,all,noOutliers,smote_tomek,IBk_kNN,44.44,40.43,0.1573,0.372,0.4711,0.3889,0.4138,0.3333,0.4811,0.28,0.24,0.25,0.7083,0.5989,18,False,no,"SMOTE experimental: min_clase < 20; Recall crítico bajo en: left, pull, push, right",bloques,2.0
222260671,all,noOutliers,smote_tomek,RBFNetwork_aprox,60.23,40.31,0.1865,0.4428,0.5763,0.2778,0.3103,0.2222,0.8019,1.0,0.3913,0.3636,0.6439,0.6526,18,False,no,"SMOTE experimental: min_clase < 20; Recall crítico bajo en: left, pull, push",bloques,2.0
222260671,all,noOutliers,random_undersampling_controlado,SMO_SVM,48.54,48.9,0.2049,0.4355,0.5002,0.6667,0.3448,0.4444,0.5,0.4286,0.2941,0.2581,0.6795,0.742,18,False,no,"Recall crítico bajo en: pull, push",bloques,2.0
222260671,all,noOutliers,random_undersampling_controlado,RandomForest,74.85,57.6,0.5382,0.5848,0.7357,0.5556,0.6207,0.2222,0.9057,0.625,0.5143,0.5,0.8571,0.8262,18,False,no,Recall crítico bajo en: push,bloques,2.0
222260671,all,noOutliers,random_undersampling_controlado,MLP,57.31,53.59,0.3082,0.5082,0.5899,0.7222,0.3448,0.4444,0.6321,0.65,0.2941,0.2759,0.7614,0.7766,18,False,no,"Recall crítico bajo en: pull, push",bloques,2.0
222260671,all,noOutliers,random_undersampling_controlado,IBk_kNN,45.03,41.72,0.1671,0.3767,0.4762,0.5,0.3448,0.3333,0.4906,0.3,0.25,0.2143,0.7123,0.6067,18,False,no,"Recall crítico bajo en: pull, push, right",bloques,2.0
222260671,all,noOutliers,random_undersampling_controlado,RBFNetwork_aprox,50.88,31.1,0.0554,0.3398,0.4967,0.2778,0.1379,0.1111,0.717,1.0,0.1429,0.1176,0.6281,0.636,18,False,no,"Recall crítico bajo en: left, pull, push",bloques,2.0
222260671,all,sinArtefactosConservador,sin_balanceo,SMO_SVM,,,,,,,,,,,,,,,0,True,NO_APLICA,variante marcada como no modelable,,
222260671,all,sinArtefactosConservador,sin_balanceo,RandomForest,,,,,,,,,,,,,,,0,True,NO_APLICA,variante marcada como no modelable,,
222260671,all,sinArtefactosConservador,sin_balanceo,MLP,,,,,,,,,,,,,,,0,True,NO_APLICA,variante marcada como no modelable,,
222260671,all,sinArtefactosConservador,sin_balanceo,IBk_kNN,,,,,,,,,,,,,,,0,True,NO_APLICA,variante marcada como no modelable,,
222260671,all,sinArtefactosConservador,sin_balanceo,RBFNetwork_aprox,,,,,,,,,,,,,,,0,True,NO_APLICA,variante marcada como no modelable,,
222260671,all,sinArtefactosConservador,random_oversampling,SMO_SVM,,,,,,,,,,,,,,,0,True,NO_APLICA,variante marcada como no modelable,,
222260671,all,sinArtefactosConservador,random_oversampling,RandomForest,,,,,,,,,,,,,,,0,True,NO_APLICA,variante marcada como no modelable,,
222260671,all,sinArtefactosConservador,random_oversampling,MLP,,,,,,,,,,,,,,,0,True,NO_APLICA,variante marcada como no modelable,,
222260671,all,sinArtefactosConservador,random_oversampling,IBk_kNN,,,,,,,,,,,,,,,0,True,NO_APLICA,variante marcada como no modelable,,
222260671,all,sinArtefactosConservador,random_oversampling,RBFNetwork_aprox,,,,,,,,,,,,,,,0,True,NO_APLICA,variante marcada como no modelable,,
222260671,all,sinArtefactosConservador,class_weight_balanced,SMO_SVM,,,,,,,,,,,,,,,0,True,NO_APLICA,variante marcada como no modelable,,
222260671,all,sinArtefactosConservador,class_weight_balanced,RandomForest,,,,,,,,,,,,,,,0,True,NO_APLICA,variante marcada como no modelable,,
222260671,all,sinArtefactosConservador,class_weight_balanced,MLP,,,,,,,,,,,,,,,0,True,NO_APLICA,variante marcada como no modelable,,
222260671,all,sinArtefactosConservador,class_weight_balanced,IBk_kNN,,,,,,,,,,,,,,,0,True,NO_APLICA,variante marcada como no modelable,,
222260671,all,sinArtefactosConservador,class_weight_balanced,RBFNetwork_aprox,,,,,,,,,,,,,,,0,True,NO_APLICA,variante marcada como no modelable,,
222260671,all,sinArtefactosConservador,smote,SMO_SVM,,,,,,,,,,,,,,,0,True,NO_APLICA,variante marcada como no modelable,,
222260671,all,sinArtefactosConservador,smote,RandomForest,,,,,,,,,,,,,,,0,True,NO_APLICA,variante marcada como no modelable,,
222260671,all,sinArtefactosConservador,smote,MLP,,,,,,,,,,,,,,,0,True,NO_APLICA,variante marcada como no modelable,,
222260671,all,sinArtefactosConservador,smote,IBk_kNN,,,,,,,,,,,,,,,0,True,NO_APLICA,variante marcada como no modelable,,
222260671,all,sinArtefactosConservador,smote,RBFNetwork_aprox,,,,,,,,,,,,,,,0,True,NO_APLICA,variante marcada como no modelable,,
222260671,all,sinArtefactosConservador,smote_tomek,SMO_SVM,,,,,,,,,,,,,,,0,True,NO_APLICA,variante marcada como no modelable,,
222260671,all,sinArtefactosConservador,smote_tomek,RandomForest,,,,,,,,,,,,,,,0,True,NO_APLICA,variante marcada como no modelable,,
222260671,all,sinArtefactosConservador,smote_tomek,MLP,,,,,,,,,,,,,,,0,True,NO_APLICA,variante marcada como no modelable,,
222260671,all,sinArtefactosConservador,smote_tomek,IBk_kNN,,,,,,,,,,,,,,,0,True,NO_APLICA,variante marcada como no modelable,,
222260671,all,sinArtefactosConservador,smote_tomek,RBFNetwork_aprox,,,,,,,,,,,,,,,0,True,NO_APLICA,variante marcada como no modelable,,
222260671,all,sinArtefactosConservador,random_undersampling_controlado,SMO_SVM,,,,,,,,,,,,,,,0,True,NO_APLICA,variante marcada como no modelable,,
222260671,all,sinArtefactosConservador,random_undersampling_controlado,RandomForest,,,,,,,,,,,,,,,0,True,NO_APLICA,variante marcada como no modelable,,
222260671,all,sinArtefactosConservador,random_undersampling_controlado,MLP,,,,,,,,,,,,,,,0,True,NO_APLICA,variante marcada como no modelable,,
222260671,all,sinArtefactosConservador,random_undersampling_controlado,IBk_kNN,,,,,,,,,,,,,,,0,True,NO_APLICA,variante marcada como no modelable,,
222260671,all,sinArtefactosConservador,random_undersampling_controlado,RBFNetwork_aprox,,,,,,,,,,,,,,,0,True,NO_APLICA,variante marcada como no modelable,,
222260671,all,sinArtefactosEstricto,sin_balanceo,SMO_SVM,,,,,,,,,,,,,,,0,True,NO_APLICA,variante marcada como no modelable,,
222260671,all,sinArtefactosEstricto,sin_balanceo,RandomForest,,,,,,,,,,,,,,,0,True,NO_APLICA,variante marcada como no modelable,,
222260671,all,sinArtefactosEstricto,sin_balanceo,MLP,,,,,,,,,,,,,,,0,True,NO_APLICA,variante marcada como no modelable,,
222260671,all,sinArtefactosEstricto,sin_balanceo,IBk_kNN,,,,,,,,,,,,,,,0,True,NO_APLICA,variante marcada como no modelable,,
222260671,all,sinArtefactosEstricto,sin_balanceo,RBFNetwork_aprox,,,,,,,,,,,,,,,0,True,NO_APLICA,variante marcada como no modelable,,
222260671,all,sinArtefactosEstricto,random_oversampling,SMO_SVM,,,,,,,,,,,,,,,0,True,NO_APLICA,variante marcada como no modelable,,
222260671,all,sinArtefactosEstricto,random_oversampling,RandomForest,,,,,,,,,,,,,,,0,True,NO_APLICA,variante marcada como no modelable,,
222260671,all,sinArtefactosEstricto,random_oversampling,MLP,,,,,,,,,,,,,,,0,True,NO_APLICA,variante marcada como no modelable,,
222260671,all,sinArtefactosEstricto,random_oversampling,IBk_kNN,,,,,,,,,,,,,,,0,True,NO_APLICA,variante marcada como no modelable,,
222260671,all,sinArtefactosEstricto,random_oversampling,RBFNetwork_aprox,,,,,,,,,,,,,,,0,True,NO_APLICA,variante marcada como no modelable,,
222260671,all,sinArtefactosEstricto,class_weight_balanced,SMO_SVM,,,,,,,,,,,,,,,0,True,NO_APLICA,variante marcada como no modelable,,
222260671,all,sinArtefactosEstricto,class_weight_balanced,RandomForest,,,,,,,,,,,,,,,0,True,NO_APLICA,variante marcada como no modelable,,
222260671,all,sinArtefactosEstricto,class_weight_balanced,MLP,,,,,,,,,,,,,,,0,True,NO_APLICA,variante marcada como no modelable,,
222260671,all,sinArtefactosEstricto,class_weight_balanced,IBk_kNN,,,,,,,,,,,,,,,0,True,NO_APLICA,variante marcada como no modelable,,
222260671,all,sinArtefactosEstricto,class_weight_balanced,RBFNetwork_aprox,,,,,,,,,,,,,,,0,True,NO_APLICA,variante marcada como no modelable,,
222260671,all,sinArtefactosEstricto,smote,SMO_SVM,,,,,,,,,,,,,,,0,True,NO_APLICA,variante marcada como no modelable,,
222260671,all,sinArtefactosEstricto,smote,RandomForest,,,,,,,,,,,,,,,0,True,NO_APLICA,variante marcada como no modelable,,
222260671,all,sinArtefactosEstricto,smote,MLP,,,,,,,,,,,,,,,0,True,NO_APLICA,variante marcada como no modelable,,
222260671,all,sinArtefactosEstricto,smote,IBk_kNN,,,,,,,,,,,,,,,0,True,NO_APLICA,variante marcada como no modelable,,
222260671,all,sinArtefactosEstricto,smote,RBFNetwork_aprox,,,,,,,,,,,,,,,0,True,NO_APLICA,variante marcada como no modelable,,
222260671,all,sinArtefactosEstricto,smote_tomek,SMO_SVM,,,,,,,,,,,,,,,0,True,NO_APLICA,variante marcada como no modelable,,
222260671,all,sinArtefactosEstricto,smote_tomek,RandomForest,,,,,,,,,,,,,,,0,True,NO_APLICA,variante marcada como no modelable,,
222260671,all,sinArtefactosEstricto,smote_tomek,MLP,,,,,,,,,,,,,,,0,True,NO_APLICA,variante marcada como no modelable,,
222260671,all,sinArtefactosEstricto,smote_tomek,IBk_kNN,,,,,,,,,,,,,,,0,True,NO_APLICA,variante marcada como no modelable,,
222260671,all,sinArtefactosEstricto,smote_tomek,RBFNetwork_aprox,,,,,,,,,,,,,,,0,True,NO_APLICA,variante marcada como no modelable,,
222260671,all,sinArtefactosEstricto,random_undersampling_controlado,SMO_SVM,,,,,,,,,,,,,,,0,True,NO_APLICA,variante marcada como no modelable,,
222260671,all,sinArtefactosEstricto,random_undersampling_controlado,RandomForest,,,,,,,,,,,,,,,0,True,NO_APLICA,variante marcada como no modelable,,
222260671,all,sinArtefactosEstricto,random_undersampling_controlado,MLP,,,,,,,,,,,,,,,0,True,NO_APLICA,variante marcada como no modelable,,
222260671,all,sinArtefactosEstricto,random_undersampling_controlado,IBk_kNN,,,,,,,,,,,,,,,0,True,NO_APLICA,variante marcada como no modelable,,
222260671,all,sinArtefactosEstricto,random_undersampling_controlado,RBFNetwork_aprox,,,,,,,,,,,,,,,0,True,NO_APLICA,variante marcada como no modelable,,
222260671,left,noOutliers,sin_balanceo,SMO_SVM,,,,,,,,,,,,,,,0,True,NO_APLICA,menos de dos clases modelables,,
222260671,left,noOutliers,sin_balanceo,RandomForest,,,,,,,,,,,,,,,0,True,NO_APLICA,menos de dos clases modelables,,
222260671,left,noOutliers,sin_balanceo,MLP,,,,,,,,,,,,,,,0,True,NO_APLICA,menos de dos clases modelables,,
222260671,left,noOutliers,sin_balanceo,IBk_kNN,,,,,,,,,,,,,,,0,True,NO_APLICA,menos de dos clases modelables,,
222260671,left,noOutliers,sin_balanceo,RBFNetwork_aprox,,,,,,,,,,,,,,,0,True,NO_APLICA,menos de dos clases modelables,,
222260671,left,noOutliers,random_oversampling,SMO_SVM,,,,,,,,,,,,,,,0,True,NO_APLICA,menos de dos clases modelables,,
222260671,left,noOutliers,random_oversampling,RandomForest,,,,,,,,,,,,,,,0,True,NO_APLICA,menos de dos clases modelables,,
222260671,left,noOutliers,random_oversampling,MLP,,,,,,,,,,,,,,,0,True,NO_APLICA,menos de dos clases modelables,,
222260671,left,noOutliers,random_oversampling,IBk_kNN,,,,,,,,,,,,,,,0,True,NO_APLICA,menos de dos clases modelables,,
222260671,left,noOutliers,random_oversampling,RBFNetwork_aprox,,,,,,,,,,,,,,,0,True,NO_APLICA,menos de dos clases modelables,,
222260671,left,noOutliers,class_weight_balanced,SMO_SVM,,,,,,,,,,,,,,,0,True,NO_APLICA,menos de dos clases modelables,,
222260671,left,noOutliers,class_weight_balanced,RandomForest,,,,,,,,,,,,,,,0,True,NO_APLICA,menos de dos clases modelables,,
222260671,left,noOutliers,class_weight_balanced,MLP,,,,,,,,,,,,,,,0,True,NO_APLICA,menos de dos clases modelables,,
222260671,left,noOutliers,class_weight_balanced,IBk_kNN,,,,,,,,,,,,,,,0,True,NO_APLICA,menos de dos clases modelables,,
222260671,left,noOutliers,class_weight_balanced,RBFNetwork_aprox,,,,,,,,,,,,,,,0,True,NO_APLICA,menos de dos clases modelables,,
222260671,left,noOutliers,smote,SMO_SVM,,,,,,,,,,,,,,,0,True,NO_APLICA,menos de dos clases modelables,,
222260671,left,noOutliers,smote,RandomForest,,,,,,,,,,,,,,,0,True,NO_APLICA,menos de dos clases modelables,,
222260671,left,noOutliers,smote,MLP,,,,,,,,,,,,,,,0,True,NO_APLICA,menos de dos clases modelables,,
222260671,left,noOutliers,smote,IBk_kNN,,,,,,,,,,,,,,,0,True,NO_APLICA,menos de dos clases modelables,,
222260671,left,noOutliers,smote,RBFNetwork_aprox,,,,,,,,,,,,,,,0,True,NO_APLICA,menos de dos clases modelables,,
222260671,left,noOutliers,smote_tomek,SMO_SVM,,,,,,,,,,,,,,,0,True,NO_APLICA,menos de dos clases modelables,,
222260671,left,noOutliers,smote_tomek,RandomForest,,,,,,,,,,,,,,,0,True,NO_APLICA,menos de dos clases modelables,,
222260671,left,noOutliers,smote_tomek,MLP,,,,,,,,,,,,,,,0,True,NO_APLICA,menos de dos clases modelables,,
222260671,left,noOutliers,smote_tomek,IBk_kNN,,,,,,,,,,,,,,,0,True,NO_APLICA,menos de dos clases modelables,,
222260671,left,noOutliers,smote_tomek,RBFNetwork_aprox,,,,,,,,,,,,,,,0,True,NO_APLICA,menos de dos clases modelables,,
222260671,left,noOutliers,random_undersampling_controlado,SMO_SVM,,,,,,,,,,,,,,,0,True,NO_APLICA,menos de dos clases modelables,,
222260671,left,noOutliers,random_undersampling_controlado,RandomForest,,,,,,,,,,,,,,,0,True,NO_APLICA,menos de dos clases modelables,,
222260671,left,noOutliers,random_undersampling_controlado,MLP,,,,,,,,,,,,,,,0,True,NO_APLICA,menos de dos clases modelables,,
222260671,left,noOutliers,random_undersampling_controlado,IBk_kNN,,,,,,,,,,,,,,,0,True,NO_APLICA,menos de dos clases modelables,,
222260671,left,noOutliers,random_undersampling_controlado,RBFNetwork_aprox,,,,,,,,,,,,,,,0,True,NO_APLICA,menos de dos clases modelables,,
222260671,left,sinArtefactosConservador,sin_balanceo,SMO_SVM,,,,,,,,,,,,,,,0,True,NO_APLICA,variante marcada como no modelable,,
222260671,left,sinArtefactosConservador,sin_balanceo,RandomForest,,,,,,,,,,,,,,,0,True,NO_APLICA,variante marcada como no modelable,,
222260671,left,sinArtefactosConservador,sin_balanceo,MLP,,,,,,,,,,,,,,,0,True,NO_APLICA,variante marcada como no modelable,,
222260671,left,sinArtefactosConservador,sin_balanceo,IBk_kNN,,,,,,,,,,,,,,,0,True,NO_APLICA,variante marcada como no modelable,,
222260671,left,sinArtefactosConservador,sin_balanceo,RBFNetwork_aprox,,,,,,,,,,,,,,,0,True,NO_APLICA,variante marcada como no modelable,,
222260671,left,sinArtefactosConservador,random_oversampling,SMO_SVM,,,,,,,,,,,,,,,0,True,NO_APLICA,variante marcada como no modelable,,
222260671,left,sinArtefactosConservador,random_oversampling,RandomForest,,,,,,,,,,,,,,,0,True,NO_APLICA,variante marcada como no modelable,,
222260671,left,sinArtefactosConservador,random_oversampling,MLP,,,,,,,,,,,,,,,0,True,NO_APLICA,variante marcada como no modelable,,
222260671,left,sinArtefactosConservador,random_oversampling,IBk_kNN,,,,,,,,,,,,,,,0,True,NO_APLICA,variante marcada como no modelable,,
222260671,left,sinArtefactosConservador,random_oversampling,RBFNetwork_aprox,,,,,,,,,,,,,,,0,True,NO_APLICA,variante marcada como no modelable,,
222260671,left,sinArtefactosConservador,class_weight_balanced,SMO_SVM,,,,,,,,,,,,,,,0,True,NO_APLICA,variante marcada como no modelable,,
222260671,left,sinArtefactosConservador,class_weight_balanced,RandomForest,,,,,,,,,,,,,,,0,True,NO_APLICA,variante marcada como no modelable,,
222260671,left,sinArtefactosConservador,class_weight_balanced,MLP,,,,,,,,,,,,,,,0,True,NO_APLICA,variante marcada como no modelable,,
222260671,left,sinArtefactosConservador,class_weight_balanced,IBk_kNN,,,,,,,,,,,,,,,0,True,NO_APLICA,variante marcada como no modelable,,
222260671,left,sinArtefactosConservador,class_weight_balanced,RBFNetwork_aprox,,,,,,,,,,,,,,,0,True,NO_APLICA,variante marcada como no modelable,,
222260671,left,sinArtefactosConservador,smote,SMO_SVM,,,,,,,,,,,,,,,0,True,NO_APLICA,variante marcada como no modelable,,
222260671,left,sinArtefactosConservador,smote,RandomForest,,,,,,,,,,,,,,,0,True,NO_APLICA,variante marcada como no modelable,,
222260671,left,sinArtefactosConservador,smote,MLP,,,,,,,,,,,,,,,0,True,NO_APLICA,variante marcada como no modelable,,
222260671,left,sinArtefactosConservador,smote,IBk_kNN,,,,,,,,,,,,,,,0,True,NO_APLICA,variante marcada como no modelable,,
222260671,left,sinArtefactosConservador,smote,RBFNetwork_aprox,,,,,,,,,,,,,,,0,True,NO_APLICA,variante marcada como no modelable,,
222260671,left,sinArtefactosConservador,smote_tomek,SMO_SVM,,,,,,,,,,,,,,,0,True,NO_APLICA,variante marcada como no modelable,,
222260671,left,sinArtefactosConservador,smote_tomek,RandomForest,,,,,,,,,,,,,,,0,True,NO_APLICA,variante marcada como no modelable,,
222260671,left,sinArtefactosConservador,smote_tomek,MLP,,,,,,,,,,,,,,,0,True,NO_APLICA,variante marcada como no modelable,,
222260671,left,sinArtefactosConservador,smote_tomek,IBk_kNN,,,,,,,,,,,,,,,0,True,NO_APLICA,variante marcada como no modelable,,
222260671,left,sinArtefactosConservador,smote_tomek,RBFNetwork_aprox,,,,,,,,,,,,,,,0,True,NO_APLICA,variante marcada como no modelable,,
222260671,left,sinArtefactosConservador,random_undersampling_controlado,SMO_SVM,,,,,,,,,,,,,,,0,True,NO_APLICA,variante marcada como no modelable,,
222260671,left,sinArtefactosConservador,random_undersampling_controlado,RandomForest,,,,,,,,,,,,,,,0,True,NO_APLICA,variante marcada como no modelable,,
222260671,left,sinArtefactosConservador,random_undersampling_controlado,MLP,,,,,,,,,,,,,,,0,True,NO_APLICA,variante marcada como no modelable,,
222260671,left,sinArtefactosConservador,random_undersampling_controlado,IBk_kNN,,,,,,,,,,,,,,,0,True,NO_APLICA,variante marcada como no modelable,,
222260671,left,sinArtefactosConservador,random_undersampling_controlado,RBFNetwork_aprox,,,,,,,,,,,,,,,0,True,NO_APLICA,variante marcada como no modelable,,
222260671,left,sinArtefactosEstricto,sin_balanceo,SMO_SVM,,,,,,,,,,,,,,,0,True,NO_APLICA,variante marcada como no modelable,,
222260671,left,sinArtefactosEstricto,sin_balanceo,RandomForest,,,,,,,,,,,,,,,0,True,NO_APLICA,variante marcada como no modelable,,
222260671,left,sinArtefactosEstricto,sin_balanceo,MLP,,,,,,,,,,,,,,,0,True,NO_APLICA,variante marcada como no modelable,,
222260671,left,sinArtefactosEstricto,sin_balanceo,IBk_kNN,,,,,,,,,,,,,,,0,True,NO_APLICA,variante marcada como no modelable,,
222260671,left,sinArtefactosEstricto,sin_balanceo,RBFNetwork_aprox,,,,,,,,,,,,,,,0,True,NO_APLICA,variante marcada como no modelable,,
222260671,left,sinArtefactosEstricto,random_oversampling,SMO_SVM,,,,,,,,,,,,,,,0,True,NO_APLICA,variante marcada como no modelable,,
222260671,left,sinArtefactosEstricto,random_oversampling,RandomForest,,,,,,,,,,,,,,,0,True,NO_APLICA,variante marcada como no modelable,,
222260671,left,sinArtefactosEstricto,random_oversampling,MLP,,,,,,,,,,,,,,,0,True,NO_APLICA,variante marcada como no modelable,,
222260671,left,sinArtefactosEstricto,random_oversampling,IBk_kNN,,,,,,,,,,,,,,,0,True,NO_APLICA,variante marcada como no modelable,,
222260671,left,sinArtefactosEstricto,random_oversampling,RBFNetwork_aprox,,,,,,,,,,,,,,,0,True,NO_APLICA,variante marcada como no modelable,,
222260671,left,sinArtefactosEstricto,class_weight_balanced,SMO_SVM,,,,,,,,,,,,,,,0,True,NO_APLICA,variante marcada como no modelable,,
222260671,left,sinArtefactosEstricto,class_weight_balanced,RandomForest,,,,,,,,,,,,,,,0,True,NO_APLICA,variante marcada como no modelable,,
222260671,left,sinArtefactosEstricto,class_weight_balanced,MLP,,,,,,,,,,,,,,,0,True,NO_APLICA,variante marcada como no modelable,,
222260671,left,sinArtefactosEstricto,class_weight_balanced,IBk_kNN,,,,,,,,,,,,,,,0,True,NO_APLICA,variante marcada como no modelable,,
222260671,left,sinArtefactosEstricto,class_weight_balanced,RBFNetwork_aprox,,,,,,,,,,,,,,,0,True,NO_APLICA,variante marcada como no modelable,,
222260671,left,sinArtefactosEstricto,smote,SMO_SVM,,,,,,,,,,,,,,,0,True,NO_APLICA,variante marcada como no modelable,,
222260671,left,sinArtefactosEstricto,smote,RandomForest,,,,,,,,,,,,,,,0,True,NO_APLICA,variante marcada como no modelable,,
222260671,left,sinArtefactosEstricto,smote,MLP,,,,,,,,,,,,,,,0,True,NO_APLICA,variante marcada como no modelable,,
222260671,left,sinArtefactosEstricto,smote,IBk_kNN,,,,,,,,,,,,,,,0,True,NO_APLICA,variante marcada como no modelable,,
222260671,left,sinArtefactosEstricto,smote,RBFNetwork_aprox,,,,,,,,,,,,,,,0,True,NO_APLICA,variante marcada como no modelable,,
222260671,left,sinArtefactosEstricto,smote_tomek,SMO_SVM,,,,,,,,,,,,,,,0,True,NO_APLICA,variante marcada como no modelable,,
222260671,left,sinArtefactosEstricto,smote_tomek,RandomForest,,,,,,,,,,,,,,,0,True,NO_APLICA,variante marcada como no modelable,,
222260671,left,sinArtefactosEstricto,smote_tomek,MLP,,,,,,,,,,,,,,,0,True,NO_APLICA,variante marcada como no modelable,,
222260671,left,sinArtefactosEstricto,smote_tomek,IBk_kNN,,,,,,,,,,,,,,,0,True,NO_APLICA,variante marcada como no modelable,,
222260671,left,sinArtefactosEstricto,smote_tomek,RBFNetwork_aprox,,,,,,,,,,,,,,,0,True,NO_APLICA,variante marcada como no modelable,,
222260671,left,sinArtefactosEstricto,random_undersampling_controlado,SMO_SVM,,,,,,,,,,,,,,,0,True,NO_APLICA,variante marcada como no modelable,,
222260671,left,sinArtefactosEstricto,random_undersampling_controlado,RandomForest,,,,,,,,,,,,,,,0,True,NO_APLICA,variante marcada como no modelable,,
222260671,left,sinArtefactosEstricto,random_undersampling_controlado,MLP,,,,,,,,,,,,,,,0,True,NO_APLICA,variante marcada como no modelable,,
222260671,left,sinArtefactosEstricto,random_undersampling_controlado,IBk_kNN,,,,,,,,,,,,,,,0,True,NO_APLICA,variante marcada como no modelable,,
222260671,left,sinArtefactosEstricto,random_undersampling_controlado,RBFNetwork_aprox,,,,,,,,,,,,,,,0,True,NO_APLICA,variante marcada como no modelable,,
222260671,pull,noOutliers,sin_balanceo,SMO_SVM,,,,,,,,,,,,,,,0,True,NO_APLICA,menos de dos clases modelables,,
222260671,pull,noOutliers,sin_balanceo,RandomForest,,,,,,,,,,,,,,,0,True,NO_APLICA,menos de dos clases modelables,,
222260671,pull,noOutliers,sin_balanceo,MLP,,,,,,,,,,,,,,,0,True,NO_APLICA,menos de dos clases modelables,,
222260671,pull,noOutliers,sin_balanceo,IBk_kNN,,,,,,,,,,,,,,,0,True,NO_APLICA,menos de dos clases modelables,,
222260671,pull,noOutliers,sin_balanceo,RBFNetwork_aprox,,,,,,,,,,,,,,,0,True,NO_APLICA,menos de dos clases modelables,,
222260671,pull,noOutliers,random_oversampling,SMO_SVM,,,,,,,,,,,,,,,0,True,NO_APLICA,menos de dos clases modelables,,
222260671,pull,noOutliers,random_oversampling,RandomForest,,,,,,,,,,,,,,,0,True,NO_APLICA,menos de dos clases modelables,,
222260671,pull,noOutliers,random_oversampling,MLP,,,,,,,,,,,,,,,0,True,NO_APLICA,menos de dos clases modelables,,
222260671,pull,noOutliers,random_oversampling,IBk_kNN,,,,,,,,,,,,,,,0,True,NO_APLICA,menos de dos clases modelables,,
222260671,pull,noOutliers,random_oversampling,RBFNetwork_aprox,,,,,,,,,,,,,,,0,True,NO_APLICA,menos de dos clases modelables,,
222260671,pull,noOutliers,class_weight_balanced,SMO_SVM,,,,,,,,,,,,,,,0,True,NO_APLICA,menos de dos clases modelables,,
222260671,pull,noOutliers,class_weight_balanced,RandomForest,,,,,,,,,,,,,,,0,True,NO_APLICA,menos de dos clases modelables,,
222260671,pull,noOutliers,class_weight_balanced,MLP,,,,,,,,,,,,,,,0,True,NO_APLICA,menos de dos clases modelables,,
222260671,pull,noOutliers,class_weight_balanced,IBk_kNN,,,,,,,,,,,,,,,0,True,NO_APLICA,menos de dos clases modelables,,
222260671,pull,noOutliers,class_weight_balanced,RBFNetwork_aprox,,,,,,,,,,,,,,,0,True,NO_APLICA,menos de dos clases modelables,,
222260671,pull,noOutliers,smote,SMO_SVM,,,,,,,,,,,,,,,0,True,NO_APLICA,menos de dos clases modelables,,
222260671,pull,noOutliers,smote,RandomForest,,,,,,,,,,,,,,,0,True,NO_APLICA,menos de dos clases modelables,,
222260671,pull,noOutliers,smote,MLP,,,,,,,,,,,,,,,0,True,NO_APLICA,menos de dos clases modelables,,
222260671,pull,noOutliers,smote,IBk_kNN,,,,,,,,,,,,,,,0,True,NO_APLICA,menos de dos clases modelables,,
222260671,pull,noOutliers,smote,RBFNetwork_aprox,,,,,,,,,,,,,,,0,True,NO_APLICA,menos de dos clases modelables,,
222260671,pull,noOutliers,smote_tomek,SMO_SVM,,,,,,,,,,,,,,,0,True,NO_APLICA,menos de dos clases modelables,,
222260671,pull,noOutliers,smote_tomek,RandomForest,,,,,,,,,,,,,,,0,True,NO_APLICA,menos de dos clases modelables,,
222260671,pull,noOutliers,smote_tomek,MLP,,,,,,,,,,,,,,,0,True,NO_APLICA,menos de dos clases modelables,,
222260671,pull,noOutliers,smote_tomek,IBk_kNN,,,,,,,,,,,,,,,0,True,NO_APLICA,menos de dos clases modelables,,
222260671,pull,noOutliers,smote_tomek,RBFNetwork_aprox,,,,,,,,,,,,,,,0,True,NO_APLICA,menos de dos clases modelables,,
222260671,pull,noOutliers,random_undersampling_controlado,SMO_SVM,,,,,,,,,,,,,,,0,True,NO_APLICA,menos de dos clases modelables,,
222260671,pull,noOutliers,random_undersampling_controlado,RandomForest,,,,,,,,,,,,,,,0,True,NO_APLICA,menos de dos clases modelables,,
222260671,pull,noOutliers,random_undersampling_controlado,MLP,,,,,,,,,,,,,,,0,True,NO_APLICA,menos de dos clases modelables,,
222260671,pull,noOutliers,random_undersampling_controlado,IBk_kNN,,,,,,,,,,,,,,,0,True,NO_APLICA,menos de dos clases modelables,,
222260671,pull,noOutliers,random_undersampling_controlado,RBFNetwork_aprox,,,,,,,,,,,,,,,0,True,NO_APLICA,menos de dos clases modelables,,
222260671,pull,sinArtefactosConservador,sin_balanceo,SMO_SVM,,,,,,,,,,,,,,,0,True,NO_APLICA,variante marcada como no modelable,,
222260671,pull,sinArtefactosConservador,sin_balanceo,RandomForest,,,,,,,,,,,,,,,0,True,NO_APLICA,variante marcada como no modelable,,
222260671,pull,sinArtefactosConservador,sin_balanceo,MLP,,,,,,,,,,,,,,,0,True,NO_APLICA,variante marcada como no modelable,,
222260671,pull,sinArtefactosConservador,sin_balanceo,IBk_kNN,,,,,,,,,,,,,,,0,True,NO_APLICA,variante marcada como no modelable,,
222260671,pull,sinArtefactosConservador,sin_balanceo,RBFNetwork_aprox,,,,,,,,,,,,,,,0,True,NO_APLICA,variante marcada como no modelable,,
222260671,pull,sinArtefactosConservador,random_oversampling,SMO_SVM,,,,,,,,,,,,,,,0,True,NO_APLICA,variante marcada como no modelable,,
222260671,pull,sinArtefactosConservador,random_oversampling,RandomForest,,,,,,,,,,,,,,,0,True,NO_APLICA,variante marcada como no modelable,,
222260671,pull,sinArtefactosConservador,random_oversampling,MLP,,,,,,,,,,,,,,,0,True,NO_APLICA,variante marcada como no modelable,,
222260671,pull,sinArtefactosConservador,random_oversampling,IBk_kNN,,,,,,,,,,,,,,,0,True,NO_APLICA,variante marcada como no modelable,,
222260671,pull,sinArtefactosConservador,random_oversampling,RBFNetwork_aprox,,,,,,,,,,,,,,,0,True,NO_APLICA,variante marcada como no modelable,,
222260671,pull,sinArtefactosConservador,class_weight_balanced,SMO_SVM,,,,,,,,,,,,,,,0,True,NO_APLICA,variante marcada como no modelable,,
222260671,pull,sinArtefactosConservador,class_weight_balanced,RandomForest,,,,,,,,,,,,,,,0,True,NO_APLICA,variante marcada como no modelable,,
222260671,pull,sinArtefactosConservador,class_weight_balanced,MLP,,,,,,,,,,,,,,,0,True,NO_APLICA,variante marcada como no modelable,,
222260671,pull,sinArtefactosConservador,class_weight_balanced,IBk_kNN,,,,,,,,,,,,,,,0,True,NO_APLICA,variante marcada como no modelable,,
222260671,pull,sinArtefactosConservador,class_weight_balanced,RBFNetwork_aprox,,,,,,,,,,,,,,,0,True,NO_APLICA,variante marcada como no modelable,,
222260671,pull,sinArtefactosConservador,smote,SMO_SVM,,,,,,,,,,,,,,,0,True,NO_APLICA,variante marcada como no modelable,,
222260671,pull,sinArtefactosConservador,smote,RandomForest,,,,,,,,,,,,,,,0,True,NO_APLICA,variante marcada como no modelable,,
222260671,pull,sinArtefactosConservador,smote,MLP,,,,,,,,,,,,,,,0,True,NO_APLICA,variante marcada como no modelable,,
222260671,pull,sinArtefactosConservador,smote,IBk_kNN,,,,,,,,,,,,,,,0,True,NO_APLICA,variante marcada como no modelable,,
222260671,pull,sinArtefactosConservador,smote,RBFNetwork_aprox,,,,,,,,,,,,,,,0,True,NO_APLICA,variante marcada como no modelable,,
222260671,pull,sinArtefactosConservador,smote_tomek,SMO_SVM,,,,,,,,,,,,,,,0,True,NO_APLICA,variante marcada como no modelable,,
222260671,pull,sinArtefactosConservador,smote_tomek,RandomForest,,,,,,,,,,,,,,,0,True,NO_APLICA,variante marcada como no modelable,,
222260671,pull,sinArtefactosConservador,smote_tomek,MLP,,,,,,,,,,,,,,,0,True,NO_APLICA,variante marcada como no modelable,,
222260671,pull,sinArtefactosConservador,smote_tomek,IBk_kNN,,,,,,,,,,,,,,,0,True,NO_APLICA,variante marcada como no modelable,,
222260671,pull,sinArtefactosConservador,smote_tomek,RBFNetwork_aprox,,,,,,,,,,,,,,,0,True,NO_APLICA,variante marcada como no modelable,,
222260671,pull,sinArtefactosConservador,random_undersampling_controlado,SMO_SVM,,,,,,,,,,,,,,,0,True,NO_APLICA,variante marcada como no modelable,,
222260671,pull,sinArtefactosConservador,random_undersampling_controlado,RandomForest,,,,,,,,,,,,,,,0,True,NO_APLICA,variante marcada como no modelable,,
222260671,pull,sinArtefactosConservador,random_undersampling_controlado,MLP,,,,,,,,,,,,,,,0,True,NO_APLICA,variante marcada como no modelable,,
222260671,pull,sinArtefactosConservador,random_undersampling_controlado,IBk_kNN,,,,,,,,,,,,,,,0,True,NO_APLICA,variante marcada como no modelable,,
222260671,pull,sinArtefactosConservador,random_undersampling_controlado,RBFNetwork_aprox,,,,,,,,,,,,,,,0,True,NO_APLICA,variante marcada como no modelable,,
222260671,pull,sinArtefactosEstricto,sin_balanceo,SMO_SVM,,,,,,,,,,,,,,,0,True,NO_APLICA,variante marcada como no modelable,,
222260671,pull,sinArtefactosEstricto,sin_balanceo,RandomForest,,,,,,,,,,,,,,,0,True,NO_APLICA,variante marcada como no modelable,,
222260671,pull,sinArtefactosEstricto,sin_balanceo,MLP,,,,,,,,,,,,,,,0,True,NO_APLICA,variante marcada como no modelable,,
222260671,pull,sinArtefactosEstricto,sin_balanceo,IBk_kNN,,,,,,,,,,,,,,,0,True,NO_APLICA,variante marcada como no modelable,,
222260671,pull,sinArtefactosEstricto,sin_balanceo,RBFNetwork_aprox,,,,,,,,,,,,,,,0,True,NO_APLICA,variante marcada como no modelable,,
222260671,pull,sinArtefactosEstricto,random_oversampling,SMO_SVM,,,,,,,,,,,,,,,0,True,NO_APLICA,variante marcada como no modelable,,
222260671,pull,sinArtefactosEstricto,random_oversampling,RandomForest,,,,,,,,,,,,,,,0,True,NO_APLICA,variante marcada como no modelable,,
222260671,pull,sinArtefactosEstricto,random_oversampling,MLP,,,,,,,,,,,,,,,0,True,NO_APLICA,variante marcada como no modelable,,
222260671,pull,sinArtefactosEstricto,random_oversampling,IBk_kNN,,,,,,,,,,,,,,,0,True,NO_APLICA,variante marcada como no modelable,,
222260671,pull,sinArtefactosEstricto,random_oversampling,RBFNetwork_aprox,,,,,,,,,,,,,,,0,True,NO_APLICA,variante marcada como no modelable,,
222260671,pull,sinArtefactosEstricto,class_weight_balanced,SMO_SVM,,,,,,,,,,,,,,,0,True,NO_APLICA,variante marcada como no modelable,,
222260671,pull,sinArtefactosEstricto,class_weight_balanced,RandomForest,,,,,,,,,,,,,,,0,True,NO_APLICA,variante marcada como no modelable,,
222260671,pull,sinArtefactosEstricto,class_weight_balanced,MLP,,,,,,,,,,,,,,,0,True,NO_APLICA,variante marcada como no modelable,,
222260671,pull,sinArtefactosEstricto,class_weight_balanced,IBk_kNN,,,,,,,,,,,,,,,0,True,NO_APLICA,variante marcada como no modelable,,
222260671,pull,sinArtefactosEstricto,class_weight_balanced,RBFNetwork_aprox,,,,,,,,,,,,,,,0,True,NO_APLICA,variante marcada como no modelable,,
222260671,pull,sinArtefactosEstricto,smote,SMO_SVM,,,,,,,,,,,,,,,0,True,NO_APLICA,variante marcada como no modelable,,
222260671,pull,sinArtefactosEstricto,smote,RandomForest,,,,,,,,,,,,,,,0,True,NO_APLICA,variante marcada como no modelable,,
222260671,pull,sinArtefactosEstricto,smote,MLP,,,,,,,,,,,,,,,0,True,NO_APLICA,variante marcada como no modelable,,
222260671,pull,sinArtefactosEstricto,smote,IBk_kNN,,,,,,,,,,,,,,,0,True,NO_APLICA,variante marcada como no modelable,,
222260671,pull,sinArtefactosEstricto,smote,RBFNetwork_aprox,,,,,,,,,,,,,,,0,True,NO_APLICA,variante marcada como no modelable,,
222260671,pull,sinArtefactosEstricto,smote_tomek,SMO_SVM,,,,,,,,,,,,,,,0,True,NO_APLICA,variante marcada como no modelable,,
222260671,pull,sinArtefactosEstricto,smote_tomek,RandomForest,,,,,,,,,,,,,,,0,True,NO_APLICA,variante marcada como no modelable,,
222260671,pull,sinArtefactosEstricto,smote_tomek,MLP,,,,,,,,,,,,,,,0,True,NO_APLICA,variante marcada como no modelable,,
222260671,pull,sinArtefactosEstricto,smote_tomek,IBk_kNN,,,,,,,,,,,,,,,0,True,NO_APLICA,variante marcada como no modelable,,
222260671,pull,sinArtefactosEstricto,smote_tomek,RBFNetwork_aprox,,,,,,,,,,,,,,,0,True,NO_APLICA,variante marcada como no modelable,,
222260671,pull,sinArtefactosEstricto,random_undersampling_controlado,SMO_SVM,,,,,,,,,,,,,,,0,True,NO_APLICA,variante marcada como no modelable,,
222260671,pull,sinArtefactosEstricto,random_undersampling_controlado,RandomForest,,,,,,,,,,,,,,,0,True,NO_APLICA,variante marcada como no modelable,,
222260671,pull,sinArtefactosEstricto,random_undersampling_controlado,MLP,,,,,,,,,,,,,,,0,True,NO_APLICA,variante marcada como no modelable,,
222260671,pull,sinArtefactosEstricto,random_undersampling_controlado,IBk_kNN,,,,,,,,,,,,,,,0,True,NO_APLICA,variante marcada como no modelable,,
222260671,pull,sinArtefactosEstricto,random_undersampling_controlado,RBFNetwork_aprox,,,,,,,,,,,,,,,0,True,NO_APLICA,variante marcada como no modelable,,
222260671,push,noOutliers,sin_balanceo,SMO_SVM,,,,,,,,,,,,,,,0,True,NO_APLICA,menos de dos clases modelables,,
222260671,push,noOutliers,sin_balanceo,RandomForest,,,,,,,,,,,,,,,0,True,NO_APLICA,menos de dos clases modelables,,
222260671,push,noOutliers,sin_balanceo,MLP,,,,,,,,,,,,,,,0,True,NO_APLICA,menos de dos clases modelables,,
222260671,push,noOutliers,sin_balanceo,IBk_kNN,,,,,,,,,,,,,,,0,True,NO_APLICA,menos de dos clases modelables,,
222260671,push,noOutliers,sin_balanceo,RBFNetwork_aprox,,,,,,,,,,,,,,,0,True,NO_APLICA,menos de dos clases modelables,,
222260671,push,noOutliers,random_oversampling,SMO_SVM,,,,,,,,,,,,,,,0,True,NO_APLICA,menos de dos clases modelables,,
222260671,push,noOutliers,random_oversampling,RandomForest,,,,,,,,,,,,,,,0,True,NO_APLICA,menos de dos clases modelables,,
222260671,push,noOutliers,random_oversampling,MLP,,,,,,,,,,,,,,,0,True,NO_APLICA,menos de dos clases modelables,,
222260671,push,noOutliers,random_oversampling,IBk_kNN,,,,,,,,,,,,,,,0,True,NO_APLICA,menos de dos clases modelables,,
222260671,push,noOutliers,random_oversampling,RBFNetwork_aprox,,,,,,,,,,,,,,,0,True,NO_APLICA,menos de dos clases modelables,,
222260671,push,noOutliers,class_weight_balanced,SMO_SVM,,,,,,,,,,,,,,,0,True,NO_APLICA,menos de dos clases modelables,,
222260671,push,noOutliers,class_weight_balanced,RandomForest,,,,,,,,,,,,,,,0,True,NO_APLICA,menos de dos clases modelables,,
222260671,push,noOutliers,class_weight_balanced,MLP,,,,,,,,,,,,,,,0,True,NO_APLICA,menos de dos clases modelables,,
222260671,push,noOutliers,class_weight_balanced,IBk_kNN,,,,,,,,,,,,,,,0,True,NO_APLICA,menos de dos clases modelables,,
222260671,push,noOutliers,class_weight_balanced,RBFNetwork_aprox,,,,,,,,,,,,,,,0,True,NO_APLICA,menos de dos clases modelables,,
222260671,push,noOutliers,smote,SMO_SVM,,,,,,,,,,,,,,,0,True,NO_APLICA,menos de dos clases modelables,,
222260671,push,noOutliers,smote,RandomForest,,,,,,,,,,,,,,,0,True,NO_APLICA,menos de dos clases modelables,,
222260671,push,noOutliers,smote,MLP,,,,,,,,,,,,,,,0,True,NO_APLICA,menos de dos clases modelables,,
222260671,push,noOutliers,smote,IBk_kNN,,,,,,,,,,,,,,,0,True,NO_APLICA,menos de dos clases modelables,,
222260671,push,noOutliers,smote,RBFNetwork_aprox,,,,,,,,,,,,,,,0,True,NO_APLICA,menos de dos clases modelables,,
222260671,push,noOutliers,smote_tomek,SMO_SVM,,,,,,,,,,,,,,,0,True,NO_APLICA,menos de dos clases modelables,,
222260671,push,noOutliers,smote_tomek,RandomForest,,,,,,,,,,,,,,,0,True,NO_APLICA,menos de dos clases modelables,,
222260671,push,noOutliers,smote_tomek,MLP,,,,,,,,,,,,,,,0,True,NO_APLICA,menos de dos clases modelables,,
222260671,push,noOutliers,smote_tomek,IBk_kNN,,,,,,,,,,,,,,,0,True,NO_APLICA,menos de dos clases modelables,,
222260671,push,noOutliers,smote_tomek,RBFNetwork_aprox,,,,,,,,,,,,,,,0,True,NO_APLICA,menos de dos clases modelables,,
222260671,push,noOutliers,random_undersampling_controlado,SMO_SVM,,,,,,,,,,,,,,,0,True,NO_APLICA,menos de dos clases modelables,,
222260671,push,noOutliers,random_undersampling_controlado,RandomForest,,,,,,,,,,,,,,,0,True,NO_APLICA,menos de dos clases modelables,,
222260671,push,noOutliers,random_undersampling_controlado,MLP,,,,,,,,,,,,,,,0,True,NO_APLICA,menos de dos clases modelables,,
222260671,push,noOutliers,random_undersampling_controlado,IBk_kNN,,,,,,,,,,,,,,,0,True,NO_APLICA,menos de dos clases modelables,,
222260671,push,noOutliers,random_undersampling_controlado,RBFNetwork_aprox,,,,,,,,,,,,,,,0,True,NO_APLICA,menos de dos clases modelables,,
222260671,push,sinArtefactosConservador,sin_balanceo,SMO_SVM,,,,,,,,,,,,,,,0,True,NO_APLICA,variante marcada como no modelable,,
222260671,push,sinArtefactosConservador,sin_balanceo,RandomForest,,,,,,,,,,,,,,,0,True,NO_APLICA,variante marcada como no modelable,,
222260671,push,sinArtefactosConservador,sin_balanceo,MLP,,,,,,,,,,,,,,,0,True,NO_APLICA,variante marcada como no modelable,,
222260671,push,sinArtefactosConservador,sin_balanceo,IBk_kNN,,,,,,,,,,,,,,,0,True,NO_APLICA,variante marcada como no modelable,,
222260671,push,sinArtefactosConservador,sin_balanceo,RBFNetwork_aprox,,,,,,,,,,,,,,,0,True,NO_APLICA,variante marcada como no modelable,,
222260671,push,sinArtefactosConservador,random_oversampling,SMO_SVM,,,,,,,,,,,,,,,0,True,NO_APLICA,variante marcada como no modelable,,
222260671,push,sinArtefactosConservador,random_oversampling,RandomForest,,,,,,,,,,,,,,,0,True,NO_APLICA,variante marcada como no modelable,,
222260671,push,sinArtefactosConservador,random_oversampling,MLP,,,,,,,,,,,,,,,0,True,NO_APLICA,variante marcada como no modelable,,
222260671,push,sinArtefactosConservador,random_oversampling,IBk_kNN,,,,,,,,,,,,,,,0,True,NO_APLICA,variante marcada como no modelable,,
222260671,push,sinArtefactosConservador,random_oversampling,RBFNetwork_aprox,,,,,,,,,,,,,,,0,True,NO_APLICA,variante marcada como no modelable,,
222260671,push,sinArtefactosConservador,class_weight_balanced,SMO_SVM,,,,,,,,,,,,,,,0,True,NO_APLICA,variante marcada como no modelable,,
222260671,push,sinArtefactosConservador,class_weight_balanced,RandomForest,,,,,,,,,,,,,,,0,True,NO_APLICA,variante marcada como no modelable,,
222260671,push,sinArtefactosConservador,class_weight_balanced,MLP,,,,,,,,,,,,,,,0,True,NO_APLICA,variante marcada como no modelable,,
222260671,push,sinArtefactosConservador,class_weight_balanced,IBk_kNN,,,,,,,,,,,,,,,0,True,NO_APLICA,variante marcada como no modelable,,
222260671,push,sinArtefactosConservador,class_weight_balanced,RBFNetwork_aprox,,,,,,,,,,,,,,,0,True,NO_APLICA,variante marcada como no modelable,,
222260671,push,sinArtefactosConservador,smote,SMO_SVM,,,,,,,,,,,,,,,0,True,NO_APLICA,variante marcada como no modelable,,
222260671,push,sinArtefactosConservador,smote,RandomForest,,,,,,,,,,,,,,,0,True,NO_APLICA,variante marcada como no modelable,,
222260671,push,sinArtefactosConservador,smote,MLP,,,,,,,,,,,,,,,0,True,NO_APLICA,variante marcada como no modelable,,
222260671,push,sinArtefactosConservador,smote,IBk_kNN,,,,,,,,,,,,,,,0,True,NO_APLICA,variante marcada como no modelable,,
222260671,push,sinArtefactosConservador,smote,RBFNetwork_aprox,,,,,,,,,,,,,,,0,True,NO_APLICA,variante marcada como no modelable,,
222260671,push,sinArtefactosConservador,smote_tomek,SMO_SVM,,,,,,,,,,,,,,,0,True,NO_APLICA,variante marcada como no modelable,,
222260671,push,sinArtefactosConservador,smote_tomek,RandomForest,,,,,,,,,,,,,,,0,True,NO_APLICA,variante marcada como no modelable,,
222260671,push,sinArtefactosConservador,smote_tomek,MLP,,,,,,,,,,,,,,,0,True,NO_APLICA,variante marcada como no modelable,,
222260671,push,sinArtefactosConservador,smote_tomek,IBk_kNN,,,,,,,,,,,,,,,0,True,NO_APLICA,variante marcada como no modelable,,
222260671,push,sinArtefactosConservador,smote_tomek,RBFNetwork_aprox,,,,,,,,,,,,,,,0,True,NO_APLICA,variante marcada como no modelable,,
222260671,push,sinArtefactosConservador,random_undersampling_controlado,SMO_SVM,,,,,,,,,,,,,,,0,True,NO_APLICA,variante marcada como no modelable,,
222260671,push,sinArtefactosConservador,random_undersampling_controlado,RandomForest,,,,,,,,,,,,,,,0,True,NO_APLICA,variante marcada como no modelable,,
222260671,push,sinArtefactosConservador,random_undersampling_controlado,MLP,,,,,,,,,,,,,,,0,True,NO_APLICA,variante marcada como no modelable,,
222260671,push,sinArtefactosConservador,random_undersampling_controlado,IBk_kNN,,,,,,,,,,,,,,,0,True,NO_APLICA,variante marcada como no modelable,,
222260671,push,sinArtefactosConservador,random_undersampling_controlado,RBFNetwork_aprox,,,,,,,,,,,,,,,0,True,NO_APLICA,variante marcada como no modelable,,
222260671,push,sinArtefactosEstricto,sin_balanceo,SMO_SVM,,,,,,,,,,,,,,,0,True,NO_APLICA,variante marcada como no modelable,,
222260671,push,sinArtefactosEstricto,sin_balanceo,RandomForest,,,,,,,,,,,,,,,0,True,NO_APLICA,variante marcada como no modelable,,
222260671,push,sinArtefactosEstricto,sin_balanceo,MLP,,,,,,,,,,,,,,,0,True,NO_APLICA,variante marcada como no modelable,,
222260671,push,sinArtefactosEstricto,sin_balanceo,IBk_kNN,,,,,,,,,,,,,,,0,True,NO_APLICA,variante marcada como no modelable,,
222260671,push,sinArtefactosEstricto,sin_balanceo,RBFNetwork_aprox,,,,,,,,,,,,,,,0,True,NO_APLICA,variante marcada como no modelable,,
222260671,push,sinArtefactosEstricto,random_oversampling,SMO_SVM,,,,,,,,,,,,,,,0,True,NO_APLICA,variante marcada como no modelable,,
222260671,push,sinArtefactosEstricto,random_oversampling,RandomForest,,,,,,,,,,,,,,,0,True,NO_APLICA,variante marcada como no modelable,,
222260671,push,sinArtefactosEstricto,random_oversampling,MLP,,,,,,,,,,,,,,,0,True,NO_APLICA,variante marcada como no modelable,,
222260671,push,sinArtefactosEstricto,random_oversampling,IBk_kNN,,,,,,,,,,,,,,,0,True,NO_APLICA,variante marcada como no modelable,,
222260671,push,sinArtefactosEstricto,random_oversampling,RBFNetwork_aprox,,,,,,,,,,,,,,,0,True,NO_APLICA,variante marcada como no modelable,,
222260671,push,sinArtefactosEstricto,class_weight_balanced,SMO_SVM,,,,,,,,,,,,,,,0,True,NO_APLICA,variante marcada como no modelable,,
222260671,push,sinArtefactosEstricto,class_weight_balanced,RandomForest,,,,,,,,,,,,,,,0,True,NO_APLICA,variante marcada como no modelable,,
222260671,push,sinArtefactosEstricto,class_weight_balanced,MLP,,,,,,,,,,,,,,,0,True,NO_APLICA,variante marcada como no modelable,,
222260671,push,sinArtefactosEstricto,class_weight_balanced,IBk_kNN,,,,,,,,,,,,,,,0,True,NO_APLICA,variante marcada como no modelable,,
222260671,push,sinArtefactosEstricto,class_weight_balanced,RBFNetwork_aprox,,,,,,,,,,,,,,,0,True,NO_APLICA,variante marcada como no modelable,,
222260671,push,sinArtefactosEstricto,smote,SMO_SVM,,,,,,,,,,,,,,,0,True,NO_APLICA,variante marcada como no modelable,,
222260671,push,sinArtefactosEstricto,smote,RandomForest,,,,,,,,,,,,,,,0,True,NO_APLICA,variante marcada como no modelable,,
222260671,push,sinArtefactosEstricto,smote,MLP,,,,,,,,,,,,,,,0,True,NO_APLICA,variante marcada como no modelable,,
222260671,push,sinArtefactosEstricto,smote,IBk_kNN,,,,,,,,,,,,,,,0,True,NO_APLICA,variante marcada como no modelable,,
222260671,push,sinArtefactosEstricto,smote,RBFNetwork_aprox,,,,,,,,,,,,,,,0,True,NO_APLICA,variante marcada como no modelable,,
222260671,push,sinArtefactosEstricto,smote_tomek,SMO_SVM,,,,,,,,,,,,,,,0,True,NO_APLICA,variante marcada como no modelable,,
222260671,push,sinArtefactosEstricto,smote_tomek,RandomForest,,,,,,,,,,,,,,,0,True,NO_APLICA,variante marcada como no modelable,,
222260671,push,sinArtefactosEstricto,smote_tomek,MLP,,,,,,,,,,,,,,,0,True,NO_APLICA,variante marcada como no modelable,,
222260671,push,sinArtefactosEstricto,smote_tomek,IBk_kNN,,,,,,,,,,,,,,,0,True,NO_APLICA,variante marcada como no modelable,,
222260671,push,sinArtefactosEstricto,smote_tomek,RBFNetwork_aprox,,,,,,,,,,,,,,,0,True,NO_APLICA,variante marcada como no modelable,,
222260671,push,sinArtefactosEstricto,random_undersampling_controlado,SMO_SVM,,,,,,,,,,,,,,,0,True,NO_APLICA,variante marcada como no modelable,,
222260671,push,sinArtefactosEstricto,random_undersampling_controlado,RandomForest,,,,,,,,,,,,,,,0,True,NO_APLICA,variante marcada como no modelable,,
222260671,push,sinArtefactosEstricto,random_undersampling_controlado,MLP,,,,,,,,,,,,,,,0,True,NO_APLICA,variante marcada como no modelable,,
222260671,push,sinArtefactosEstricto,random_undersampling_controlado,IBk_kNN,,,,,,,,,,,,,,,0,True,NO_APLICA,variante marcada como no modelable,,
222260671,push,sinArtefactosEstricto,random_undersampling_controlado,RBFNetwork_aprox,,,,,,,,,,,,,,,0,True,NO_APLICA,variante marcada como no modelable,,
222260671,right,noOutliers,sin_balanceo,SMO_SVM,,,,,,,,,,,,,,,0,True,NO_APLICA,menos de dos clases modelables,,
222260671,right,noOutliers,sin_balanceo,RandomForest,,,,,,,,,,,,,,,0,True,NO_APLICA,menos de dos clases modelables,,
222260671,right,noOutliers,sin_balanceo,MLP,,,,,,,,,,,,,,,0,True,NO_APLICA,menos de dos clases modelables,,
222260671,right,noOutliers,sin_balanceo,IBk_kNN,,,,,,,,,,,,,,,0,True,NO_APLICA,menos de dos clases modelables,,
222260671,right,noOutliers,sin_balanceo,RBFNetwork_aprox,,,,,,,,,,,,,,,0,True,NO_APLICA,menos de dos clases modelables,,
222260671,right,noOutliers,random_oversampling,SMO_SVM,,,,,,,,,,,,,,,0,True,NO_APLICA,menos de dos clases modelables,,
222260671,right,noOutliers,random_oversampling,RandomForest,,,,,,,,,,,,,,,0,True,NO_APLICA,menos de dos clases modelables,,
222260671,right,noOutliers,random_oversampling,MLP,,,,,,,,,,,,,,,0,True,NO_APLICA,menos de dos clases modelables,,
222260671,right,noOutliers,random_oversampling,IBk_kNN,,,,,,,,,,,,,,,0,True,NO_APLICA,menos de dos clases modelables,,
222260671,right,noOutliers,random_oversampling,RBFNetwork_aprox,,,,,,,,,,,,,,,0,True,NO_APLICA,menos de dos clases modelables,,
222260671,right,noOutliers,class_weight_balanced,SMO_SVM,,,,,,,,,,,,,,,0,True,NO_APLICA,menos de dos clases modelables,,
222260671,right,noOutliers,class_weight_balanced,RandomForest,,,,,,,,,,,,,,,0,True,NO_APLICA,menos de dos clases modelables,,
222260671,right,noOutliers,class_weight_balanced,MLP,,,,,,,,,,,,,,,0,True,NO_APLICA,menos de dos clases modelables,,
222260671,right,noOutliers,class_weight_balanced,IBk_kNN,,,,,,,,,,,,,,,0,True,NO_APLICA,menos de dos clases modelables,,
222260671,right,noOutliers,class_weight_balanced,RBFNetwork_aprox,,,,,,,,,,,,,,,0,True,NO_APLICA,menos de dos clases modelables,,
222260671,right,noOutliers,smote,SMO_SVM,,,,,,,,,,,,,,,0,True,NO_APLICA,menos de dos clases modelables,,
222260671,right,noOutliers,smote,RandomForest,,,,,,,,,,,,,,,0,True,NO_APLICA,menos de dos clases modelables,,
222260671,right,noOutliers,smote,MLP,,,,,,,,,,,,,,,0,True,NO_APLICA,menos de dos clases modelables,,
222260671,right,noOutliers,smote,IBk_kNN,,,,,,,,,,,,,,,0,True,NO_APLICA,menos de dos clases modelables,,
222260671,right,noOutliers,smote,RBFNetwork_aprox,,,,,,,,,,,,,,,0,True,NO_APLICA,menos de dos clases modelables,,
222260671,right,noOutliers,smote_tomek,SMO_SVM,,,,,,,,,,,,,,,0,True,NO_APLICA,menos de dos clases modelables,,
222260671,right,noOutliers,smote_tomek,RandomForest,,,,,,,,,,,,,,,0,True,NO_APLICA,menos de dos clases modelables,,
222260671,right,noOutliers,smote_tomek,MLP,,,,,,,,,,,,,,,0,True,NO_APLICA,menos de dos clases modelables,,
222260671,right,noOutliers,smote_tomek,IBk_kNN,,,,,,,,,,,,,,,0,True,NO_APLICA,menos de dos clases modelables,,
222260671,right,noOutliers,smote_tomek,RBFNetwork_aprox,,,,,,,,,,,,,,,0,True,NO_APLICA,menos de dos clases modelables,,
222260671,right,noOutliers,random_undersampling_controlado,SMO_SVM,,,,,,,,,,,,,,,0,True,NO_APLICA,menos de dos clases modelables,,
222260671,right,noOutliers,random_undersampling_controlado,RandomForest,,,,,,,,,,,,,,,0,True,NO_APLICA,menos de dos clases modelables,,
222260671,right,noOutliers,random_undersampling_controlado,MLP,,,,,,,,,,,,,,,0,True,NO_APLICA,menos de dos clases modelables,,
222260671,right,noOutliers,random_undersampling_controlado,IBk_kNN,,,,,,,,,,,,,,,0,True,NO_APLICA,menos de dos clases modelables,,
222260671,right,noOutliers,random_undersampling_controlado,RBFNetwork_aprox,,,,,,,,,,,,,,,0,True,NO_APLICA,menos de dos clases modelables,,
222260671,right,sinArtefactosConservador,sin_balanceo,SMO_SVM,,,,,,,,,,,,,,,0,True,NO_APLICA,variante marcada como no modelable,,
222260671,right,sinArtefactosConservador,sin_balanceo,RandomForest,,,,,,,,,,,,,,,0,True,NO_APLICA,variante marcada como no modelable,,
222260671,right,sinArtefactosConservador,sin_balanceo,MLP,,,,,,,,,,,,,,,0,True,NO_APLICA,variante marcada como no modelable,,
222260671,right,sinArtefactosConservador,sin_balanceo,IBk_kNN,,,,,,,,,,,,,,,0,True,NO_APLICA,variante marcada como no modelable,,
222260671,right,sinArtefactosConservador,sin_balanceo,RBFNetwork_aprox,,,,,,,,,,,,,,,0,True,NO_APLICA,variante marcada como no modelable,,
222260671,right,sinArtefactosConservador,random_oversampling,SMO_SVM,,,,,,,,,,,,,,,0,True,NO_APLICA,variante marcada como no modelable,,
222260671,right,sinArtefactosConservador,random_oversampling,RandomForest,,,,,,,,,,,,,,,0,True,NO_APLICA,variante marcada como no modelable,,
222260671,right,sinArtefactosConservador,random_oversampling,MLP,,,,,,,,,,,,,,,0,True,NO_APLICA,variante marcada como no modelable,,
222260671,right,sinArtefactosConservador,random_oversampling,IBk_kNN,,,,,,,,,,,,,,,0,True,NO_APLICA,variante marcada como no modelable,,
222260671,right,sinArtefactosConservador,random_oversampling,RBFNetwork_aprox,,,,,,,,,,,,,,,0,True,NO_APLICA,variante marcada como no modelable,,
222260671,right,sinArtefactosConservador,class_weight_balanced,SMO_SVM,,,,,,,,,,,,,,,0,True,NO_APLICA,variante marcada como no modelable,,
222260671,right,sinArtefactosConservador,class_weight_balanced,RandomForest,,,,,,,,,,,,,,,0,True,NO_APLICA,variante marcada como no modelable,,
222260671,right,sinArtefactosConservador,class_weight_balanced,MLP,,,,,,,,,,,,,,,0,True,NO_APLICA,variante marcada como no modelable,,
222260671,right,sinArtefactosConservador,class_weight_balanced,IBk_kNN,,,,,,,,,,,,,,,0,True,NO_APLICA,variante marcada como no modelable,,
222260671,right,sinArtefactosConservador,class_weight_balanced,RBFNetwork_aprox,,,,,,,,,,,,,,,0,True,NO_APLICA,variante marcada como no modelable,,
222260671,right,sinArtefactosConservador,smote,SMO_SVM,,,,,,,,,,,,,,,0,True,NO_APLICA,variante marcada como no modelable,,
222260671,right,sinArtefactosConservador,smote,RandomForest,,,,,,,,,,,,,,,0,True,NO_APLICA,variante marcada como no modelable,,
222260671,right,sinArtefactosConservador,smote,MLP,,,,,,,,,,,,,,,0,True,NO_APLICA,variante marcada como no modelable,,
222260671,right,sinArtefactosConservador,smote,IBk_kNN,,,,,,,,,,,,,,,0,True,NO_APLICA,variante marcada como no modelable,,
222260671,right,sinArtefactosConservador,smote,RBFNetwork_aprox,,,,,,,,,,,,,,,0,True,NO_APLICA,variante marcada como no modelable,,
222260671,right,sinArtefactosConservador,smote_tomek,SMO_SVM,,,,,,,,,,,,,,,0,True,NO_APLICA,variante marcada como no modelable,,
222260671,right,sinArtefactosConservador,smote_tomek,RandomForest,,,,,,,,,,,,,,,0,True,NO_APLICA,variante marcada como no modelable,,
222260671,right,sinArtefactosConservador,smote_tomek,MLP,,,,,,,,,,,,,,,0,True,NO_APLICA,variante marcada como no modelable,,
222260671,right,sinArtefactosConservador,smote_tomek,IBk_kNN,,,,,,,,,,,,,,,0,True,NO_APLICA,variante marcada como no modelable,,
222260671,right,sinArtefactosConservador,smote_tomek,RBFNetwork_aprox,,,,,,,,,,,,,,,0,True,NO_APLICA,variante marcada como no modelable,,
222260671,right,sinArtefactosConservador,random_undersampling_controlado,SMO_SVM,,,,,,,,,,,,,,,0,True,NO_APLICA,variante marcada como no modelable,,
222260671,right,sinArtefactosConservador,random_undersampling_controlado,RandomForest,,,,,,,,,,,,,,,0,True,NO_APLICA,variante marcada como no modelable,,
222260671,right,sinArtefactosConservador,random_undersampling_controlado,MLP,,,,,,,,,,,,,,,0,True,NO_APLICA,variante marcada como no modelable,,
222260671,right,sinArtefactosConservador,random_undersampling_controlado,IBk_kNN,,,,,,,,,,,,,,,0,True,NO_APLICA,variante marcada como no modelable,,
222260671,right,sinArtefactosConservador,random_undersampling_controlado,RBFNetwork_aprox,,,,,,,,,,,,,,,0,True,NO_APLICA,variante marcada como no modelable,,
222260671,right,sinArtefactosEstricto,sin_balanceo,SMO_SVM,,,,,,,,,,,,,,,0,True,NO_APLICA,variante marcada como no modelable,,
222260671,right,sinArtefactosEstricto,sin_balanceo,RandomForest,,,,,,,,,,,,,,,0,True,NO_APLICA,variante marcada como no modelable,,
222260671,right,sinArtefactosEstricto,sin_balanceo,MLP,,,,,,,,,,,,,,,0,True,NO_APLICA,variante marcada como no modelable,,
222260671,right,sinArtefactosEstricto,sin_balanceo,IBk_kNN,,,,,,,,,,,,,,,0,True,NO_APLICA,variante marcada como no modelable,,
222260671,right,sinArtefactosEstricto,sin_balanceo,RBFNetwork_aprox,,,,,,,,,,,,,,,0,True,NO_APLICA,variante marcada como no modelable,,
222260671,right,sinArtefactosEstricto,random_oversampling,SMO_SVM,,,,,,,,,,,,,,,0,True,NO_APLICA,variante marcada como no modelable,,
222260671,right,sinArtefactosEstricto,random_oversampling,RandomForest,,,,,,,,,,,,,,,0,True,NO_APLICA,variante marcada como no modelable,,
222260671,right,sinArtefactosEstricto,random_oversampling,MLP,,,,,,,,,,,,,,,0,True,NO_APLICA,variante marcada como no modelable,,
222260671,right,sinArtefactosEstricto,random_oversampling,IBk_kNN,,,,,,,,,,,,,,,0,True,NO_APLICA,variante marcada como no modelable,,
222260671,right,sinArtefactosEstricto,random_oversampling,RBFNetwork_aprox,,,,,,,,,,,,,,,0,True,NO_APLICA,variante marcada como no modelable,,
222260671,right,sinArtefactosEstricto,class_weight_balanced,SMO_SVM,,,,,,,,,,,,,,,0,True,NO_APLICA,variante marcada como no modelable,,
222260671,right,sinArtefactosEstricto,class_weight_balanced,RandomForest,,,,,,,,,,,,,,,0,True,NO_APLICA,variante marcada como no modelable,,
222260671,right,sinArtefactosEstricto,class_weight_balanced,MLP,,,,,,,,,,,,,,,0,True,NO_APLICA,variante marcada como no modelable,,
222260671,right,sinArtefactosEstricto,class_weight_balanced,IBk_kNN,,,,,,,,,,,,,,,0,True,NO_APLICA,variante marcada como no modelable,,
222260671,right,sinArtefactosEstricto,class_weight_balanced,RBFNetwork_aprox,,,,,,,,,,,,,,,0,True,NO_APLICA,variante marcada como no modelable,,
222260671,right,sinArtefactosEstricto,smote,SMO_SVM,,,,,,,,,,,,,,,0,True,NO_APLICA,variante marcada como no modelable,,
222260671,right,sinArtefactosEstricto,smote,RandomForest,,,,,,,,,,,,,,,0,True,NO_APLICA,variante marcada como no modelable,,
222260671,right,sinArtefactosEstricto,smote,MLP,,,,,,,,,,,,,,,0,True,NO_APLICA,variante marcada como no modelable,,
222260671,right,sinArtefactosEstricto,smote,IBk_kNN,,,,,,,,,,,,,,,0,True,NO_APLICA,variante marcada como no modelable,,
222260671,right,sinArtefactosEstricto,smote,RBFNetwork_aprox,,,,,,,,,,,,,,,0,True,NO_APLICA,variante marcada como no modelable,,
222260671,right,sinArtefactosEstricto,smote_tomek,SMO_SVM,,,,,,,,,,,,,,,0,True,NO_APLICA,variante marcada como no modelable,,
222260671,right,sinArtefactosEstricto,smote_tomek,RandomForest,,,,,,,,,,,,,,,0,True,NO_APLICA,variante marcada como no modelable,,
222260671,right,sinArtefactosEstricto,smote_tomek,MLP,,,,,,,,,,,,,,,0,True,NO_APLICA,variante marcada como no modelable,,
222260671,right,sinArtefactosEstricto,smote_tomek,IBk_kNN,,,,,,,,,,,,,,,0,True,NO_APLICA,variante marcada como no modelable,,
222260671,right,sinArtefactosEstricto,smote_tomek,RBFNetwork_aprox,,,,,,,,,,,,,,,0,True,NO_APLICA,variante marcada como no modelable,,
222260671,right,sinArtefactosEstricto,random_undersampling_controlado,SMO_SVM,,,,,,,,,,,,,,,0,True,NO_APLICA,variante marcada como no modelable,,
222260671,right,sinArtefactosEstricto,random_undersampling_controlado,RandomForest,,,,,,,,,,,,,,,0,True,NO_APLICA,variante marcada como no modelable,,
222260671,right,sinArtefactosEstricto,random_undersampling_controlado,MLP,,,,,,,,,,,,,,,0,True,NO_APLICA,variante marcada como no modelable,,
222260671,right,sinArtefactosEstricto,random_undersampling_controlado,IBk_kNN,,,,,,,,,,,,,,,0,True,NO_APLICA,variante marcada como no modelable,,
222260671,right,sinArtefactosEstricto,random_undersampling_controlado,RBFNetwork_aprox,,,,,,,,,,,,,,,0,True,NO_APLICA,variante marcada como no modelable,,
22260552,all,noOutliers,sin_balanceo,SMO_SVM,88.24,79.2,0.8239,0.8032,0.8798,0.8201,0.8903,0.4744,0.9833,0.7935,0.8792,0.6379,0.9717,0.9603,78,False,no,Recall crítico bajo en: push,bloques,6.0
22260552,all,noOutliers,sin_balanceo,RandomForest,87.54,73.44,0.8104,0.7536,0.8657,0.7782,0.9317,0.2564,0.9714,0.8052,0.8506,0.625,0.969,0.9523,78,False,no,Recall crítico bajo en: push,bloques,6.0
22260552,all,noOutliers,sin_balanceo,MLP,88.47,80.66,0.8272,0.8147,0.8835,0.8033,0.9029,0.5513,0.969,0.8496,0.8715,0.6056,0.969,0.9612,78,False,SI,,bloques,6.0
22260552,all,noOutliers,sin_balanceo,IBk_kNN,82.97,76.9,0.7472,0.7699,0.8313,0.7155,0.8255,0.5897,0.9451,0.6577,0.83,0.6216,0.9778,0.8538,78,False,SI,,bloques,6.0
22260552,all,noOutliers,sin_balanceo,RBFNetwork_aprox,87.07,72.01,0.801,0.7484,0.8582,0.7322,0.9388,0.2308,0.9785,0.875,0.8156,0.7826,0.9557,0.9604,78,False,no,Recall crítico bajo en: push,bloques,6.0
22260552,all,noOutliers,random_oversampling,SMO_SVM,87.62,79.34,0.8158,0.7955,0.8751,0.8368,0.8687,0.4872,0.9809,0.7905,0.883,0.5507,0.9716,0.9571,78,False,no,Recall crítico bajo en: push,bloques,6.0
22260552,all,noOutliers,random_oversampling,RandomForest,88.16,74.83,0.82,0.771,0.8734,0.7741,0.9424,0.3077,0.969,0.7906,0.8604,0.7059,0.9783,0.9453,78,False,no,Recall crítico bajo en: push,bloques,6.0
22260552,all,noOutliers,random_oversampling,MLP,88.62,81.83,0.8309,0.8147,0.8873,0.841,0.8885,0.5769,0.9666,0.8517,0.8853,0.5294,0.9806,0.966,78,False,SI,,bloques,6.0
22260552,all,noOutliers,random_oversampling,IBk_kNN,83.51,75.16,0.7541,0.7579,0.8355,0.7238,0.8453,0.4872,0.9499,0.6732,0.8304,0.5758,0.9876,0.8459,78,False,no,Recall crítico bajo en: push,bloques,6.0
22260552,all,noOutliers,random_oversampling,RBFNetwork_aprox,84.98,80.59,0.7817,0.7734,0.8581,0.7824,0.8112,0.6538,0.9761,0.806,0.9038,0.3723,0.9646,0.9639,78,False,SI,,bloques,6.0
22260552,all,noOutliers,class_weight_balanced,SMO_SVM,88.78,82.35,0.8334,0.8235,0.8875,0.8452,0.8759,0.5897,0.9833,0.7953,0.9002,0.6301,0.9717,0.9638,78,False,SI,,bloques,6.0
22260552,all,noOutliers,class_weight_balanced,RandomForest,87.85,72.61,0.8131,0.7536,0.8665,0.7238,0.9586,0.2436,0.9785,0.848,0.8276,0.7308,0.9809,0.9483,78,False,no,Recall crítico bajo en: push,bloques,6.0
22260552,all,noOutliers,class_weight_balanced,MLP,,,,,,,,,,,,,,,78,False,NO_APLICA,class_weight no soportado por este modelo,,
22260552,all,noOutliers,class_weight_balanced,IBk_kNN,,,,,,,,,,,,,,,78,False,NO_APLICA,class_weight no soportado por este modelo,,
22260552,all,noOutliers,class_weight_balanced,RBFNetwork_aprox,84.29,79.8,0.7712,0.7682,0.8488,0.7741,0.7986,0.641,0.9785,0.7582,0.897,0.4032,0.9557,0.9595,78,False,SI,,bloques,6.0
22260552,all,noOutliers,smote,SMO_SVM,87.23,79.15,0.8103,0.7912,0.8719,0.8201,0.8651,0.5,0.9809,0.784,0.8826,0.527,0.9716,0.9562,78,False,SI,,bloques,6.0
22260552,all,noOutliers,smote,RandomForest,88.16,76.78,0.8211,0.7861,0.8767,0.795,0.9227,0.3846,0.969,0.812,0.8636,0.625,0.976,0.9521,78,False,no,Recall crítico bajo en: push,bloques,6.0
22260552,all,noOutliers,smote,MLP,88.93,81.92,0.8354,0.8175,0.8898,0.8536,0.8903,0.5641,0.969,0.8536,0.8887,0.5432,0.9783,0.9651,78,False,SI,,bloques,6.0
22260552,all,noOutliers,smote,IBk_kNN,83.75,81.49,0.7647,0.785,0.8423,0.8452,0.7626,0.6923,0.9594,0.6495,0.8964,0.5455,0.9829,0.8805,78,False,SI,,bloques,6.0
22260552,all,noOutliers,smote,RBFNetwork_aprox,85.84,81.9,0.7936,0.7871,0.8656,0.7992,0.8165,0.6795,0.9809,0.8414,0.899,0.3955,0.9648,0.9641,78,False,SI,,bloques,6.0
22260552,all,noOutliers,smote_tomek,SMO_SVM,87.38,79.24,0.8124,0.7925,0.8734,0.8201,0.8687,0.5,0.9809,0.7903,0.883,0.527,0.9716,0.9569,78,False,SI,,bloques,6.0
22260552,all,noOutliers,smote_tomek,RandomForest,89.16,77.16,0.8359,0.7923,0.8858,0.7992,0.9442,0.3718,0.9714,0.8341,0.8721,0.6444,0.9784,0.9545,78,False,no,Recall crítico bajo en: push,bloques,6.0
22260552,all,noOutliers,smote_tomek,MLP,89.01,82.01,0.8363,0.8203,0.8903,0.8577,0.8921,0.5641,0.9666,0.8542,0.8857,0.5641,0.9783,0.9651,78,False,SI,,bloques,6.0
22260552,all,noOutliers,smote_tomek,IBk_kNN,83.75,81.53,0.7648,0.7851,0.8424,0.8494,0.7626,0.6923,0.957,0.6486,0.8983,0.5455,0.9828,0.8808,78,False,SI,,bloques,6.0
22260552,all,noOutliers,smote_tomek,RBFNetwork_aprox,85.76,81.86,0.7925,0.7864,0.8648,0.7992,0.8147,0.6795,0.9809,0.8377,0.8988,0.3955,0.9648,0.964,78,False,SI,,bloques,6.0
22260552,all,noOutliers,random_undersampling_controlado,SMO_SVM,87.69,80.88,0.8181,0.8003,0.8787,0.8494,0.8633,0.5513,0.9714,0.8024,0.8922,0.4943,0.9831,0.9561,78,False,SI,,bloques,6.0
22260552,all,noOutliers,random_undersampling_controlado,RandomForest,86.84,76.04,0.8043,0.7645,0.8651,0.8536,0.8705,0.3462,0.9714,0.7158,0.903,0.551,0.9645,0.9508,78,False,no,Recall crítico bajo en: push,bloques,6.0
22260552,all,noOutliers,random_undersampling_controlado,MLP,88.31,82.97,0.8271,0.8204,0.8847,0.8577,0.8687,0.6282,0.9642,0.82,0.8879,0.5568,0.9854,0.9604,78,False,SI,,bloques,6.0
22260552,all,noOutliers,random_undersampling_controlado,IBk_kNN,79.72,75.15,0.7066,0.7296,0.8047,0.7908,0.7356,0.5513,0.9284,0.5727,0.8647,0.4674,0.9798,0.842,78,False,SI,,bloques,6.0
22260552,all,noOutliers,random_undersampling_controlado,RBFNetwork_aprox,83.2,75.47,0.7529,0.7571,0.8323,0.8243,0.7824,0.4359,0.9761,0.6176,0.877,0.6667,0.9601,0.9534,78,False,no,Recall crítico bajo en: push,bloques,6.0
22260552,all,sinArtefactosConservador,sin_balanceo,SMO_SVM,79.6,70.62,0.693,0.7043,0.7991,0.733,0.8405,0.3243,0.9268,0.7407,0.8433,0.2727,0.958,0.905,37,False,no,Recall crítico bajo en: push,bloques,3.0
22260552,all,sinArtefactosConservador,sin_balanceo,RandomForest,82.21,67.37,0.7235,0.6775,0.8071,0.7801,0.8904,0.0811,0.9431,0.8054,0.8,0.3,0.9508,0.9112,37,False,no,Recall crítico bajo en: push,bloques,3.0
22260552,all,sinArtefactosConservador,sin_balanceo,MLP,81.13,70.66,0.7098,0.7181,0.8035,0.6859,0.9003,0.2973,0.9431,0.7892,0.8138,0.4783,0.8923,0.9298,37,False,no,Recall crítico bajo en: push,bloques,3.0
22260552,all,sinArtefactosConservador,sin_balanceo,IBk_kNN,76.38,68.87,0.6407,0.6976,0.7631,0.6806,0.804,0.3514,0.9187,0.6633,0.7857,0.4194,0.9658,0.7983,37,False,no,Recall crítico bajo en: push,bloques,3.0
22260552,all,sinArtefactosConservador,sin_balanceo,RBFNetwork_aprox,80.67,66.36,0.6985,0.6714,0.7925,0.6702,0.9169,0.1081,0.9593,0.7853,0.7841,0.2667,0.9672,0.92,37,False,no,Recall crítico bajo en: push,bloques,3.0
22260552,all,sinArtefactosConservador,random_oversampling,SMO_SVM,79.14,69.77,0.6857,0.6972,0.7939,0.733,0.8339,0.2973,0.9268,0.733,0.8367,0.2619,0.958,0.9119,37,False,no,Recall crítico bajo en: push,bloques,3.0
22260552,all,sinArtefactosConservador,random_oversampling,RandomForest,83.13,68.1,0.7374,0.6855,0.816,0.7801,0.9037,0.0811,0.9593,0.8232,0.8024,0.3,0.9672,0.9083,37,False,no,Recall crítico bajo en: push,bloques,3.0
22260552,all,sinArtefactosConservador,random_oversampling,MLP,79.45,68.97,0.6867,0.6911,0.7914,0.6649,0.8804,0.2703,0.9431,0.7937,0.8079,0.2703,0.9134,0.9195,37,False,no,Recall crítico bajo en: push,bloques,3.0
22260552,all,sinArtefactosConservador,random_oversampling,IBk_kNN,75.0,65.27,0.6181,0.6634,0.7483,0.6806,0.8007,0.2432,0.8862,0.6533,0.7724,0.3214,0.9646,0.7775,37,False,no,Recall crítico bajo en: push,bloques,3.0
22260552,all,sinArtefactosConservador,random_oversampling,RBFNetwork_aprox,78.68,66.56,0.6716,0.6737,0.7812,0.6545,0.8837,0.1892,0.935,0.7622,0.7847,0.2333,0.9664,0.925,37,False,no,Recall crítico bajo en: push,bloques,3.0
22260552,all,sinArtefactosConservador,class_weight_balanced,SMO_SVM,79.45,70.53,0.6908,0.7033,0.7976,0.733,0.8372,0.3243,0.9268,0.7368,0.8428,0.2727,0.958,0.905,37,False,no,Recall crítico bajo en: push,bloques,3.0
22260552,all,sinArtefactosConservador,class_weight_balanced,RandomForest,82.06,66.85,0.7172,0.6776,0.8023,0.7068,0.9269,0.0811,0.9593,0.8544,0.7644,0.5,0.9593,0.9289,37,False,no,Recall crítico bajo en: push,bloques,3.0
22260552,all,sinArtefactosConservador,class_weight_balanced,MLP,,,,,,,,,,,,,,,37,False,NO_APLICA,class_weight no soportado por este modelo,,
22260552,all,sinArtefactosConservador,class_weight_balanced,IBk_kNN,,,,,,,,,,,,,,,37,False,NO_APLICA,class_weight no soportado por este modelo,,
22260552,all,sinArtefactosConservador,class_weight_balanced,RBFNetwork_aprox,81.13,71.67,0.7121,0.7215,0.8083,0.6911,0.8837,0.3243,0.9675,0.7719,0.821,0.3529,0.9675,0.9127,37,False,no,Recall crítico bajo en: push,bloques,3.0
22260552,all,sinArtefactosConservador,smote,SMO_SVM,79.45,69.99,0.6903,0.6999,0.7971,0.7382,0.8372,0.2973,0.9268,0.7344,0.84,0.2619,0.9661,0.9123,37,False,no,Recall crítico bajo en: push,bloques,3.0
22260552,all,sinArtefactosConservador,smote,RandomForest,82.36,67.26,0.7254,0.6776,0.8092,0.7592,0.907,0.0811,0.9431,0.8192,0.7982,0.25,0.9587,0.9163,37,False,no,Recall crítico bajo en: push,bloques,3.0
22260552,all,sinArtefactosConservador,smote,MLP,79.6,70.24,0.6898,0.702,0.7938,0.6649,0.8771,0.3243,0.9431,0.784,0.8148,0.3077,0.9134,0.9186,37,False,no,Recall crítico bajo en: push,bloques,3.0
22260552,all,sinArtefactosConservador,smote,IBk_kNN,75.31,70.11,0.6332,0.6905,0.7602,0.712,0.7575,0.4324,0.9024,0.6445,0.8321,0.3137,0.9569,0.8055,37,False,no,Recall crítico bajo en: push,bloques,3.0
22260552,all,sinArtefactosConservador,smote,RBFNetwork_aprox,78.83,65.46,0.6723,0.6627,0.7798,0.6545,0.8937,0.1351,0.935,0.7669,0.7797,0.2,0.9664,0.9236,37,False,no,Recall crítico bajo en: push,bloques,3.0
22260552,all,sinArtefactosConservador,smote_tomek,SMO_SVM,78.37,69.26,0.6741,0.6926,0.7864,0.7225,0.8239,0.2973,0.9268,0.7188,0.8267,0.2619,0.9661,0.9106,37,False,no,Recall crítico bajo en: push,bloques,3.0
22260552,all,sinArtefactosConservador,smote_tomek,RandomForest,81.9,67.23,0.7182,0.6764,0.8044,0.7435,0.897,0.0811,0.9675,0.8256,0.7849,0.25,0.9597,0.9196,37,False,no,Recall crítico bajo en: push,bloques,3.0
22260552,all,sinArtefactosConservador,smote_tomek,MLP,79.6,70.24,0.6896,0.7024,0.7937,0.6649,0.8771,0.3243,0.9431,0.7937,0.8098,0.3077,0.9134,0.9182,37,False,no,Recall crítico bajo en: push,bloques,3.0
22260552,all,sinArtefactosConservador,smote_tomek,IBk_kNN,75.15,69.55,0.6307,0.6866,0.7582,0.712,0.7542,0.4054,0.9106,0.6385,0.8315,0.3061,0.9573,0.8024,37,False,no,Recall crítico bajo en: push,bloques,3.0
22260552,all,sinArtefactosConservador,smote_tomek,RBFNetwork_aprox,78.68,65.32,0.6701,0.6611,0.7786,0.6492,0.8937,0.1351,0.935,0.7654,0.7797,0.1923,0.9664,0.9242,37,False,no,Recall crítico bajo en: push,bloques,3.0
22260552,all,sinArtefactosConservador,random_undersampling_controlado,SMO_SVM,73.31,69.65,0.6117,0.6708,0.7492,0.6754,0.7243,0.4595,0.9268,0.6582,0.8417,0.2179,0.958,0.8956,37,False,no,Recall crítico bajo en: push,bloques,3.0
22260552,all,sinArtefactosConservador,random_undersampling_controlado,RandomForest,78.22,70.4,0.673,0.7005,0.7816,0.7382,0.794,0.3243,0.9593,0.7015,0.8328,0.3429,0.9147,0.9252,37,False,no,Recall crítico bajo en: push,bloques,3.0
22260552,all,sinArtefactosConservador,random_undersampling_controlado,MLP,76.69,72.82,0.651,0.7081,0.7688,0.6283,0.8173,0.5405,0.9268,0.7407,0.8013,0.3636,0.8906,0.9028,37,False,SI,,bloques,3.0
22260552,all,sinArtefactosConservador,random_undersampling_controlado,IBk_kNN,71.17,68.1,0.5722,0.6601,0.7191,0.5812,0.7375,0.4865,0.9187,0.6307,0.7603,0.2769,0.9496,0.787,37,False,no,Recall crítico bajo en: push,bloques,3.0
22260552,all,sinArtefactosConservador,random_undersampling_controlado,RBFNetwork_aprox,75.31,68.58,0.6285,0.6808,0.7525,0.6335,0.7907,0.3514,0.9675,0.6505,0.7987,0.3333,0.9225,0.9181,37,False,no,Recall crítico bajo en: push,bloques,3.0
22260552,all,sinArtefactosEstricto,sin_balanceo,SMO_SVM,,,,,,,,,,,,,,,0,True,NO_APLICA,variante marcada como no modelable,,
22260552,all,sinArtefactosEstricto,sin_balanceo,RandomForest,,,,,,,,,,,,,,,0,True,NO_APLICA,variante marcada como no modelable,,
22260552,all,sinArtefactosEstricto,sin_balanceo,MLP,,,,,,,,,,,,,,,0,True,NO_APLICA,variante marcada como no modelable,,
22260552,all,sinArtefactosEstricto,sin_balanceo,IBk_kNN,,,,,,,,,,,,,,,0,True,NO_APLICA,variante marcada como no modelable,,
22260552,all,sinArtefactosEstricto,sin_balanceo,RBFNetwork_aprox,,,,,,,,,,,,,,,0,True,NO_APLICA,variante marcada como no modelable,,
22260552,all,sinArtefactosEstricto,random_oversampling,SMO_SVM,,,,,,,,,,,,,,,0,True,NO_APLICA,variante marcada como no modelable,,
22260552,all,sinArtefactosEstricto,random_oversampling,RandomForest,,,,,,,,,,,,,,,0,True,NO_APLICA,variante marcada como no modelable,,
22260552,all,sinArtefactosEstricto,random_oversampling,MLP,,,,,,,,,,,,,,,0,True,NO_APLICA,variante marcada como no modelable,,
22260552,all,sinArtefactosEstricto,random_oversampling,IBk_kNN,,,,,,,,,,,,,,,0,True,NO_APLICA,variante marcada como no modelable,,
22260552,all,sinArtefactosEstricto,random_oversampling,RBFNetwork_aprox,,,,,,,,,,,,,,,0,True,NO_APLICA,variante marcada como no modelable,,
22260552,all,sinArtefactosEstricto,class_weight_balanced,SMO_SVM,,,,,,,,,,,,,,,0,True,NO_APLICA,variante marcada como no modelable,,
22260552,all,sinArtefactosEstricto,class_weight_balanced,RandomForest,,,,,,,,,,,,,,,0,True,NO_APLICA,variante marcada como no modelable,,
22260552,all,sinArtefactosEstricto,class_weight_balanced,MLP,,,,,,,,,,,,,,,0,True,NO_APLICA,variante marcada como no modelable,,
22260552,all,sinArtefactosEstricto,class_weight_balanced,IBk_kNN,,,,,,,,,,,,,,,0,True,NO_APLICA,variante marcada como no modelable,,
22260552,all,sinArtefactosEstricto,class_weight_balanced,RBFNetwork_aprox,,,,,,,,,,,,,,,0,True,NO_APLICA,variante marcada como no modelable,,
22260552,all,sinArtefactosEstricto,smote,SMO_SVM,,,,,,,,,,,,,,,0,True,NO_APLICA,variante marcada como no modelable,,
22260552,all,sinArtefactosEstricto,smote,RandomForest,,,,,,,,,,,,,,,0,True,NO_APLICA,variante marcada como no modelable,,
22260552,all,sinArtefactosEstricto,smote,MLP,,,,,,,,,,,,,,,0,True,NO_APLICA,variante marcada como no modelable,,
22260552,all,sinArtefactosEstricto,smote,IBk_kNN,,,,,,,,,,,,,,,0,True,NO_APLICA,variante marcada como no modelable,,
22260552,all,sinArtefactosEstricto,smote,RBFNetwork_aprox,,,,,,,,,,,,,,,0,True,NO_APLICA,variante marcada como no modelable,,
22260552,all,sinArtefactosEstricto,smote_tomek,SMO_SVM,,,,,,,,,,,,,,,0,True,NO_APLICA,variante marcada como no modelable,,
22260552,all,sinArtefactosEstricto,smote_tomek,RandomForest,,,,,,,,,,,,,,,0,True,NO_APLICA,variante marcada como no modelable,,
22260552,all,sinArtefactosEstricto,smote_tomek,MLP,,,,,,,,,,,,,,,0,True,NO_APLICA,variante marcada como no modelable,,
22260552,all,sinArtefactosEstricto,smote_tomek,IBk_kNN,,,,,,,,,,,,,,,0,True,NO_APLICA,variante marcada como no modelable,,
22260552,all,sinArtefactosEstricto,smote_tomek,RBFNetwork_aprox,,,,,,,,,,,,,,,0,True,NO_APLICA,variante marcada como no modelable,,
22260552,all,sinArtefactosEstricto,random_undersampling_controlado,SMO_SVM,,,,,,,,,,,,,,,0,True,NO_APLICA,variante marcada como no modelable,,
22260552,all,sinArtefactosEstricto,random_undersampling_controlado,RandomForest,,,,,,,,,,,,,,,0,True,NO_APLICA,variante marcada como no modelable,,
22260552,all,sinArtefactosEstricto,random_undersampling_controlado,MLP,,,,,,,,,,,,,,,0,True,NO_APLICA,variante marcada como no modelable,,
22260552,all,sinArtefactosEstricto,random_undersampling_controlado,IBk_kNN,,,,,,,,,,,,,,,0,True,NO_APLICA,variante marcada como no modelable,,
22260552,all,sinArtefactosEstricto,random_undersampling_controlado,RBFNetwork_aprox,,,,,,,,,,,,,,,0,True,NO_APLICA,variante marcada como no modelable,,
22260552,left,noOutliers,sin_balanceo,SMO_SVM,,,,,,,,,,,,,,,0,True,NO_APLICA,menos de dos clases modelables,,
22260552,left,noOutliers,sin_balanceo,RandomForest,,,,,,,,,,,,,,,0,True,NO_APLICA,menos de dos clases modelables,,
22260552,left,noOutliers,sin_balanceo,MLP,,,,,,,,,,,,,,,0,True,NO_APLICA,menos de dos clases modelables,,
22260552,left,noOutliers,sin_balanceo,IBk_kNN,,,,,,,,,,,,,,,0,True,NO_APLICA,menos de dos clases modelables,,
22260552,left,noOutliers,sin_balanceo,RBFNetwork_aprox,,,,,,,,,,,,,,,0,True,NO_APLICA,menos de dos clases modelables,,
22260552,left,noOutliers,random_oversampling,SMO_SVM,,,,,,,,,,,,,,,0,True,NO_APLICA,menos de dos clases modelables,,
22260552,left,noOutliers,random_oversampling,RandomForest,,,,,,,,,,,,,,,0,True,NO_APLICA,menos de dos clases modelables,,
22260552,left,noOutliers,random_oversampling,MLP,,,,,,,,,,,,,,,0,True,NO_APLICA,menos de dos clases modelables,,
22260552,left,noOutliers,random_oversampling,IBk_kNN,,,,,,,,,,,,,,,0,True,NO_APLICA,menos de dos clases modelables,,
22260552,left,noOutliers,random_oversampling,RBFNetwork_aprox,,,,,,,,,,,,,,,0,True,NO_APLICA,menos de dos clases modelables,,
22260552,left,noOutliers,class_weight_balanced,SMO_SVM,,,,,,,,,,,,,,,0,True,NO_APLICA,menos de dos clases modelables,,
22260552,left,noOutliers,class_weight_balanced,RandomForest,,,,,,,,,,,,,,,0,True,NO_APLICA,menos de dos clases modelables,,
22260552,left,noOutliers,class_weight_balanced,MLP,,,,,,,,,,,,,,,0,True,NO_APLICA,menos de dos clases modelables,,
22260552,left,noOutliers,class_weight_balanced,IBk_kNN,,,,,,,,,,,,,,,0,True,NO_APLICA,menos de dos clases modelables,,
22260552,left,noOutliers,class_weight_balanced,RBFNetwork_aprox,,,,,,,,,,,,,,,0,True,NO_APLICA,menos de dos clases modelables,,
22260552,left,noOutliers,smote,SMO_SVM,,,,,,,,,,,,,,,0,True,NO_APLICA,menos de dos clases modelables,,
22260552,left,noOutliers,smote,RandomForest,,,,,,,,,,,,,,,0,True,NO_APLICA,menos de dos clases modelables,,
22260552,left,noOutliers,smote,MLP,,,,,,,,,,,,,,,0,True,NO_APLICA,menos de dos clases modelables,,
22260552,left,noOutliers,smote,IBk_kNN,,,,,,,,,,,,,,,0,True,NO_APLICA,menos de dos clases modelables,,
22260552,left,noOutliers,smote,RBFNetwork_aprox,,,,,,,,,,,,,,,0,True,NO_APLICA,menos de dos clases modelables,,
22260552,left,noOutliers,smote_tomek,SMO_SVM,,,,,,,,,,,,,,,0,True,NO_APLICA,menos de dos clases modelables,,
22260552,left,noOutliers,smote_tomek,RandomForest,,,,,,,,,,,,,,,0,True,NO_APLICA,menos de dos clases modelables,,
22260552,left,noOutliers,smote_tomek,MLP,,,,,,,,,,,,,,,0,True,NO_APLICA,menos de dos clases modelables,,
22260552,left,noOutliers,smote_tomek,IBk_kNN,,,,,,,,,,,,,,,0,True,NO_APLICA,menos de dos clases modelables,,
22260552,left,noOutliers,smote_tomek,RBFNetwork_aprox,,,,,,,,,,,,,,,0,True,NO_APLICA,menos de dos clases modelables,,
22260552,left,noOutliers,random_undersampling_controlado,SMO_SVM,,,,,,,,,,,,,,,0,True,NO_APLICA,menos de dos clases modelables,,
22260552,left,noOutliers,random_undersampling_controlado,RandomForest,,,,,,,,,,,,,,,0,True,NO_APLICA,menos de dos clases modelables,,
22260552,left,noOutliers,random_undersampling_controlado,MLP,,,,,,,,,,,,,,,0,True,NO_APLICA,menos de dos clases modelables,,
22260552,left,noOutliers,random_undersampling_controlado,IBk_kNN,,,,,,,,,,,,,,,0,True,NO_APLICA,menos de dos clases modelables,,
22260552,left,noOutliers,random_undersampling_controlado,RBFNetwork_aprox,,,,,,,,,,,,,,,0,True,NO_APLICA,menos de dos clases modelables,,
22260552,left,sinArtefactosConservador,sin_balanceo,SMO_SVM,,,,,,,,,,,,,,,0,True,NO_APLICA,variante marcada como no modelable,,
22260552,left,sinArtefactosConservador,sin_balanceo,RandomForest,,,,,,,,,,,,,,,0,True,NO_APLICA,variante marcada como no modelable,,
22260552,left,sinArtefactosConservador,sin_balanceo,MLP,,,,,,,,,,,,,,,0,True,NO_APLICA,variante marcada como no modelable,,
22260552,left,sinArtefactosConservador,sin_balanceo,IBk_kNN,,,,,,,,,,,,,,,0,True,NO_APLICA,variante marcada como no modelable,,
22260552,left,sinArtefactosConservador,sin_balanceo,RBFNetwork_aprox,,,,,,,,,,,,,,,0,True,NO_APLICA,variante marcada como no modelable,,
22260552,left,sinArtefactosConservador,random_oversampling,SMO_SVM,,,,,,,,,,,,,,,0,True,NO_APLICA,variante marcada como no modelable,,
22260552,left,sinArtefactosConservador,random_oversampling,RandomForest,,,,,,,,,,,,,,,0,True,NO_APLICA,variante marcada como no modelable,,
22260552,left,sinArtefactosConservador,random_oversampling,MLP,,,,,,,,,,,,,,,0,True,NO_APLICA,variante marcada como no modelable,,
22260552,left,sinArtefactosConservador,random_oversampling,IBk_kNN,,,,,,,,,,,,,,,0,True,NO_APLICA,variante marcada como no modelable,,
22260552,left,sinArtefactosConservador,random_oversampling,RBFNetwork_aprox,,,,,,,,,,,,,,,0,True,NO_APLICA,variante marcada como no modelable,,
22260552,left,sinArtefactosConservador,class_weight_balanced,SMO_SVM,,,,,,,,,,,,,,,0,True,NO_APLICA,variante marcada como no modelable,,
22260552,left,sinArtefactosConservador,class_weight_balanced,RandomForest,,,,,,,,,,,,,,,0,True,NO_APLICA,variante marcada como no modelable,,
22260552,left,sinArtefactosConservador,class_weight_balanced,MLP,,,,,,,,,,,,,,,0,True,NO_APLICA,variante marcada como no modelable,,
22260552,left,sinArtefactosConservador,class_weight_balanced,IBk_kNN,,,,,,,,,,,,,,,0,True,NO_APLICA,variante marcada como no modelable,,
22260552,left,sinArtefactosConservador,class_weight_balanced,RBFNetwork_aprox,,,,,,,,,,,,,,,0,True,NO_APLICA,variante marcada como no modelable,,
22260552,left,sinArtefactosConservador,smote,SMO_SVM,,,,,,,,,,,,,,,0,True,NO_APLICA,variante marcada como no modelable,,
22260552,left,sinArtefactosConservador,smote,RandomForest,,,,,,,,,,,,,,,0,True,NO_APLICA,variante marcada como no modelable,,
22260552,left,sinArtefactosConservador,smote,MLP,,,,,,,,,,,,,,,0,True,NO_APLICA,variante marcada como no modelable,,
22260552,left,sinArtefactosConservador,smote,IBk_kNN,,,,,,,,,,,,,,,0,True,NO_APLICA,variante marcada como no modelable,,
22260552,left,sinArtefactosConservador,smote,RBFNetwork_aprox,,,,,,,,,,,,,,,0,True,NO_APLICA,variante marcada como no modelable,,
22260552,left,sinArtefactosConservador,smote_tomek,SMO_SVM,,,,,,,,,,,,,,,0,True,NO_APLICA,variante marcada como no modelable,,
22260552,left,sinArtefactosConservador,smote_tomek,RandomForest,,,,,,,,,,,,,,,0,True,NO_APLICA,variante marcada como no modelable,,
22260552,left,sinArtefactosConservador,smote_tomek,MLP,,,,,,,,,,,,,,,0,True,NO_APLICA,variante marcada como no modelable,,
22260552,left,sinArtefactosConservador,smote_tomek,IBk_kNN,,,,,,,,,,,,,,,0,True,NO_APLICA,variante marcada como no modelable,,
22260552,left,sinArtefactosConservador,smote_tomek,RBFNetwork_aprox,,,,,,,,,,,,,,,0,True,NO_APLICA,variante marcada como no modelable,,
22260552,left,sinArtefactosConservador,random_undersampling_controlado,SMO_SVM,,,,,,,,,,,,,,,0,True,NO_APLICA,variante marcada como no modelable,,
22260552,left,sinArtefactosConservador,random_undersampling_controlado,RandomForest,,,,,,,,,,,,,,,0,True,NO_APLICA,variante marcada como no modelable,,
22260552,left,sinArtefactosConservador,random_undersampling_controlado,MLP,,,,,,,,,,,,,,,0,True,NO_APLICA,variante marcada como no modelable,,
22260552,left,sinArtefactosConservador,random_undersampling_controlado,IBk_kNN,,,,,,,,,,,,,,,0,True,NO_APLICA,variante marcada como no modelable,,
22260552,left,sinArtefactosConservador,random_undersampling_controlado,RBFNetwork_aprox,,,,,,,,,,,,,,,0,True,NO_APLICA,variante marcada como no modelable,,
22260552,left,sinArtefactosEstricto,sin_balanceo,SMO_SVM,,,,,,,,,,,,,,,0,True,NO_APLICA,variante marcada como no modelable,,
22260552,left,sinArtefactosEstricto,sin_balanceo,RandomForest,,,,,,,,,,,,,,,0,True,NO_APLICA,variante marcada como no modelable,,
22260552,left,sinArtefactosEstricto,sin_balanceo,MLP,,,,,,,,,,,,,,,0,True,NO_APLICA,variante marcada como no modelable,,
22260552,left,sinArtefactosEstricto,sin_balanceo,IBk_kNN,,,,,,,,,,,,,,,0,True,NO_APLICA,variante marcada como no modelable,,
22260552,left,sinArtefactosEstricto,sin_balanceo,RBFNetwork_aprox,,,,,,,,,,,,,,,0,True,NO_APLICA,variante marcada como no modelable,,
22260552,left,sinArtefactosEstricto,random_oversampling,SMO_SVM,,,,,,,,,,,,,,,0,True,NO_APLICA,variante marcada como no modelable,,
22260552,left,sinArtefactosEstricto,random_oversampling,RandomForest,,,,,,,,,,,,,,,0,True,NO_APLICA,variante marcada como no modelable,,
22260552,left,sinArtefactosEstricto,random_oversampling,MLP,,,,,,,,,,,,,,,0,True,NO_APLICA,variante marcada como no modelable,,
22260552,left,sinArtefactosEstricto,random_oversampling,IBk_kNN,,,,,,,,,,,,,,,0,True,NO_APLICA,variante marcada como no modelable,,
22260552,left,sinArtefactosEstricto,random_oversampling,RBFNetwork_aprox,,,,,,,,,,,,,,,0,True,NO_APLICA,variante marcada como no modelable,,
22260552,left,sinArtefactosEstricto,class_weight_balanced,SMO_SVM,,,,,,,,,,,,,,,0,True,NO_APLICA,variante marcada como no modelable,,
22260552,left,sinArtefactosEstricto,class_weight_balanced,RandomForest,,,,,,,,,,,,,,,0,True,NO_APLICA,variante marcada como no modelable,,
22260552,left,sinArtefactosEstricto,class_weight_balanced,MLP,,,,,,,,,,,,,,,0,True,NO_APLICA,variante marcada como no modelable,,
22260552,left,sinArtefactosEstricto,class_weight_balanced,IBk_kNN,,,,,,,,,,,,,,,0,True,NO_APLICA,variante marcada como no modelable,,
22260552,left,sinArtefactosEstricto,class_weight_balanced,RBFNetwork_aprox,,,,,,,,,,,,,,,0,True,NO_APLICA,variante marcada como no modelable,,
22260552,left,sinArtefactosEstricto,smote,SMO_SVM,,,,,,,,,,,,,,,0,True,NO_APLICA,variante marcada como no modelable,,
22260552,left,sinArtefactosEstricto,smote,RandomForest,,,,,,,,,,,,,,,0,True,NO_APLICA,variante marcada como no modelable,,
22260552,left,sinArtefactosEstricto,smote,MLP,,,,,,,,,,,,,,,0,True,NO_APLICA,variante marcada como no modelable,,
22260552,left,sinArtefactosEstricto,smote,IBk_kNN,,,,,,,,,,,,,,,0,True,NO_APLICA,variante marcada como no modelable,,
22260552,left,sinArtefactosEstricto,smote,RBFNetwork_aprox,,,,,,,,,,,,,,,0,True,NO_APLICA,variante marcada como no modelable,,
22260552,left,sinArtefactosEstricto,smote_tomek,SMO_SVM,,,,,,,,,,,,,,,0,True,NO_APLICA,variante marcada como no modelable,,
22260552,left,sinArtefactosEstricto,smote_tomek,RandomForest,,,,,,,,,,,,,,,0,True,NO_APLICA,variante marcada como no modelable,,
22260552,left,sinArtefactosEstricto,smote_tomek,MLP,,,,,,,,,,,,,,,0,True,NO_APLICA,variante marcada como no modelable,,
22260552,left,sinArtefactosEstricto,smote_tomek,IBk_kNN,,,,,,,,,,,,,,,0,True,NO_APLICA,variante marcada como no modelable,,
22260552,left,sinArtefactosEstricto,smote_tomek,RBFNetwork_aprox,,,,,,,,,,,,,,,0,True,NO_APLICA,variante marcada como no modelable,,
22260552,left,sinArtefactosEstricto,random_undersampling_controlado,SMO_SVM,,,,,,,,,,,,,,,0,True,NO_APLICA,variante marcada como no modelable,,
22260552,left,sinArtefactosEstricto,random_undersampling_controlado,RandomForest,,,,,,,,,,,,,,,0,True,NO_APLICA,variante marcada como no modelable,,
22260552,left,sinArtefactosEstricto,random_undersampling_controlado,MLP,,,,,,,,,,,,,,,0,True,NO_APLICA,variante marcada como no modelable,,
22260552,left,sinArtefactosEstricto,random_undersampling_controlado,IBk_kNN,,,,,,,,,,,,,,,0,True,NO_APLICA,variante marcada como no modelable,,
22260552,left,sinArtefactosEstricto,random_undersampling_controlado,RBFNetwork_aprox,,,,,,,,,,,,,,,0,True,NO_APLICA,variante marcada como no modelable,,
22260552,pull,noOutliers,sin_balanceo,SMO_SVM,,,,,,,,,,,,,,,0,True,NO_APLICA,menos de dos clases modelables,,
22260552,pull,noOutliers,sin_balanceo,RandomForest,,,,,,,,,,,,,,,0,True,NO_APLICA,menos de dos clases modelables,,
22260552,pull,noOutliers,sin_balanceo,MLP,,,,,,,,,,,,,,,0,True,NO_APLICA,menos de dos clases modelables,,
22260552,pull,noOutliers,sin_balanceo,IBk_kNN,,,,,,,,,,,,,,,0,True,NO_APLICA,menos de dos clases modelables,,
22260552,pull,noOutliers,sin_balanceo,RBFNetwork_aprox,,,,,,,,,,,,,,,0,True,NO_APLICA,menos de dos clases modelables,,
22260552,pull,noOutliers,random_oversampling,SMO_SVM,,,,,,,,,,,,,,,0,True,NO_APLICA,menos de dos clases modelables,,
22260552,pull,noOutliers,random_oversampling,RandomForest,,,,,,,,,,,,,,,0,True,NO_APLICA,menos de dos clases modelables,,
22260552,pull,noOutliers,random_oversampling,MLP,,,,,,,,,,,,,,,0,True,NO_APLICA,menos de dos clases modelables,,
22260552,pull,noOutliers,random_oversampling,IBk_kNN,,,,,,,,,,,,,,,0,True,NO_APLICA,menos de dos clases modelables,,
22260552,pull,noOutliers,random_oversampling,RBFNetwork_aprox,,,,,,,,,,,,,,,0,True,NO_APLICA,menos de dos clases modelables,,
22260552,pull,noOutliers,class_weight_balanced,SMO_SVM,,,,,,,,,,,,,,,0,True,NO_APLICA,menos de dos clases modelables,,
22260552,pull,noOutliers,class_weight_balanced,RandomForest,,,,,,,,,,,,,,,0,True,NO_APLICA,menos de dos clases modelables,,
22260552,pull,noOutliers,class_weight_balanced,MLP,,,,,,,,,,,,,,,0,True,NO_APLICA,menos de dos clases modelables,,
22260552,pull,noOutliers,class_weight_balanced,IBk_kNN,,,,,,,,,,,,,,,0,True,NO_APLICA,menos de dos clases modelables,,
22260552,pull,noOutliers,class_weight_balanced,RBFNetwork_aprox,,,,,,,,,,,,,,,0,True,NO_APLICA,menos de dos clases modelables,,
22260552,pull,noOutliers,smote,SMO_SVM,,,,,,,,,,,,,,,0,True,NO_APLICA,menos de dos clases modelables,,
22260552,pull,noOutliers,smote,RandomForest,,,,,,,,,,,,,,,0,True,NO_APLICA,menos de dos clases modelables,,
22260552,pull,noOutliers,smote,MLP,,,,,,,,,,,,,,,0,True,NO_APLICA,menos de dos clases modelables,,
22260552,pull,noOutliers,smote,IBk_kNN,,,,,,,,,,,,,,,0,True,NO_APLICA,menos de dos clases modelables,,
22260552,pull,noOutliers,smote,RBFNetwork_aprox,,,,,,,,,,,,,,,0,True,NO_APLICA,menos de dos clases modelables,,
22260552,pull,noOutliers,smote_tomek,SMO_SVM,,,,,,,,,,,,,,,0,True,NO_APLICA,menos de dos clases modelables,,
22260552,pull,noOutliers,smote_tomek,RandomForest,,,,,,,,,,,,,,,0,True,NO_APLICA,menos de dos clases modelables,,
22260552,pull,noOutliers,smote_tomek,MLP,,,,,,,,,,,,,,,0,True,NO_APLICA,menos de dos clases modelables,,
22260552,pull,noOutliers,smote_tomek,IBk_kNN,,,,,,,,,,,,,,,0,True,NO_APLICA,menos de dos clases modelables,,
22260552,pull,noOutliers,smote_tomek,RBFNetwork_aprox,,,,,,,,,,,,,,,0,True,NO_APLICA,menos de dos clases modelables,,
22260552,pull,noOutliers,random_undersampling_controlado,SMO_SVM,,,,,,,,,,,,,,,0,True,NO_APLICA,menos de dos clases modelables,,
22260552,pull,noOutliers,random_undersampling_controlado,RandomForest,,,,,,,,,,,,,,,0,True,NO_APLICA,menos de dos clases modelables,,
22260552,pull,noOutliers,random_undersampling_controlado,MLP,,,,,,,,,,,,,,,0,True,NO_APLICA,menos de dos clases modelables,,
22260552,pull,noOutliers,random_undersampling_controlado,IBk_kNN,,,,,,,,,,,,,,,0,True,NO_APLICA,menos de dos clases modelables,,
22260552,pull,noOutliers,random_undersampling_controlado,RBFNetwork_aprox,,,,,,,,,,,,,,,0,True,NO_APLICA,menos de dos clases modelables,,
22260552,pull,sinArtefactosConservador,sin_balanceo,SMO_SVM,,,,,,,,,,,,,,,0,True,NO_APLICA,variante marcada como no modelable,,
22260552,pull,sinArtefactosConservador,sin_balanceo,RandomForest,,,,,,,,,,,,,,,0,True,NO_APLICA,variante marcada como no modelable,,
22260552,pull,sinArtefactosConservador,sin_balanceo,MLP,,,,,,,,,,,,,,,0,True,NO_APLICA,variante marcada como no modelable,,
22260552,pull,sinArtefactosConservador,sin_balanceo,IBk_kNN,,,,,,,,,,,,,,,0,True,NO_APLICA,variante marcada como no modelable,,
22260552,pull,sinArtefactosConservador,sin_balanceo,RBFNetwork_aprox,,,,,,,,,,,,,,,0,True,NO_APLICA,variante marcada como no modelable,,
22260552,pull,sinArtefactosConservador,random_oversampling,SMO_SVM,,,,,,,,,,,,,,,0,True,NO_APLICA,variante marcada como no modelable,,
22260552,pull,sinArtefactosConservador,random_oversampling,RandomForest,,,,,,,,,,,,,,,0,True,NO_APLICA,variante marcada como no modelable,,
22260552,pull,sinArtefactosConservador,random_oversampling,MLP,,,,,,,,,,,,,,,0,True,NO_APLICA,variante marcada como no modelable,,
22260552,pull,sinArtefactosConservador,random_oversampling,IBk_kNN,,,,,,,,,,,,,,,0,True,NO_APLICA,variante marcada como no modelable,,
22260552,pull,sinArtefactosConservador,random_oversampling,RBFNetwork_aprox,,,,,,,,,,,,,,,0,True,NO_APLICA,variante marcada como no modelable,,
22260552,pull,sinArtefactosConservador,class_weight_balanced,SMO_SVM,,,,,,,,,,,,,,,0,True,NO_APLICA,variante marcada como no modelable,,
22260552,pull,sinArtefactosConservador,class_weight_balanced,RandomForest,,,,,,,,,,,,,,,0,True,NO_APLICA,variante marcada como no modelable,,
22260552,pull,sinArtefactosConservador,class_weight_balanced,MLP,,,,,,,,,,,,,,,0,True,NO_APLICA,variante marcada como no modelable,,
22260552,pull,sinArtefactosConservador,class_weight_balanced,IBk_kNN,,,,,,,,,,,,,,,0,True,NO_APLICA,variante marcada como no modelable,,
22260552,pull,sinArtefactosConservador,class_weight_balanced,RBFNetwork_aprox,,,,,,,,,,,,,,,0,True,NO_APLICA,variante marcada como no modelable,,
22260552,pull,sinArtefactosConservador,smote,SMO_SVM,,,,,,,,,,,,,,,0,True,NO_APLICA,variante marcada como no modelable,,
22260552,pull,sinArtefactosConservador,smote,RandomForest,,,,,,,,,,,,,,,0,True,NO_APLICA,variante marcada como no modelable,,
22260552,pull,sinArtefactosConservador,smote,MLP,,,,,,,,,,,,,,,0,True,NO_APLICA,variante marcada como no modelable,,
22260552,pull,sinArtefactosConservador,smote,IBk_kNN,,,,,,,,,,,,,,,0,True,NO_APLICA,variante marcada como no modelable,,
22260552,pull,sinArtefactosConservador,smote,RBFNetwork_aprox,,,,,,,,,,,,,,,0,True,NO_APLICA,variante marcada como no modelable,,
22260552,pull,sinArtefactosConservador,smote_tomek,SMO_SVM,,,,,,,,,,,,,,,0,True,NO_APLICA,variante marcada como no modelable,,
22260552,pull,sinArtefactosConservador,smote_tomek,RandomForest,,,,,,,,,,,,,,,0,True,NO_APLICA,variante marcada como no modelable,,
22260552,pull,sinArtefactosConservador,smote_tomek,MLP,,,,,,,,,,,,,,,0,True,NO_APLICA,variante marcada como no modelable,,
22260552,pull,sinArtefactosConservador,smote_tomek,IBk_kNN,,,,,,,,,,,,,,,0,True,NO_APLICA,variante marcada como no modelable,,
22260552,pull,sinArtefactosConservador,smote_tomek,RBFNetwork_aprox,,,,,,,,,,,,,,,0,True,NO_APLICA,variante marcada como no modelable,,
22260552,pull,sinArtefactosConservador,random_undersampling_controlado,SMO_SVM,,,,,,,,,,,,,,,0,True,NO_APLICA,variante marcada como no modelable,,
22260552,pull,sinArtefactosConservador,random_undersampling_controlado,RandomForest,,,,,,,,,,,,,,,0,True,NO_APLICA,variante marcada como no modelable,,
22260552,pull,sinArtefactosConservador,random_undersampling_controlado,MLP,,,,,,,,,,,,,,,0,True,NO_APLICA,variante marcada como no modelable,,
22260552,pull,sinArtefactosConservador,random_undersampling_controlado,IBk_kNN,,,,,,,,,,,,,,,0,True,NO_APLICA,variante marcada como no modelable,,
22260552,pull,sinArtefactosConservador,random_undersampling_controlado,RBFNetwork_aprox,,,,,,,,,,,,,,,0,True,NO_APLICA,variante marcada como no modelable,,
22260552,pull,sinArtefactosEstricto,sin_balanceo,SMO_SVM,,,,,,,,,,,,,,,0,True,NO_APLICA,variante marcada como no modelable,,
22260552,pull,sinArtefactosEstricto,sin_balanceo,RandomForest,,,,,,,,,,,,,,,0,True,NO_APLICA,variante marcada como no modelable,,
22260552,pull,sinArtefactosEstricto,sin_balanceo,MLP,,,,,,,,,,,,,,,0,True,NO_APLICA,variante marcada como no modelable,,
22260552,pull,sinArtefactosEstricto,sin_balanceo,IBk_kNN,,,,,,,,,,,,,,,0,True,NO_APLICA,variante marcada como no modelable,,
22260552,pull,sinArtefactosEstricto,sin_balanceo,RBFNetwork_aprox,,,,,,,,,,,,,,,0,True,NO_APLICA,variante marcada como no modelable,,
22260552,pull,sinArtefactosEstricto,random_oversampling,SMO_SVM,,,,,,,,,,,,,,,0,True,NO_APLICA,variante marcada como no modelable,,
22260552,pull,sinArtefactosEstricto,random_oversampling,RandomForest,,,,,,,,,,,,,,,0,True,NO_APLICA,variante marcada como no modelable,,
22260552,pull,sinArtefactosEstricto,random_oversampling,MLP,,,,,,,,,,,,,,,0,True,NO_APLICA,variante marcada como no modelable,,
22260552,pull,sinArtefactosEstricto,random_oversampling,IBk_kNN,,,,,,,,,,,,,,,0,True,NO_APLICA,variante marcada como no modelable,,
22260552,pull,sinArtefactosEstricto,random_oversampling,RBFNetwork_aprox,,,,,,,,,,,,,,,0,True,NO_APLICA,variante marcada como no modelable,,
22260552,pull,sinArtefactosEstricto,class_weight_balanced,SMO_SVM,,,,,,,,,,,,,,,0,True,NO_APLICA,variante marcada como no modelable,,
22260552,pull,sinArtefactosEstricto,class_weight_balanced,RandomForest,,,,,,,,,,,,,,,0,True,NO_APLICA,variante marcada como no modelable,,
22260552,pull,sinArtefactosEstricto,class_weight_balanced,MLP,,,,,,,,,,,,,,,0,True,NO_APLICA,variante marcada como no modelable,,
22260552,pull,sinArtefactosEstricto,class_weight_balanced,IBk_kNN,,,,,,,,,,,,,,,0,True,NO_APLICA,variante marcada como no modelable,,
22260552,pull,sinArtefactosEstricto,class_weight_balanced,RBFNetwork_aprox,,,,,,,,,,,,,,,0,True,NO_APLICA,variante marcada como no modelable,,
22260552,pull,sinArtefactosEstricto,smote,SMO_SVM,,,,,,,,,,,,,,,0,True,NO_APLICA,variante marcada como no modelable,,
22260552,pull,sinArtefactosEstricto,smote,RandomForest,,,,,,,,,,,,,,,0,True,NO_APLICA,variante marcada como no modelable,,
22260552,pull,sinArtefactosEstricto,smote,MLP,,,,,,,,,,,,,,,0,True,NO_APLICA,variante marcada como no modelable,,
22260552,pull,sinArtefactosEstricto,smote,IBk_kNN,,,,,,,,,,,,,,,0,True,NO_APLICA,variante marcada como no modelable,,
22260552,pull,sinArtefactosEstricto,smote,RBFNetwork_aprox,,,,,,,,,,,,,,,0,True,NO_APLICA,variante marcada como no modelable,,
22260552,pull,sinArtefactosEstricto,smote_tomek,SMO_SVM,,,,,,,,,,,,,,,0,True,NO_APLICA,variante marcada como no modelable,,
22260552,pull,sinArtefactosEstricto,smote_tomek,RandomForest,,,,,,,,,,,,,,,0,True,NO_APLICA,variante marcada como no modelable,,
22260552,pull,sinArtefactosEstricto,smote_tomek,MLP,,,,,,,,,,,,,,,0,True,NO_APLICA,variante marcada como no modelable,,
22260552,pull,sinArtefactosEstricto,smote_tomek,IBk_kNN,,,,,,,,,,,,,,,0,True,NO_APLICA,variante marcada como no modelable,,
22260552,pull,sinArtefactosEstricto,smote_tomek,RBFNetwork_aprox,,,,,,,,,,,,,,,0,True,NO_APLICA,variante marcada como no modelable,,
22260552,pull,sinArtefactosEstricto,random_undersampling_controlado,SMO_SVM,,,,,,,,,,,,,,,0,True,NO_APLICA,variante marcada como no modelable,,
22260552,pull,sinArtefactosEstricto,random_undersampling_controlado,RandomForest,,,,,,,,,,,,,,,0,True,NO_APLICA,variante marcada como no modelable,,
22260552,pull,sinArtefactosEstricto,random_undersampling_controlado,MLP,,,,,,,,,,,,,,,0,True,NO_APLICA,variante marcada como no modelable,,
22260552,pull,sinArtefactosEstricto,random_undersampling_controlado,IBk_kNN,,,,,,,,,,,,,,,0,True,NO_APLICA,variante marcada como no modelable,,
22260552,pull,sinArtefactosEstricto,random_undersampling_controlado,RBFNetwork_aprox,,,,,,,,,,,,,,,0,True,NO_APLICA,variante marcada como no modelable,,
22260552,push,noOutliers,sin_balanceo,SMO_SVM,,,,,,,,,,,,,,,0,True,NO_APLICA,menos de dos clases modelables,,
22260552,push,noOutliers,sin_balanceo,RandomForest,,,,,,,,,,,,,,,0,True,NO_APLICA,menos de dos clases modelables,,
22260552,push,noOutliers,sin_balanceo,MLP,,,,,,,,,,,,,,,0,True,NO_APLICA,menos de dos clases modelables,,
22260552,push,noOutliers,sin_balanceo,IBk_kNN,,,,,,,,,,,,,,,0,True,NO_APLICA,menos de dos clases modelables,,
22260552,push,noOutliers,sin_balanceo,RBFNetwork_aprox,,,,,,,,,,,,,,,0,True,NO_APLICA,menos de dos clases modelables,,
22260552,push,noOutliers,random_oversampling,SMO_SVM,,,,,,,,,,,,,,,0,True,NO_APLICA,menos de dos clases modelables,,
22260552,push,noOutliers,random_oversampling,RandomForest,,,,,,,,,,,,,,,0,True,NO_APLICA,menos de dos clases modelables,,
22260552,push,noOutliers,random_oversampling,MLP,,,,,,,,,,,,,,,0,True,NO_APLICA,menos de dos clases modelables,,
22260552,push,noOutliers,random_oversampling,IBk_kNN,,,,,,,,,,,,,,,0,True,NO_APLICA,menos de dos clases modelables,,
22260552,push,noOutliers,random_oversampling,RBFNetwork_aprox,,,,,,,,,,,,,,,0,True,NO_APLICA,menos de dos clases modelables,,
22260552,push,noOutliers,class_weight_balanced,SMO_SVM,,,,,,,,,,,,,,,0,True,NO_APLICA,menos de dos clases modelables,,
22260552,push,noOutliers,class_weight_balanced,RandomForest,,,,,,,,,,,,,,,0,True,NO_APLICA,menos de dos clases modelables,,
22260552,push,noOutliers,class_weight_balanced,MLP,,,,,,,,,,,,,,,0,True,NO_APLICA,menos de dos clases modelables,,
22260552,push,noOutliers,class_weight_balanced,IBk_kNN,,,,,,,,,,,,,,,0,True,NO_APLICA,menos de dos clases modelables,,
22260552,push,noOutliers,class_weight_balanced,RBFNetwork_aprox,,,,,,,,,,,,,,,0,True,NO_APLICA,menos de dos clases modelables,,
22260552,push,noOutliers,smote,SMO_SVM,,,,,,,,,,,,,,,0,True,NO_APLICA,menos de dos clases modelables,,
22260552,push,noOutliers,smote,RandomForest,,,,,,,,,,,,,,,0,True,NO_APLICA,menos de dos clases modelables,,
22260552,push,noOutliers,smote,MLP,,,,,,,,,,,,,,,0,True,NO_APLICA,menos de dos clases modelables,,
22260552,push,noOutliers,smote,IBk_kNN,,,,,,,,,,,,,,,0,True,NO_APLICA,menos de dos clases modelables,,
22260552,push,noOutliers,smote,RBFNetwork_aprox,,,,,,,,,,,,,,,0,True,NO_APLICA,menos de dos clases modelables,,
22260552,push,noOutliers,smote_tomek,SMO_SVM,,,,,,,,,,,,,,,0,True,NO_APLICA,menos de dos clases modelables,,
22260552,push,noOutliers,smote_tomek,RandomForest,,,,,,,,,,,,,,,0,True,NO_APLICA,menos de dos clases modelables,,
22260552,push,noOutliers,smote_tomek,MLP,,,,,,,,,,,,,,,0,True,NO_APLICA,menos de dos clases modelables,,
22260552,push,noOutliers,smote_tomek,IBk_kNN,,,,,,,,,,,,,,,0,True,NO_APLICA,menos de dos clases modelables,,
22260552,push,noOutliers,smote_tomek,RBFNetwork_aprox,,,,,,,,,,,,,,,0,True,NO_APLICA,menos de dos clases modelables,,
22260552,push,noOutliers,random_undersampling_controlado,SMO_SVM,,,,,,,,,,,,,,,0,True,NO_APLICA,menos de dos clases modelables,,
22260552,push,noOutliers,random_undersampling_controlado,RandomForest,,,,,,,,,,,,,,,0,True,NO_APLICA,menos de dos clases modelables,,
22260552,push,noOutliers,random_undersampling_controlado,MLP,,,,,,,,,,,,,,,0,True,NO_APLICA,menos de dos clases modelables,,
22260552,push,noOutliers,random_undersampling_controlado,IBk_kNN,,,,,,,,,,,,,,,0,True,NO_APLICA,menos de dos clases modelables,,
22260552,push,noOutliers,random_undersampling_controlado,RBFNetwork_aprox,,,,,,,,,,,,,,,0,True,NO_APLICA,menos de dos clases modelables,,
22260552,push,sinArtefactosConservador,sin_balanceo,SMO_SVM,,,,,,,,,,,,,,,0,True,NO_APLICA,variante marcada como no modelable,,
22260552,push,sinArtefactosConservador,sin_balanceo,RandomForest,,,,,,,,,,,,,,,0,True,NO_APLICA,variante marcada como no modelable,,
22260552,push,sinArtefactosConservador,sin_balanceo,MLP,,,,,,,,,,,,,,,0,True,NO_APLICA,variante marcada como no modelable,,
22260552,push,sinArtefactosConservador,sin_balanceo,IBk_kNN,,,,,,,,,,,,,,,0,True,NO_APLICA,variante marcada como no modelable,,
22260552,push,sinArtefactosConservador,sin_balanceo,RBFNetwork_aprox,,,,,,,,,,,,,,,0,True,NO_APLICA,variante marcada como no modelable,,
22260552,push,sinArtefactosConservador,random_oversampling,SMO_SVM,,,,,,,,,,,,,,,0,True,NO_APLICA,variante marcada como no modelable,,
22260552,push,sinArtefactosConservador,random_oversampling,RandomForest,,,,,,,,,,,,,,,0,True,NO_APLICA,variante marcada como no modelable,,
22260552,push,sinArtefactosConservador,random_oversampling,MLP,,,,,,,,,,,,,,,0,True,NO_APLICA,variante marcada como no modelable,,
22260552,push,sinArtefactosConservador,random_oversampling,IBk_kNN,,,,,,,,,,,,,,,0,True,NO_APLICA,variante marcada como no modelable,,
22260552,push,sinArtefactosConservador,random_oversampling,RBFNetwork_aprox,,,,,,,,,,,,,,,0,True,NO_APLICA,variante marcada como no modelable,,
22260552,push,sinArtefactosConservador,class_weight_balanced,SMO_SVM,,,,,,,,,,,,,,,0,True,NO_APLICA,variante marcada como no modelable,,
22260552,push,sinArtefactosConservador,class_weight_balanced,RandomForest,,,,,,,,,,,,,,,0,True,NO_APLICA,variante marcada como no modelable,,
22260552,push,sinArtefactosConservador,class_weight_balanced,MLP,,,,,,,,,,,,,,,0,True,NO_APLICA,variante marcada como no modelable,,
22260552,push,sinArtefactosConservador,class_weight_balanced,IBk_kNN,,,,,,,,,,,,,,,0,True,NO_APLICA,variante marcada como no modelable,,
22260552,push,sinArtefactosConservador,class_weight_balanced,RBFNetwork_aprox,,,,,,,,,,,,,,,0,True,NO_APLICA,variante marcada como no modelable,,
22260552,push,sinArtefactosConservador,smote,SMO_SVM,,,,,,,,,,,,,,,0,True,NO_APLICA,variante marcada como no modelable,,
22260552,push,sinArtefactosConservador,smote,RandomForest,,,,,,,,,,,,,,,0,True,NO_APLICA,variante marcada como no modelable,,
22260552,push,sinArtefactosConservador,smote,MLP,,,,,,,,,,,,,,,0,True,NO_APLICA,variante marcada como no modelable,,
22260552,push,sinArtefactosConservador,smote,IBk_kNN,,,,,,,,,,,,,,,0,True,NO_APLICA,variante marcada como no modelable,,
22260552,push,sinArtefactosConservador,smote,RBFNetwork_aprox,,,,,,,,,,,,,,,0,True,NO_APLICA,variante marcada como no modelable,,
22260552,push,sinArtefactosConservador,smote_tomek,SMO_SVM,,,,,,,,,,,,,,,0,True,NO_APLICA,variante marcada como no modelable,,
22260552,push,sinArtefactosConservador,smote_tomek,RandomForest,,,,,,,,,,,,,,,0,True,NO_APLICA,variante marcada como no modelable,,
22260552,push,sinArtefactosConservador,smote_tomek,MLP,,,,,,,,,,,,,,,0,True,NO_APLICA,variante marcada como no modelable,,
22260552,push,sinArtefactosConservador,smote_tomek,IBk_kNN,,,,,,,,,,,,,,,0,True,NO_APLICA,variante marcada como no modelable,,
22260552,push,sinArtefactosConservador,smote_tomek,RBFNetwork_aprox,,,,,,,,,,,,,,,0,True,NO_APLICA,variante marcada como no modelable,,
22260552,push,sinArtefactosConservador,random_undersampling_controlado,SMO_SVM,,,,,,,,,,,,,,,0,True,NO_APLICA,variante marcada como no modelable,,
22260552,push,sinArtefactosConservador,random_undersampling_controlado,RandomForest,,,,,,,,,,,,,,,0,True,NO_APLICA,variante marcada como no modelable,,
22260552,push,sinArtefactosConservador,random_undersampling_controlado,MLP,,,,,,,,,,,,,,,0,True,NO_APLICA,variante marcada como no modelable,,
22260552,push,sinArtefactosConservador,random_undersampling_controlado,IBk_kNN,,,,,,,,,,,,,,,0,True,NO_APLICA,variante marcada como no modelable,,
22260552,push,sinArtefactosConservador,random_undersampling_controlado,RBFNetwork_aprox,,,,,,,,,,,,,,,0,True,NO_APLICA,variante marcada como no modelable,,
22260552,push,sinArtefactosEstricto,sin_balanceo,SMO_SVM,,,,,,,,,,,,,,,0,True,NO_APLICA,variante marcada como no modelable,,
22260552,push,sinArtefactosEstricto,sin_balanceo,RandomForest,,,,,,,,,,,,,,,0,True,NO_APLICA,variante marcada como no modelable,,
22260552,push,sinArtefactosEstricto,sin_balanceo,MLP,,,,,,,,,,,,,,,0,True,NO_APLICA,variante marcada como no modelable,,
22260552,push,sinArtefactosEstricto,sin_balanceo,IBk_kNN,,,,,,,,,,,,,,,0,True,NO_APLICA,variante marcada como no modelable,,
22260552,push,sinArtefactosEstricto,sin_balanceo,RBFNetwork_aprox,,,,,,,,,,,,,,,0,True,NO_APLICA,variante marcada como no modelable,,
22260552,push,sinArtefactosEstricto,random_oversampling,SMO_SVM,,,,,,,,,,,,,,,0,True,NO_APLICA,variante marcada como no modelable,,
22260552,push,sinArtefactosEstricto,random_oversampling,RandomForest,,,,,,,,,,,,,,,0,True,NO_APLICA,variante marcada como no modelable,,
22260552,push,sinArtefactosEstricto,random_oversampling,MLP,,,,,,,,,,,,,,,0,True,NO_APLICA,variante marcada como no modelable,,
22260552,push,sinArtefactosEstricto,random_oversampling,IBk_kNN,,,,,,,,,,,,,,,0,True,NO_APLICA,variante marcada como no modelable,,
22260552,push,sinArtefactosEstricto,random_oversampling,RBFNetwork_aprox,,,,,,,,,,,,,,,0,True,NO_APLICA,variante marcada como no modelable,,
22260552,push,sinArtefactosEstricto,class_weight_balanced,SMO_SVM,,,,,,,,,,,,,,,0,True,NO_APLICA,variante marcada como no modelable,,
22260552,push,sinArtefactosEstricto,class_weight_balanced,RandomForest,,,,,,,,,,,,,,,0,True,NO_APLICA,variante marcada como no modelable,,
22260552,push,sinArtefactosEstricto,class_weight_balanced,MLP,,,,,,,,,,,,,,,0,True,NO_APLICA,variante marcada como no modelable,,
22260552,push,sinArtefactosEstricto,class_weight_balanced,IBk_kNN,,,,,,,,,,,,,,,0,True,NO_APLICA,variante marcada como no modelable,,
22260552,push,sinArtefactosEstricto,class_weight_balanced,RBFNetwork_aprox,,,,,,,,,,,,,,,0,True,NO_APLICA,variante marcada como no modelable,,
22260552,push,sinArtefactosEstricto,smote,SMO_SVM,,,,,,,,,,,,,,,0,True,NO_APLICA,variante marcada como no modelable,,
22260552,push,sinArtefactosEstricto,smote,RandomForest,,,,,,,,,,,,,,,0,True,NO_APLICA,variante marcada como no modelable,,
22260552,push,sinArtefactosEstricto,smote,MLP,,,,,,,,,,,,,,,0,True,NO_APLICA,variante marcada como no modelable,,
22260552,push,sinArtefactosEstricto,smote,IBk_kNN,,,,,,,,,,,,,,,0,True,NO_APLICA,variante marcada como no modelable,,
22260552,push,sinArtefactosEstricto,smote,RBFNetwork_aprox,,,,,,,,,,,,,,,0,True,NO_APLICA,variante marcada como no modelable,,
22260552,push,sinArtefactosEstricto,smote_tomek,SMO_SVM,,,,,,,,,,,,,,,0,True,NO_APLICA,variante marcada como no modelable,,
22260552,push,sinArtefactosEstricto,smote_tomek,RandomForest,,,,,,,,,,,,,,,0,True,NO_APLICA,variante marcada como no modelable,,
22260552,push,sinArtefactosEstricto,smote_tomek,MLP,,,,,,,,,,,,,,,0,True,NO_APLICA,variante marcada como no modelable,,
22260552,push,sinArtefactosEstricto,smote_tomek,IBk_kNN,,,,,,,,,,,,,,,0,True,NO_APLICA,variante marcada como no modelable,,
22260552,push,sinArtefactosEstricto,smote_tomek,RBFNetwork_aprox,,,,,,,,,,,,,,,0,True,NO_APLICA,variante marcada como no modelable,,
22260552,push,sinArtefactosEstricto,random_undersampling_controlado,SMO_SVM,,,,,,,,,,,,,,,0,True,NO_APLICA,variante marcada como no modelable,,
22260552,push,sinArtefactosEstricto,random_undersampling_controlado,RandomForest,,,,,,,,,,,,,,,0,True,NO_APLICA,variante marcada como no modelable,,
22260552,push,sinArtefactosEstricto,random_undersampling_controlado,MLP,,,,,,,,,,,,,,,0,True,NO_APLICA,variante marcada como no modelable,,
22260552,push,sinArtefactosEstricto,random_undersampling_controlado,IBk_kNN,,,,,,,,,,,,,,,0,True,NO_APLICA,variante marcada como no modelable,,
22260552,push,sinArtefactosEstricto,random_undersampling_controlado,RBFNetwork_aprox,,,,,,,,,,,,,,,0,True,NO_APLICA,variante marcada como no modelable,,
22260552,right,noOutliers,sin_balanceo,SMO_SVM,,,,,,,,,,,,,,,0,True,NO_APLICA,menos de dos clases modelables,,
22260552,right,noOutliers,sin_balanceo,RandomForest,,,,,,,,,,,,,,,0,True,NO_APLICA,menos de dos clases modelables,,
22260552,right,noOutliers,sin_balanceo,MLP,,,,,,,,,,,,,,,0,True,NO_APLICA,menos de dos clases modelables,,
22260552,right,noOutliers,sin_balanceo,IBk_kNN,,,,,,,,,,,,,,,0,True,NO_APLICA,menos de dos clases modelables,,
22260552,right,noOutliers,sin_balanceo,RBFNetwork_aprox,,,,,,,,,,,,,,,0,True,NO_APLICA,menos de dos clases modelables,,
22260552,right,noOutliers,random_oversampling,SMO_SVM,,,,,,,,,,,,,,,0,True,NO_APLICA,menos de dos clases modelables,,
22260552,right,noOutliers,random_oversampling,RandomForest,,,,,,,,,,,,,,,0,True,NO_APLICA,menos de dos clases modelables,,
22260552,right,noOutliers,random_oversampling,MLP,,,,,,,,,,,,,,,0,True,NO_APLICA,menos de dos clases modelables,,
22260552,right,noOutliers,random_oversampling,IBk_kNN,,,,,,,,,,,,,,,0,True,NO_APLICA,menos de dos clases modelables,,
22260552,right,noOutliers,random_oversampling,RBFNetwork_aprox,,,,,,,,,,,,,,,0,True,NO_APLICA,menos de dos clases modelables,,
22260552,right,noOutliers,class_weight_balanced,SMO_SVM,,,,,,,,,,,,,,,0,True,NO_APLICA,menos de dos clases modelables,,
22260552,right,noOutliers,class_weight_balanced,RandomForest,,,,,,,,,,,,,,,0,True,NO_APLICA,menos de dos clases modelables,,
22260552,right,noOutliers,class_weight_balanced,MLP,,,,,,,,,,,,,,,0,True,NO_APLICA,menos de dos clases modelables,,
22260552,right,noOutliers,class_weight_balanced,IBk_kNN,,,,,,,,,,,,,,,0,True,NO_APLICA,menos de dos clases modelables,,
22260552,right,noOutliers,class_weight_balanced,RBFNetwork_aprox,,,,,,,,,,,,,,,0,True,NO_APLICA,menos de dos clases modelables,,
22260552,right,noOutliers,smote,SMO_SVM,,,,,,,,,,,,,,,0,True,NO_APLICA,menos de dos clases modelables,,
22260552,right,noOutliers,smote,RandomForest,,,,,,,,,,,,,,,0,True,NO_APLICA,menos de dos clases modelables,,
22260552,right,noOutliers,smote,MLP,,,,,,,,,,,,,,,0,True,NO_APLICA,menos de dos clases modelables,,
22260552,right,noOutliers,smote,IBk_kNN,,,,,,,,,,,,,,,0,True,NO_APLICA,menos de dos clases modelables,,
22260552,right,noOutliers,smote,RBFNetwork_aprox,,,,,,,,,,,,,,,0,True,NO_APLICA,menos de dos clases modelables,,
22260552,right,noOutliers,smote_tomek,SMO_SVM,,,,,,,,,,,,,,,0,True,NO_APLICA,menos de dos clases modelables,,
22260552,right,noOutliers,smote_tomek,RandomForest,,,,,,,,,,,,,,,0,True,NO_APLICA,menos de dos clases modelables,,
22260552,right,noOutliers,smote_tomek,MLP,,,,,,,,,,,,,,,0,True,NO_APLICA,menos de dos clases modelables,,
22260552,right,noOutliers,smote_tomek,IBk_kNN,,,,,,,,,,,,,,,0,True,NO_APLICA,menos de dos clases modelables,,
22260552,right,noOutliers,smote_tomek,RBFNetwork_aprox,,,,,,,,,,,,,,,0,True,NO_APLICA,menos de dos clases modelables,,
22260552,right,noOutliers,random_undersampling_controlado,SMO_SVM,,,,,,,,,,,,,,,0,True,NO_APLICA,menos de dos clases modelables,,
22260552,right,noOutliers,random_undersampling_controlado,RandomForest,,,,,,,,,,,,,,,0,True,NO_APLICA,menos de dos clases modelables,,
22260552,right,noOutliers,random_undersampling_controlado,MLP,,,,,,,,,,,,,,,0,True,NO_APLICA,menos de dos clases modelables,,
22260552,right,noOutliers,random_undersampling_controlado,IBk_kNN,,,,,,,,,,,,,,,0,True,NO_APLICA,menos de dos clases modelables,,
22260552,right,noOutliers,random_undersampling_controlado,RBFNetwork_aprox,,,,,,,,,,,,,,,0,True,NO_APLICA,menos de dos clases modelables,,
22260552,right,sinArtefactosConservador,sin_balanceo,SMO_SVM,,,,,,,,,,,,,,,0,True,NO_APLICA,variante marcada como no modelable,,
22260552,right,sinArtefactosConservador,sin_balanceo,RandomForest,,,,,,,,,,,,,,,0,True,NO_APLICA,variante marcada como no modelable,,
22260552,right,sinArtefactosConservador,sin_balanceo,MLP,,,,,,,,,,,,,,,0,True,NO_APLICA,variante marcada como no modelable,,
22260552,right,sinArtefactosConservador,sin_balanceo,IBk_kNN,,,,,,,,,,,,,,,0,True,NO_APLICA,variante marcada como no modelable,,
22260552,right,sinArtefactosConservador,sin_balanceo,RBFNetwork_aprox,,,,,,,,,,,,,,,0,True,NO_APLICA,variante marcada como no modelable,,
22260552,right,sinArtefactosConservador,random_oversampling,SMO_SVM,,,,,,,,,,,,,,,0,True,NO_APLICA,variante marcada como no modelable,,
22260552,right,sinArtefactosConservador,random_oversampling,RandomForest,,,,,,,,,,,,,,,0,True,NO_APLICA,variante marcada como no modelable,,
22260552,right,sinArtefactosConservador,random_oversampling,MLP,,,,,,,,,,,,,,,0,True,NO_APLICA,variante marcada como no modelable,,
22260552,right,sinArtefactosConservador,random_oversampling,IBk_kNN,,,,,,,,,,,,,,,0,True,NO_APLICA,variante marcada como no modelable,,
22260552,right,sinArtefactosConservador,random_oversampling,RBFNetwork_aprox,,,,,,,,,,,,,,,0,True,NO_APLICA,variante marcada como no modelable,,
22260552,right,sinArtefactosConservador,class_weight_balanced,SMO_SVM,,,,,,,,,,,,,,,0,True,NO_APLICA,variante marcada como no modelable,,
22260552,right,sinArtefactosConservador,class_weight_balanced,RandomForest,,,,,,,,,,,,,,,0,True,NO_APLICA,variante marcada como no modelable,,
22260552,right,sinArtefactosConservador,class_weight_balanced,MLP,,,,,,,,,,,,,,,0,True,NO_APLICA,variante marcada como no modelable,,
22260552,right,sinArtefactosConservador,class_weight_balanced,IBk_kNN,,,,,,,,,,,,,,,0,True,NO_APLICA,variante marcada como no modelable,,
22260552,right,sinArtefactosConservador,class_weight_balanced,RBFNetwork_aprox,,,,,,,,,,,,,,,0,True,NO_APLICA,variante marcada como no modelable,,
22260552,right,sinArtefactosConservador,smote,SMO_SVM,,,,,,,,,,,,,,,0,True,NO_APLICA,variante marcada como no modelable,,
22260552,right,sinArtefactosConservador,smote,RandomForest,,,,,,,,,,,,,,,0,True,NO_APLICA,variante marcada como no modelable,,
22260552,right,sinArtefactosConservador,smote,MLP,,,,,,,,,,,,,,,0,True,NO_APLICA,variante marcada como no modelable,,
22260552,right,sinArtefactosConservador,smote,IBk_kNN,,,,,,,,,,,,,,,0,True,NO_APLICA,variante marcada como no modelable,,
22260552,right,sinArtefactosConservador,smote,RBFNetwork_aprox,,,,,,,,,,,,,,,0,True,NO_APLICA,variante marcada como no modelable,,
22260552,right,sinArtefactosConservador,smote_tomek,SMO_SVM,,,,,,,,,,,,,,,0,True,NO_APLICA,variante marcada como no modelable,,
22260552,right,sinArtefactosConservador,smote_tomek,RandomForest,,,,,,,,,,,,,,,0,True,NO_APLICA,variante marcada como no modelable,,
22260552,right,sinArtefactosConservador,smote_tomek,MLP,,,,,,,,,,,,,,,0,True,NO_APLICA,variante marcada como no modelable,,
22260552,right,sinArtefactosConservador,smote_tomek,IBk_kNN,,,,,,,,,,,,,,,0,True,NO_APLICA,variante marcada como no modelable,,
22260552,right,sinArtefactosConservador,smote_tomek,RBFNetwork_aprox,,,,,,,,,,,,,,,0,True,NO_APLICA,variante marcada como no modelable,,
22260552,right,sinArtefactosConservador,random_undersampling_controlado,SMO_SVM,,,,,,,,,,,,,,,0,True,NO_APLICA,variante marcada como no modelable,,
22260552,right,sinArtefactosConservador,random_undersampling_controlado,RandomForest,,,,,,,,,,,,,,,0,True,NO_APLICA,variante marcada como no modelable,,
22260552,right,sinArtefactosConservador,random_undersampling_controlado,MLP,,,,,,,,,,,,,,,0,True,NO_APLICA,variante marcada como no modelable,,
22260552,right,sinArtefactosConservador,random_undersampling_controlado,IBk_kNN,,,,,,,,,,,,,,,0,True,NO_APLICA,variante marcada como no modelable,,
22260552,right,sinArtefactosConservador,random_undersampling_controlado,RBFNetwork_aprox,,,,,,,,,,,,,,,0,True,NO_APLICA,variante marcada como no modelable,,
22260552,right,sinArtefactosEstricto,sin_balanceo,SMO_SVM,,,,,,,,,,,,,,,0,True,NO_APLICA,variante marcada como no modelable,,
22260552,right,sinArtefactosEstricto,sin_balanceo,RandomForest,,,,,,,,,,,,,,,0,True,NO_APLICA,variante marcada como no modelable,,
22260552,right,sinArtefactosEstricto,sin_balanceo,MLP,,,,,,,,,,,,,,,0,True,NO_APLICA,variante marcada como no modelable,,
22260552,right,sinArtefactosEstricto,sin_balanceo,IBk_kNN,,,,,,,,,,,,,,,0,True,NO_APLICA,variante marcada como no modelable,,
22260552,right,sinArtefactosEstricto,sin_balanceo,RBFNetwork_aprox,,,,,,,,,,,,,,,0,True,NO_APLICA,variante marcada como no modelable,,
22260552,right,sinArtefactosEstricto,random_oversampling,SMO_SVM,,,,,,,,,,,,,,,0,True,NO_APLICA,variante marcada como no modelable,,
22260552,right,sinArtefactosEstricto,random_oversampling,RandomForest,,,,,,,,,,,,,,,0,True,NO_APLICA,variante marcada como no modelable,,
22260552,right,sinArtefactosEstricto,random_oversampling,MLP,,,,,,,,,,,,,,,0,True,NO_APLICA,variante marcada como no modelable,,
22260552,right,sinArtefactosEstricto,random_oversampling,IBk_kNN,,,,,,,,,,,,,,,0,True,NO_APLICA,variante marcada como no modelable,,
22260552,right,sinArtefactosEstricto,random_oversampling,RBFNetwork_aprox,,,,,,,,,,,,,,,0,True,NO_APLICA,variante marcada como no modelable,,
22260552,right,sinArtefactosEstricto,class_weight_balanced,SMO_SVM,,,,,,,,,,,,,,,0,True,NO_APLICA,variante marcada como no modelable,,
22260552,right,sinArtefactosEstricto,class_weight_balanced,RandomForest,,,,,,,,,,,,,,,0,True,NO_APLICA,variante marcada como no modelable,,
22260552,right,sinArtefactosEstricto,class_weight_balanced,MLP,,,,,,,,,,,,,,,0,True,NO_APLICA,variante marcada como no modelable,,
22260552,right,sinArtefactosEstricto,class_weight_balanced,IBk_kNN,,,,,,,,,,,,,,,0,True,NO_APLICA,variante marcada como no modelable,,
22260552,right,sinArtefactosEstricto,class_weight_balanced,RBFNetwork_aprox,,,,,,,,,,,,,,,0,True,NO_APLICA,variante marcada como no modelable,,
22260552,right,sinArtefactosEstricto,smote,SMO_SVM,,,,,,,,,,,,,,,0,True,NO_APLICA,variante marcada como no modelable,,
22260552,right,sinArtefactosEstricto,smote,RandomForest,,,,,,,,,,,,,,,0,True,NO_APLICA,variante marcada como no modelable,,
22260552,right,sinArtefactosEstricto,smote,MLP,,,,,,,,,,,,,,,0,True,NO_APLICA,variante marcada como no modelable,,
22260552,right,sinArtefactosEstricto,smote,IBk_kNN,,,,,,,,,,,,,,,0,True,NO_APLICA,variante marcada como no modelable,,
22260552,right,sinArtefactosEstricto,smote,RBFNetwork_aprox,,,,,,,,,,,,,,,0,True,NO_APLICA,variante marcada como no modelable,,
22260552,right,sinArtefactosEstricto,smote_tomek,SMO_SVM,,,,,,,,,,,,,,,0,True,NO_APLICA,variante marcada como no modelable,,
22260552,right,sinArtefactosEstricto,smote_tomek,RandomForest,,,,,,,,,,,,,,,0,True,NO_APLICA,variante marcada como no modelable,,
22260552,right,sinArtefactosEstricto,smote_tomek,MLP,,,,,,,,,,,,,,,0,True,NO_APLICA,variante marcada como no modelable,,
22260552,right,sinArtefactosEstricto,smote_tomek,IBk_kNN,,,,,,,,,,,,,,,0,True,NO_APLICA,variante marcada como no modelable,,
22260552,right,sinArtefactosEstricto,smote_tomek,RBFNetwork_aprox,,,,,,,,,,,,,,,0,True,NO_APLICA,variante marcada como no modelable,,
22260552,right,sinArtefactosEstricto,random_undersampling_controlado,SMO_SVM,,,,,,,,,,,,,,,0,True,NO_APLICA,variante marcada como no modelable,,
22260552,right,sinArtefactosEstricto,random_undersampling_controlado,RandomForest,,,,,,,,,,,,,,,0,True,NO_APLICA,variante marcada como no modelable,,
22260552,right,sinArtefactosEstricto,random_undersampling_controlado,MLP,,,,,,,,,,,,,,,0,True,NO_APLICA,variante marcada como no modelable,,
22260552,right,sinArtefactosEstricto,random_undersampling_controlado,IBk_kNN,,,,,,,,,,,,,,,0,True,NO_APLICA,variante marcada como no modelable,,
22260552,right,sinArtefactosEstricto,random_undersampling_controlado,RBFNetwork_aprox,,,,,,,,,,,,,,,0,True,NO_APLICA,variante marcada como no modelable,,
231260558,all,noOutliers,sin_balanceo,SMO_SVM,71.51,69.78,0.5652,0.694,0.718,0.5803,0.8468,0.8906,0.4734,0.5114,0.8836,0.8769,0.4944,0.8933,64,False,no,Recall crítico bajo en: right,bloques,5.0
231260558,all,noOutliers,sin_balanceo,RandomForest,76.61,72.17,0.621,0.7435,0.7536,0.4715,0.9387,0.8594,0.617,0.6741,0.7772,0.9322,0.7436,0.9078,64,False,no,Recall crítico bajo en: left,bloques,5.0
231260558,all,noOutliers,sin_balanceo,MLP,80.71,77.59,0.6976,0.7826,0.8021,0.5699,0.93,0.875,0.7287,0.6918,0.8656,0.8889,0.7249,0.9443,64,False,SI,,bloques,5.0
231260558,all,noOutliers,sin_balanceo,IBk_kNN,74.06,71.27,0.5889,0.7128,0.7321,0.5492,0.884,0.875,0.5426,0.6883,0.7829,0.7778,0.6375,0.8039,64,False,no,,bloques,5.0
231260558,all,noOutliers,sin_balanceo,RBFNetwork_aprox,79.71,73.44,0.681,0.76,0.7943,0.6269,0.9322,0.7031,0.6755,0.6505,0.8712,0.9574,0.7056,0.935,64,False,SI,,bloques,5.0
231260558,all,noOutliers,random_oversampling,SMO_SVM,71.51,69.92,0.5659,0.6905,0.7172,0.6062,0.8425,0.8906,0.4574,0.5177,0.883,0.8382,0.5,0.8763,64,False,no,Recall crítico bajo en: right,bloques,5.0
231260558,all,noOutliers,random_oversampling,RandomForest,79.49,75.33,0.6683,0.7798,0.7861,0.5544,0.9453,0.8594,0.6543,0.7643,0.7883,0.9483,0.7885,0.9152,64,False,SI,,bloques,5.0
231260558,all,noOutliers,random_oversampling,MLP,80.49,78.52,0.6982,0.7811,0.8017,0.5699,0.9037,0.8906,0.7766,0.7051,0.8844,0.8507,0.6887,0.9378,64,False,SI,,bloques,5.0
231260558,all,noOutliers,random_oversampling,IBk_kNN,72.39,68.83,0.5612,0.6932,0.7149,0.5233,0.8753,0.8281,0.5266,0.6392,0.7692,0.7794,0.6346,0.7882,64,False,no,,bloques,5.0
231260558,all,noOutliers,random_oversampling,RBFNetwork_aprox,79.71,74.09,0.6815,0.7652,0.7949,0.6373,0.9212,0.7188,0.6862,0.6613,0.8663,0.9583,0.7088,0.9437,64,False,SI,,bloques,5.0
231260558,all,noOutliers,class_weight_balanced,SMO_SVM,71.29,69.59,0.562,0.6921,0.716,0.5751,0.8446,0.8906,0.4734,0.5023,0.8833,0.8769,0.4972,0.8915,64,False,no,Recall crítico bajo en: right,bloques,5.0
231260558,all,noOutliers,class_weight_balanced,RandomForest,78.49,73.4,0.6467,0.7574,0.7709,0.487,0.9672,0.8594,0.6223,0.8034,0.7621,0.8594,0.8298,0.9097,64,False,no,Recall crítico bajo en: left,bloques,5.0
231260558,all,noOutliers,class_weight_balanced,MLP,,,,,,,,,,,,,,,64,False,NO_APLICA,class_weight no soportado por este modelo,,
231260558,all,noOutliers,class_weight_balanced,IBk_kNN,,,,,,,,,,,,,,,64,False,NO_APLICA,class_weight no soportado por este modelo,,
231260558,all,noOutliers,class_weight_balanced,RBFNetwork_aprox,79.27,74.43,0.6779,0.7641,0.7931,0.6477,0.9037,0.7344,0.6915,0.625,0.8863,0.9592,0.6952,0.9413,64,False,SI,,bloques,5.0
231260558,all,noOutliers,smote,SMO_SVM,72.17,70.72,0.5757,0.699,0.7238,0.6062,0.8425,0.8906,0.4894,0.5342,0.879,0.8382,0.5198,0.8771,64,False,no,Recall crítico bajo en: right,bloques,5.0
231260558,all,noOutliers,smote,RandomForest,78.16,75.51,0.6558,0.7678,0.7775,0.5959,0.895,0.8594,0.6702,0.6609,0.818,0.9016,0.7545,0.9196,64,False,SI,,bloques,5.0
231260558,all,noOutliers,smote,MLP,79.27,77.04,0.6801,0.7656,0.7902,0.5596,0.8972,0.875,0.75,0.6708,0.8874,0.8358,0.6651,0.935,64,False,SI,,bloques,5.0
231260558,all,noOutliers,smote,IBk_kNN,71.06,71.04,0.5654,0.6887,0.7151,0.6062,0.7746,0.8438,0.617,0.5519,0.8592,0.7013,0.5771,0.8038,64,False,no,,bloques,5.0
231260558,all,noOutliers,smote,RBFNetwork_aprox,79.05,73.22,0.6689,0.759,0.7867,0.6166,0.9234,0.7188,0.6702,0.6761,0.8457,0.9583,0.7039,0.9405,64,False,SI,,bloques,5.0
231260558,all,noOutliers,smote_tomek,SMO_SVM,71.51,70.17,0.5655,0.6939,0.7174,0.5803,0.8359,0.8906,0.5,0.5234,0.8721,0.8382,0.5165,0.8806,64,False,no,,bloques,5.0
231260558,all,noOutliers,smote_tomek,RandomForest,77.16,74.09,0.6391,0.7538,0.7663,0.5855,0.9015,0.8594,0.617,0.6494,0.8158,0.9016,0.716,0.9185,64,False,SI,,bloques,5.0
231260558,all,noOutliers,smote_tomek,MLP,79.93,77.78,0.6899,0.7736,0.7966,0.5648,0.9059,0.8906,0.75,0.6899,0.8903,0.8507,0.6651,0.9334,64,False,SI,,bloques,5.0
231260558,all,noOutliers,smote_tomek,IBk_kNN,71.06,71.04,0.5654,0.6887,0.7151,0.6062,0.7746,0.8438,0.617,0.5519,0.8592,0.7013,0.5771,0.8038,64,False,no,,bloques,5.0
231260558,all,noOutliers,smote_tomek,RBFNetwork_aprox,78.94,73.17,0.6676,0.7578,0.7859,0.6166,0.9212,0.7188,0.6702,0.6648,0.8488,0.9583,0.7039,0.9404,64,False,SI,,bloques,5.0
231260558,all,noOutliers,random_undersampling_controlado,SMO_SVM,71.62,71.43,0.5711,0.6993,0.7206,0.5648,0.8118,0.9062,0.5745,0.545,0.8791,0.8056,0.5192,0.8824,64,False,no,,bloques,5.0
231260558,all,noOutliers,random_undersampling_controlado,RandomForest,75.06,75.13,0.6221,0.7433,0.7537,0.6373,0.8009,0.8594,0.7074,0.6029,0.8632,0.8462,0.6364,0.9015,64,False,SI,,bloques,5.0
231260558,all,noOutliers,random_undersampling_controlado,MLP,80.04,78.7,0.6943,0.7818,0.801,0.6528,0.8753,0.875,0.7447,0.6923,0.8949,0.8485,0.6763,0.9374,64,False,SI,,bloques,5.0
231260558,all,noOutliers,random_undersampling_controlado,IBk_kNN,70.18,70.54,0.5469,0.6791,0.7018,0.5648,0.7812,0.8906,0.5851,0.5707,0.8132,0.6706,0.5882,0.7976,64,False,no,,bloques,5.0
231260558,all,noOutliers,random_undersampling_controlado,RBFNetwork_aprox,78.94,75.84,0.678,0.7704,0.7936,0.7098,0.8665,0.7656,0.6915,0.6089,0.9103,0.9608,0.6806,0.9323,64,False,SI,,bloques,5.0
231260558,all,sinArtefactosConservador,sin_balanceo,SMO_SVM,,,,,,,,,,,,,,,0,True,NO_APLICA,variante marcada como no modelable,,
231260558,all,sinArtefactosConservador,sin_balanceo,RandomForest,,,,,,,,,,,,,,,0,True,NO_APLICA,variante marcada como no modelable,,
231260558,all,sinArtefactosConservador,sin_balanceo,MLP,,,,,,,,,,,,,,,0,True,NO_APLICA,variante marcada como no modelable,,
231260558,all,sinArtefactosConservador,sin_balanceo,IBk_kNN,,,,,,,,,,,,,,,0,True,NO_APLICA,variante marcada como no modelable,,
231260558,all,sinArtefactosConservador,sin_balanceo,RBFNetwork_aprox,,,,,,,,,,,,,,,0,True,NO_APLICA,variante marcada como no modelable,,
231260558,all,sinArtefactosConservador,random_oversampling,SMO_SVM,,,,,,,,,,,,,,,0,True,NO_APLICA,variante marcada como no modelable,,
231260558,all,sinArtefactosConservador,random_oversampling,RandomForest,,,,,,,,,,,,,,,0,True,NO_APLICA,variante marcada como no modelable,,
231260558,all,sinArtefactosConservador,random_oversampling,MLP,,,,,,,,,,,,,,,0,True,NO_APLICA,variante marcada como no modelable,,
231260558,all,sinArtefactosConservador,random_oversampling,IBk_kNN,,,,,,,,,,,,,,,0,True,NO_APLICA,variante marcada como no modelable,,
231260558,all,sinArtefactosConservador,random_oversampling,RBFNetwork_aprox,,,,,,,,,,,,,,,0,True,NO_APLICA,variante marcada como no modelable,,
231260558,all,sinArtefactosConservador,class_weight_balanced,SMO_SVM,,,,,,,,,,,,,,,0,True,NO_APLICA,variante marcada como no modelable,,
231260558,all,sinArtefactosConservador,class_weight_balanced,RandomForest,,,,,,,,,,,,,,,0,True,NO_APLICA,variante marcada como no modelable,,
231260558,all,sinArtefactosConservador,class_weight_balanced,MLP,,,,,,,,,,,,,,,0,True,NO_APLICA,variante marcada como no modelable,,
231260558,all,sinArtefactosConservador,class_weight_balanced,IBk_kNN,,,,,,,,,,,,,,,0,True,NO_APLICA,variante marcada como no modelable,,
231260558,all,sinArtefactosConservador,class_weight_balanced,RBFNetwork_aprox,,,,,,,,,,,,,,,0,True,NO_APLICA,variante marcada como no modelable,,
231260558,all,sinArtefactosConservador,smote,SMO_SVM,,,,,,,,,,,,,,,0,True,NO_APLICA,variante marcada como no modelable,,
231260558,all,sinArtefactosConservador,smote,RandomForest,,,,,,,,,,,,,,,0,True,NO_APLICA,variante marcada como no modelable,,
231260558,all,sinArtefactosConservador,smote,MLP,,,,,,,,,,,,,,,0,True,NO_APLICA,variante marcada como no modelable,,
231260558,all,sinArtefactosConservador,smote,IBk_kNN,,,,,,,,,,,,,,,0,True,NO_APLICA,variante marcada como no modelable,,
231260558,all,sinArtefactosConservador,smote,RBFNetwork_aprox,,,,,,,,,,,,,,,0,True,NO_APLICA,variante marcada como no modelable,,
231260558,all,sinArtefactosConservador,smote_tomek,SMO_SVM,,,,,,,,,,,,,,,0,True,NO_APLICA,variante marcada como no modelable,,
231260558,all,sinArtefactosConservador,smote_tomek,RandomForest,,,,,,,,,,,,,,,0,True,NO_APLICA,variante marcada como no modelable,,
231260558,all,sinArtefactosConservador,smote_tomek,MLP,,,,,,,,,,,,,,,0,True,NO_APLICA,variante marcada como no modelable,,
231260558,all,sinArtefactosConservador,smote_tomek,IBk_kNN,,,,,,,,,,,,,,,0,True,NO_APLICA,variante marcada como no modelable,,
231260558,all,sinArtefactosConservador,smote_tomek,RBFNetwork_aprox,,,,,,,,,,,,,,,0,True,NO_APLICA,variante marcada como no modelable,,
231260558,all,sinArtefactosConservador,random_undersampling_controlado,SMO_SVM,,,,,,,,,,,,,,,0,True,NO_APLICA,variante marcada como no modelable,,
231260558,all,sinArtefactosConservador,random_undersampling_controlado,RandomForest,,,,,,,,,,,,,,,0,True,NO_APLICA,variante marcada como no modelable,,
231260558,all,sinArtefactosConservador,random_undersampling_controlado,MLP,,,,,,,,,,,,,,,0,True,NO_APLICA,variante marcada como no modelable,,
231260558,all,sinArtefactosConservador,random_undersampling_controlado,IBk_kNN,,,,,,,,,,,,,,,0,True,NO_APLICA,variante marcada como no modelable,,
231260558,all,sinArtefactosConservador,random_undersampling_controlado,RBFNetwork_aprox,,,,,,,,,,,,,,,0,True,NO_APLICA,variante marcada como no modelable,,
231260558,all,sinArtefactosEstricto,sin_balanceo,SMO_SVM,,,,,,,,,,,,,,,0,True,NO_APLICA,variante marcada como no modelable,,
231260558,all,sinArtefactosEstricto,sin_balanceo,RandomForest,,,,,,,,,,,,,,,0,True,NO_APLICA,variante marcada como no modelable,,
231260558,all,sinArtefactosEstricto,sin_balanceo,MLP,,,,,,,,,,,,,,,0,True,NO_APLICA,variante marcada como no modelable,,
231260558,all,sinArtefactosEstricto,sin_balanceo,IBk_kNN,,,,,,,,,,,,,,,0,True,NO_APLICA,variante marcada como no modelable,,
231260558,all,sinArtefactosEstricto,sin_balanceo,RBFNetwork_aprox,,,,,,,,,,,,,,,0,True,NO_APLICA,variante marcada como no modelable,,
231260558,all,sinArtefactosEstricto,random_oversampling,SMO_SVM,,,,,,,,,,,,,,,0,True,NO_APLICA,variante marcada como no modelable,,
231260558,all,sinArtefactosEstricto,random_oversampling,RandomForest,,,,,,,,,,,,,,,0,True,NO_APLICA,variante marcada como no modelable,,
231260558,all,sinArtefactosEstricto,random_oversampling,MLP,,,,,,,,,,,,,,,0,True,NO_APLICA,variante marcada como no modelable,,
231260558,all,sinArtefactosEstricto,random_oversampling,IBk_kNN,,,,,,,,,,,,,,,0,True,NO_APLICA,variante marcada como no modelable,,
231260558,all,sinArtefactosEstricto,random_oversampling,RBFNetwork_aprox,,,,,,,,,,,,,,,0,True,NO_APLICA,variante marcada como no modelable,,
231260558,all,sinArtefactosEstricto,class_weight_balanced,SMO_SVM,,,,,,,,,,,,,,,0,True,NO_APLICA,variante marcada como no modelable,,
231260558,all,sinArtefactosEstricto,class_weight_balanced,RandomForest,,,,,,,,,,,,,,,0,True,NO_APLICA,variante marcada como no modelable,,
231260558,all,sinArtefactosEstricto,class_weight_balanced,MLP,,,,,,,,,,,,,,,0,True,NO_APLICA,variante marcada como no modelable,,
231260558,all,sinArtefactosEstricto,class_weight_balanced,IBk_kNN,,,,,,,,,,,,,,,0,True,NO_APLICA,variante marcada como no modelable,,
231260558,all,sinArtefactosEstricto,class_weight_balanced,RBFNetwork_aprox,,,,,,,,,,,,,,,0,True,NO_APLICA,variante marcada como no modelable,,
231260558,all,sinArtefactosEstricto,smote,SMO_SVM,,,,,,,,,,,,,,,0,True,NO_APLICA,variante marcada como no modelable,,
231260558,all,sinArtefactosEstricto,smote,RandomForest,,,,,,,,,,,,,,,0,True,NO_APLICA,variante marcada como no modelable,,
231260558,all,sinArtefactosEstricto,smote,MLP,,,,,,,,,,,,,,,0,True,NO_APLICA,variante marcada como no modelable,,
231260558,all,sinArtefactosEstricto,smote,IBk_kNN,,,,,,,,,,,,,,,0,True,NO_APLICA,variante marcada como no modelable,,
231260558,all,sinArtefactosEstricto,smote,RBFNetwork_aprox,,,,,,,,,,,,,,,0,True,NO_APLICA,variante marcada como no modelable,,
231260558,all,sinArtefactosEstricto,smote_tomek,SMO_SVM,,,,,,,,,,,,,,,0,True,NO_APLICA,variante marcada como no modelable,,
231260558,all,sinArtefactosEstricto,smote_tomek,RandomForest,,,,,,,,,,,,,,,0,True,NO_APLICA,variante marcada como no modelable,,
231260558,all,sinArtefactosEstricto,smote_tomek,MLP,,,,,,,,,,,,,,,0,True,NO_APLICA,variante marcada como no modelable,,
231260558,all,sinArtefactosEstricto,smote_tomek,IBk_kNN,,,,,,,,,,,,,,,0,True,NO_APLICA,variante marcada como no modelable,,
231260558,all,sinArtefactosEstricto,smote_tomek,RBFNetwork_aprox,,,,,,,,,,,,,,,0,True,NO_APLICA,variante marcada como no modelable,,
231260558,all,sinArtefactosEstricto,random_undersampling_controlado,SMO_SVM,,,,,,,,,,,,,,,0,True,NO_APLICA,variante marcada como no modelable,,
231260558,all,sinArtefactosEstricto,random_undersampling_controlado,RandomForest,,,,,,,,,,,,,,,0,True,NO_APLICA,variante marcada como no modelable,,
231260558,all,sinArtefactosEstricto,random_undersampling_controlado,MLP,,,,,,,,,,,,,,,0,True,NO_APLICA,variante marcada como no modelable,,
231260558,all,sinArtefactosEstricto,random_undersampling_controlado,IBk_kNN,,,,,,,,,,,,,,,0,True,NO_APLICA,variante marcada como no modelable,,
231260558,all,sinArtefactosEstricto,random_undersampling_controlado,RBFNetwork_aprox,,,,,,,,,,,,,,,0,True,NO_APLICA,variante marcada como no modelable,,
231260558,left,noOutliers,sin_balanceo,SMO_SVM,,,,,,,,,,,,,,,0,True,NO_APLICA,menos de dos clases modelables,,
231260558,left,noOutliers,sin_balanceo,RandomForest,,,,,,,,,,,,,,,0,True,NO_APLICA,menos de dos clases modelables,,
231260558,left,noOutliers,sin_balanceo,MLP,,,,,,,,,,,,,,,0,True,NO_APLICA,menos de dos clases modelables,,
231260558,left,noOutliers,sin_balanceo,IBk_kNN,,,,,,,,,,,,,,,0,True,NO_APLICA,menos de dos clases modelables,,
231260558,left,noOutliers,sin_balanceo,RBFNetwork_aprox,,,,,,,,,,,,,,,0,True,NO_APLICA,menos de dos clases modelables,,
231260558,left,noOutliers,random_oversampling,SMO_SVM,,,,,,,,,,,,,,,0,True,NO_APLICA,menos de dos clases modelables,,
231260558,left,noOutliers,random_oversampling,RandomForest,,,,,,,,,,,,,,,0,True,NO_APLICA,menos de dos clases modelables,,
231260558,left,noOutliers,random_oversampling,MLP,,,,,,,,,,,,,,,0,True,NO_APLICA,menos de dos clases modelables,,
231260558,left,noOutliers,random_oversampling,IBk_kNN,,,,,,,,,,,,,,,0,True,NO_APLICA,menos de dos clases modelables,,
231260558,left,noOutliers,random_oversampling,RBFNetwork_aprox,,,,,,,,,,,,,,,0,True,NO_APLICA,menos de dos clases modelables,,
231260558,left,noOutliers,class_weight_balanced,SMO_SVM,,,,,,,,,,,,,,,0,True,NO_APLICA,menos de dos clases modelables,,
231260558,left,noOutliers,class_weight_balanced,RandomForest,,,,,,,,,,,,,,,0,True,NO_APLICA,menos de dos clases modelables,,
231260558,left,noOutliers,class_weight_balanced,MLP,,,,,,,,,,,,,,,0,True,NO_APLICA,menos de dos clases modelables,,
231260558,left,noOutliers,class_weight_balanced,IBk_kNN,,,,,,,,,,,,,,,0,True,NO_APLICA,menos de dos clases modelables,,
231260558,left,noOutliers,class_weight_balanced,RBFNetwork_aprox,,,,,,,,,,,,,,,0,True,NO_APLICA,menos de dos clases modelables,,
231260558,left,noOutliers,smote,SMO_SVM,,,,,,,,,,,,,,,0,True,NO_APLICA,menos de dos clases modelables,,
231260558,left,noOutliers,smote,RandomForest,,,,,,,,,,,,,,,0,True,NO_APLICA,menos de dos clases modelables,,
231260558,left,noOutliers,smote,MLP,,,,,,,,,,,,,,,0,True,NO_APLICA,menos de dos clases modelables,,
231260558,left,noOutliers,smote,IBk_kNN,,,,,,,,,,,,,,,0,True,NO_APLICA,menos de dos clases modelables,,
231260558,left,noOutliers,smote,RBFNetwork_aprox,,,,,,,,,,,,,,,0,True,NO_APLICA,menos de dos clases modelables,,
231260558,left,noOutliers,smote_tomek,SMO_SVM,,,,,,,,,,,,,,,0,True,NO_APLICA,menos de dos clases modelables,,
231260558,left,noOutliers,smote_tomek,RandomForest,,,,,,,,,,,,,,,0,True,NO_APLICA,menos de dos clases modelables,,
231260558,left,noOutliers,smote_tomek,MLP,,,,,,,,,,,,,,,0,True,NO_APLICA,menos de dos clases modelables,,
231260558,left,noOutliers,smote_tomek,IBk_kNN,,,,,,,,,,,,,,,0,True,NO_APLICA,menos de dos clases modelables,,
231260558,left,noOutliers,smote_tomek,RBFNetwork_aprox,,,,,,,,,,,,,,,0,True,NO_APLICA,menos de dos clases modelables,,
231260558,left,noOutliers,random_undersampling_controlado,SMO_SVM,,,,,,,,,,,,,,,0,True,NO_APLICA,menos de dos clases modelables,,
231260558,left,noOutliers,random_undersampling_controlado,RandomForest,,,,,,,,,,,,,,,0,True,NO_APLICA,menos de dos clases modelables,,
231260558,left,noOutliers,random_undersampling_controlado,MLP,,,,,,,,,,,,,,,0,True,NO_APLICA,menos de dos clases modelables,,
231260558,left,noOutliers,random_undersampling_controlado,IBk_kNN,,,,,,,,,,,,,,,0,True,NO_APLICA,menos de dos clases modelables,,
231260558,left,noOutliers,random_undersampling_controlado,RBFNetwork_aprox,,,,,,,,,,,,,,,0,True,NO_APLICA,menos de dos clases modelables,,
231260558,left,sinArtefactosConservador,sin_balanceo,SMO_SVM,,,,,,,,,,,,,,,0,True,NO_APLICA,variante marcada como no modelable,,
231260558,left,sinArtefactosConservador,sin_balanceo,RandomForest,,,,,,,,,,,,,,,0,True,NO_APLICA,variante marcada como no modelable,,
231260558,left,sinArtefactosConservador,sin_balanceo,MLP,,,,,,,,,,,,,,,0,True,NO_APLICA,variante marcada como no modelable,,
231260558,left,sinArtefactosConservador,sin_balanceo,IBk_kNN,,,,,,,,,,,,,,,0,True,NO_APLICA,variante marcada como no modelable,,
231260558,left,sinArtefactosConservador,sin_balanceo,RBFNetwork_aprox,,,,,,,,,,,,,,,0,True,NO_APLICA,variante marcada como no modelable,,
231260558,left,sinArtefactosConservador,random_oversampling,SMO_SVM,,,,,,,,,,,,,,,0,True,NO_APLICA,variante marcada como no modelable,,
231260558,left,sinArtefactosConservador,random_oversampling,RandomForest,,,,,,,,,,,,,,,0,True,NO_APLICA,variante marcada como no modelable,,
231260558,left,sinArtefactosConservador,random_oversampling,MLP,,,,,,,,,,,,,,,0,True,NO_APLICA,variante marcada como no modelable,,
231260558,left,sinArtefactosConservador,random_oversampling,IBk_kNN,,,,,,,,,,,,,,,0,True,NO_APLICA,variante marcada como no modelable,,
231260558,left,sinArtefactosConservador,random_oversampling,RBFNetwork_aprox,,,,,,,,,,,,,,,0,True,NO_APLICA,variante marcada como no modelable,,
231260558,left,sinArtefactosConservador,class_weight_balanced,SMO_SVM,,,,,,,,,,,,,,,0,True,NO_APLICA,variante marcada como no modelable,,
231260558,left,sinArtefactosConservador,class_weight_balanced,RandomForest,,,,,,,,,,,,,,,0,True,NO_APLICA,variante marcada como no modelable,,
231260558,left,sinArtefactosConservador,class_weight_balanced,MLP,,,,,,,,,,,,,,,0,True,NO_APLICA,variante marcada como no modelable,,
231260558,left,sinArtefactosConservador,class_weight_balanced,IBk_kNN,,,,,,,,,,,,,,,0,True,NO_APLICA,variante marcada como no modelable,,
231260558,left,sinArtefactosConservador,class_weight_balanced,RBFNetwork_aprox,,,,,,,,,,,,,,,0,True,NO_APLICA,variante marcada como no modelable,,
231260558,left,sinArtefactosConservador,smote,SMO_SVM,,,,,,,,,,,,,,,0,True,NO_APLICA,variante marcada como no modelable,,
231260558,left,sinArtefactosConservador,smote,RandomForest,,,,,,,,,,,,,,,0,True,NO_APLICA,variante marcada como no modelable,,
231260558,left,sinArtefactosConservador,smote,MLP,,,,,,,,,,,,,,,0,True,NO_APLICA,variante marcada como no modelable,,
231260558,left,sinArtefactosConservador,smote,IBk_kNN,,,,,,,,,,,,,,,0,True,NO_APLICA,variante marcada como no modelable,,
231260558,left,sinArtefactosConservador,smote,RBFNetwork_aprox,,,,,,,,,,,,,,,0,True,NO_APLICA,variante marcada como no modelable,,
231260558,left,sinArtefactosConservador,smote_tomek,SMO_SVM,,,,,,,,,,,,,,,0,True,NO_APLICA,variante marcada como no modelable,,
231260558,left,sinArtefactosConservador,smote_tomek,RandomForest,,,,,,,,,,,,,,,0,True,NO_APLICA,variante marcada como no modelable,,
231260558,left,sinArtefactosConservador,smote_tomek,MLP,,,,,,,,,,,,,,,0,True,NO_APLICA,variante marcada como no modelable,,
231260558,left,sinArtefactosConservador,smote_tomek,IBk_kNN,,,,,,,,,,,,,,,0,True,NO_APLICA,variante marcada como no modelable,,
231260558,left,sinArtefactosConservador,smote_tomek,RBFNetwork_aprox,,,,,,,,,,,,,,,0,True,NO_APLICA,variante marcada como no modelable,,
231260558,left,sinArtefactosConservador,random_undersampling_controlado,SMO_SVM,,,,,,,,,,,,,,,0,True,NO_APLICA,variante marcada como no modelable,,
231260558,left,sinArtefactosConservador,random_undersampling_controlado,RandomForest,,,,,,,,,,,,,,,0,True,NO_APLICA,variante marcada como no modelable,,
231260558,left,sinArtefactosConservador,random_undersampling_controlado,MLP,,,,,,,,,,,,,,,0,True,NO_APLICA,variante marcada como no modelable,,
231260558,left,sinArtefactosConservador,random_undersampling_controlado,IBk_kNN,,,,,,,,,,,,,,,0,True,NO_APLICA,variante marcada como no modelable,,
231260558,left,sinArtefactosConservador,random_undersampling_controlado,RBFNetwork_aprox,,,,,,,,,,,,,,,0,True,NO_APLICA,variante marcada como no modelable,,
231260558,left,sinArtefactosEstricto,sin_balanceo,SMO_SVM,,,,,,,,,,,,,,,0,True,NO_APLICA,variante marcada como no modelable,,
231260558,left,sinArtefactosEstricto,sin_balanceo,RandomForest,,,,,,,,,,,,,,,0,True,NO_APLICA,variante marcada como no modelable,,
231260558,left,sinArtefactosEstricto,sin_balanceo,MLP,,,,,,,,,,,,,,,0,True,NO_APLICA,variante marcada como no modelable,,
231260558,left,sinArtefactosEstricto,sin_balanceo,IBk_kNN,,,,,,,,,,,,,,,0,True,NO_APLICA,variante marcada como no modelable,,
231260558,left,sinArtefactosEstricto,sin_balanceo,RBFNetwork_aprox,,,,,,,,,,,,,,,0,True,NO_APLICA,variante marcada como no modelable,,
231260558,left,sinArtefactosEstricto,random_oversampling,SMO_SVM,,,,,,,,,,,,,,,0,True,NO_APLICA,variante marcada como no modelable,,
231260558,left,sinArtefactosEstricto,random_oversampling,RandomForest,,,,,,,,,,,,,,,0,True,NO_APLICA,variante marcada como no modelable,,
231260558,left,sinArtefactosEstricto,random_oversampling,MLP,,,,,,,,,,,,,,,0,True,NO_APLICA,variante marcada como no modelable,,
231260558,left,sinArtefactosEstricto,random_oversampling,IBk_kNN,,,,,,,,,,,,,,,0,True,NO_APLICA,variante marcada como no modelable,,
231260558,left,sinArtefactosEstricto,random_oversampling,RBFNetwork_aprox,,,,,,,,,,,,,,,0,True,NO_APLICA,variante marcada como no modelable,,
231260558,left,sinArtefactosEstricto,class_weight_balanced,SMO_SVM,,,,,,,,,,,,,,,0,True,NO_APLICA,variante marcada como no modelable,,
231260558,left,sinArtefactosEstricto,class_weight_balanced,RandomForest,,,,,,,,,,,,,,,0,True,NO_APLICA,variante marcada como no modelable,,
231260558,left,sinArtefactosEstricto,class_weight_balanced,MLP,,,,,,,,,,,,,,,0,True,NO_APLICA,variante marcada como no modelable,,
231260558,left,sinArtefactosEstricto,class_weight_balanced,IBk_kNN,,,,,,,,,,,,,,,0,True,NO_APLICA,variante marcada como no modelable,,
231260558,left,sinArtefactosEstricto,class_weight_balanced,RBFNetwork_aprox,,,,,,,,,,,,,,,0,True,NO_APLICA,variante marcada como no modelable,,
231260558,left,sinArtefactosEstricto,smote,SMO_SVM,,,,,,,,,,,,,,,0,True,NO_APLICA,variante marcada como no modelable,,
231260558,left,sinArtefactosEstricto,smote,RandomForest,,,,,,,,,,,,,,,0,True,NO_APLICA,variante marcada como no modelable,,
231260558,left,sinArtefactosEstricto,smote,MLP,,,,,,,,,,,,,,,0,True,NO_APLICA,variante marcada como no modelable,,
231260558,left,sinArtefactosEstricto,smote,IBk_kNN,,,,,,,,,,,,,,,0,True,NO_APLICA,variante marcada como no modelable,,
231260558,left,sinArtefactosEstricto,smote,RBFNetwork_aprox,,,,,,,,,,,,,,,0,True,NO_APLICA,variante marcada como no modelable,,
231260558,left,sinArtefactosEstricto,smote_tomek,SMO_SVM,,,,,,,,,,,,,,,0,True,NO_APLICA,variante marcada como no modelable,,
231260558,left,sinArtefactosEstricto,smote_tomek,RandomForest,,,,,,,,,,,,,,,0,True,NO_APLICA,variante marcada como no modelable,,
231260558,left,sinArtefactosEstricto,smote_tomek,MLP,,,,,,,,,,,,,,,0,True,NO_APLICA,variante marcada como no modelable,,
231260558,left,sinArtefactosEstricto,smote_tomek,IBk_kNN,,,,,,,,,,,,,,,0,True,NO_APLICA,variante marcada como no modelable,,
231260558,left,sinArtefactosEstricto,smote_tomek,RBFNetwork_aprox,,,,,,,,,,,,,,,0,True,NO_APLICA,variante marcada como no modelable,,
231260558,left,sinArtefactosEstricto,random_undersampling_controlado,SMO_SVM,,,,,,,,,,,,,,,0,True,NO_APLICA,variante marcada como no modelable,,
231260558,left,sinArtefactosEstricto,random_undersampling_controlado,RandomForest,,,,,,,,,,,,,,,0,True,NO_APLICA,variante marcada como no modelable,,
231260558,left,sinArtefactosEstricto,random_undersampling_controlado,MLP,,,,,,,,,,,,,,,0,True,NO_APLICA,variante marcada como no modelable,,
231260558,left,sinArtefactosEstricto,random_undersampling_controlado,IBk_kNN,,,,,,,,,,,,,,,0,True,NO_APLICA,variante marcada como no modelable,,
231260558,left,sinArtefactosEstricto,random_undersampling_controlado,RBFNetwork_aprox,,,,,,,,,,,,,,,0,True,NO_APLICA,variante marcada como no modelable,,
231260558,pull,noOutliers,sin_balanceo,SMO_SVM,,,,,,,,,,,,,,,0,True,NO_APLICA,menos de dos clases modelables,,
231260558,pull,noOutliers,sin_balanceo,RandomForest,,,,,,,,,,,,,,,0,True,NO_APLICA,menos de dos clases modelables,,
231260558,pull,noOutliers,sin_balanceo,MLP,,,,,,,,,,,,,,,0,True,NO_APLICA,menos de dos clases modelables,,
231260558,pull,noOutliers,sin_balanceo,IBk_kNN,,,,,,,,,,,,,,,0,True,NO_APLICA,menos de dos clases modelables,,
231260558,pull,noOutliers,sin_balanceo,RBFNetwork_aprox,,,,,,,,,,,,,,,0,True,NO_APLICA,menos de dos clases modelables,,
231260558,pull,noOutliers,random_oversampling,SMO_SVM,,,,,,,,,,,,,,,0,True,NO_APLICA,menos de dos clases modelables,,
231260558,pull,noOutliers,random_oversampling,RandomForest,,,,,,,,,,,,,,,0,True,NO_APLICA,menos de dos clases modelables,,
231260558,pull,noOutliers,random_oversampling,MLP,,,,,,,,,,,,,,,0,True,NO_APLICA,menos de dos clases modelables,,
231260558,pull,noOutliers,random_oversampling,IBk_kNN,,,,,,,,,,,,,,,0,True,NO_APLICA,menos de dos clases modelables,,
231260558,pull,noOutliers,random_oversampling,RBFNetwork_aprox,,,,,,,,,,,,,,,0,True,NO_APLICA,menos de dos clases modelables,,
231260558,pull,noOutliers,class_weight_balanced,SMO_SVM,,,,,,,,,,,,,,,0,True,NO_APLICA,menos de dos clases modelables,,
231260558,pull,noOutliers,class_weight_balanced,RandomForest,,,,,,,,,,,,,,,0,True,NO_APLICA,menos de dos clases modelables,,
231260558,pull,noOutliers,class_weight_balanced,MLP,,,,,,,,,,,,,,,0,True,NO_APLICA,menos de dos clases modelables,,
231260558,pull,noOutliers,class_weight_balanced,IBk_kNN,,,,,,,,,,,,,,,0,True,NO_APLICA,menos de dos clases modelables,,
231260558,pull,noOutliers,class_weight_balanced,RBFNetwork_aprox,,,,,,,,,,,,,,,0,True,NO_APLICA,menos de dos clases modelables,,
231260558,pull,noOutliers,smote,SMO_SVM,,,,,,,,,,,,,,,0,True,NO_APLICA,menos de dos clases modelables,,
231260558,pull,noOutliers,smote,RandomForest,,,,,,,,,,,,,,,0,True,NO_APLICA,menos de dos clases modelables,,
231260558,pull,noOutliers,smote,MLP,,,,,,,,,,,,,,,0,True,NO_APLICA,menos de dos clases modelables,,
231260558,pull,noOutliers,smote,IBk_kNN,,,,,,,,,,,,,,,0,True,NO_APLICA,menos de dos clases modelables,,
231260558,pull,noOutliers,smote,RBFNetwork_aprox,,,,,,,,,,,,,,,0,True,NO_APLICA,menos de dos clases modelables,,
231260558,pull,noOutliers,smote_tomek,SMO_SVM,,,,,,,,,,,,,,,0,True,NO_APLICA,menos de dos clases modelables,,
231260558,pull,noOutliers,smote_tomek,RandomForest,,,,,,,,,,,,,,,0,True,NO_APLICA,menos de dos clases modelables,,
231260558,pull,noOutliers,smote_tomek,MLP,,,,,,,,,,,,,,,0,True,NO_APLICA,menos de dos clases modelables,,
231260558,pull,noOutliers,smote_tomek,IBk_kNN,,,,,,,,,,,,,,,0,True,NO_APLICA,menos de dos clases modelables,,
231260558,pull,noOutliers,smote_tomek,RBFNetwork_aprox,,,,,,,,,,,,,,,0,True,NO_APLICA,menos de dos clases modelables,,
231260558,pull,noOutliers,random_undersampling_controlado,SMO_SVM,,,,,,,,,,,,,,,0,True,NO_APLICA,menos de dos clases modelables,,
231260558,pull,noOutliers,random_undersampling_controlado,RandomForest,,,,,,,,,,,,,,,0,True,NO_APLICA,menos de dos clases modelables,,
231260558,pull,noOutliers,random_undersampling_controlado,MLP,,,,,,,,,,,,,,,0,True,NO_APLICA,menos de dos clases modelables,,
231260558,pull,noOutliers,random_undersampling_controlado,IBk_kNN,,,,,,,,,,,,,,,0,True,NO_APLICA,menos de dos clases modelables,,
231260558,pull,noOutliers,random_undersampling_controlado,RBFNetwork_aprox,,,,,,,,,,,,,,,0,True,NO_APLICA,menos de dos clases modelables,,
231260558,pull,sinArtefactosConservador,sin_balanceo,SMO_SVM,,,,,,,,,,,,,,,0,True,NO_APLICA,variante marcada como no modelable,,
231260558,pull,sinArtefactosConservador,sin_balanceo,RandomForest,,,,,,,,,,,,,,,0,True,NO_APLICA,variante marcada como no modelable,,
231260558,pull,sinArtefactosConservador,sin_balanceo,MLP,,,,,,,,,,,,,,,0,True,NO_APLICA,variante marcada como no modelable,,
231260558,pull,sinArtefactosConservador,sin_balanceo,IBk_kNN,,,,,,,,,,,,,,,0,True,NO_APLICA,variante marcada como no modelable,,
231260558,pull,sinArtefactosConservador,sin_balanceo,RBFNetwork_aprox,,,,,,,,,,,,,,,0,True,NO_APLICA,variante marcada como no modelable,,
231260558,pull,sinArtefactosConservador,random_oversampling,SMO_SVM,,,,,,,,,,,,,,,0,True,NO_APLICA,variante marcada como no modelable,,
231260558,pull,sinArtefactosConservador,random_oversampling,RandomForest,,,,,,,,,,,,,,,0,True,NO_APLICA,variante marcada como no modelable,,
231260558,pull,sinArtefactosConservador,random_oversampling,MLP,,,,,,,,,,,,,,,0,True,NO_APLICA,variante marcada como no modelable,,
231260558,pull,sinArtefactosConservador,random_oversampling,IBk_kNN,,,,,,,,,,,,,,,0,True,NO_APLICA,variante marcada como no modelable,,
231260558,pull,sinArtefactosConservador,random_oversampling,RBFNetwork_aprox,,,,,,,,,,,,,,,0,True,NO_APLICA,variante marcada como no modelable,,
231260558,pull,sinArtefactosConservador,class_weight_balanced,SMO_SVM,,,,,,,,,,,,,,,0,True,NO_APLICA,variante marcada como no modelable,,
231260558,pull,sinArtefactosConservador,class_weight_balanced,RandomForest,,,,,,,,,,,,,,,0,True,NO_APLICA,variante marcada como no modelable,,
231260558,pull,sinArtefactosConservador,class_weight_balanced,MLP,,,,,,,,,,,,,,,0,True,NO_APLICA,variante marcada como no modelable,,
231260558,pull,sinArtefactosConservador,class_weight_balanced,IBk_kNN,,,,,,,,,,,,,,,0,True,NO_APLICA,variante marcada como no modelable,,
231260558,pull,sinArtefactosConservador,class_weight_balanced,RBFNetwork_aprox,,,,,,,,,,,,,,,0,True,NO_APLICA,variante marcada como no modelable,,
231260558,pull,sinArtefactosConservador,smote,SMO_SVM,,,,,,,,,,,,,,,0,True,NO_APLICA,variante marcada como no modelable,,
231260558,pull,sinArtefactosConservador,smote,RandomForest,,,,,,,,,,,,,,,0,True,NO_APLICA,variante marcada como no modelable,,
231260558,pull,sinArtefactosConservador,smote,MLP,,,,,,,,,,,,,,,0,True,NO_APLICA,variante marcada como no modelable,,
231260558,pull,sinArtefactosConservador,smote,IBk_kNN,,,,,,,,,,,,,,,0,True,NO_APLICA,variante marcada como no modelable,,
231260558,pull,sinArtefactosConservador,smote,RBFNetwork_aprox,,,,,,,,,,,,,,,0,True,NO_APLICA,variante marcada como no modelable,,
231260558,pull,sinArtefactosConservador,smote_tomek,SMO_SVM,,,,,,,,,,,,,,,0,True,NO_APLICA,variante marcada como no modelable,,
231260558,pull,sinArtefactosConservador,smote_tomek,RandomForest,,,,,,,,,,,,,,,0,True,NO_APLICA,variante marcada como no modelable,,
231260558,pull,sinArtefactosConservador,smote_tomek,MLP,,,,,,,,,,,,,,,0,True,NO_APLICA,variante marcada como no modelable,,
231260558,pull,sinArtefactosConservador,smote_tomek,IBk_kNN,,,,,,,,,,,,,,,0,True,NO_APLICA,variante marcada como no modelable,,
231260558,pull,sinArtefactosConservador,smote_tomek,RBFNetwork_aprox,,,,,,,,,,,,,,,0,True,NO_APLICA,variante marcada como no modelable,,
231260558,pull,sinArtefactosConservador,random_undersampling_controlado,SMO_SVM,,,,,,,,,,,,,,,0,True,NO_APLICA,variante marcada como no modelable,,
231260558,pull,sinArtefactosConservador,random_undersampling_controlado,RandomForest,,,,,,,,,,,,,,,0,True,NO_APLICA,variante marcada como no modelable,,
231260558,pull,sinArtefactosConservador,random_undersampling_controlado,MLP,,,,,,,,,,,,,,,0,True,NO_APLICA,variante marcada como no modelable,,
231260558,pull,sinArtefactosConservador,random_undersampling_controlado,IBk_kNN,,,,,,,,,,,,,,,0,True,NO_APLICA,variante marcada como no modelable,,
231260558,pull,sinArtefactosConservador,random_undersampling_controlado,RBFNetwork_aprox,,,,,,,,,,,,,,,0,True,NO_APLICA,variante marcada como no modelable,,
231260558,pull,sinArtefactosEstricto,sin_balanceo,SMO_SVM,,,,,,,,,,,,,,,0,True,NO_APLICA,variante marcada como no modelable,,
231260558,pull,sinArtefactosEstricto,sin_balanceo,RandomForest,,,,,,,,,,,,,,,0,True,NO_APLICA,variante marcada como no modelable,,
231260558,pull,sinArtefactosEstricto,sin_balanceo,MLP,,,,,,,,,,,,,,,0,True,NO_APLICA,variante marcada como no modelable,,
231260558,pull,sinArtefactosEstricto,sin_balanceo,IBk_kNN,,,,,,,,,,,,,,,0,True,NO_APLICA,variante marcada como no modelable,,
231260558,pull,sinArtefactosEstricto,sin_balanceo,RBFNetwork_aprox,,,,,,,,,,,,,,,0,True,NO_APLICA,variante marcada como no modelable,,
231260558,pull,sinArtefactosEstricto,random_oversampling,SMO_SVM,,,,,,,,,,,,,,,0,True,NO_APLICA,variante marcada como no modelable,,
231260558,pull,sinArtefactosEstricto,random_oversampling,RandomForest,,,,,,,,,,,,,,,0,True,NO_APLICA,variante marcada como no modelable,,
231260558,pull,sinArtefactosEstricto,random_oversampling,MLP,,,,,,,,,,,,,,,0,True,NO_APLICA,variante marcada como no modelable,,
231260558,pull,sinArtefactosEstricto,random_oversampling,IBk_kNN,,,,,,,,,,,,,,,0,True,NO_APLICA,variante marcada como no modelable,,
231260558,pull,sinArtefactosEstricto,random_oversampling,RBFNetwork_aprox,,,,,,,,,,,,,,,0,True,NO_APLICA,variante marcada como no modelable,,
231260558,pull,sinArtefactosEstricto,class_weight_balanced,SMO_SVM,,,,,,,,,,,,,,,0,True,NO_APLICA,variante marcada como no modelable,,
231260558,pull,sinArtefactosEstricto,class_weight_balanced,RandomForest,,,,,,,,,,,,,,,0,True,NO_APLICA,variante marcada como no modelable,,
231260558,pull,sinArtefactosEstricto,class_weight_balanced,MLP,,,,,,,,,,,,,,,0,True,NO_APLICA,variante marcada como no modelable,,
231260558,pull,sinArtefactosEstricto,class_weight_balanced,IBk_kNN,,,,,,,,,,,,,,,0,True,NO_APLICA,variante marcada como no modelable,,
231260558,pull,sinArtefactosEstricto,class_weight_balanced,RBFNetwork_aprox,,,,,,,,,,,,,,,0,True,NO_APLICA,variante marcada como no modelable,,
231260558,pull,sinArtefactosEstricto,smote,SMO_SVM,,,,,,,,,,,,,,,0,True,NO_APLICA,variante marcada como no modelable,,
231260558,pull,sinArtefactosEstricto,smote,RandomForest,,,,,,,,,,,,,,,0,True,NO_APLICA,variante marcada como no modelable,,
231260558,pull,sinArtefactosEstricto,smote,MLP,,,,,,,,,,,,,,,0,True,NO_APLICA,variante marcada como no modelable,,
231260558,pull,sinArtefactosEstricto,smote,IBk_kNN,,,,,,,,,,,,,,,0,True,NO_APLICA,variante marcada como no modelable,,
231260558,pull,sinArtefactosEstricto,smote,RBFNetwork_aprox,,,,,,,,,,,,,,,0,True,NO_APLICA,variante marcada como no modelable,,
231260558,pull,sinArtefactosEstricto,smote_tomek,SMO_SVM,,,,,,,,,,,,,,,0,True,NO_APLICA,variante marcada como no modelable,,
231260558,pull,sinArtefactosEstricto,smote_tomek,RandomForest,,,,,,,,,,,,,,,0,True,NO_APLICA,variante marcada como no modelable,,
231260558,pull,sinArtefactosEstricto,smote_tomek,MLP,,,,,,,,,,,,,,,0,True,NO_APLICA,variante marcada como no modelable,,
231260558,pull,sinArtefactosEstricto,smote_tomek,IBk_kNN,,,,,,,,,,,,,,,0,True,NO_APLICA,variante marcada como no modelable,,
231260558,pull,sinArtefactosEstricto,smote_tomek,RBFNetwork_aprox,,,,,,,,,,,,,,,0,True,NO_APLICA,variante marcada como no modelable,,
231260558,pull,sinArtefactosEstricto,random_undersampling_controlado,SMO_SVM,,,,,,,,,,,,,,,0,True,NO_APLICA,variante marcada como no modelable,,
231260558,pull,sinArtefactosEstricto,random_undersampling_controlado,RandomForest,,,,,,,,,,,,,,,0,True,NO_APLICA,variante marcada como no modelable,,
231260558,pull,sinArtefactosEstricto,random_undersampling_controlado,MLP,,,,,,,,,,,,,,,0,True,NO_APLICA,variante marcada como no modelable,,
231260558,pull,sinArtefactosEstricto,random_undersampling_controlado,IBk_kNN,,,,,,,,,,,,,,,0,True,NO_APLICA,variante marcada como no modelable,,
231260558,pull,sinArtefactosEstricto,random_undersampling_controlado,RBFNetwork_aprox,,,,,,,,,,,,,,,0,True,NO_APLICA,variante marcada como no modelable,,
231260558,push,noOutliers,sin_balanceo,SMO_SVM,,,,,,,,,,,,,,,0,True,NO_APLICA,menos de dos clases modelables,,
231260558,push,noOutliers,sin_balanceo,RandomForest,,,,,,,,,,,,,,,0,True,NO_APLICA,menos de dos clases modelables,,
231260558,push,noOutliers,sin_balanceo,MLP,,,,,,,,,,,,,,,0,True,NO_APLICA,menos de dos clases modelables,,
231260558,push,noOutliers,sin_balanceo,IBk_kNN,,,,,,,,,,,,,,,0,True,NO_APLICA,menos de dos clases modelables,,
231260558,push,noOutliers,sin_balanceo,RBFNetwork_aprox,,,,,,,,,,,,,,,0,True,NO_APLICA,menos de dos clases modelables,,
231260558,push,noOutliers,random_oversampling,SMO_SVM,,,,,,,,,,,,,,,0,True,NO_APLICA,menos de dos clases modelables,,
231260558,push,noOutliers,random_oversampling,RandomForest,,,,,,,,,,,,,,,0,True,NO_APLICA,menos de dos clases modelables,,
231260558,push,noOutliers,random_oversampling,MLP,,,,,,,,,,,,,,,0,True,NO_APLICA,menos de dos clases modelables,,
231260558,push,noOutliers,random_oversampling,IBk_kNN,,,,,,,,,,,,,,,0,True,NO_APLICA,menos de dos clases modelables,,
231260558,push,noOutliers,random_oversampling,RBFNetwork_aprox,,,,,,,,,,,,,,,0,True,NO_APLICA,menos de dos clases modelables,,
231260558,push,noOutliers,class_weight_balanced,SMO_SVM,,,,,,,,,,,,,,,0,True,NO_APLICA,menos de dos clases modelables,,
231260558,push,noOutliers,class_weight_balanced,RandomForest,,,,,,,,,,,,,,,0,True,NO_APLICA,menos de dos clases modelables,,
231260558,push,noOutliers,class_weight_balanced,MLP,,,,,,,,,,,,,,,0,True,NO_APLICA,menos de dos clases modelables,,
231260558,push,noOutliers,class_weight_balanced,IBk_kNN,,,,,,,,,,,,,,,0,True,NO_APLICA,menos de dos clases modelables,,
231260558,push,noOutliers,class_weight_balanced,RBFNetwork_aprox,,,,,,,,,,,,,,,0,True,NO_APLICA,menos de dos clases modelables,,
231260558,push,noOutliers,smote,SMO_SVM,,,,,,,,,,,,,,,0,True,NO_APLICA,menos de dos clases modelables,,
231260558,push,noOutliers,smote,RandomForest,,,,,,,,,,,,,,,0,True,NO_APLICA,menos de dos clases modelables,,
231260558,push,noOutliers,smote,MLP,,,,,,,,,,,,,,,0,True,NO_APLICA,menos de dos clases modelables,,
231260558,push,noOutliers,smote,IBk_kNN,,,,,,,,,,,,,,,0,True,NO_APLICA,menos de dos clases modelables,,
231260558,push,noOutliers,smote,RBFNetwork_aprox,,,,,,,,,,,,,,,0,True,NO_APLICA,menos de dos clases modelables,,
231260558,push,noOutliers,smote_tomek,SMO_SVM,,,,,,,,,,,,,,,0,True,NO_APLICA,menos de dos clases modelables,,
231260558,push,noOutliers,smote_tomek,RandomForest,,,,,,,,,,,,,,,0,True,NO_APLICA,menos de dos clases modelables,,
231260558,push,noOutliers,smote_tomek,MLP,,,,,,,,,,,,,,,0,True,NO_APLICA,menos de dos clases modelables,,
231260558,push,noOutliers,smote_tomek,IBk_kNN,,,,,,,,,,,,,,,0,True,NO_APLICA,menos de dos clases modelables,,
231260558,push,noOutliers,smote_tomek,RBFNetwork_aprox,,,,,,,,,,,,,,,0,True,NO_APLICA,menos de dos clases modelables,,
231260558,push,noOutliers,random_undersampling_controlado,SMO_SVM,,,,,,,,,,,,,,,0,True,NO_APLICA,menos de dos clases modelables,,
231260558,push,noOutliers,random_undersampling_controlado,RandomForest,,,,,,,,,,,,,,,0,True,NO_APLICA,menos de dos clases modelables,,
231260558,push,noOutliers,random_undersampling_controlado,MLP,,,,,,,,,,,,,,,0,True,NO_APLICA,menos de dos clases modelables,,
231260558,push,noOutliers,random_undersampling_controlado,IBk_kNN,,,,,,,,,,,,,,,0,True,NO_APLICA,menos de dos clases modelables,,
231260558,push,noOutliers,random_undersampling_controlado,RBFNetwork_aprox,,,,,,,,,,,,,,,0,True,NO_APLICA,menos de dos clases modelables,,
231260558,push,sinArtefactosConservador,sin_balanceo,SMO_SVM,,,,,,,,,,,,,,,0,True,NO_APLICA,variante marcada como no modelable,,
231260558,push,sinArtefactosConservador,sin_balanceo,RandomForest,,,,,,,,,,,,,,,0,True,NO_APLICA,variante marcada como no modelable,,
231260558,push,sinArtefactosConservador,sin_balanceo,MLP,,,,,,,,,,,,,,,0,True,NO_APLICA,variante marcada como no modelable,,
231260558,push,sinArtefactosConservador,sin_balanceo,IBk_kNN,,,,,,,,,,,,,,,0,True,NO_APLICA,variante marcada como no modelable,,
231260558,push,sinArtefactosConservador,sin_balanceo,RBFNetwork_aprox,,,,,,,,,,,,,,,0,True,NO_APLICA,variante marcada como no modelable,,
231260558,push,sinArtefactosConservador,random_oversampling,SMO_SVM,,,,,,,,,,,,,,,0,True,NO_APLICA,variante marcada como no modelable,,
231260558,push,sinArtefactosConservador,random_oversampling,RandomForest,,,,,,,,,,,,,,,0,True,NO_APLICA,variante marcada como no modelable,,
231260558,push,sinArtefactosConservador,random_oversampling,MLP,,,,,,,,,,,,,,,0,True,NO_APLICA,variante marcada como no modelable,,
231260558,push,sinArtefactosConservador,random_oversampling,IBk_kNN,,,,,,,,,,,,,,,0,True,NO_APLICA,variante marcada como no modelable,,
231260558,push,sinArtefactosConservador,random_oversampling,RBFNetwork_aprox,,,,,,,,,,,,,,,0,True,NO_APLICA,variante marcada como no modelable,,
231260558,push,sinArtefactosConservador,class_weight_balanced,SMO_SVM,,,,,,,,,,,,,,,0,True,NO_APLICA,variante marcada como no modelable,,
231260558,push,sinArtefactosConservador,class_weight_balanced,RandomForest,,,,,,,,,,,,,,,0,True,NO_APLICA,variante marcada como no modelable,,
231260558,push,sinArtefactosConservador,class_weight_balanced,MLP,,,,,,,,,,,,,,,0,True,NO_APLICA,variante marcada como no modelable,,
231260558,push,sinArtefactosConservador,class_weight_balanced,IBk_kNN,,,,,,,,,,,,,,,0,True,NO_APLICA,variante marcada como no modelable,,
231260558,push,sinArtefactosConservador,class_weight_balanced,RBFNetwork_aprox,,,,,,,,,,,,,,,0,True,NO_APLICA,variante marcada como no modelable,,
231260558,push,sinArtefactosConservador,smote,SMO_SVM,,,,,,,,,,,,,,,0,True,NO_APLICA,variante marcada como no modelable,,
231260558,push,sinArtefactosConservador,smote,RandomForest,,,,,,,,,,,,,,,0,True,NO_APLICA,variante marcada como no modelable,,
231260558,push,sinArtefactosConservador,smote,MLP,,,,,,,,,,,,,,,0,True,NO_APLICA,variante marcada como no modelable,,
231260558,push,sinArtefactosConservador,smote,IBk_kNN,,,,,,,,,,,,,,,0,True,NO_APLICA,variante marcada como no modelable,,
231260558,push,sinArtefactosConservador,smote,RBFNetwork_aprox,,,,,,,,,,,,,,,0,True,NO_APLICA,variante marcada como no modelable,,
231260558,push,sinArtefactosConservador,smote_tomek,SMO_SVM,,,,,,,,,,,,,,,0,True,NO_APLICA,variante marcada como no modelable,,
231260558,push,sinArtefactosConservador,smote_tomek,RandomForest,,,,,,,,,,,,,,,0,True,NO_APLICA,variante marcada como no modelable,,
231260558,push,sinArtefactosConservador,smote_tomek,MLP,,,,,,,,,,,,,,,0,True,NO_APLICA,variante marcada como no modelable,,
231260558,push,sinArtefactosConservador,smote_tomek,IBk_kNN,,,,,,,,,,,,,,,0,True,NO_APLICA,variante marcada como no modelable,,
231260558,push,sinArtefactosConservador,smote_tomek,RBFNetwork_aprox,,,,,,,,,,,,,,,0,True,NO_APLICA,variante marcada como no modelable,,
231260558,push,sinArtefactosConservador,random_undersampling_controlado,SMO_SVM,,,,,,,,,,,,,,,0,True,NO_APLICA,variante marcada como no modelable,,
231260558,push,sinArtefactosConservador,random_undersampling_controlado,RandomForest,,,,,,,,,,,,,,,0,True,NO_APLICA,variante marcada como no modelable,,
231260558,push,sinArtefactosConservador,random_undersampling_controlado,MLP,,,,,,,,,,,,,,,0,True,NO_APLICA,variante marcada como no modelable,,
231260558,push,sinArtefactosConservador,random_undersampling_controlado,IBk_kNN,,,,,,,,,,,,,,,0,True,NO_APLICA,variante marcada como no modelable,,
231260558,push,sinArtefactosConservador,random_undersampling_controlado,RBFNetwork_aprox,,,,,,,,,,,,,,,0,True,NO_APLICA,variante marcada como no modelable,,
231260558,push,sinArtefactosEstricto,sin_balanceo,SMO_SVM,,,,,,,,,,,,,,,0,True,NO_APLICA,variante marcada como no modelable,,
231260558,push,sinArtefactosEstricto,sin_balanceo,RandomForest,,,,,,,,,,,,,,,0,True,NO_APLICA,variante marcada como no modelable,,
231260558,push,sinArtefactosEstricto,sin_balanceo,MLP,,,,,,,,,,,,,,,0,True,NO_APLICA,variante marcada como no modelable,,
231260558,push,sinArtefactosEstricto,sin_balanceo,IBk_kNN,,,,,,,,,,,,,,,0,True,NO_APLICA,variante marcada como no modelable,,
231260558,push,sinArtefactosEstricto,sin_balanceo,RBFNetwork_aprox,,,,,,,,,,,,,,,0,True,NO_APLICA,variante marcada como no modelable,,
231260558,push,sinArtefactosEstricto,random_oversampling,SMO_SVM,,,,,,,,,,,,,,,0,True,NO_APLICA,variante marcada como no modelable,,
231260558,push,sinArtefactosEstricto,random_oversampling,RandomForest,,,,,,,,,,,,,,,0,True,NO_APLICA,variante marcada como no modelable,,
231260558,push,sinArtefactosEstricto,random_oversampling,MLP,,,,,,,,,,,,,,,0,True,NO_APLICA,variante marcada como no modelable,,
231260558,push,sinArtefactosEstricto,random_oversampling,IBk_kNN,,,,,,,,,,,,,,,0,True,NO_APLICA,variante marcada como no modelable,,
231260558,push,sinArtefactosEstricto,random_oversampling,RBFNetwork_aprox,,,,,,,,,,,,,,,0,True,NO_APLICA,variante marcada como no modelable,,
231260558,push,sinArtefactosEstricto,class_weight_balanced,SMO_SVM,,,,,,,,,,,,,,,0,True,NO_APLICA,variante marcada como no modelable,,
231260558,push,sinArtefactosEstricto,class_weight_balanced,RandomForest,,,,,,,,,,,,,,,0,True,NO_APLICA,variante marcada como no modelable,,
231260558,push,sinArtefactosEstricto,class_weight_balanced,MLP,,,,,,,,,,,,,,,0,True,NO_APLICA,variante marcada como no modelable,,
231260558,push,sinArtefactosEstricto,class_weight_balanced,IBk_kNN,,,,,,,,,,,,,,,0,True,NO_APLICA,variante marcada como no modelable,,
231260558,push,sinArtefactosEstricto,class_weight_balanced,RBFNetwork_aprox,,,,,,,,,,,,,,,0,True,NO_APLICA,variante marcada como no modelable,,
231260558,push,sinArtefactosEstricto,smote,SMO_SVM,,,,,,,,,,,,,,,0,True,NO_APLICA,variante marcada como no modelable,,
231260558,push,sinArtefactosEstricto,smote,RandomForest,,,,,,,,,,,,,,,0,True,NO_APLICA,variante marcada como no modelable,,
231260558,push,sinArtefactosEstricto,smote,MLP,,,,,,,,,,,,,,,0,True,NO_APLICA,variante marcada como no modelable,,
231260558,push,sinArtefactosEstricto,smote,IBk_kNN,,,,,,,,,,,,,,,0,True,NO_APLICA,variante marcada como no modelable,,
231260558,push,sinArtefactosEstricto,smote,RBFNetwork_aprox,,,,,,,,,,,,,,,0,True,NO_APLICA,variante marcada como no modelable,,
231260558,push,sinArtefactosEstricto,smote_tomek,SMO_SVM,,,,,,,,,,,,,,,0,True,NO_APLICA,variante marcada como no modelable,,
231260558,push,sinArtefactosEstricto,smote_tomek,RandomForest,,,,,,,,,,,,,,,0,True,NO_APLICA,variante marcada como no modelable,,
231260558,push,sinArtefactosEstricto,smote_tomek,MLP,,,,,,,,,,,,,,,0,True,NO_APLICA,variante marcada como no modelable,,
231260558,push,sinArtefactosEstricto,smote_tomek,IBk_kNN,,,,,,,,,,,,,,,0,True,NO_APLICA,variante marcada como no modelable,,
231260558,push,sinArtefactosEstricto,smote_tomek,RBFNetwork_aprox,,,,,,,,,,,,,,,0,True,NO_APLICA,variante marcada como no modelable,,
231260558,push,sinArtefactosEstricto,random_undersampling_controlado,SMO_SVM,,,,,,,,,,,,,,,0,True,NO_APLICA,variante marcada como no modelable,,
231260558,push,sinArtefactosEstricto,random_undersampling_controlado,RandomForest,,,,,,,,,,,,,,,0,True,NO_APLICA,variante marcada como no modelable,,
231260558,push,sinArtefactosEstricto,random_undersampling_controlado,MLP,,,,,,,,,,,,,,,0,True,NO_APLICA,variante marcada como no modelable,,
231260558,push,sinArtefactosEstricto,random_undersampling_controlado,IBk_kNN,,,,,,,,,,,,,,,0,True,NO_APLICA,variante marcada como no modelable,,
231260558,push,sinArtefactosEstricto,random_undersampling_controlado,RBFNetwork_aprox,,,,,,,,,,,,,,,0,True,NO_APLICA,variante marcada como no modelable,,
231260558,right,noOutliers,sin_balanceo,SMO_SVM,,,,,,,,,,,,,,,0,True,NO_APLICA,menos de dos clases modelables,,
231260558,right,noOutliers,sin_balanceo,RandomForest,,,,,,,,,,,,,,,0,True,NO_APLICA,menos de dos clases modelables,,
231260558,right,noOutliers,sin_balanceo,MLP,,,,,,,,,,,,,,,0,True,NO_APLICA,menos de dos clases modelables,,
231260558,right,noOutliers,sin_balanceo,IBk_kNN,,,,,,,,,,,,,,,0,True,NO_APLICA,menos de dos clases modelables,,
231260558,right,noOutliers,sin_balanceo,RBFNetwork_aprox,,,,,,,,,,,,,,,0,True,NO_APLICA,menos de dos clases modelables,,
231260558,right,noOutliers,random_oversampling,SMO_SVM,,,,,,,,,,,,,,,0,True,NO_APLICA,menos de dos clases modelables,,
231260558,right,noOutliers,random_oversampling,RandomForest,,,,,,,,,,,,,,,0,True,NO_APLICA,menos de dos clases modelables,,
231260558,right,noOutliers,random_oversampling,MLP,,,,,,,,,,,,,,,0,True,NO_APLICA,menos de dos clases modelables,,
231260558,right,noOutliers,random_oversampling,IBk_kNN,,,,,,,,,,,,,,,0,True,NO_APLICA,menos de dos clases modelables,,
231260558,right,noOutliers,random_oversampling,RBFNetwork_aprox,,,,,,,,,,,,,,,0,True,NO_APLICA,menos de dos clases modelables,,
231260558,right,noOutliers,class_weight_balanced,SMO_SVM,,,,,,,,,,,,,,,0,True,NO_APLICA,menos de dos clases modelables,,
231260558,right,noOutliers,class_weight_balanced,RandomForest,,,,,,,,,,,,,,,0,True,NO_APLICA,menos de dos clases modelables,,
231260558,right,noOutliers,class_weight_balanced,MLP,,,,,,,,,,,,,,,0,True,NO_APLICA,menos de dos clases modelables,,
231260558,right,noOutliers,class_weight_balanced,IBk_kNN,,,,,,,,,,,,,,,0,True,NO_APLICA,menos de dos clases modelables,,
231260558,right,noOutliers,class_weight_balanced,RBFNetwork_aprox,,,,,,,,,,,,,,,0,True,NO_APLICA,menos de dos clases modelables,,
231260558,right,noOutliers,smote,SMO_SVM,,,,,,,,,,,,,,,0,True,NO_APLICA,menos de dos clases modelables,,
231260558,right,noOutliers,smote,RandomForest,,,,,,,,,,,,,,,0,True,NO_APLICA,menos de dos clases modelables,,
231260558,right,noOutliers,smote,MLP,,,,,,,,,,,,,,,0,True,NO_APLICA,menos de dos clases modelables,,
231260558,right,noOutliers,smote,IBk_kNN,,,,,,,,,,,,,,,0,True,NO_APLICA,menos de dos clases modelables,,
231260558,right,noOutliers,smote,RBFNetwork_aprox,,,,,,,,,,,,,,,0,True,NO_APLICA,menos de dos clases modelables,,
231260558,right,noOutliers,smote_tomek,SMO_SVM,,,,,,,,,,,,,,,0,True,NO_APLICA,menos de dos clases modelables,,
231260558,right,noOutliers,smote_tomek,RandomForest,,,,,,,,,,,,,,,0,True,NO_APLICA,menos de dos clases modelables,,
231260558,right,noOutliers,smote_tomek,MLP,,,,,,,,,,,,,,,0,True,NO_APLICA,menos de dos clases modelables,,
231260558,right,noOutliers,smote_tomek,IBk_kNN,,,,,,,,,,,,,,,0,True,NO_APLICA,menos de dos clases modelables,,
231260558,right,noOutliers,smote_tomek,RBFNetwork_aprox,,,,,,,,,,,,,,,0,True,NO_APLICA,menos de dos clases modelables,,
231260558,right,noOutliers,random_undersampling_controlado,SMO_SVM,,,,,,,,,,,,,,,0,True,NO_APLICA,menos de dos clases modelables,,
231260558,right,noOutliers,random_undersampling_controlado,RandomForest,,,,,,,,,,,,,,,0,True,NO_APLICA,menos de dos clases modelables,,
231260558,right,noOutliers,random_undersampling_controlado,MLP,,,,,,,,,,,,,,,0,True,NO_APLICA,menos de dos clases modelables,,
231260558,right,noOutliers,random_undersampling_controlado,IBk_kNN,,,,,,,,,,,,,,,0,True,NO_APLICA,menos de dos clases modelables,,
231260558,right,noOutliers,random_undersampling_controlado,RBFNetwork_aprox,,,,,,,,,,,,,,,0,True,NO_APLICA,menos de dos clases modelables,,
231260558,right,sinArtefactosConservador,sin_balanceo,SMO_SVM,,,,,,,,,,,,,,,0,True,NO_APLICA,variante marcada como no modelable,,
231260558,right,sinArtefactosConservador,sin_balanceo,RandomForest,,,,,,,,,,,,,,,0,True,NO_APLICA,variante marcada como no modelable,,
231260558,right,sinArtefactosConservador,sin_balanceo,MLP,,,,,,,,,,,,,,,0,True,NO_APLICA,variante marcada como no modelable,,
231260558,right,sinArtefactosConservador,sin_balanceo,IBk_kNN,,,,,,,,,,,,,,,0,True,NO_APLICA,variante marcada como no modelable,,
231260558,right,sinArtefactosConservador,sin_balanceo,RBFNetwork_aprox,,,,,,,,,,,,,,,0,True,NO_APLICA,variante marcada como no modelable,,
231260558,right,sinArtefactosConservador,random_oversampling,SMO_SVM,,,,,,,,,,,,,,,0,True,NO_APLICA,variante marcada como no modelable,,
231260558,right,sinArtefactosConservador,random_oversampling,RandomForest,,,,,,,,,,,,,,,0,True,NO_APLICA,variante marcada como no modelable,,
231260558,right,sinArtefactosConservador,random_oversampling,MLP,,,,,,,,,,,,,,,0,True,NO_APLICA,variante marcada como no modelable,,
231260558,right,sinArtefactosConservador,random_oversampling,IBk_kNN,,,,,,,,,,,,,,,0,True,NO_APLICA,variante marcada como no modelable,,
231260558,right,sinArtefactosConservador,random_oversampling,RBFNetwork_aprox,,,,,,,,,,,,,,,0,True,NO_APLICA,variante marcada como no modelable,,
231260558,right,sinArtefactosConservador,class_weight_balanced,SMO_SVM,,,,,,,,,,,,,,,0,True,NO_APLICA,variante marcada como no modelable,,
231260558,right,sinArtefactosConservador,class_weight_balanced,RandomForest,,,,,,,,,,,,,,,0,True,NO_APLICA,variante marcada como no modelable,,
231260558,right,sinArtefactosConservador,class_weight_balanced,MLP,,,,,,,,,,,,,,,0,True,NO_APLICA,variante marcada como no modelable,,
231260558,right,sinArtefactosConservador,class_weight_balanced,IBk_kNN,,,,,,,,,,,,,,,0,True,NO_APLICA,variante marcada como no modelable,,
231260558,right,sinArtefactosConservador,class_weight_balanced,RBFNetwork_aprox,,,,,,,,,,,,,,,0,True,NO_APLICA,variante marcada como no modelable,,
231260558,right,sinArtefactosConservador,smote,SMO_SVM,,,,,,,,,,,,,,,0,True,NO_APLICA,variante marcada como no modelable,,
231260558,right,sinArtefactosConservador,smote,RandomForest,,,,,,,,,,,,,,,0,True,NO_APLICA,variante marcada como no modelable,,
231260558,right,sinArtefactosConservador,smote,MLP,,,,,,,,,,,,,,,0,True,NO_APLICA,variante marcada como no modelable,,
231260558,right,sinArtefactosConservador,smote,IBk_kNN,,,,,,,,,,,,,,,0,True,NO_APLICA,variante marcada como no modelable,,
231260558,right,sinArtefactosConservador,smote,RBFNetwork_aprox,,,,,,,,,,,,,,,0,True,NO_APLICA,variante marcada como no modelable,,
231260558,right,sinArtefactosConservador,smote_tomek,SMO_SVM,,,,,,,,,,,,,,,0,True,NO_APLICA,variante marcada como no modelable,,
231260558,right,sinArtefactosConservador,smote_tomek,RandomForest,,,,,,,,,,,,,,,0,True,NO_APLICA,variante marcada como no modelable,,
231260558,right,sinArtefactosConservador,smote_tomek,MLP,,,,,,,,,,,,,,,0,True,NO_APLICA,variante marcada como no modelable,,
231260558,right,sinArtefactosConservador,smote_tomek,IBk_kNN,,,,,,,,,,,,,,,0,True,NO_APLICA,variante marcada como no modelable,,
231260558,right,sinArtefactosConservador,smote_tomek,RBFNetwork_aprox,,,,,,,,,,,,,,,0,True,NO_APLICA,variante marcada como no modelable,,
231260558,right,sinArtefactosConservador,random_undersampling_controlado,SMO_SVM,,,,,,,,,,,,,,,0,True,NO_APLICA,variante marcada como no modelable,,
231260558,right,sinArtefactosConservador,random_undersampling_controlado,RandomForest,,,,,,,,,,,,,,,0,True,NO_APLICA,variante marcada como no modelable,,
231260558,right,sinArtefactosConservador,random_undersampling_controlado,MLP,,,,,,,,,,,,,,,0,True,NO_APLICA,variante marcada como no modelable,,
231260558,right,sinArtefactosConservador,random_undersampling_controlado,IBk_kNN,,,,,,,,,,,,,,,0,True,NO_APLICA,variante marcada como no modelable,,
231260558,right,sinArtefactosConservador,random_undersampling_controlado,RBFNetwork_aprox,,,,,,,,,,,,,,,0,True,NO_APLICA,variante marcada como no modelable,,
231260558,right,sinArtefactosEstricto,sin_balanceo,SMO_SVM,,,,,,,,,,,,,,,0,True,NO_APLICA,variante marcada como no modelable,,
231260558,right,sinArtefactosEstricto,sin_balanceo,RandomForest,,,,,,,,,,,,,,,0,True,NO_APLICA,variante marcada como no modelable,,
231260558,right,sinArtefactosEstricto,sin_balanceo,MLP,,,,,,,,,,,,,,,0,True,NO_APLICA,variante marcada como no modelable,,
231260558,right,sinArtefactosEstricto,sin_balanceo,IBk_kNN,,,,,,,,,,,,,,,0,True,NO_APLICA,variante marcada como no modelable,,
231260558,right,sinArtefactosEstricto,sin_balanceo,RBFNetwork_aprox,,,,,,,,,,,,,,,0,True,NO_APLICA,variante marcada como no modelable,,
231260558,right,sinArtefactosEstricto,random_oversampling,SMO_SVM,,,,,,,,,,,,,,,0,True,NO_APLICA,variante marcada como no modelable,,
231260558,right,sinArtefactosEstricto,random_oversampling,RandomForest,,,,,,,,,,,,,,,0,True,NO_APLICA,variante marcada como no modelable,,
231260558,right,sinArtefactosEstricto,random_oversampling,MLP,,,,,,,,,,,,,,,0,True,NO_APLICA,variante marcada como no modelable,,
231260558,right,sinArtefactosEstricto,random_oversampling,IBk_kNN,,,,,,,,,,,,,,,0,True,NO_APLICA,variante marcada como no modelable,,
231260558,right,sinArtefactosEstricto,random_oversampling,RBFNetwork_aprox,,,,,,,,,,,,,,,0,True,NO_APLICA,variante marcada como no modelable,,
231260558,right,sinArtefactosEstricto,class_weight_balanced,SMO_SVM,,,,,,,,,,,,,,,0,True,NO_APLICA,variante marcada como no modelable,,
231260558,right,sinArtefactosEstricto,class_weight_balanced,RandomForest,,,,,,,,,,,,,,,0,True,NO_APLICA,variante marcada como no modelable,,
231260558,right,sinArtefactosEstricto,class_weight_balanced,MLP,,,,,,,,,,,,,,,0,True,NO_APLICA,variante marcada como no modelable,,
231260558,right,sinArtefactosEstricto,class_weight_balanced,IBk_kNN,,,,,,,,,,,,,,,0,True,NO_APLICA,variante marcada como no modelable,,
231260558,right,sinArtefactosEstricto,class_weight_balanced,RBFNetwork_aprox,,,,,,,,,,,,,,,0,True,NO_APLICA,variante marcada como no modelable,,
231260558,right,sinArtefactosEstricto,smote,SMO_SVM,,,,,,,,,,,,,,,0,True,NO_APLICA,variante marcada como no modelable,,
231260558,right,sinArtefactosEstricto,smote,RandomForest,,,,,,,,,,,,,,,0,True,NO_APLICA,variante marcada como no modelable,,
231260558,right,sinArtefactosEstricto,smote,MLP,,,,,,,,,,,,,,,0,True,NO_APLICA,variante marcada como no modelable,,
231260558,right,sinArtefactosEstricto,smote,IBk_kNN,,,,,,,,,,,,,,,0,True,NO_APLICA,variante marcada como no modelable,,
231260558,right,sinArtefactosEstricto,smote,RBFNetwork_aprox,,,,,,,,,,,,,,,0,True,NO_APLICA,variante marcada como no modelable,,
231260558,right,sinArtefactosEstricto,smote_tomek,SMO_SVM,,,,,,,,,,,,,,,0,True,NO_APLICA,variante marcada como no modelable,,
231260558,right,sinArtefactosEstricto,smote_tomek,RandomForest,,,,,,,,,,,,,,,0,True,NO_APLICA,variante marcada como no modelable,,
231260558,right,sinArtefactosEstricto,smote_tomek,MLP,,,,,,,,,,,,,,,0,True,NO_APLICA,variante marcada como no modelable,,
231260558,right,sinArtefactosEstricto,smote_tomek,IBk_kNN,,,,,,,,,,,,,,,0,True,NO_APLICA,variante marcada como no modelable,,
231260558,right,sinArtefactosEstricto,smote_tomek,RBFNetwork_aprox,,,,,,,,,,,,,,,0,True,NO_APLICA,variante marcada como no modelable,,
231260558,right,sinArtefactosEstricto,random_undersampling_controlado,SMO_SVM,,,,,,,,,,,,,,,0,True,NO_APLICA,variante marcada como no modelable,,
231260558,right,sinArtefactosEstricto,random_undersampling_controlado,RandomForest,,,,,,,,,,,,,,,0,True,NO_APLICA,variante marcada como no modelable,,
231260558,right,sinArtefactosEstricto,random_undersampling_controlado,MLP,,,,,,,,,,,,,,,0,True,NO_APLICA,variante marcada como no modelable,,
231260558,right,sinArtefactosEstricto,random_undersampling_controlado,IBk_kNN,,,,,,,,,,,,,,,0,True,NO_APLICA,variante marcada como no modelable,,
231260558,right,sinArtefactosEstricto,random_undersampling_controlado,RBFNetwork_aprox,,,,,,,,,,,,,,,0,True,NO_APLICA,variante marcada como no modelable,,
252260554,all,noOutliers,sin_balanceo,SMO_SVM,73.42,61.13,0.5865,0.5918,0.7378,0.8125,0.6,0.7773,0.2553,0.8025,0.3934,0.8497,0.2927,0.8294,40,False,no,Recall crítico bajo en: right,bloques,3.0
252260554,all,noOutliers,sin_balanceo,RandomForest,74.35,45.37,0.5608,0.4266,0.6864,0.8833,0.05,0.8815,0.0,0.7465,0.25,0.7561,0.0,0.7685,40,False,no,"Recall crítico bajo en: pull, right",bloques,3.0
252260554,all,noOutliers,sin_balanceo,MLP,70.63,45.66,0.5159,0.456,0.6817,0.8583,0.075,0.7867,0.1064,0.7384,0.0938,0.7793,0.3571,0.8263,40,False,no,"Recall crítico bajo en: pull, right",bloques,3.0
252260554,all,noOutliers,sin_balanceo,IBk_kNN,65.43,53.71,0.4684,0.5203,0.6644,0.725,0.45,0.6967,0.2766,0.7342,0.2609,0.7861,0.2889,0.7059,40,False,no,"Recall crítico bajo en: pull, right",bloques,3.0
252260554,all,noOutliers,sin_balanceo,RBFNetwork_aprox,75.46,46.52,0.5804,0.4421,0.7,0.9042,0.075,0.8815,0.0,0.7356,0.2727,0.8017,0.0,0.8214,40,False,no,"Recall crítico bajo en: pull, right",bloques,3.0
252260554,all,noOutliers,random_oversampling,SMO_SVM,73.05,59.85,0.5802,0.5827,0.735,0.8208,0.55,0.7678,0.2553,0.7912,0.3729,0.8663,0.2791,0.8249,40,False,no,Recall crítico bajo en: right,bloques,3.0
252260554,all,noOutliers,random_oversampling,RandomForest,73.05,45.41,0.5415,0.4384,0.6817,0.8708,0.05,0.8531,0.0426,0.7438,0.1818,0.7407,0.6667,0.8208,40,False,no,"Recall crítico bajo en: pull, right",bloques,3.0
252260554,all,noOutliers,random_oversampling,MLP,71.56,54.81,0.5471,0.5504,0.7123,0.8333,0.35,0.7536,0.2553,0.7576,0.28,0.8196,0.4,0.8313,40,False,no,"Recall crítico bajo en: pull, right",bloques,3.0
252260554,all,noOutliers,random_oversampling,IBk_kNN,64.13,52.88,0.4512,0.51,0.6536,0.725,0.45,0.6635,0.2766,0.728,0.24,0.7821,0.2889,0.6998,40,False,no,"Recall crítico bajo en: pull, right",bloques,3.0
252260554,all,noOutliers,random_oversampling,RBFNetwork_aprox,74.35,48.96,0.5723,0.4911,0.7115,0.8833,0.125,0.8436,0.1064,0.7626,0.2174,0.7876,0.4545,0.8175,40,False,no,"Recall crítico bajo en: pull, right",bloques,3.0
252260554,all,noOutliers,class_weight_balanced,SMO_SVM,73.42,61.13,0.5865,0.5918,0.7378,0.8125,0.6,0.7773,0.2553,0.8025,0.3934,0.8497,0.2927,0.8294,40,False,no,Recall crítico bajo en: right,bloques,3.0
252260554,all,noOutliers,class_weight_balanced,RandomForest,72.86,43.9,0.534,0.4079,0.6698,0.8625,0.0,0.872,0.0213,0.7314,0.0,0.736,1.0,0.8077,40,False,no,"Recall crítico bajo en: pull, right",bloques,3.0
252260554,all,noOutliers,class_weight_balanced,MLP,,,,,,,,,,,,,,,40,False,NO_APLICA,class_weight no soportado por este modelo,,
252260554,all,noOutliers,class_weight_balanced,IBk_kNN,,,,,,,,,,,,,,,40,False,NO_APLICA,class_weight no soportado por este modelo,,
252260554,all,noOutliers,class_weight_balanced,RBFNetwork_aprox,74.72,51.68,0.5819,0.5248,0.7222,0.8708,0.225,0.8436,0.1277,0.7572,0.3462,0.8091,0.375,0.8247,40,False,no,"Recall crítico bajo en: pull, right",bloques,3.0
252260554,all,noOutliers,smote,SMO_SVM,73.79,60.84,0.5897,0.594,0.7394,0.8167,0.575,0.7867,0.2553,0.7935,0.4035,0.8513,0.3077,0.8259,40,False,no,Recall crítico bajo en: right,bloques,3.0
252260554,all,noOutliers,smote,RandomForest,74.16,47.56,0.5647,0.4692,0.7002,0.8667,0.1,0.872,0.0638,0.7647,0.2105,0.7541,1.0,0.8332,40,False,no,"Recall crítico bajo en: pull, right",bloques,3.0
252260554,all,noOutliers,smote,MLP,70.82,56.27,0.5407,0.5591,0.7095,0.8042,0.4,0.7488,0.2979,0.7659,0.3137,0.8103,0.35,0.8301,40,False,no,"Recall crítico bajo en: pull, right",bloques,3.0
252260554,all,noOutliers,smote,IBk_kNN,55.95,55.37,0.3817,0.4864,0.5986,0.5417,0.575,0.5877,0.5106,0.7558,0.1901,0.7949,0.2697,0.7059,40,False,no,,bloques,3.0
252260554,all,noOutliers,smote,RBFNetwork_aprox,73.98,48.75,0.5669,0.4886,0.709,0.875,0.125,0.8436,0.1064,0.7554,0.2174,0.7946,0.3846,0.819,40,False,no,"Recall crítico bajo en: pull, right",bloques,3.0
252260554,all,noOutliers,smote_tomek,SMO_SVM,73.42,60.19,0.5839,0.5862,0.7353,0.8167,0.575,0.782,0.234,0.7903,0.3898,0.8505,0.2973,0.8204,40,False,no,Recall crítico bajo en: right,bloques,3.0
252260554,all,noOutliers,smote_tomek,RandomForest,73.61,46.67,0.5562,0.4582,0.695,0.85,0.05,0.8815,0.0851,0.7727,0.1333,0.741,0.5,0.8438,40,False,no,"Recall crítico bajo en: pull, right",bloques,3.0
252260554,all,noOutliers,smote_tomek,MLP,71.0,56.8,0.5436,0.5648,0.7115,0.8042,0.4,0.7488,0.3191,0.7659,0.32,0.8103,0.3659,0.8296,40,False,no,"Recall crítico bajo en: pull, right",bloques,3.0
252260554,all,noOutliers,smote_tomek,IBk_kNN,55.95,55.79,0.3822,0.4883,0.5982,0.5417,0.575,0.5829,0.5319,0.7558,0.1917,0.7935,0.2747,0.7079,40,False,no,,bloques,3.0
252260554,all,noOutliers,smote_tomek,RBFNetwork_aprox,73.98,48.76,0.5671,0.4887,0.709,0.8708,0.125,0.8483,0.1064,0.7572,0.2174,0.792,0.3846,0.8181,40,False,no,"Recall crítico bajo en: pull, right",bloques,3.0
252260554,all,noOutliers,random_undersampling_controlado,SMO_SVM,66.54,58.9,0.5041,0.5471,0.6901,0.6917,0.625,0.7204,0.3191,0.783,0.2976,0.8736,0.2206,0.8255,40,False,no,Recall crítico bajo en: right,bloques,3.0
252260554,all,noOutliers,random_undersampling_controlado,RandomForest,67.84,48.61,0.4893,0.4861,0.6713,0.7,0.2,0.8531,0.1915,0.7636,0.2424,0.7438,0.2093,0.8051,40,False,no,"Recall crítico bajo en: pull, right",bloques,3.0
252260554,all,noOutliers,random_undersampling_controlado,MLP,66.91,56.09,0.4961,0.5419,0.6834,0.7083,0.375,0.7346,0.4255,0.7623,0.2459,0.8073,0.3226,0.8135,40,False,no,"Recall crítico bajo en: pull, right",bloques,3.0
252260554,all,noOutliers,random_undersampling_controlado,IBk_kNN,59.11,54.47,0.407,0.4984,0.6205,0.5875,0.5,0.6445,0.4468,0.7581,0.2041,0.7598,0.28,0.7037,40,False,no,Recall crítico bajo en: right,bloques,3.0
252260554,all,noOutliers,random_undersampling_controlado,RBFNetwork_aprox,70.07,47.27,0.5146,0.4729,0.6849,0.7958,0.1,0.8246,0.1702,0.7403,0.1905,0.7909,0.2051,0.8152,40,False,no,"Recall crítico bajo en: pull, right",bloques,3.0
252260554,all,sinArtefactosConservador,sin_balanceo,SMO_SVM,71.19,48.76,0.5412,0.4872,0.697,0.9016,0.1795,0.7516,0.1176,0.8049,0.2,0.7763,0.1905,0.7769,34,False,no,"Recall crítico bajo en: pull, right",bloques,3.0
252260554,all,sinArtefactosConservador,sin_balanceo,RandomForest,69.01,44.08,0.4847,0.4235,0.6461,0.8962,0.1282,0.7389,0.0,0.7257,0.25,0.7073,0.0,0.6583,34,False,no,"Recall crítico bajo en: pull, right",bloques,3.0
252260554,all,sinArtefactosConservador,sin_balanceo,MLP,66.83,45.61,0.4797,0.4561,0.663,0.8525,0.1538,0.7006,0.1176,0.7919,0.1395,0.7432,0.16,0.7714,34,False,no,"Recall crítico bajo en: pull, right",bloques,3.0
252260554,all,sinArtefactosConservador,sin_balanceo,IBk_kNN,58.11,39.79,0.3645,0.4018,0.5956,0.7596,0.1282,0.586,0.1176,0.7722,0.082,0.6667,0.1176,0.6256,34,False,no,"Recall crítico bajo en: pull, right",bloques,3.0
252260554,all,sinArtefactosConservador,sin_balanceo,RBFNetwork_aprox,70.7,44.17,0.5129,0.4246,0.6626,0.9344,0.0513,0.7516,0.0294,0.7277,0.1111,0.7712,0.1429,0.7332,34,False,no,"Recall crítico bajo en: pull, right",bloques,3.0
252260554,all,sinArtefactosConservador,random_oversampling,SMO_SVM,70.7,48.42,0.5362,0.4839,0.6956,0.9071,0.1795,0.7325,0.1176,0.8177,0.1667,0.7718,0.2105,0.7808,34,False,no,"Recall crítico bajo en: pull, right",bloques,3.0
252260554,all,sinArtefactosConservador,random_oversampling,RandomForest,71.43,47.24,0.5308,0.4617,0.6781,0.8907,0.1795,0.7898,0.0294,0.7653,0.25,0.7337,0.3333,0.6523,34,False,no,"Recall crítico bajo en: pull, right",bloques,3.0
252260554,all,sinArtefactosConservador,random_oversampling,MLP,65.13,44.11,0.4587,0.4419,0.6525,0.8306,0.1282,0.6879,0.1176,0.7917,0.1136,0.7448,0.125,0.7675,34,False,no,"Recall crítico bajo en: pull, right",bloques,3.0
252260554,all,sinArtefactosConservador,random_oversampling,IBk_kNN,57.87,41.95,0.3671,0.4232,0.5987,0.7322,0.1538,0.586,0.2059,0.7929,0.0896,0.6479,0.2,0.6367,34,False,no,"Recall crítico bajo en: pull, right",bloques,3.0
252260554,all,sinArtefactosConservador,random_oversampling,RBFNetwork_aprox,71.67,46.48,0.5365,0.4585,0.6843,0.9235,0.0769,0.7707,0.0882,0.7578,0.1364,0.7857,0.2143,0.7052,34,False,no,"Recall crítico bajo en: pull, right",bloques,3.0
252260554,all,sinArtefactosConservador,class_weight_balanced,SMO_SVM,71.19,48.76,0.5412,0.4872,0.697,0.9016,0.1795,0.7516,0.1176,0.8049,0.2,0.7763,0.1905,0.7769,34,False,no,"Recall crítico bajo en: pull, right",bloques,3.0
252260554,all,sinArtefactosConservador,class_weight_balanced,RandomForest,67.31,41.04,0.4484,0.3815,0.6182,0.8962,0.0256,0.7197,0.0,0.6891,0.0769,0.6975,0.0,0.6286,34,False,no,"Recall crítico bajo en: pull, right",bloques,3.0
252260554,all,sinArtefactosConservador,class_weight_balanced,MLP,,,,,,,,,,,,,,,34,False,NO_APLICA,class_weight no soportado por este modelo,,
252260554,all,sinArtefactosConservador,class_weight_balanced,IBk_kNN,,,,,,,,,,,,,,,34,False,NO_APLICA,class_weight no soportado por este modelo,,
252260554,all,sinArtefactosConservador,class_weight_balanced,RBFNetwork_aprox,70.22,46.12,0.5187,0.4573,0.678,0.8962,0.1026,0.758,0.0882,0.7664,0.1379,0.7727,0.1875,0.7224,34,False,no,"Recall crítico bajo en: pull, right",bloques,3.0
252260554,all,sinArtefactosConservador,smote,SMO_SVM,70.22,48.1,0.5283,0.4809,0.6905,0.9071,0.1795,0.7197,0.1176,0.8098,0.1628,0.7687,0.2222,0.7798,34,False,no,"Recall crítico bajo en: pull, right",bloques,3.0
252260554,all,sinArtefactosConservador,smote,RandomForest,68.28,45.83,0.4874,0.4534,0.6589,0.8689,0.1795,0.7261,0.0588,0.7465,0.1944,0.7355,0.2222,0.6435,34,False,no,"Recall crítico bajo en: pull, right",bloques,3.0
252260554,all,sinArtefactosConservador,smote,MLP,66.1,45.23,0.4753,0.453,0.664,0.8306,0.1538,0.707,0.1176,0.8085,0.1304,0.7551,0.125,0.7746,34,False,no,"Recall crítico bajo en: pull, right",bloques,3.0
252260554,all,sinArtefactosConservador,smote,IBk_kNN,52.3,45.15,0.3348,0.43,0.5733,0.5847,0.3333,0.535,0.3529,0.8295,0.1354,0.7119,0.1714,0.6503,34,False,no,"Recall crítico bajo en: pull, right",bloques,3.0
252260554,all,sinArtefactosConservador,smote,RBFNetwork_aprox,70.7,45.87,0.517,0.4523,0.6713,0.918,0.0769,0.7516,0.0882,0.7273,0.1875,0.7815,0.2,0.7127,34,False,no,"Recall crítico bajo en: pull, right",bloques,3.0
252260554,all,sinArtefactosConservador,smote_tomek,SMO_SVM,70.22,48.1,0.5283,0.4809,0.6905,0.9071,0.1795,0.7197,0.1176,0.8098,0.1628,0.7687,0.2222,0.7801,34,False,no,"Recall crítico bajo en: pull, right",bloques,3.0
252260554,all,sinArtefactosConservador,smote_tomek,RandomForest,70.22,47.15,0.5207,0.4661,0.6795,0.8579,0.1795,0.7898,0.0588,0.7811,0.2059,0.747,0.1667,0.6514,34,False,no,"Recall crítico bajo en: pull, right",bloques,3.0
252260554,all,sinArtefactosConservador,smote_tomek,MLP,66.34,45.36,0.4791,0.4544,0.6664,0.8361,0.1538,0.707,0.1176,0.8138,0.1277,0.7551,0.129,0.7738,34,False,no,"Recall crítico bajo en: pull, right",bloques,3.0
252260554,all,sinArtefactosConservador,smote_tomek,IBk_kNN,52.3,45.15,0.3348,0.43,0.5733,0.5847,0.3333,0.535,0.3529,0.8295,0.1354,0.7119,0.1714,0.6503,34,False,no,"Recall crítico bajo en: pull, right",bloques,3.0
252260554,all,sinArtefactosConservador,smote_tomek,RBFNetwork_aprox,70.7,45.87,0.517,0.4523,0.6713,0.918,0.0769,0.7516,0.0882,0.7273,0.1875,0.7815,0.2,0.7115,34,False,no,"Recall crítico bajo en: pull, right",bloques,3.0
252260554,all,sinArtefactosConservador,random_undersampling_controlado,SMO_SVM,58.84,43.58,0.3931,0.4331,0.6169,0.6557,0.2821,0.6879,0.1176,0.7742,0.1375,0.766,0.1081,0.7437,34,False,no,"Recall crítico bajo en: pull, right",bloques,3.0
252260554,all,sinArtefactosConservador,random_undersampling_controlado,RandomForest,58.84,41.75,0.3899,0.4238,0.6181,0.6776,0.1282,0.6879,0.1765,0.7654,0.0746,0.7826,0.1304,0.6679,34,False,no,"Recall crítico bajo en: pull, right",bloques,3.0
252260554,all,sinArtefactosConservador,random_undersampling_controlado,MLP,54.48,42.9,0.3514,0.4276,0.5901,0.5683,0.2564,0.6561,0.2353,0.8387,0.099,0.7103,0.186,0.7099,34,False,no,"Recall crítico bajo en: pull, right",bloques,3.0
252260554,all,sinArtefactosConservador,random_undersampling_controlado,IBk_kNN,42.37,38.96,0.2086,0.3624,0.4663,0.4098,0.2821,0.4841,0.3824,0.6757,0.1028,0.6129,0.1831,0.6006,34,False,no,"Recall crítico bajo en: left, pull, push, right",bloques,3.0
252260554,all,sinArtefactosConservador,random_undersampling_controlado,RBFNetwork_aprox,61.5,40.54,0.4006,0.404,0.6128,0.7213,0.1026,0.7389,0.0588,0.7586,0.0769,0.6864,0.1111,0.6875,34,False,no,"Recall crítico bajo en: pull, right",bloques,3.0
252260554,all,sinArtefactosEstricto,sin_balanceo,SMO_SVM,,,,,,,,,,,,,,,0,True,NO_APLICA,variante marcada como no modelable,,
252260554,all,sinArtefactosEstricto,sin_balanceo,RandomForest,,,,,,,,,,,,,,,0,True,NO_APLICA,variante marcada como no modelable,,
252260554,all,sinArtefactosEstricto,sin_balanceo,MLP,,,,,,,,,,,,,,,0,True,NO_APLICA,variante marcada como no modelable,,
252260554,all,sinArtefactosEstricto,sin_balanceo,IBk_kNN,,,,,,,,,,,,,,,0,True,NO_APLICA,variante marcada como no modelable,,
252260554,all,sinArtefactosEstricto,sin_balanceo,RBFNetwork_aprox,,,,,,,,,,,,,,,0,True,NO_APLICA,variante marcada como no modelable,,
252260554,all,sinArtefactosEstricto,random_oversampling,SMO_SVM,,,,,,,,,,,,,,,0,True,NO_APLICA,variante marcada como no modelable,,
252260554,all,sinArtefactosEstricto,random_oversampling,RandomForest,,,,,,,,,,,,,,,0,True,NO_APLICA,variante marcada como no modelable,,
252260554,all,sinArtefactosEstricto,random_oversampling,MLP,,,,,,,,,,,,,,,0,True,NO_APLICA,variante marcada como no modelable,,
252260554,all,sinArtefactosEstricto,random_oversampling,IBk_kNN,,,,,,,,,,,,,,,0,True,NO_APLICA,variante marcada como no modelable,,
252260554,all,sinArtefactosEstricto,random_oversampling,RBFNetwork_aprox,,,,,,,,,,,,,,,0,True,NO_APLICA,variante marcada como no modelable,,
252260554,all,sinArtefactosEstricto,class_weight_balanced,SMO_SVM,,,,,,,,,,,,,,,0,True,NO_APLICA,variante marcada como no modelable,,
252260554,all,sinArtefactosEstricto,class_weight_balanced,RandomForest,,,,,,,,,,,,,,,0,True,NO_APLICA,variante marcada como no modelable,,
252260554,all,sinArtefactosEstricto,class_weight_balanced,MLP,,,,,,,,,,,,,,,0,True,NO_APLICA,variante marcada como no modelable,,
252260554,all,sinArtefactosEstricto,class_weight_balanced,IBk_kNN,,,,,,,,,,,,,,,0,True,NO_APLICA,variante marcada como no modelable,,
252260554,all,sinArtefactosEstricto,class_weight_balanced,RBFNetwork_aprox,,,,,,,,,,,,,,,0,True,NO_APLICA,variante marcada como no modelable,,
252260554,all,sinArtefactosEstricto,smote,SMO_SVM,,,,,,,,,,,,,,,0,True,NO_APLICA,variante marcada como no modelable,,
252260554,all,sinArtefactosEstricto,smote,RandomForest,,,,,,,,,,,,,,,0,True,NO_APLICA,variante marcada como no modelable,,
252260554,all,sinArtefactosEstricto,smote,MLP,,,,,,,,,,,,,,,0,True,NO_APLICA,variante marcada como no modelable,,
252260554,all,sinArtefactosEstricto,smote,IBk_kNN,,,,,,,,,,,,,,,0,True,NO_APLICA,variante marcada como no modelable,,
252260554,all,sinArtefactosEstricto,smote,RBFNetwork_aprox,,,,,,,,,,,,,,,0,True,NO_APLICA,variante marcada como no modelable,,
252260554,all,sinArtefactosEstricto,smote_tomek,SMO_SVM,,,,,,,,,,,,,,,0,True,NO_APLICA,variante marcada como no modelable,,
252260554,all,sinArtefactosEstricto,smote_tomek,RandomForest,,,,,,,,,,,,,,,0,True,NO_APLICA,variante marcada como no modelable,,
252260554,all,sinArtefactosEstricto,smote_tomek,MLP,,,,,,,,,,,,,,,0,True,NO_APLICA,variante marcada como no modelable,,
252260554,all,sinArtefactosEstricto,smote_tomek,IBk_kNN,,,,,,,,,,,,,,,0,True,NO_APLICA,variante marcada como no modelable,,
252260554,all,sinArtefactosEstricto,smote_tomek,RBFNetwork_aprox,,,,,,,,,,,,,,,0,True,NO_APLICA,variante marcada como no modelable,,
252260554,all,sinArtefactosEstricto,random_undersampling_controlado,SMO_SVM,,,,,,,,,,,,,,,0,True,NO_APLICA,variante marcada como no modelable,,
252260554,all,sinArtefactosEstricto,random_undersampling_controlado,RandomForest,,,,,,,,,,,,,,,0,True,NO_APLICA,variante marcada como no modelable,,
252260554,all,sinArtefactosEstricto,random_undersampling_controlado,MLP,,,,,,,,,,,,,,,0,True,NO_APLICA,variante marcada como no modelable,,
252260554,all,sinArtefactosEstricto,random_undersampling_controlado,IBk_kNN,,,,,,,,,,,,,,,0,True,NO_APLICA,variante marcada como no modelable,,
252260554,all,sinArtefactosEstricto,random_undersampling_controlado,RBFNetwork_aprox,,,,,,,,,,,,,,,0,True,NO_APLICA,variante marcada como no modelable,,
252260554,left,noOutliers,sin_balanceo,SMO_SVM,,,,,,,,,,,,,,,0,True,NO_APLICA,menos de dos clases modelables,,
252260554,left,noOutliers,sin_balanceo,RandomForest,,,,,,,,,,,,,,,0,True,NO_APLICA,menos de dos clases modelables,,
252260554,left,noOutliers,sin_balanceo,MLP,,,,,,,,,,,,,,,0,True,NO_APLICA,menos de dos clases modelables,,
252260554,left,noOutliers,sin_balanceo,IBk_kNN,,,,,,,,,,,,,,,0,True,NO_APLICA,menos de dos clases modelables,,
252260554,left,noOutliers,sin_balanceo,RBFNetwork_aprox,,,,,,,,,,,,,,,0,True,NO_APLICA,menos de dos clases modelables,,
252260554,left,noOutliers,random_oversampling,SMO_SVM,,,,,,,,,,,,,,,0,True,NO_APLICA,menos de dos clases modelables,,
252260554,left,noOutliers,random_oversampling,RandomForest,,,,,,,,,,,,,,,0,True,NO_APLICA,menos de dos clases modelables,,
252260554,left,noOutliers,random_oversampling,MLP,,,,,,,,,,,,,,,0,True,NO_APLICA,menos de dos clases modelables,,
252260554,left,noOutliers,random_oversampling,IBk_kNN,,,,,,,,,,,,,,,0,True,NO_APLICA,menos de dos clases modelables,,
252260554,left,noOutliers,random_oversampling,RBFNetwork_aprox,,,,,,,,,,,,,,,0,True,NO_APLICA,menos de dos clases modelables,,
252260554,left,noOutliers,class_weight_balanced,SMO_SVM,,,,,,,,,,,,,,,0,True,NO_APLICA,menos de dos clases modelables,,
252260554,left,noOutliers,class_weight_balanced,RandomForest,,,,,,,,,,,,,,,0,True,NO_APLICA,menos de dos clases modelables,,
252260554,left,noOutliers,class_weight_balanced,MLP,,,,,,,,,,,,,,,0,True,NO_APLICA,menos de dos clases modelables,,
252260554,left,noOutliers,class_weight_balanced,IBk_kNN,,,,,,,,,,,,,,,0,True,NO_APLICA,menos de dos clases modelables,,
252260554,left,noOutliers,class_weight_balanced,RBFNetwork_aprox,,,,,,,,,,,,,,,0,True,NO_APLICA,menos de dos clases modelables,,
252260554,left,noOutliers,smote,SMO_SVM,,,,,,,,,,,,,,,0,True,NO_APLICA,menos de dos clases modelables,,
252260554,left,noOutliers,smote,RandomForest,,,,,,,,,,,,,,,0,True,NO_APLICA,menos de dos clases modelables,,
252260554,left,noOutliers,smote,MLP,,,,,,,,,,,,,,,0,True,NO_APLICA,menos de dos clases modelables,,
252260554,left,noOutliers,smote,IBk_kNN,,,,,,,,,,,,,,,0,True,NO_APLICA,menos de dos clases modelables,,
252260554,left,noOutliers,smote,RBFNetwork_aprox,,,,,,,,,,,,,,,0,True,NO_APLICA,menos de dos clases modelables,,
252260554,left,noOutliers,smote_tomek,SMO_SVM,,,,,,,,,,,,,,,0,True,NO_APLICA,menos de dos clases modelables,,
252260554,left,noOutliers,smote_tomek,RandomForest,,,,,,,,,,,,,,,0,True,NO_APLICA,menos de dos clases modelables,,
252260554,left,noOutliers,smote_tomek,MLP,,,,,,,,,,,,,,,0,True,NO_APLICA,menos de dos clases modelables,,
252260554,left,noOutliers,smote_tomek,IBk_kNN,,,,,,,,,,,,,,,0,True,NO_APLICA,menos de dos clases modelables,,
252260554,left,noOutliers,smote_tomek,RBFNetwork_aprox,,,,,,,,,,,,,,,0,True,NO_APLICA,menos de dos clases modelables,,
252260554,left,noOutliers,random_undersampling_controlado,SMO_SVM,,,,,,,,,,,,,,,0,True,NO_APLICA,menos de dos clases modelables,,
252260554,left,noOutliers,random_undersampling_controlado,RandomForest,,,,,,,,,,,,,,,0,True,NO_APLICA,menos de dos clases modelables,,
252260554,left,noOutliers,random_undersampling_controlado,MLP,,,,,,,,,,,,,,,0,True,NO_APLICA,menos de dos clases modelables,,
252260554,left,noOutliers,random_undersampling_controlado,IBk_kNN,,,,,,,,,,,,,,,0,True,NO_APLICA,menos de dos clases modelables,,
252260554,left,noOutliers,random_undersampling_controlado,RBFNetwork_aprox,,,,,,,,,,,,,,,0,True,NO_APLICA,menos de dos clases modelables,,
252260554,left,sinArtefactosConservador,sin_balanceo,SMO_SVM,,,,,,,,,,,,,,,0,True,NO_APLICA,variante marcada como no modelable,,
252260554,left,sinArtefactosConservador,sin_balanceo,RandomForest,,,,,,,,,,,,,,,0,True,NO_APLICA,variante marcada como no modelable,,
252260554,left,sinArtefactosConservador,sin_balanceo,MLP,,,,,,,,,,,,,,,0,True,NO_APLICA,variante marcada como no modelable,,
252260554,left,sinArtefactosConservador,sin_balanceo,IBk_kNN,,,,,,,,,,,,,,,0,True,NO_APLICA,variante marcada como no modelable,,
252260554,left,sinArtefactosConservador,sin_balanceo,RBFNetwork_aprox,,,,,,,,,,,,,,,0,True,NO_APLICA,variante marcada como no modelable,,
252260554,left,sinArtefactosConservador,random_oversampling,SMO_SVM,,,,,,,,,,,,,,,0,True,NO_APLICA,variante marcada como no modelable,,
252260554,left,sinArtefactosConservador,random_oversampling,RandomForest,,,,,,,,,,,,,,,0,True,NO_APLICA,variante marcada como no modelable,,
252260554,left,sinArtefactosConservador,random_oversampling,MLP,,,,,,,,,,,,,,,0,True,NO_APLICA,variante marcada como no modelable,,
252260554,left,sinArtefactosConservador,random_oversampling,IBk_kNN,,,,,,,,,,,,,,,0,True,NO_APLICA,variante marcada como no modelable,,
252260554,left,sinArtefactosConservador,random_oversampling,RBFNetwork_aprox,,,,,,,,,,,,,,,0,True,NO_APLICA,variante marcada como no modelable,,
252260554,left,sinArtefactosConservador,class_weight_balanced,SMO_SVM,,,,,,,,,,,,,,,0,True,NO_APLICA,variante marcada como no modelable,,
252260554,left,sinArtefactosConservador,class_weight_balanced,RandomForest,,,,,,,,,,,,,,,0,True,NO_APLICA,variante marcada como no modelable,,
252260554,left,sinArtefactosConservador,class_weight_balanced,MLP,,,,,,,,,,,,,,,0,True,NO_APLICA,variante marcada como no modelable,,
252260554,left,sinArtefactosConservador,class_weight_balanced,IBk_kNN,,,,,,,,,,,,,,,0,True,NO_APLICA,variante marcada como no modelable,,
252260554,left,sinArtefactosConservador,class_weight_balanced,RBFNetwork_aprox,,,,,,,,,,,,,,,0,True,NO_APLICA,variante marcada como no modelable,,
252260554,left,sinArtefactosConservador,smote,SMO_SVM,,,,,,,,,,,,,,,0,True,NO_APLICA,variante marcada como no modelable,,
252260554,left,sinArtefactosConservador,smote,RandomForest,,,,,,,,,,,,,,,0,True,NO_APLICA,variante marcada como no modelable,,
252260554,left,sinArtefactosConservador,smote,MLP,,,,,,,,,,,,,,,0,True,NO_APLICA,variante marcada como no modelable,,
252260554,left,sinArtefactosConservador,smote,IBk_kNN,,,,,,,,,,,,,,,0,True,NO_APLICA,variante marcada como no modelable,,
252260554,left,sinArtefactosConservador,smote,RBFNetwork_aprox,,,,,,,,,,,,,,,0,True,NO_APLICA,variante marcada como no modelable,,
252260554,left,sinArtefactosConservador,smote_tomek,SMO_SVM,,,,,,,,,,,,,,,0,True,NO_APLICA,variante marcada como no modelable,,
252260554,left,sinArtefactosConservador,smote_tomek,RandomForest,,,,,,,,,,,,,,,0,True,NO_APLICA,variante marcada como no modelable,,
252260554,left,sinArtefactosConservador,smote_tomek,MLP,,,,,,,,,,,,,,,0,True,NO_APLICA,variante marcada como no modelable,,
252260554,left,sinArtefactosConservador,smote_tomek,IBk_kNN,,,,,,,,,,,,,,,0,True,NO_APLICA,variante marcada como no modelable,,
252260554,left,sinArtefactosConservador,smote_tomek,RBFNetwork_aprox,,,,,,,,,,,,,,,0,True,NO_APLICA,variante marcada como no modelable,,
252260554,left,sinArtefactosConservador,random_undersampling_controlado,SMO_SVM,,,,,,,,,,,,,,,0,True,NO_APLICA,variante marcada como no modelable,,
252260554,left,sinArtefactosConservador,random_undersampling_controlado,RandomForest,,,,,,,,,,,,,,,0,True,NO_APLICA,variante marcada como no modelable,,
252260554,left,sinArtefactosConservador,random_undersampling_controlado,MLP,,,,,,,,,,,,,,,0,True,NO_APLICA,variante marcada como no modelable,,
252260554,left,sinArtefactosConservador,random_undersampling_controlado,IBk_kNN,,,,,,,,,,,,,,,0,True,NO_APLICA,variante marcada como no modelable,,
252260554,left,sinArtefactosConservador,random_undersampling_controlado,RBFNetwork_aprox,,,,,,,,,,,,,,,0,True,NO_APLICA,variante marcada como no modelable,,
252260554,left,sinArtefactosEstricto,sin_balanceo,SMO_SVM,,,,,,,,,,,,,,,0,True,NO_APLICA,variante marcada como no modelable,,
252260554,left,sinArtefactosEstricto,sin_balanceo,RandomForest,,,,,,,,,,,,,,,0,True,NO_APLICA,variante marcada como no modelable,,
252260554,left,sinArtefactosEstricto,sin_balanceo,MLP,,,,,,,,,,,,,,,0,True,NO_APLICA,variante marcada como no modelable,,
252260554,left,sinArtefactosEstricto,sin_balanceo,IBk_kNN,,,,,,,,,,,,,,,0,True,NO_APLICA,variante marcada como no modelable,,
252260554,left,sinArtefactosEstricto,sin_balanceo,RBFNetwork_aprox,,,,,,,,,,,,,,,0,True,NO_APLICA,variante marcada como no modelable,,
252260554,left,sinArtefactosEstricto,random_oversampling,SMO_SVM,,,,,,,,,,,,,,,0,True,NO_APLICA,variante marcada como no modelable,,
252260554,left,sinArtefactosEstricto,random_oversampling,RandomForest,,,,,,,,,,,,,,,0,True,NO_APLICA,variante marcada como no modelable,,
252260554,left,sinArtefactosEstricto,random_oversampling,MLP,,,,,,,,,,,,,,,0,True,NO_APLICA,variante marcada como no modelable,,
252260554,left,sinArtefactosEstricto,random_oversampling,IBk_kNN,,,,,,,,,,,,,,,0,True,NO_APLICA,variante marcada como no modelable,,
252260554,left,sinArtefactosEstricto,random_oversampling,RBFNetwork_aprox,,,,,,,,,,,,,,,0,True,NO_APLICA,variante marcada como no modelable,,
252260554,left,sinArtefactosEstricto,class_weight_balanced,SMO_SVM,,,,,,,,,,,,,,,0,True,NO_APLICA,variante marcada como no modelable,,
252260554,left,sinArtefactosEstricto,class_weight_balanced,RandomForest,,,,,,,,,,,,,,,0,True,NO_APLICA,variante marcada como no modelable,,
252260554,left,sinArtefactosEstricto,class_weight_balanced,MLP,,,,,,,,,,,,,,,0,True,NO_APLICA,variante marcada como no modelable,,
252260554,left,sinArtefactosEstricto,class_weight_balanced,IBk_kNN,,,,,,,,,,,,,,,0,True,NO_APLICA,variante marcada como no modelable,,
252260554,left,sinArtefactosEstricto,class_weight_balanced,RBFNetwork_aprox,,,,,,,,,,,,,,,0,True,NO_APLICA,variante marcada como no modelable,,
252260554,left,sinArtefactosEstricto,smote,SMO_SVM,,,,,,,,,,,,,,,0,True,NO_APLICA,variante marcada como no modelable,,
252260554,left,sinArtefactosEstricto,smote,RandomForest,,,,,,,,,,,,,,,0,True,NO_APLICA,variante marcada como no modelable,,
252260554,left,sinArtefactosEstricto,smote,MLP,,,,,,,,,,,,,,,0,True,NO_APLICA,variante marcada como no modelable,,
252260554,left,sinArtefactosEstricto,smote,IBk_kNN,,,,,,,,,,,,,,,0,True,NO_APLICA,variante marcada como no modelable,,
252260554,left,sinArtefactosEstricto,smote,RBFNetwork_aprox,,,,,,,,,,,,,,,0,True,NO_APLICA,variante marcada como no modelable,,
252260554,left,sinArtefactosEstricto,smote_tomek,SMO_SVM,,,,,,,,,,,,,,,0,True,NO_APLICA,variante marcada como no modelable,,
252260554,left,sinArtefactosEstricto,smote_tomek,RandomForest,,,,,,,,,,,,,,,0,True,NO_APLICA,variante marcada como no modelable,,
252260554,left,sinArtefactosEstricto,smote_tomek,MLP,,,,,,,,,,,,,,,0,True,NO_APLICA,variante marcada como no modelable,,
252260554,left,sinArtefactosEstricto,smote_tomek,IBk_kNN,,,,,,,,,,,,,,,0,True,NO_APLICA,variante marcada como no modelable,,
252260554,left,sinArtefactosEstricto,smote_tomek,RBFNetwork_aprox,,,,,,,,,,,,,,,0,True,NO_APLICA,variante marcada como no modelable,,
252260554,left,sinArtefactosEstricto,random_undersampling_controlado,SMO_SVM,,,,,,,,,,,,,,,0,True,NO_APLICA,variante marcada como no modelable,,
252260554,left,sinArtefactosEstricto,random_undersampling_controlado,RandomForest,,,,,,,,,,,,,,,0,True,NO_APLICA,variante marcada como no modelable,,
252260554,left,sinArtefactosEstricto,random_undersampling_controlado,MLP,,,,,,,,,,,,,,,0,True,NO_APLICA,variante marcada como no modelable,,
252260554,left,sinArtefactosEstricto,random_undersampling_controlado,IBk_kNN,,,,,,,,,,,,,,,0,True,NO_APLICA,variante marcada como no modelable,,
252260554,left,sinArtefactosEstricto,random_undersampling_controlado,RBFNetwork_aprox,,,,,,,,,,,,,,,0,True,NO_APLICA,variante marcada como no modelable,,
252260554,pull,noOutliers,sin_balanceo,SMO_SVM,,,,,,,,,,,,,,,0,True,NO_APLICA,menos de dos clases modelables,,
252260554,pull,noOutliers,sin_balanceo,RandomForest,,,,,,,,,,,,,,,0,True,NO_APLICA,menos de dos clases modelables,,
252260554,pull,noOutliers,sin_balanceo,MLP,,,,,,,,,,,,,,,0,True,NO_APLICA,menos de dos clases modelables,,
252260554,pull,noOutliers,sin_balanceo,IBk_kNN,,,,,,,,,,,,,,,0,True,NO_APLICA,menos de dos clases modelables,,
252260554,pull,noOutliers,sin_balanceo,RBFNetwork_aprox,,,,,,,,,,,,,,,0,True,NO_APLICA,menos de dos clases modelables,,
252260554,pull,noOutliers,random_oversampling,SMO_SVM,,,,,,,,,,,,,,,0,True,NO_APLICA,menos de dos clases modelables,,
252260554,pull,noOutliers,random_oversampling,RandomForest,,,,,,,,,,,,,,,0,True,NO_APLICA,menos de dos clases modelables,,
252260554,pull,noOutliers,random_oversampling,MLP,,,,,,,,,,,,,,,0,True,NO_APLICA,menos de dos clases modelables,,
252260554,pull,noOutliers,random_oversampling,IBk_kNN,,,,,,,,,,,,,,,0,True,NO_APLICA,menos de dos clases modelables,,
252260554,pull,noOutliers,random_oversampling,RBFNetwork_aprox,,,,,,,,,,,,,,,0,True,NO_APLICA,menos de dos clases modelables,,
252260554,pull,noOutliers,class_weight_balanced,SMO_SVM,,,,,,,,,,,,,,,0,True,NO_APLICA,menos de dos clases modelables,,
252260554,pull,noOutliers,class_weight_balanced,RandomForest,,,,,,,,,,,,,,,0,True,NO_APLICA,menos de dos clases modelables,,
252260554,pull,noOutliers,class_weight_balanced,MLP,,,,,,,,,,,,,,,0,True,NO_APLICA,menos de dos clases modelables,,
252260554,pull,noOutliers,class_weight_balanced,IBk_kNN,,,,,,,,,,,,,,,0,True,NO_APLICA,menos de dos clases modelables,,
252260554,pull,noOutliers,class_weight_balanced,RBFNetwork_aprox,,,,,,,,,,,,,,,0,True,NO_APLICA,menos de dos clases modelables,,
252260554,pull,noOutliers,smote,SMO_SVM,,,,,,,,,,,,,,,0,True,NO_APLICA,menos de dos clases modelables,,
252260554,pull,noOutliers,smote,RandomForest,,,,,,,,,,,,,,,0,True,NO_APLICA,menos de dos clases modelables,,
252260554,pull,noOutliers,smote,MLP,,,,,,,,,,,,,,,0,True,NO_APLICA,menos de dos clases modelables,,
252260554,pull,noOutliers,smote,IBk_kNN,,,,,,,,,,,,,,,0,True,NO_APLICA,menos de dos clases modelables,,
252260554,pull,noOutliers,smote,RBFNetwork_aprox,,,,,,,,,,,,,,,0,True,NO_APLICA,menos de dos clases modelables,,
252260554,pull,noOutliers,smote_tomek,SMO_SVM,,,,,,,,,,,,,,,0,True,NO_APLICA,menos de dos clases modelables,,
252260554,pull,noOutliers,smote_tomek,RandomForest,,,,,,,,,,,,,,,0,True,NO_APLICA,menos de dos clases modelables,,
252260554,pull,noOutliers,smote_tomek,MLP,,,,,,,,,,,,,,,0,True,NO_APLICA,menos de dos clases modelables,,
252260554,pull,noOutliers,smote_tomek,IBk_kNN,,,,,,,,,,,,,,,0,True,NO_APLICA,menos de dos clases modelables,,
252260554,pull,noOutliers,smote_tomek,RBFNetwork_aprox,,,,,,,,,,,,,,,0,True,NO_APLICA,menos de dos clases modelables,,
252260554,pull,noOutliers,random_undersampling_controlado,SMO_SVM,,,,,,,,,,,,,,,0,True,NO_APLICA,menos de dos clases modelables,,
252260554,pull,noOutliers,random_undersampling_controlado,RandomForest,,,,,,,,,,,,,,,0,True,NO_APLICA,menos de dos clases modelables,,
252260554,pull,noOutliers,random_undersampling_controlado,MLP,,,,,,,,,,,,,,,0,True,NO_APLICA,menos de dos clases modelables,,
252260554,pull,noOutliers,random_undersampling_controlado,IBk_kNN,,,,,,,,,,,,,,,0,True,NO_APLICA,menos de dos clases modelables,,
252260554,pull,noOutliers,random_undersampling_controlado,RBFNetwork_aprox,,,,,,,,,,,,,,,0,True,NO_APLICA,menos de dos clases modelables,,
252260554,pull,sinArtefactosConservador,sin_balanceo,SMO_SVM,,,,,,,,,,,,,,,0,True,NO_APLICA,variante marcada como no modelable,,
252260554,pull,sinArtefactosConservador,sin_balanceo,RandomForest,,,,,,,,,,,,,,,0,True,NO_APLICA,variante marcada como no modelable,,
252260554,pull,sinArtefactosConservador,sin_balanceo,MLP,,,,,,,,,,,,,,,0,True,NO_APLICA,variante marcada como no modelable,,
252260554,pull,sinArtefactosConservador,sin_balanceo,IBk_kNN,,,,,,,,,,,,,,,0,True,NO_APLICA,variante marcada como no modelable,,
252260554,pull,sinArtefactosConservador,sin_balanceo,RBFNetwork_aprox,,,,,,,,,,,,,,,0,True,NO_APLICA,variante marcada como no modelable,,
252260554,pull,sinArtefactosConservador,random_oversampling,SMO_SVM,,,,,,,,,,,,,,,0,True,NO_APLICA,variante marcada como no modelable,,
252260554,pull,sinArtefactosConservador,random_oversampling,RandomForest,,,,,,,,,,,,,,,0,True,NO_APLICA,variante marcada como no modelable,,
252260554,pull,sinArtefactosConservador,random_oversampling,MLP,,,,,,,,,,,,,,,0,True,NO_APLICA,variante marcada como no modelable,,
252260554,pull,sinArtefactosConservador,random_oversampling,IBk_kNN,,,,,,,,,,,,,,,0,True,NO_APLICA,variante marcada como no modelable,,
252260554,pull,sinArtefactosConservador,random_oversampling,RBFNetwork_aprox,,,,,,,,,,,,,,,0,True,NO_APLICA,variante marcada como no modelable,,
252260554,pull,sinArtefactosConservador,class_weight_balanced,SMO_SVM,,,,,,,,,,,,,,,0,True,NO_APLICA,variante marcada como no modelable,,
252260554,pull,sinArtefactosConservador,class_weight_balanced,RandomForest,,,,,,,,,,,,,,,0,True,NO_APLICA,variante marcada como no modelable,,
252260554,pull,sinArtefactosConservador,class_weight_balanced,MLP,,,,,,,,,,,,,,,0,True,NO_APLICA,variante marcada como no modelable,,
252260554,pull,sinArtefactosConservador,class_weight_balanced,IBk_kNN,,,,,,,,,,,,,,,0,True,NO_APLICA,variante marcada como no modelable,,
252260554,pull,sinArtefactosConservador,class_weight_balanced,RBFNetwork_aprox,,,,,,,,,,,,,,,0,True,NO_APLICA,variante marcada como no modelable,,
252260554,pull,sinArtefactosConservador,smote,SMO_SVM,,,,,,,,,,,,,,,0,True,NO_APLICA,variante marcada como no modelable,,
252260554,pull,sinArtefactosConservador,smote,RandomForest,,,,,,,,,,,,,,,0,True,NO_APLICA,variante marcada como no modelable,,
252260554,pull,sinArtefactosConservador,smote,MLP,,,,,,,,,,,,,,,0,True,NO_APLICA,variante marcada como no modelable,,
252260554,pull,sinArtefactosConservador,smote,IBk_kNN,,,,,,,,,,,,,,,0,True,NO_APLICA,variante marcada como no modelable,,
252260554,pull,sinArtefactosConservador,smote,RBFNetwork_aprox,,,,,,,,,,,,,,,0,True,NO_APLICA,variante marcada como no modelable,,
252260554,pull,sinArtefactosConservador,smote_tomek,SMO_SVM,,,,,,,,,,,,,,,0,True,NO_APLICA,variante marcada como no modelable,,
252260554,pull,sinArtefactosConservador,smote_tomek,RandomForest,,,,,,,,,,,,,,,0,True,NO_APLICA,variante marcada como no modelable,,
252260554,pull,sinArtefactosConservador,smote_tomek,MLP,,,,,,,,,,,,,,,0,True,NO_APLICA,variante marcada como no modelable,,
252260554,pull,sinArtefactosConservador,smote_tomek,IBk_kNN,,,,,,,,,,,,,,,0,True,NO_APLICA,variante marcada como no modelable,,
252260554,pull,sinArtefactosConservador,smote_tomek,RBFNetwork_aprox,,,,,,,,,,,,,,,0,True,NO_APLICA,variante marcada como no modelable,,
252260554,pull,sinArtefactosConservador,random_undersampling_controlado,SMO_SVM,,,,,,,,,,,,,,,0,True,NO_APLICA,variante marcada como no modelable,,
252260554,pull,sinArtefactosConservador,random_undersampling_controlado,RandomForest,,,,,,,,,,,,,,,0,True,NO_APLICA,variante marcada como no modelable,,
252260554,pull,sinArtefactosConservador,random_undersampling_controlado,MLP,,,,,,,,,,,,,,,0,True,NO_APLICA,variante marcada como no modelable,,
252260554,pull,sinArtefactosConservador,random_undersampling_controlado,IBk_kNN,,,,,,,,,,,,,,,0,True,NO_APLICA,variante marcada como no modelable,,
252260554,pull,sinArtefactosConservador,random_undersampling_controlado,RBFNetwork_aprox,,,,,,,,,,,,,,,0,True,NO_APLICA,variante marcada como no modelable,,
252260554,pull,sinArtefactosEstricto,sin_balanceo,SMO_SVM,,,,,,,,,,,,,,,0,True,NO_APLICA,variante marcada como no modelable,,
252260554,pull,sinArtefactosEstricto,sin_balanceo,RandomForest,,,,,,,,,,,,,,,0,True,NO_APLICA,variante marcada como no modelable,,
252260554,pull,sinArtefactosEstricto,sin_balanceo,MLP,,,,,,,,,,,,,,,0,True,NO_APLICA,variante marcada como no modelable,,
252260554,pull,sinArtefactosEstricto,sin_balanceo,IBk_kNN,,,,,,,,,,,,,,,0,True,NO_APLICA,variante marcada como no modelable,,
252260554,pull,sinArtefactosEstricto,sin_balanceo,RBFNetwork_aprox,,,,,,,,,,,,,,,0,True,NO_APLICA,variante marcada como no modelable,,
252260554,pull,sinArtefactosEstricto,random_oversampling,SMO_SVM,,,,,,,,,,,,,,,0,True,NO_APLICA,variante marcada como no modelable,,
252260554,pull,sinArtefactosEstricto,random_oversampling,RandomForest,,,,,,,,,,,,,,,0,True,NO_APLICA,variante marcada como no modelable,,
252260554,pull,sinArtefactosEstricto,random_oversampling,MLP,,,,,,,,,,,,,,,0,True,NO_APLICA,variante marcada como no modelable,,
252260554,pull,sinArtefactosEstricto,random_oversampling,IBk_kNN,,,,,,,,,,,,,,,0,True,NO_APLICA,variante marcada como no modelable,,
252260554,pull,sinArtefactosEstricto,random_oversampling,RBFNetwork_aprox,,,,,,,,,,,,,,,0,True,NO_APLICA,variante marcada como no modelable,,
252260554,pull,sinArtefactosEstricto,class_weight_balanced,SMO_SVM,,,,,,,,,,,,,,,0,True,NO_APLICA,variante marcada como no modelable,,
252260554,pull,sinArtefactosEstricto,class_weight_balanced,RandomForest,,,,,,,,,,,,,,,0,True,NO_APLICA,variante marcada como no modelable,,
252260554,pull,sinArtefactosEstricto,class_weight_balanced,MLP,,,,,,,,,,,,,,,0,True,NO_APLICA,variante marcada como no modelable,,
252260554,pull,sinArtefactosEstricto,class_weight_balanced,IBk_kNN,,,,,,,,,,,,,,,0,True,NO_APLICA,variante marcada como no modelable,,
252260554,pull,sinArtefactosEstricto,class_weight_balanced,RBFNetwork_aprox,,,,,,,,,,,,,,,0,True,NO_APLICA,variante marcada como no modelable,,
252260554,pull,sinArtefactosEstricto,smote,SMO_SVM,,,,,,,,,,,,,,,0,True,NO_APLICA,variante marcada como no modelable,,
252260554,pull,sinArtefactosEstricto,smote,RandomForest,,,,,,,,,,,,,,,0,True,NO_APLICA,variante marcada como no modelable,,
252260554,pull,sinArtefactosEstricto,smote,MLP,,,,,,,,,,,,,,,0,True,NO_APLICA,variante marcada como no modelable,,
252260554,pull,sinArtefactosEstricto,smote,IBk_kNN,,,,,,,,,,,,,,,0,True,NO_APLICA,variante marcada como no modelable,,
252260554,pull,sinArtefactosEstricto,smote,RBFNetwork_aprox,,,,,,,,,,,,,,,0,True,NO_APLICA,variante marcada como no modelable,,
252260554,pull,sinArtefactosEstricto,smote_tomek,SMO_SVM,,,,,,,,,,,,,,,0,True,NO_APLICA,variante marcada como no modelable,,
252260554,pull,sinArtefactosEstricto,smote_tomek,RandomForest,,,,,,,,,,,,,,,0,True,NO_APLICA,variante marcada como no modelable,,
252260554,pull,sinArtefactosEstricto,smote_tomek,MLP,,,,,,,,,,,,,,,0,True,NO_APLICA,variante marcada como no modelable,,
252260554,pull,sinArtefactosEstricto,smote_tomek,IBk_kNN,,,,,,,,,,,,,,,0,True,NO_APLICA,variante marcada como no modelable,,
252260554,pull,sinArtefactosEstricto,smote_tomek,RBFNetwork_aprox,,,,,,,,,,,,,,,0,True,NO_APLICA,variante marcada como no modelable,,
252260554,pull,sinArtefactosEstricto,random_undersampling_controlado,SMO_SVM,,,,,,,,,,,,,,,0,True,NO_APLICA,variante marcada como no modelable,,
252260554,pull,sinArtefactosEstricto,random_undersampling_controlado,RandomForest,,,,,,,,,,,,,,,0,True,NO_APLICA,variante marcada como no modelable,,
252260554,pull,sinArtefactosEstricto,random_undersampling_controlado,MLP,,,,,,,,,,,,,,,0,True,NO_APLICA,variante marcada como no modelable,,
252260554,pull,sinArtefactosEstricto,random_undersampling_controlado,IBk_kNN,,,,,,,,,,,,,,,0,True,NO_APLICA,variante marcada como no modelable,,
252260554,pull,sinArtefactosEstricto,random_undersampling_controlado,RBFNetwork_aprox,,,,,,,,,,,,,,,0,True,NO_APLICA,variante marcada como no modelable,,
252260554,push,noOutliers,sin_balanceo,SMO_SVM,,,,,,,,,,,,,,,0,True,NO_APLICA,menos de dos clases modelables,,
252260554,push,noOutliers,sin_balanceo,RandomForest,,,,,,,,,,,,,,,0,True,NO_APLICA,menos de dos clases modelables,,
252260554,push,noOutliers,sin_balanceo,MLP,,,,,,,,,,,,,,,0,True,NO_APLICA,menos de dos clases modelables,,
252260554,push,noOutliers,sin_balanceo,IBk_kNN,,,,,,,,,,,,,,,0,True,NO_APLICA,menos de dos clases modelables,,
252260554,push,noOutliers,sin_balanceo,RBFNetwork_aprox,,,,,,,,,,,,,,,0,True,NO_APLICA,menos de dos clases modelables,,
252260554,push,noOutliers,random_oversampling,SMO_SVM,,,,,,,,,,,,,,,0,True,NO_APLICA,menos de dos clases modelables,,
252260554,push,noOutliers,random_oversampling,RandomForest,,,,,,,,,,,,,,,0,True,NO_APLICA,menos de dos clases modelables,,
252260554,push,noOutliers,random_oversampling,MLP,,,,,,,,,,,,,,,0,True,NO_APLICA,menos de dos clases modelables,,
252260554,push,noOutliers,random_oversampling,IBk_kNN,,,,,,,,,,,,,,,0,True,NO_APLICA,menos de dos clases modelables,,
252260554,push,noOutliers,random_oversampling,RBFNetwork_aprox,,,,,,,,,,,,,,,0,True,NO_APLICA,menos de dos clases modelables,,
252260554,push,noOutliers,class_weight_balanced,SMO_SVM,,,,,,,,,,,,,,,0,True,NO_APLICA,menos de dos clases modelables,,
252260554,push,noOutliers,class_weight_balanced,RandomForest,,,,,,,,,,,,,,,0,True,NO_APLICA,menos de dos clases modelables,,
252260554,push,noOutliers,class_weight_balanced,MLP,,,,,,,,,,,,,,,0,True,NO_APLICA,menos de dos clases modelables,,
252260554,push,noOutliers,class_weight_balanced,IBk_kNN,,,,,,,,,,,,,,,0,True,NO_APLICA,menos de dos clases modelables,,
252260554,push,noOutliers,class_weight_balanced,RBFNetwork_aprox,,,,,,,,,,,,,,,0,True,NO_APLICA,menos de dos clases modelables,,
252260554,push,noOutliers,smote,SMO_SVM,,,,,,,,,,,,,,,0,True,NO_APLICA,menos de dos clases modelables,,
252260554,push,noOutliers,smote,RandomForest,,,,,,,,,,,,,,,0,True,NO_APLICA,menos de dos clases modelables,,
252260554,push,noOutliers,smote,MLP,,,,,,,,,,,,,,,0,True,NO_APLICA,menos de dos clases modelables,,
252260554,push,noOutliers,smote,IBk_kNN,,,,,,,,,,,,,,,0,True,NO_APLICA,menos de dos clases modelables,,
252260554,push,noOutliers,smote,RBFNetwork_aprox,,,,,,,,,,,,,,,0,True,NO_APLICA,menos de dos clases modelables,,
252260554,push,noOutliers,smote_tomek,SMO_SVM,,,,,,,,,,,,,,,0,True,NO_APLICA,menos de dos clases modelables,,
252260554,push,noOutliers,smote_tomek,RandomForest,,,,,,,,,,,,,,,0,True,NO_APLICA,menos de dos clases modelables,,
252260554,push,noOutliers,smote_tomek,MLP,,,,,,,,,,,,,,,0,True,NO_APLICA,menos de dos clases modelables,,
252260554,push,noOutliers,smote_tomek,IBk_kNN,,,,,,,,,,,,,,,0,True,NO_APLICA,menos de dos clases modelables,,
252260554,push,noOutliers,smote_tomek,RBFNetwork_aprox,,,,,,,,,,,,,,,0,True,NO_APLICA,menos de dos clases modelables,,
252260554,push,noOutliers,random_undersampling_controlado,SMO_SVM,,,,,,,,,,,,,,,0,True,NO_APLICA,menos de dos clases modelables,,
252260554,push,noOutliers,random_undersampling_controlado,RandomForest,,,,,,,,,,,,,,,0,True,NO_APLICA,menos de dos clases modelables,,
252260554,push,noOutliers,random_undersampling_controlado,MLP,,,,,,,,,,,,,,,0,True,NO_APLICA,menos de dos clases modelables,,
252260554,push,noOutliers,random_undersampling_controlado,IBk_kNN,,,,,,,,,,,,,,,0,True,NO_APLICA,menos de dos clases modelables,,
252260554,push,noOutliers,random_undersampling_controlado,RBFNetwork_aprox,,,,,,,,,,,,,,,0,True,NO_APLICA,menos de dos clases modelables,,
252260554,push,sinArtefactosConservador,sin_balanceo,SMO_SVM,,,,,,,,,,,,,,,0,True,NO_APLICA,variante marcada como no modelable,,
252260554,push,sinArtefactosConservador,sin_balanceo,RandomForest,,,,,,,,,,,,,,,0,True,NO_APLICA,variante marcada como no modelable,,
252260554,push,sinArtefactosConservador,sin_balanceo,MLP,,,,,,,,,,,,,,,0,True,NO_APLICA,variante marcada como no modelable,,
252260554,push,sinArtefactosConservador,sin_balanceo,IBk_kNN,,,,,,,,,,,,,,,0,True,NO_APLICA,variante marcada como no modelable,,
252260554,push,sinArtefactosConservador,sin_balanceo,RBFNetwork_aprox,,,,,,,,,,,,,,,0,True,NO_APLICA,variante marcada como no modelable,,
252260554,push,sinArtefactosConservador,random_oversampling,SMO_SVM,,,,,,,,,,,,,,,0,True,NO_APLICA,variante marcada como no modelable,,
252260554,push,sinArtefactosConservador,random_oversampling,RandomForest,,,,,,,,,,,,,,,0,True,NO_APLICA,variante marcada como no modelable,,
252260554,push,sinArtefactosConservador,random_oversampling,MLP,,,,,,,,,,,,,,,0,True,NO_APLICA,variante marcada como no modelable,,
252260554,push,sinArtefactosConservador,random_oversampling,IBk_kNN,,,,,,,,,,,,,,,0,True,NO_APLICA,variante marcada como no modelable,,
252260554,push,sinArtefactosConservador,random_oversampling,RBFNetwork_aprox,,,,,,,,,,,,,,,0,True,NO_APLICA,variante marcada como no modelable,,
252260554,push,sinArtefactosConservador,class_weight_balanced,SMO_SVM,,,,,,,,,,,,,,,0,True,NO_APLICA,variante marcada como no modelable,,
252260554,push,sinArtefactosConservador,class_weight_balanced,RandomForest,,,,,,,,,,,,,,,0,True,NO_APLICA,variante marcada como no modelable,,
252260554,push,sinArtefactosConservador,class_weight_balanced,MLP,,,,,,,,,,,,,,,0,True,NO_APLICA,variante marcada como no modelable,,
252260554,push,sinArtefactosConservador,class_weight_balanced,IBk_kNN,,,,,,,,,,,,,,,0,True,NO_APLICA,variante marcada como no modelable,,
252260554,push,sinArtefactosConservador,class_weight_balanced,RBFNetwork_aprox,,,,,,,,,,,,,,,0,True,NO_APLICA,variante marcada como no modelable,,
252260554,push,sinArtefactosConservador,smote,SMO_SVM,,,,,,,,,,,,,,,0,True,NO_APLICA,variante marcada como no modelable,,
252260554,push,sinArtefactosConservador,smote,RandomForest,,,,,,,,,,,,,,,0,True,NO_APLICA,variante marcada como no modelable,,
252260554,push,sinArtefactosConservador,smote,MLP,,,,,,,,,,,,,,,0,True,NO_APLICA,variante marcada como no modelable,,
252260554,push,sinArtefactosConservador,smote,IBk_kNN,,,,,,,,,,,,,,,0,True,NO_APLICA,variante marcada como no modelable,,
252260554,push,sinArtefactosConservador,smote,RBFNetwork_aprox,,,,,,,,,,,,,,,0,True,NO_APLICA,variante marcada como no modelable,,
252260554,push,sinArtefactosConservador,smote_tomek,SMO_SVM,,,,,,,,,,,,,,,0,True,NO_APLICA,variante marcada como no modelable,,
252260554,push,sinArtefactosConservador,smote_tomek,RandomForest,,,,,,,,,,,,,,,0,True,NO_APLICA,variante marcada como no modelable,,
252260554,push,sinArtefactosConservador,smote_tomek,MLP,,,,,,,,,,,,,,,0,True,NO_APLICA,variante marcada como no modelable,,
252260554,push,sinArtefactosConservador,smote_tomek,IBk_kNN,,,,,,,,,,,,,,,0,True,NO_APLICA,variante marcada como no modelable,,
252260554,push,sinArtefactosConservador,smote_tomek,RBFNetwork_aprox,,,,,,,,,,,,,,,0,True,NO_APLICA,variante marcada como no modelable,,
252260554,push,sinArtefactosConservador,random_undersampling_controlado,SMO_SVM,,,,,,,,,,,,,,,0,True,NO_APLICA,variante marcada como no modelable,,
252260554,push,sinArtefactosConservador,random_undersampling_controlado,RandomForest,,,,,,,,,,,,,,,0,True,NO_APLICA,variante marcada como no modelable,,
252260554,push,sinArtefactosConservador,random_undersampling_controlado,MLP,,,,,,,,,,,,,,,0,True,NO_APLICA,variante marcada como no modelable,,
252260554,push,sinArtefactosConservador,random_undersampling_controlado,IBk_kNN,,,,,,,,,,,,,,,0,True,NO_APLICA,variante marcada como no modelable,,
252260554,push,sinArtefactosConservador,random_undersampling_controlado,RBFNetwork_aprox,,,,,,,,,,,,,,,0,True,NO_APLICA,variante marcada como no modelable,,
252260554,push,sinArtefactosEstricto,sin_balanceo,SMO_SVM,,,,,,,,,,,,,,,0,True,NO_APLICA,variante marcada como no modelable,,
252260554,push,sinArtefactosEstricto,sin_balanceo,RandomForest,,,,,,,,,,,,,,,0,True,NO_APLICA,variante marcada como no modelable,,
252260554,push,sinArtefactosEstricto,sin_balanceo,MLP,,,,,,,,,,,,,,,0,True,NO_APLICA,variante marcada como no modelable,,
252260554,push,sinArtefactosEstricto,sin_balanceo,IBk_kNN,,,,,,,,,,,,,,,0,True,NO_APLICA,variante marcada como no modelable,,
252260554,push,sinArtefactosEstricto,sin_balanceo,RBFNetwork_aprox,,,,,,,,,,,,,,,0,True,NO_APLICA,variante marcada como no modelable,,
252260554,push,sinArtefactosEstricto,random_oversampling,SMO_SVM,,,,,,,,,,,,,,,0,True,NO_APLICA,variante marcada como no modelable,,
252260554,push,sinArtefactosEstricto,random_oversampling,RandomForest,,,,,,,,,,,,,,,0,True,NO_APLICA,variante marcada como no modelable,,
252260554,push,sinArtefactosEstricto,random_oversampling,MLP,,,,,,,,,,,,,,,0,True,NO_APLICA,variante marcada como no modelable,,
252260554,push,sinArtefactosEstricto,random_oversampling,IBk_kNN,,,,,,,,,,,,,,,0,True,NO_APLICA,variante marcada como no modelable,,
252260554,push,sinArtefactosEstricto,random_oversampling,RBFNetwork_aprox,,,,,,,,,,,,,,,0,True,NO_APLICA,variante marcada como no modelable,,
252260554,push,sinArtefactosEstricto,class_weight_balanced,SMO_SVM,,,,,,,,,,,,,,,0,True,NO_APLICA,variante marcada como no modelable,,
252260554,push,sinArtefactosEstricto,class_weight_balanced,RandomForest,,,,,,,,,,,,,,,0,True,NO_APLICA,variante marcada como no modelable,,
252260554,push,sinArtefactosEstricto,class_weight_balanced,MLP,,,,,,,,,,,,,,,0,True,NO_APLICA,variante marcada como no modelable,,
252260554,push,sinArtefactosEstricto,class_weight_balanced,IBk_kNN,,,,,,,,,,,,,,,0,True,NO_APLICA,variante marcada como no modelable,,
252260554,push,sinArtefactosEstricto,class_weight_balanced,RBFNetwork_aprox,,,,,,,,,,,,,,,0,True,NO_APLICA,variante marcada como no modelable,,
252260554,push,sinArtefactosEstricto,smote,SMO_SVM,,,,,,,,,,,,,,,0,True,NO_APLICA,variante marcada como no modelable,,
252260554,push,sinArtefactosEstricto,smote,RandomForest,,,,,,,,,,,,,,,0,True,NO_APLICA,variante marcada como no modelable,,
252260554,push,sinArtefactosEstricto,smote,MLP,,,,,,,,,,,,,,,0,True,NO_APLICA,variante marcada como no modelable,,
252260554,push,sinArtefactosEstricto,smote,IBk_kNN,,,,,,,,,,,,,,,0,True,NO_APLICA,variante marcada como no modelable,,
252260554,push,sinArtefactosEstricto,smote,RBFNetwork_aprox,,,,,,,,,,,,,,,0,True,NO_APLICA,variante marcada como no modelable,,
252260554,push,sinArtefactosEstricto,smote_tomek,SMO_SVM,,,,,,,,,,,,,,,0,True,NO_APLICA,variante marcada como no modelable,,
252260554,push,sinArtefactosEstricto,smote_tomek,RandomForest,,,,,,,,,,,,,,,0,True,NO_APLICA,variante marcada como no modelable,,
252260554,push,sinArtefactosEstricto,smote_tomek,MLP,,,,,,,,,,,,,,,0,True,NO_APLICA,variante marcada como no modelable,,
252260554,push,sinArtefactosEstricto,smote_tomek,IBk_kNN,,,,,,,,,,,,,,,0,True,NO_APLICA,variante marcada como no modelable,,
252260554,push,sinArtefactosEstricto,smote_tomek,RBFNetwork_aprox,,,,,,,,,,,,,,,0,True,NO_APLICA,variante marcada como no modelable,,
252260554,push,sinArtefactosEstricto,random_undersampling_controlado,SMO_SVM,,,,,,,,,,,,,,,0,True,NO_APLICA,variante marcada como no modelable,,
252260554,push,sinArtefactosEstricto,random_undersampling_controlado,RandomForest,,,,,,,,,,,,,,,0,True,NO_APLICA,variante marcada como no modelable,,
252260554,push,sinArtefactosEstricto,random_undersampling_controlado,MLP,,,,,,,,,,,,,,,0,True,NO_APLICA,variante marcada como no modelable,,
252260554,push,sinArtefactosEstricto,random_undersampling_controlado,IBk_kNN,,,,,,,,,,,,,,,0,True,NO_APLICA,variante marcada como no modelable,,
252260554,push,sinArtefactosEstricto,random_undersampling_controlado,RBFNetwork_aprox,,,,,,,,,,,,,,,0,True,NO_APLICA,variante marcada como no modelable,,
252260554,right,noOutliers,sin_balanceo,SMO_SVM,,,,,,,,,,,,,,,0,True,NO_APLICA,menos de dos clases modelables,,
252260554,right,noOutliers,sin_balanceo,RandomForest,,,,,,,,,,,,,,,0,True,NO_APLICA,menos de dos clases modelables,,
252260554,right,noOutliers,sin_balanceo,MLP,,,,,,,,,,,,,,,0,True,NO_APLICA,menos de dos clases modelables,,
252260554,right,noOutliers,sin_balanceo,IBk_kNN,,,,,,,,,,,,,,,0,True,NO_APLICA,menos de dos clases modelables,,
252260554,right,noOutliers,sin_balanceo,RBFNetwork_aprox,,,,,,,,,,,,,,,0,True,NO_APLICA,menos de dos clases modelables,,
252260554,right,noOutliers,random_oversampling,SMO_SVM,,,,,,,,,,,,,,,0,True,NO_APLICA,menos de dos clases modelables,,
252260554,right,noOutliers,random_oversampling,RandomForest,,,,,,,,,,,,,,,0,True,NO_APLICA,menos de dos clases modelables,,
252260554,right,noOutliers,random_oversampling,MLP,,,,,,,,,,,,,,,0,True,NO_APLICA,menos de dos clases modelables,,
252260554,right,noOutliers,random_oversampling,IBk_kNN,,,,,,,,,,,,,,,0,True,NO_APLICA,menos de dos clases modelables,,
252260554,right,noOutliers,random_oversampling,RBFNetwork_aprox,,,,,,,,,,,,,,,0,True,NO_APLICA,menos de dos clases modelables,,
252260554,right,noOutliers,class_weight_balanced,SMO_SVM,,,,,,,,,,,,,,,0,True,NO_APLICA,menos de dos clases modelables,,
252260554,right,noOutliers,class_weight_balanced,RandomForest,,,,,,,,,,,,,,,0,True,NO_APLICA,menos de dos clases modelables,,
252260554,right,noOutliers,class_weight_balanced,MLP,,,,,,,,,,,,,,,0,True,NO_APLICA,menos de dos clases modelables,,
252260554,right,noOutliers,class_weight_balanced,IBk_kNN,,,,,,,,,,,,,,,0,True,NO_APLICA,menos de dos clases modelables,,
252260554,right,noOutliers,class_weight_balanced,RBFNetwork_aprox,,,,,,,,,,,,,,,0,True,NO_APLICA,menos de dos clases modelables,,
252260554,right,noOutliers,smote,SMO_SVM,,,,,,,,,,,,,,,0,True,NO_APLICA,menos de dos clases modelables,,
252260554,right,noOutliers,smote,RandomForest,,,,,,,,,,,,,,,0,True,NO_APLICA,menos de dos clases modelables,,
252260554,right,noOutliers,smote,MLP,,,,,,,,,,,,,,,0,True,NO_APLICA,menos de dos clases modelables,,
252260554,right,noOutliers,smote,IBk_kNN,,,,,,,,,,,,,,,0,True,NO_APLICA,menos de dos clases modelables,,
252260554,right,noOutliers,smote,RBFNetwork_aprox,,,,,,,,,,,,,,,0,True,NO_APLICA,menos de dos clases modelables,,
252260554,right,noOutliers,smote_tomek,SMO_SVM,,,,,,,,,,,,,,,0,True,NO_APLICA,menos de dos clases modelables,,
252260554,right,noOutliers,smote_tomek,RandomForest,,,,,,,,,,,,,,,0,True,NO_APLICA,menos de dos clases modelables,,
252260554,right,noOutliers,smote_tomek,MLP,,,,,,,,,,,,,,,0,True,NO_APLICA,menos de dos clases modelables,,
252260554,right,noOutliers,smote_tomek,IBk_kNN,,,,,,,,,,,,,,,0,True,NO_APLICA,menos de dos clases modelables,,
252260554,right,noOutliers,smote_tomek,RBFNetwork_aprox,,,,,,,,,,,,,,,0,True,NO_APLICA,menos de dos clases modelables,,
252260554,right,noOutliers,random_undersampling_controlado,SMO_SVM,,,,,,,,,,,,,,,0,True,NO_APLICA,menos de dos clases modelables,,
252260554,right,noOutliers,random_undersampling_controlado,RandomForest,,,,,,,,,,,,,,,0,True,NO_APLICA,menos de dos clases modelables,,
252260554,right,noOutliers,random_undersampling_controlado,MLP,,,,,,,,,,,,,,,0,True,NO_APLICA,menos de dos clases modelables,,
252260554,right,noOutliers,random_undersampling_controlado,IBk_kNN,,,,,,,,,,,,,,,0,True,NO_APLICA,menos de dos clases modelables,,
252260554,right,noOutliers,random_undersampling_controlado,RBFNetwork_aprox,,,,,,,,,,,,,,,0,True,NO_APLICA,menos de dos clases modelables,,
252260554,right,sinArtefactosConservador,sin_balanceo,SMO_SVM,,,,,,,,,,,,,,,0,True,NO_APLICA,variante marcada como no modelable,,
252260554,right,sinArtefactosConservador,sin_balanceo,RandomForest,,,,,,,,,,,,,,,0,True,NO_APLICA,variante marcada como no modelable,,
252260554,right,sinArtefactosConservador,sin_balanceo,MLP,,,,,,,,,,,,,,,0,True,NO_APLICA,variante marcada como no modelable,,
252260554,right,sinArtefactosConservador,sin_balanceo,IBk_kNN,,,,,,,,,,,,,,,0,True,NO_APLICA,variante marcada como no modelable,,
252260554,right,sinArtefactosConservador,sin_balanceo,RBFNetwork_aprox,,,,,,,,,,,,,,,0,True,NO_APLICA,variante marcada como no modelable,,
252260554,right,sinArtefactosConservador,random_oversampling,SMO_SVM,,,,,,,,,,,,,,,0,True,NO_APLICA,variante marcada como no modelable,,
252260554,right,sinArtefactosConservador,random_oversampling,RandomForest,,,,,,,,,,,,,,,0,True,NO_APLICA,variante marcada como no modelable,,
252260554,right,sinArtefactosConservador,random_oversampling,MLP,,,,,,,,,,,,,,,0,True,NO_APLICA,variante marcada como no modelable,,
252260554,right,sinArtefactosConservador,random_oversampling,IBk_kNN,,,,,,,,,,,,,,,0,True,NO_APLICA,variante marcada como no modelable,,
252260554,right,sinArtefactosConservador,random_oversampling,RBFNetwork_aprox,,,,,,,,,,,,,,,0,True,NO_APLICA,variante marcada como no modelable,,
252260554,right,sinArtefactosConservador,class_weight_balanced,SMO_SVM,,,,,,,,,,,,,,,0,True,NO_APLICA,variante marcada como no modelable,,
252260554,right,sinArtefactosConservador,class_weight_balanced,RandomForest,,,,,,,,,,,,,,,0,True,NO_APLICA,variante marcada como no modelable,,
252260554,right,sinArtefactosConservador,class_weight_balanced,MLP,,,,,,,,,,,,,,,0,True,NO_APLICA,variante marcada como no modelable,,
252260554,right,sinArtefactosConservador,class_weight_balanced,IBk_kNN,,,,,,,,,,,,,,,0,True,NO_APLICA,variante marcada como no modelable,,
252260554,right,sinArtefactosConservador,class_weight_balanced,RBFNetwork_aprox,,,,,,,,,,,,,,,0,True,NO_APLICA,variante marcada como no modelable,,
252260554,right,sinArtefactosConservador,smote,SMO_SVM,,,,,,,,,,,,,,,0,True,NO_APLICA,variante marcada como no modelable,,
252260554,right,sinArtefactosConservador,smote,RandomForest,,,,,,,,,,,,,,,0,True,NO_APLICA,variante marcada como no modelable,,
252260554,right,sinArtefactosConservador,smote,MLP,,,,,,,,,,,,,,,0,True,NO_APLICA,variante marcada como no modelable,,
252260554,right,sinArtefactosConservador,smote,IBk_kNN,,,,,,,,,,,,,,,0,True,NO_APLICA,variante marcada como no modelable,,
252260554,right,sinArtefactosConservador,smote,RBFNetwork_aprox,,,,,,,,,,,,,,,0,True,NO_APLICA,variante marcada como no modelable,,
252260554,right,sinArtefactosConservador,smote_tomek,SMO_SVM,,,,,,,,,,,,,,,0,True,NO_APLICA,variante marcada como no modelable,,
252260554,right,sinArtefactosConservador,smote_tomek,RandomForest,,,,,,,,,,,,,,,0,True,NO_APLICA,variante marcada como no modelable,,
252260554,right,sinArtefactosConservador,smote_tomek,MLP,,,,,,,,,,,,,,,0,True,NO_APLICA,variante marcada como no modelable,,
252260554,right,sinArtefactosConservador,smote_tomek,IBk_kNN,,,,,,,,,,,,,,,0,True,NO_APLICA,variante marcada como no modelable,,
252260554,right,sinArtefactosConservador,smote_tomek,RBFNetwork_aprox,,,,,,,,,,,,,,,0,True,NO_APLICA,variante marcada como no modelable,,
252260554,right,sinArtefactosConservador,random_undersampling_controlado,SMO_SVM,,,,,,,,,,,,,,,0,True,NO_APLICA,variante marcada como no modelable,,
252260554,right,sinArtefactosConservador,random_undersampling_controlado,RandomForest,,,,,,,,,,,,,,,0,True,NO_APLICA,variante marcada como no modelable,,
252260554,right,sinArtefactosConservador,random_undersampling_controlado,MLP,,,,,,,,,,,,,,,0,True,NO_APLICA,variante marcada como no modelable,,
252260554,right,sinArtefactosConservador,random_undersampling_controlado,IBk_kNN,,,,,,,,,,,,,,,0,True,NO_APLICA,variante marcada como no modelable,,
252260554,right,sinArtefactosConservador,random_undersampling_controlado,RBFNetwork_aprox,,,,,,,,,,,,,,,0,True,NO_APLICA,variante marcada como no modelable,,
252260554,right,sinArtefactosEstricto,sin_balanceo,SMO_SVM,,,,,,,,,,,,,,,0,True,NO_APLICA,variante marcada como no modelable,,
252260554,right,sinArtefactosEstricto,sin_balanceo,RandomForest,,,,,,,,,,,,,,,0,True,NO_APLICA,variante marcada como no modelable,,
252260554,right,sinArtefactosEstricto,sin_balanceo,MLP,,,,,,,,,,,,,,,0,True,NO_APLICA,variante marcada como no modelable,,
252260554,right,sinArtefactosEstricto,sin_balanceo,IBk_kNN,,,,,,,,,,,,,,,0,True,NO_APLICA,variante marcada como no modelable,,
252260554,right,sinArtefactosEstricto,sin_balanceo,RBFNetwork_aprox,,,,,,,,,,,,,,,0,True,NO_APLICA,variante marcada como no modelable,,
252260554,right,sinArtefactosEstricto,random_oversampling,SMO_SVM,,,,,,,,,,,,,,,0,True,NO_APLICA,variante marcada como no modelable,,
252260554,right,sinArtefactosEstricto,random_oversampling,RandomForest,,,,,,,,,,,,,,,0,True,NO_APLICA,variante marcada como no modelable,,
252260554,right,sinArtefactosEstricto,random_oversampling,MLP,,,,,,,,,,,,,,,0,True,NO_APLICA,variante marcada como no modelable,,
252260554,right,sinArtefactosEstricto,random_oversampling,IBk_kNN,,,,,,,,,,,,,,,0,True,NO_APLICA,variante marcada como no modelable,,
252260554,right,sinArtefactosEstricto,random_oversampling,RBFNetwork_aprox,,,,,,,,,,,,,,,0,True,NO_APLICA,variante marcada como no modelable,,
252260554,right,sinArtefactosEstricto,class_weight_balanced,SMO_SVM,,,,,,,,,,,,,,,0,True,NO_APLICA,variante marcada como no modelable,,
252260554,right,sinArtefactosEstricto,class_weight_balanced,RandomForest,,,,,,,,,,,,,,,0,True,NO_APLICA,variante marcada como no modelable,,
252260554,right,sinArtefactosEstricto,class_weight_balanced,MLP,,,,,,,,,,,,,,,0,True,NO_APLICA,variante marcada como no modelable,,
252260554,right,sinArtefactosEstricto,class_weight_balanced,IBk_kNN,,,,,,,,,,,,,,,0,True,NO_APLICA,variante marcada como no modelable,,
252260554,right,sinArtefactosEstricto,class_weight_balanced,RBFNetwork_aprox,,,,,,,,,,,,,,,0,True,NO_APLICA,variante marcada como no modelable,,
252260554,right,sinArtefactosEstricto,smote,SMO_SVM,,,,,,,,,,,,,,,0,True,NO_APLICA,variante marcada como no modelable,,
252260554,right,sinArtefactosEstricto,smote,RandomForest,,,,,,,,,,,,,,,0,True,NO_APLICA,variante marcada como no modelable,,
252260554,right,sinArtefactosEstricto,smote,MLP,,,,,,,,,,,,,,,0,True,NO_APLICA,variante marcada como no modelable,,
252260554,right,sinArtefactosEstricto,smote,IBk_kNN,,,,,,,,,,,,,,,0,True,NO_APLICA,variante marcada como no modelable,,
252260554,right,sinArtefactosEstricto,smote,RBFNetwork_aprox,,,,,,,,,,,,,,,0,True,NO_APLICA,variante marcada como no modelable,,
252260554,right,sinArtefactosEstricto,smote_tomek,SMO_SVM,,,,,,,,,,,,,,,0,True,NO_APLICA,variante marcada como no modelable,,
252260554,right,sinArtefactosEstricto,smote_tomek,RandomForest,,,,,,,,,,,,,,,0,True,NO_APLICA,variante marcada como no modelable,,
252260554,right,sinArtefactosEstricto,smote_tomek,MLP,,,,,,,,,,,,,,,0,True,NO_APLICA,variante marcada como no modelable,,
252260554,right,sinArtefactosEstricto,smote_tomek,IBk_kNN,,,,,,,,,,,,,,,0,True,NO_APLICA,variante marcada como no modelable,,
252260554,right,sinArtefactosEstricto,smote_tomek,RBFNetwork_aprox,,,,,,,,,,,,,,,0,True,NO_APLICA,variante marcada como no modelable,,
252260554,right,sinArtefactosEstricto,random_undersampling_controlado,SMO_SVM,,,,,,,,,,,,,,,0,True,NO_APLICA,variante marcada como no modelable,,
252260554,right,sinArtefactosEstricto,random_undersampling_controlado,RandomForest,,,,,,,,,,,,,,,0,True,NO_APLICA,variante marcada como no modelable,,
252260554,right,sinArtefactosEstricto,random_undersampling_controlado,MLP,,,,,,,,,,,,,,,0,True,NO_APLICA,variante marcada como no modelable,,
252260554,right,sinArtefactosEstricto,random_undersampling_controlado,IBk_kNN,,,,,,,,,,,,,,,0,True,NO_APLICA,variante marcada como no modelable,,
252260554,right,sinArtefactosEstricto,random_undersampling_controlado,RBFNetwork_aprox,,,,,,,,,,,,,,,0,True,NO_APLICA,variante marcada como no modelable,,
252260556,all,noOutliers,sin_balanceo,SMO_SVM,59.24,54.45,0.4322,0.545,0.5934,0.6364,0.7128,0.4581,0.3707,0.6212,0.7256,0.5035,0.3359,0.7928,116,False,no,"Recall crítico bajo en: push, right",bloques,8.0
252260556,all,noOutliers,sin_balanceo,RandomForest,64.0,53.27,0.4733,0.5312,0.6029,0.7972,0.8582,0.3032,0.1724,0.6628,0.6253,0.662,0.5405,0.8348,116,False,no,"Recall crítico bajo en: push, right",bloques,8.0
252260556,all,noOutliers,sin_balanceo,MLP,66.75,62.25,0.5348,0.6246,0.6657,0.7168,0.766,0.5677,0.4397,0.7593,0.6945,0.5828,0.4766,0.8375,116,False,no,Recall crítico bajo en: right,bloques,8.0
252260556,all,noOutliers,sin_balanceo,IBk_kNN,54.83,51.8,0.3718,0.5174,0.5494,0.5769,0.617,0.4903,0.3879,0.5851,0.6192,0.5101,0.3543,0.681,116,False,no,"Recall crítico bajo en: push, right",bloques,8.0
252260556,all,noOutliers,sin_balanceo,RBFNetwork_aprox,64.84,57.64,0.4968,0.5855,0.6343,0.7238,0.8156,0.4645,0.3017,0.6923,0.6425,0.6316,0.5147,0.8554,116,False,no,"Recall crítico bajo en: push, right",bloques,8.0
252260556,all,noOutliers,random_oversampling,SMO_SVM,58.52,54.04,0.4233,0.54,0.5869,0.6434,0.6809,0.4581,0.3793,0.6301,0.7111,0.4702,0.3492,0.7884,116,False,no,"Recall crítico bajo en: push, right",bloques,8.0
252260556,all,noOutliers,random_oversampling,RandomForest,64.24,54.52,0.4816,0.547,0.6142,0.7587,0.8582,0.3742,0.1897,0.6616,0.6488,0.6591,0.44,0.8323,116,False,no,"Recall crítico bajo en: push, right",bloques,8.0
252260556,all,noOutliers,random_oversampling,MLP,66.03,61.93,0.5272,0.6186,0.6607,0.6993,0.7553,0.5742,0.4483,0.7605,0.7076,0.5633,0.4444,0.8408,116,False,no,Recall crítico bajo en: right,bloques,8.0
252260556,all,noOutliers,random_oversampling,IBk_kNN,54.95,51.77,0.3729,0.5177,0.5504,0.5769,0.6241,0.4903,0.3793,0.5851,0.6175,0.5241,0.3465,0.681,116,False,no,"Recall crítico bajo en: push, right",bloques,8.0
252260556,all,noOutliers,random_oversampling,RBFNetwork_aprox,66.63,61.58,0.528,0.6246,0.6604,0.7168,0.7908,0.5161,0.4397,0.7244,0.6637,0.6202,0.5604,0.8532,116,False,no,Recall crítico bajo en: right,bloques,8.0
252260556,all,noOutliers,class_weight_balanced,SMO_SVM,58.52,54.32,0.4243,0.5423,0.5879,0.6294,0.6844,0.471,0.3879,0.625,0.7175,0.4867,0.3409,0.7965,116,False,no,"Recall crítico bajo en: push, right",bloques,8.0
252260556,all,noOutliers,class_weight_balanced,RandomForest,63.89,53.09,0.4723,0.5286,0.6022,0.8182,0.8404,0.2839,0.181,0.6686,0.6253,0.7097,0.4375,0.819,116,False,no,"Recall crítico bajo en: push, right",bloques,8.0
252260556,all,noOutliers,class_weight_balanced,MLP,,,,,,,,,,,,,,,116,False,NO_APLICA,class_weight no soportado por este modelo,,
252260556,all,noOutliers,class_weight_balanced,IBk_kNN,,,,,,,,,,,,,,,116,False,NO_APLICA,class_weight no soportado por este modelo,,
252260556,all,noOutliers,class_weight_balanced,RBFNetwork_aprox,66.87,62.47,0.5322,0.6333,0.6644,0.7133,0.7801,0.5226,0.4828,0.7365,0.6528,0.6378,0.5714,0.8547,116,False,no,Recall crítico bajo en: right,bloques,8.0
252260556,all,noOutliers,smote,SMO_SVM,59.71,55.09,0.4397,0.5509,0.5989,0.6503,0.6986,0.4839,0.3707,0.6348,0.7296,0.5,0.3413,0.7827,116,False,no,"Recall crítico bajo en: push, right",bloques,8.0
252260556,all,noOutliers,smote,RandomForest,63.41,53.72,0.4717,0.5365,0.6075,0.7517,0.844,0.3806,0.1724,0.6825,0.6398,0.6146,0.3571,0.823,116,False,no,"Recall crítico bajo en: push, right",bloques,8.0
252260556,all,noOutliers,smote,MLP,66.75,62.4,0.5362,0.6244,0.667,0.7063,0.7695,0.5806,0.4397,0.7537,0.7138,0.596,0.4397,0.8419,116,False,no,Recall crítico bajo en: right,bloques,8.0
252260556,all,noOutliers,smote,IBk_kNN,55.07,54.86,0.3903,0.5332,0.5577,0.493,0.5993,0.6194,0.4828,0.6157,0.6733,0.5217,0.32,0.6994,116,False,no,"Recall crítico bajo en: left, right",bloques,8.0
252260556,all,noOutliers,smote,RBFNetwork_aprox,66.98,61.65,0.5321,0.6261,0.6631,0.7133,0.8121,0.5097,0.431,0.7286,0.6599,0.6583,0.5435,0.8502,116,False,no,Recall crítico bajo en: right,bloques,8.0
252260556,all,noOutliers,smote_tomek,SMO_SVM,59.12,54.32,0.431,0.5434,0.5925,0.6503,0.6915,0.4774,0.3534,0.6305,0.7222,0.4901,0.3333,0.7842,116,False,no,"Recall crítico bajo en: push, right",bloques,8.0
252260556,all,noOutliers,smote_tomek,RandomForest,64.0,54.34,0.4805,0.5454,0.6153,0.7517,0.8582,0.3742,0.1897,0.6782,0.6505,0.7073,0.3235,0.8259,116,False,no,"Recall crítico bajo en: push, right",bloques,8.0
252260556,all,noOutliers,smote_tomek,MLP,65.91,61.86,0.5261,0.6174,0.6602,0.6888,0.7589,0.5871,0.4397,0.7577,0.711,0.5871,0.4146,0.8418,116,False,no,Recall crítico bajo en: right,bloques,8.0
252260556,all,noOutliers,smote_tomek,IBk_kNN,55.07,54.86,0.3905,0.5331,0.5577,0.493,0.5993,0.6194,0.4828,0.6184,0.6733,0.5189,0.32,0.6994,116,False,no,"Recall crítico bajo en: left, right",bloques,8.0
252260556,all,noOutliers,smote_tomek,RBFNetwork_aprox,67.1,61.87,0.534,0.6282,0.6645,0.7133,0.8121,0.5097,0.4397,0.7312,0.6599,0.6583,0.5484,0.8514,116,False,no,Recall crítico bajo en: right,bloques,8.0
252260556,all,noOutliers,random_undersampling_controlado,SMO_SVM,59.95,55.17,0.4417,0.5522,0.6,0.6538,0.7092,0.4645,0.3793,0.6339,0.7246,0.4966,0.3577,0.796,116,False,no,"Recall crítico bajo en: push, right",bloques,8.0
252260556,all,noOutliers,random_undersampling_controlado,RandomForest,63.17,52.88,0.4657,0.5255,0.5996,0.7727,0.8475,0.3226,0.1724,0.6677,0.6442,0.5556,0.4255,0.8214,116,False,no,"Recall crítico bajo en: push, right",bloques,8.0
252260556,all,noOutliers,random_undersampling_controlado,MLP,66.39,62.01,0.5307,0.6211,0.6629,0.7098,0.7589,0.5806,0.431,0.7632,0.6948,0.5732,0.463,0.8404,116,False,no,Recall crítico bajo en: right,bloques,8.0
252260556,all,noOutliers,random_undersampling_controlado,IBk_kNN,54.35,51.91,0.367,0.5168,0.5453,0.5629,0.6028,0.4968,0.4138,0.5876,0.6071,0.5066,0.3609,0.6809,116,False,no,"Recall crítico bajo en: push, right",bloques,8.0
252260556,all,noOutliers,random_undersampling_controlado,RBFNetwork_aprox,65.32,58.9,0.5057,0.5989,0.6424,0.7168,0.8085,0.4774,0.3534,0.7021,0.6477,0.6271,0.5325,0.8587,116,False,no,"Recall crítico bajo en: push, right",bloques,8.0
252260556,all,sinArtefactosConservador,sin_balanceo,SMO_SVM,61.33,56.51,0.459,0.5675,0.6111,0.6849,0.7083,0.5203,0.3469,0.6417,0.7116,0.5565,0.3736,0.7826,98,False,no,Recall crítico bajo en: right,bloques,7.0
252260556,all,sinArtefactosConservador,sin_balanceo,RandomForest,63.56,52.62,0.4698,0.51,0.5915,0.8067,0.8565,0.3496,0.0918,0.6713,0.6379,0.5244,0.5294,0.8246,98,False,no,"Recall crítico bajo en: push, right",bloques,7.0
252260556,all,sinArtefactosConservador,sin_balanceo,MLP,68.3,62.92,0.5537,0.635,0.6768,0.7311,0.8287,0.5691,0.3878,0.7131,0.7247,0.6931,0.4578,0.83,98,False,no,Recall crítico bajo en: right,bloques,7.0
252260556,all,sinArtefactosConservador,sin_balanceo,IBk_kNN,58.22,53.85,0.4156,0.54,0.5796,0.6597,0.6435,0.5447,0.3061,0.6133,0.6588,0.5537,0.3448,0.6967,98,False,no,Recall crítico bajo en: right,bloques,7.0
252260556,all,sinArtefactosConservador,sin_balanceo,RBFNetwork_aprox,69.78,61.08,0.564,0.6206,0.6746,0.8361,0.8704,0.4715,0.2653,0.721,0.6738,0.6988,0.7027,0.8704,98,False,no,"Recall crítico bajo en: push, right",bloques,7.0
252260556,all,sinArtefactosConservador,random_oversampling,SMO_SVM,61.33,56.07,0.458,0.5629,0.6095,0.6933,0.713,0.5203,0.3163,0.6395,0.7163,0.5424,0.369,0.7701,98,False,no,Recall crítico bajo en: right,bloques,7.0
252260556,all,sinArtefactosConservador,random_oversampling,RandomForest,65.93,55.43,0.5083,0.5482,0.6261,0.8109,0.8935,0.3496,0.1633,0.6796,0.707,0.6056,0.3404,0.8258,98,False,no,"Recall crítico bajo en: push, right",bloques,7.0
252260556,all,sinArtefactosConservador,random_oversampling,MLP,67.56,62.22,0.5438,0.6274,0.67,0.7227,0.8194,0.5691,0.3776,0.7107,0.7195,0.6863,0.4353,0.8294,98,False,no,Recall crítico bajo en: right,bloques,7.0
252260556,all,sinArtefactosConservador,random_oversampling,IBk_kNN,58.37,53.81,0.4177,0.5392,0.5809,0.6681,0.6435,0.5447,0.2959,0.6163,0.6683,0.5447,0.3372,0.6969,98,False,no,Recall crítico bajo en: right,bloques,7.0
252260556,all,sinArtefactosConservador,random_oversampling,RBFNetwork_aprox,69.93,62.97,0.5711,0.6402,0.6855,0.7857,0.8657,0.5203,0.3469,0.7305,0.6926,0.7033,0.5862,0.8611,98,False,no,Recall crítico bajo en: right,bloques,7.0
252260556,all,sinArtefactosConservador,class_weight_balanced,SMO_SVM,61.19,55.95,0.4557,0.562,0.6081,0.6975,0.7037,0.5203,0.3163,0.6385,0.7103,0.5517,0.3647,0.7798,98,False,no,Recall crítico bajo en: right,bloques,7.0
252260556,all,sinArtefactosConservador,class_weight_balanced,RandomForest,65.48,54.64,0.4963,0.5375,0.6133,0.8361,0.8611,0.3659,0.1224,0.6358,0.6966,0.5921,0.6316,0.8284,98,False,no,"Recall crítico bajo en: push, right",bloques,7.0
252260556,all,sinArtefactosConservador,class_weight_balanced,MLP,,,,,,,,,,,,,,,98,False,NO_APLICA,class_weight no soportado por este modelo,,
252260556,all,sinArtefactosConservador,class_weight_balanced,IBk_kNN,,,,,,,,,,,,,,,98,False,NO_APLICA,class_weight no soportado por este modelo,,
252260556,all,sinArtefactosConservador,class_weight_balanced,RBFNetwork_aprox,70.67,64.18,0.5831,0.6516,0.695,0.7857,0.8611,0.5528,0.3673,0.748,0.6992,0.6869,0.6,0.87,98,False,no,Recall crítico bajo en: right,bloques,7.0
252260556,all,sinArtefactosConservador,smote,SMO_SVM,60.89,55.75,0.4519,0.5595,0.6052,0.6849,0.7083,0.5203,0.3163,0.6342,0.7116,0.5378,0.369,0.7698,98,False,no,Recall crítico bajo en: right,bloques,7.0
252260556,all,sinArtefactosConservador,smote,RandomForest,67.26,58.13,0.5302,0.5802,0.6472,0.8067,0.8611,0.4634,0.1939,0.7007,0.7019,0.6129,0.4419,0.8476,98,False,no,"Recall crítico bajo en: push, right",bloques,7.0
252260556,all,sinArtefactosConservador,smote,MLP,66.52,61.64,0.5308,0.6194,0.6607,0.7017,0.8009,0.5854,0.3776,0.7106,0.7119,0.6486,0.4302,0.8283,98,False,no,Recall crítico bajo en: right,bloques,7.0
252260556,all,sinArtefactosConservador,smote,IBk_kNN,58.96,57.92,0.443,0.5651,0.5968,0.5966,0.5926,0.6992,0.4286,0.703,0.7072,0.5181,0.3333,0.7217,98,False,no,Recall crítico bajo en: right,bloques,7.0
252260556,all,sinArtefactosConservador,smote,RBFNetwork_aprox,68.74,61.38,0.5541,0.6213,0.6717,0.7731,0.8657,0.5203,0.2959,0.7188,0.69,0.7033,0.5088,0.8591,98,False,no,Recall crítico bajo en: right,bloques,7.0
252260556,all,sinArtefactosConservador,smote_tomek,SMO_SVM,60.89,55.75,0.4519,0.5595,0.6052,0.6849,0.7083,0.5203,0.3163,0.6342,0.7116,0.5378,0.369,0.7711,98,False,no,Recall crítico bajo en: right,bloques,7.0
252260556,all,sinArtefactosConservador,smote_tomek,RandomForest,66.37,59.19,0.5217,0.5947,0.6481,0.7563,0.8194,0.5366,0.2551,0.687,0.7024,0.6111,0.4717,0.8316,98,False,no,Recall crítico bajo en: right,bloques,7.0
252260556,all,sinArtefactosConservador,smote_tomek,MLP,66.37,61.52,0.5287,0.6182,0.6592,0.7017,0.7963,0.5854,0.3776,0.7076,0.7107,0.6429,0.4353,0.8284,98,False,no,Recall crítico bajo en: right,bloques,7.0
252260556,all,sinArtefactosConservador,smote_tomek,IBk_kNN,58.81,57.81,0.4412,0.5639,0.5955,0.5966,0.588,0.6992,0.4286,0.6995,0.7095,0.5181,0.3307,0.7209,98,False,no,Recall crítico bajo en: right,bloques,7.0
252260556,all,sinArtefactosConservador,smote_tomek,RBFNetwork_aprox,68.59,61.27,0.5521,0.6201,0.6705,0.7689,0.8657,0.5203,0.2959,0.7176,0.69,0.7033,0.5,0.8577,98,False,no,Recall crítico bajo en: right,bloques,7.0
252260556,all,sinArtefactosConservador,random_undersampling_controlado,SMO_SVM,60.74,55.93,0.4524,0.5599,0.6059,0.6765,0.7037,0.5203,0.3367,0.6518,0.7136,0.512,0.3667,0.7893,98,False,no,Recall crítico bajo en: right,bloques,7.0
252260556,all,sinArtefactosConservador,random_undersampling_controlado,RandomForest,64.74,55.09,0.4893,0.5485,0.6154,0.8235,0.8102,0.4065,0.1633,0.6735,0.6458,0.5682,0.64,0.8381,98,False,no,"Recall crítico bajo en: push, right",bloques,7.0
252260556,all,sinArtefactosConservador,random_undersampling_controlado,MLP,67.7,62.51,0.5463,0.6288,0.6708,0.7101,0.8333,0.5691,0.3878,0.7191,0.72,0.6422,0.4691,0.8314,98,False,no,Recall crítico bajo en: right,bloques,7.0
252260556,all,sinArtefactosConservador,random_undersampling_controlado,IBk_kNN,57.04,53.32,0.4015,0.5338,0.5697,0.6134,0.6481,0.5447,0.3265,0.6033,0.6481,0.5492,0.3368,0.6923,98,False,no,Recall crítico bajo en: right,bloques,7.0
252260556,all,sinArtefactosConservador,random_undersampling_controlado,RBFNetwork_aprox,69.19,60.78,0.5569,0.6159,0.6701,0.8067,0.8796,0.4797,0.2653,0.7218,0.6738,0.6941,0.619,0.8644,98,False,no,"Recall crítico bajo en: push, right",bloques,7.0
252260556,all,sinArtefactosEstricto,sin_balanceo,SMO_SVM,61.5,54.08,0.4589,0.5408,0.6045,0.7517,0.7315,0.5055,0.1746,0.6022,0.7622,0.5897,0.2444,0.802,63,False,no,Recall crítico bajo en: right,bloques,5.0
252260556,all,sinArtefactosEstricto,sin_balanceo,RandomForest,62.61,52.13,0.4586,0.5016,0.5818,0.7785,0.8523,0.4066,0.0476,0.5714,0.6978,0.6379,0.3333,0.811,63,False,no,"Recall crítico bajo en: push, right",bloques,5.0
252260556,all,sinArtefactosEstricto,sin_balanceo,MLP,61.5,55.35,0.4574,0.5579,0.6037,0.7248,0.7248,0.4945,0.2698,0.6626,0.6506,0.4891,0.5484,0.8194,63,False,no,"Recall crítico bajo en: push, right",bloques,5.0
252260556,all,sinArtefactosEstricto,sin_balanceo,IBk_kNN,51.11,46.99,0.3215,0.4675,0.5071,0.6107,0.5302,0.5165,0.2222,0.5796,0.5563,0.4563,0.28,0.6508,63,False,no,Recall crítico bajo en: right,bloques,5.0
252260556,all,sinArtefactosEstricto,sin_balanceo,RBFNetwork_aprox,66.81,57.94,0.5233,0.5711,0.6351,0.8121,0.8121,0.5824,0.1111,0.6576,0.6648,0.6974,0.7,0.8522,63,False,no,Recall crítico bajo en: right,bloques,5.0
252260556,all,sinArtefactosEstricto,random_oversampling,SMO_SVM,61.73,54.48,0.4624,0.5458,0.6079,0.745,0.7383,0.5055,0.1905,0.6033,0.7639,0.5974,0.2553,0.8003,63,False,no,Recall crítico bajo en: right,bloques,5.0
252260556,all,sinArtefactosEstricto,random_oversampling,RandomForest,61.5,52.2,0.4481,0.512,0.5828,0.7651,0.8054,0.4066,0.1111,0.6096,0.6742,0.5362,0.3889,0.7964,63,False,no,"Recall crítico bajo en: push, right",bloques,5.0
252260556,all,sinArtefactosEstricto,random_oversampling,MLP,60.18,54.34,0.4423,0.5459,0.594,0.7047,0.7047,0.4945,0.2698,0.6604,0.6731,0.4412,0.4857,0.8205,63,False,no,"Recall crítico bajo en: push, right",bloques,5.0
252260556,all,sinArtefactosEstricto,random_oversampling,IBk_kNN,51.55,47.78,0.3296,0.476,0.5139,0.5973,0.5436,0.5165,0.254,0.5933,0.5625,0.4563,0.2909,0.6558,63,False,no,Recall crítico bajo en: right,bloques,5.0
252260556,all,sinArtefactosEstricto,random_oversampling,RBFNetwork_aprox,66.81,58.74,0.525,0.586,0.6418,0.7987,0.7987,0.5934,0.1587,0.6648,0.6611,0.6835,0.7143,0.845,63,False,no,Recall crítico bajo en: right,bloques,5.0
252260556,all,sinArtefactosEstricto,class_weight_balanced,SMO_SVM,61.5,54.08,0.4589,0.5408,0.6045,0.7517,0.7315,0.5055,0.1746,0.6022,0.7622,0.5897,0.2444,0.802,63,False,no,Recall crítico bajo en: right,bloques,5.0
252260556,all,sinArtefactosEstricto,class_weight_balanced,RandomForest,58.85,48.54,0.404,0.4674,0.5456,0.7852,0.7852,0.3077,0.0635,0.5493,0.6686,0.56,0.2857,0.774,63,False,no,"Recall crítico bajo en: push, right",bloques,5.0
252260556,all,sinArtefactosEstricto,class_weight_balanced,MLP,,,,,,,,,,,,,,,63,False,NO_APLICA,class_weight no soportado por este modelo,,
252260556,all,sinArtefactosEstricto,class_weight_balanced,IBk_kNN,,,,,,,,,,,,,,,63,False,NO_APLICA,class_weight no soportado por este modelo,,
252260556,all,sinArtefactosEstricto,class_weight_balanced,RBFNetwork_aprox,65.93,58.19,0.5135,0.5821,0.6359,0.7919,0.7785,0.5824,0.1746,0.6629,0.6554,0.6709,0.6111,0.8418,63,False,no,Recall crítico bajo en: right,bloques,5.0
252260556,all,sinArtefactosEstricto,smote,SMO_SVM,61.73,54.71,0.463,0.5485,0.6088,0.745,0.7315,0.5055,0.2063,0.6066,0.7622,0.5897,0.2708,0.8008,63,False,no,Recall crítico bajo en: right,bloques,5.0
252260556,all,sinArtefactosEstricto,smote,RandomForest,59.51,50.66,0.4243,0.4956,0.5693,0.7248,0.7718,0.4505,0.0794,0.5967,0.6845,0.5395,0.1852,0.7669,63,False,no,"Recall crítico bajo en: push, right",bloques,5.0
252260556,all,sinArtefactosEstricto,smote,MLP,60.62,55.02,0.4485,0.5536,0.5989,0.7114,0.698,0.5055,0.2857,0.6667,0.6667,0.451,0.5143,0.821,63,False,no,Recall crítico bajo en: right,bloques,5.0
252260556,all,sinArtefactosEstricto,smote,IBk_kNN,51.55,50.26,0.3454,0.4929,0.5237,0.5436,0.5034,0.5824,0.381,0.6532,0.6098,0.4417,0.2824,0.671,63,False,no,Recall crítico bajo en: right,bloques,5.0
252260556,all,sinArtefactosEstricto,smote,RBFNetwork_aprox,66.81,58.86,0.5248,0.5899,0.643,0.8054,0.7919,0.5824,0.1746,0.6667,0.6556,0.6795,0.7857,0.8411,63,False,no,Recall crítico bajo en: right,bloques,5.0
252260556,all,sinArtefactosEstricto,smote_tomek,SMO_SVM,61.73,54.71,0.463,0.5485,0.6088,0.745,0.7315,0.5055,0.2063,0.6066,0.7622,0.5897,0.2708,0.8008,63,False,no,Recall crítico bajo en: right,bloques,5.0
252260556,all,sinArtefactosEstricto,smote_tomek,RandomForest,59.51,50.66,0.4243,0.4956,0.5693,0.7248,0.7718,0.4505,0.0794,0.5967,0.6845,0.5395,0.1852,0.7669,63,False,no,"Recall crítico bajo en: push, right",bloques,5.0
252260556,all,sinArtefactosEstricto,smote_tomek,MLP,60.62,55.02,0.4485,0.5536,0.5989,0.7114,0.698,0.5055,0.2857,0.6667,0.6667,0.451,0.5143,0.821,63,False,no,Recall crítico bajo en: right,bloques,5.0
252260556,all,sinArtefactosEstricto,smote_tomek,IBk_kNN,51.55,50.26,0.3454,0.4929,0.5237,0.5436,0.5034,0.5824,0.381,0.6532,0.6098,0.4417,0.2824,0.671,63,False,no,Recall crítico bajo en: right,bloques,5.0
252260556,all,sinArtefactosEstricto,smote_tomek,RBFNetwork_aprox,66.81,58.86,0.5248,0.5899,0.643,0.8054,0.7919,0.5824,0.1746,0.6667,0.6556,0.6795,0.7857,0.8411,63,False,no,Recall crítico bajo en: right,bloques,5.0
252260556,all,sinArtefactosEstricto,random_undersampling_controlado,SMO_SVM,58.85,51.63,0.4235,0.5137,0.5787,0.7248,0.698,0.4835,0.1587,0.6,0.7429,0.5,0.2273,0.8138,63,False,no,"Recall crítico bajo en: push, right",bloques,5.0
252260556,all,sinArtefactosEstricto,random_undersampling_controlado,RandomForest,60.18,50.6,0.4286,0.4853,0.5639,0.745,0.7919,0.4396,0.0476,0.5781,0.6901,0.5063,0.3,0.7875,63,False,no,"Recall crítico bajo en: push, right",bloques,5.0
252260556,all,sinArtefactosEstricto,random_undersampling_controlado,MLP,60.62,54.66,0.4475,0.5489,0.5968,0.7315,0.6846,0.5165,0.254,0.6646,0.6667,0.4476,0.5333,0.8182,63,False,no,Recall crítico bajo en: right,bloques,5.0
252260556,all,sinArtefactosEstricto,random_undersampling_controlado,IBk_kNN,50.22,46.2,0.3114,0.4581,0.4993,0.5772,0.5369,0.5275,0.2063,0.5733,0.5674,0.4324,0.26,0.6457,63,False,no,Recall crítico bajo en: right,bloques,5.0
252260556,all,sinArtefactosEstricto,random_undersampling_controlado,RBFNetwork_aprox,63.5,55.43,0.4784,0.5438,0.605,0.7852,0.7383,0.5824,0.1111,0.6464,0.6395,0.5955,0.7,0.8564,63,False,no,Recall crítico bajo en: right,bloques,5.0
252260556,left,noOutliers,sin_balanceo,SMO_SVM,,,,,,,,,,,,,,,0,True,NO_APLICA,menos de dos clases modelables,,
252260556,left,noOutliers,sin_balanceo,RandomForest,,,,,,,,,,,,,,,0,True,NO_APLICA,menos de dos clases modelables,,
252260556,left,noOutliers,sin_balanceo,MLP,,,,,,,,,,,,,,,0,True,NO_APLICA,menos de dos clases modelables,,
252260556,left,noOutliers,sin_balanceo,IBk_kNN,,,,,,,,,,,,,,,0,True,NO_APLICA,menos de dos clases modelables,,
252260556,left,noOutliers,sin_balanceo,RBFNetwork_aprox,,,,,,,,,,,,,,,0,True,NO_APLICA,menos de dos clases modelables,,
252260556,left,noOutliers,random_oversampling,SMO_SVM,,,,,,,,,,,,,,,0,True,NO_APLICA,menos de dos clases modelables,,
252260556,left,noOutliers,random_oversampling,RandomForest,,,,,,,,,,,,,,,0,True,NO_APLICA,menos de dos clases modelables,,
252260556,left,noOutliers,random_oversampling,MLP,,,,,,,,,,,,,,,0,True,NO_APLICA,menos de dos clases modelables,,
252260556,left,noOutliers,random_oversampling,IBk_kNN,,,,,,,,,,,,,,,0,True,NO_APLICA,menos de dos clases modelables,,
252260556,left,noOutliers,random_oversampling,RBFNetwork_aprox,,,,,,,,,,,,,,,0,True,NO_APLICA,menos de dos clases modelables,,
252260556,left,noOutliers,class_weight_balanced,SMO_SVM,,,,,,,,,,,,,,,0,True,NO_APLICA,menos de dos clases modelables,,
252260556,left,noOutliers,class_weight_balanced,RandomForest,,,,,,,,,,,,,,,0,True,NO_APLICA,menos de dos clases modelables,,
252260556,left,noOutliers,class_weight_balanced,MLP,,,,,,,,,,,,,,,0,True,NO_APLICA,menos de dos clases modelables,,
252260556,left,noOutliers,class_weight_balanced,IBk_kNN,,,,,,,,,,,,,,,0,True,NO_APLICA,menos de dos clases modelables,,
252260556,left,noOutliers,class_weight_balanced,RBFNetwork_aprox,,,,,,,,,,,,,,,0,True,NO_APLICA,menos de dos clases modelables,,
252260556,left,noOutliers,smote,SMO_SVM,,,,,,,,,,,,,,,0,True,NO_APLICA,menos de dos clases modelables,,
252260556,left,noOutliers,smote,RandomForest,,,,,,,,,,,,,,,0,True,NO_APLICA,menos de dos clases modelables,,
252260556,left,noOutliers,smote,MLP,,,,,,,,,,,,,,,0,True,NO_APLICA,menos de dos clases modelables,,
252260556,left,noOutliers,smote,IBk_kNN,,,,,,,,,,,,,,,0,True,NO_APLICA,menos de dos clases modelables,,
252260556,left,noOutliers,smote,RBFNetwork_aprox,,,,,,,,,,,,,,,0,True,NO_APLICA,menos de dos clases modelables,,
252260556,left,noOutliers,smote_tomek,SMO_SVM,,,,,,,,,,,,,,,0,True,NO_APLICA,menos de dos clases modelables,,
252260556,left,noOutliers,smote_tomek,RandomForest,,,,,,,,,,,,,,,0,True,NO_APLICA,menos de dos clases modelables,,
252260556,left,noOutliers,smote_tomek,MLP,,,,,,,,,,,,,,,0,True,NO_APLICA,menos de dos clases modelables,,
252260556,left,noOutliers,smote_tomek,IBk_kNN,,,,,,,,,,,,,,,0,True,NO_APLICA,menos de dos clases modelables,,
252260556,left,noOutliers,smote_tomek,RBFNetwork_aprox,,,,,,,,,,,,,,,0,True,NO_APLICA,menos de dos clases modelables,,
252260556,left,noOutliers,random_undersampling_controlado,SMO_SVM,,,,,,,,,,,,,,,0,True,NO_APLICA,menos de dos clases modelables,,
252260556,left,noOutliers,random_undersampling_controlado,RandomForest,,,,,,,,,,,,,,,0,True,NO_APLICA,menos de dos clases modelables,,
252260556,left,noOutliers,random_undersampling_controlado,MLP,,,,,,,,,,,,,,,0,True,NO_APLICA,menos de dos clases modelables,,
252260556,left,noOutliers,random_undersampling_controlado,IBk_kNN,,,,,,,,,,,,,,,0,True,NO_APLICA,menos de dos clases modelables,,
252260556,left,noOutliers,random_undersampling_controlado,RBFNetwork_aprox,,,,,,,,,,,,,,,0,True,NO_APLICA,menos de dos clases modelables,,
252260556,left,sinArtefactosConservador,sin_balanceo,SMO_SVM,,,,,,,,,,,,,,,0,True,NO_APLICA,variante marcada como no modelable,,
252260556,left,sinArtefactosConservador,sin_balanceo,RandomForest,,,,,,,,,,,,,,,0,True,NO_APLICA,variante marcada como no modelable,,
252260556,left,sinArtefactosConservador,sin_balanceo,MLP,,,,,,,,,,,,,,,0,True,NO_APLICA,variante marcada como no modelable,,
252260556,left,sinArtefactosConservador,sin_balanceo,IBk_kNN,,,,,,,,,,,,,,,0,True,NO_APLICA,variante marcada como no modelable,,
252260556,left,sinArtefactosConservador,sin_balanceo,RBFNetwork_aprox,,,,,,,,,,,,,,,0,True,NO_APLICA,variante marcada como no modelable,,
252260556,left,sinArtefactosConservador,random_oversampling,SMO_SVM,,,,,,,,,,,,,,,0,True,NO_APLICA,variante marcada como no modelable,,
252260556,left,sinArtefactosConservador,random_oversampling,RandomForest,,,,,,,,,,,,,,,0,True,NO_APLICA,variante marcada como no modelable,,
252260556,left,sinArtefactosConservador,random_oversampling,MLP,,,,,,,,,,,,,,,0,True,NO_APLICA,variante marcada como no modelable,,
252260556,left,sinArtefactosConservador,random_oversampling,IBk_kNN,,,,,,,,,,,,,,,0,True,NO_APLICA,variante marcada como no modelable,,
252260556,left,sinArtefactosConservador,random_oversampling,RBFNetwork_aprox,,,,,,,,,,,,,,,0,True,NO_APLICA,variante marcada como no modelable,,
252260556,left,sinArtefactosConservador,class_weight_balanced,SMO_SVM,,,,,,,,,,,,,,,0,True,NO_APLICA,variante marcada como no modelable,,
252260556,left,sinArtefactosConservador,class_weight_balanced,RandomForest,,,,,,,,,,,,,,,0,True,NO_APLICA,variante marcada como no modelable,,
252260556,left,sinArtefactosConservador,class_weight_balanced,MLP,,,,,,,,,,,,,,,0,True,NO_APLICA,variante marcada como no modelable,,
252260556,left,sinArtefactosConservador,class_weight_balanced,IBk_kNN,,,,,,,,,,,,,,,0,True,NO_APLICA,variante marcada como no modelable,,
252260556,left,sinArtefactosConservador,class_weight_balanced,RBFNetwork_aprox,,,,,,,,,,,,,,,0,True,NO_APLICA,variante marcada como no modelable,,
252260556,left,sinArtefactosConservador,smote,SMO_SVM,,,,,,,,,,,,,,,0,True,NO_APLICA,variante marcada como no modelable,,
252260556,left,sinArtefactosConservador,smote,RandomForest,,,,,,,,,,,,,,,0,True,NO_APLICA,variante marcada como no modelable,,
252260556,left,sinArtefactosConservador,smote,MLP,,,,,,,,,,,,,,,0,True,NO_APLICA,variante marcada como no modelable,,
252260556,left,sinArtefactosConservador,smote,IBk_kNN,,,,,,,,,,,,,,,0,True,NO_APLICA,variante marcada como no modelable,,
252260556,left,sinArtefactosConservador,smote,RBFNetwork_aprox,,,,,,,,,,,,,,,0,True,NO_APLICA,variante marcada como no modelable,,
252260556,left,sinArtefactosConservador,smote_tomek,SMO_SVM,,,,,,,,,,,,,,,0,True,NO_APLICA,variante marcada como no modelable,,
252260556,left,sinArtefactosConservador,smote_tomek,RandomForest,,,,,,,,,,,,,,,0,True,NO_APLICA,variante marcada como no modelable,,
252260556,left,sinArtefactosConservador,smote_tomek,MLP,,,,,,,,,,,,,,,0,True,NO_APLICA,variante marcada como no modelable,,
252260556,left,sinArtefactosConservador,smote_tomek,IBk_kNN,,,,,,,,,,,,,,,0,True,NO_APLICA,variante marcada como no modelable,,
252260556,left,sinArtefactosConservador,smote_tomek,RBFNetwork_aprox,,,,,,,,,,,,,,,0,True,NO_APLICA,variante marcada como no modelable,,
252260556,left,sinArtefactosConservador,random_undersampling_controlado,SMO_SVM,,,,,,,,,,,,,,,0,True,NO_APLICA,variante marcada como no modelable,,
252260556,left,sinArtefactosConservador,random_undersampling_controlado,RandomForest,,,,,,,,,,,,,,,0,True,NO_APLICA,variante marcada como no modelable,,
252260556,left,sinArtefactosConservador,random_undersampling_controlado,MLP,,,,,,,,,,,,,,,0,True,NO_APLICA,variante marcada como no modelable,,
252260556,left,sinArtefactosConservador,random_undersampling_controlado,IBk_kNN,,,,,,,,,,,,,,,0,True,NO_APLICA,variante marcada como no modelable,,
252260556,left,sinArtefactosConservador,random_undersampling_controlado,RBFNetwork_aprox,,,,,,,,,,,,,,,0,True,NO_APLICA,variante marcada como no modelable,,
252260556,left,sinArtefactosEstricto,sin_balanceo,SMO_SVM,,,,,,,,,,,,,,,0,True,NO_APLICA,variante marcada como no modelable,,
252260556,left,sinArtefactosEstricto,sin_balanceo,RandomForest,,,,,,,,,,,,,,,0,True,NO_APLICA,variante marcada como no modelable,,
252260556,left,sinArtefactosEstricto,sin_balanceo,MLP,,,,,,,,,,,,,,,0,True,NO_APLICA,variante marcada como no modelable,,
252260556,left,sinArtefactosEstricto,sin_balanceo,IBk_kNN,,,,,,,,,,,,,,,0,True,NO_APLICA,variante marcada como no modelable,,
252260556,left,sinArtefactosEstricto,sin_balanceo,RBFNetwork_aprox,,,,,,,,,,,,,,,0,True,NO_APLICA,variante marcada como no modelable,,
252260556,left,sinArtefactosEstricto,random_oversampling,SMO_SVM,,,,,,,,,,,,,,,0,True,NO_APLICA,variante marcada como no modelable,,
252260556,left,sinArtefactosEstricto,random_oversampling,RandomForest,,,,,,,,,,,,,,,0,True,NO_APLICA,variante marcada como no modelable,,
252260556,left,sinArtefactosEstricto,random_oversampling,MLP,,,,,,,,,,,,,,,0,True,NO_APLICA,variante marcada como no modelable,,
252260556,left,sinArtefactosEstricto,random_oversampling,IBk_kNN,,,,,,,,,,,,,,,0,True,NO_APLICA,variante marcada como no modelable,,
252260556,left,sinArtefactosEstricto,random_oversampling,RBFNetwork_aprox,,,,,,,,,,,,,,,0,True,NO_APLICA,variante marcada como no modelable,,
252260556,left,sinArtefactosEstricto,class_weight_balanced,SMO_SVM,,,,,,,,,,,,,,,0,True,NO_APLICA,variante marcada como no modelable,,
252260556,left,sinArtefactosEstricto,class_weight_balanced,RandomForest,,,,,,,,,,,,,,,0,True,NO_APLICA,variante marcada como no modelable,,
252260556,left,sinArtefactosEstricto,class_weight_balanced,MLP,,,,,,,,,,,,,,,0,True,NO_APLICA,variante marcada como no modelable,,
252260556,left,sinArtefactosEstricto,class_weight_balanced,IBk_kNN,,,,,,,,,,,,,,,0,True,NO_APLICA,variante marcada como no modelable,,
252260556,left,sinArtefactosEstricto,class_weight_balanced,RBFNetwork_aprox,,,,,,,,,,,,,,,0,True,NO_APLICA,variante marcada como no modelable,,
252260556,left,sinArtefactosEstricto,smote,SMO_SVM,,,,,,,,,,,,,,,0,True,NO_APLICA,variante marcada como no modelable,,
252260556,left,sinArtefactosEstricto,smote,RandomForest,,,,,,,,,,,,,,,0,True,NO_APLICA,variante marcada como no modelable,,
252260556,left,sinArtefactosEstricto,smote,MLP,,,,,,,,,,,,,,,0,True,NO_APLICA,variante marcada como no modelable,,
252260556,left,sinArtefactosEstricto,smote,IBk_kNN,,,,,,,,,,,,,,,0,True,NO_APLICA,variante marcada como no modelable,,
252260556,left,sinArtefactosEstricto,smote,RBFNetwork_aprox,,,,,,,,,,,,,,,0,True,NO_APLICA,variante marcada como no modelable,,
252260556,left,sinArtefactosEstricto,smote_tomek,SMO_SVM,,,,,,,,,,,,,,,0,True,NO_APLICA,variante marcada como no modelable,,
252260556,left,sinArtefactosEstricto,smote_tomek,RandomForest,,,,,,,,,,,,,,,0,True,NO_APLICA,variante marcada como no modelable,,
252260556,left,sinArtefactosEstricto,smote_tomek,MLP,,,,,,,,,,,,,,,0,True,NO_APLICA,variante marcada como no modelable,,
252260556,left,sinArtefactosEstricto,smote_tomek,IBk_kNN,,,,,,,,,,,,,,,0,True,NO_APLICA,variante marcada como no modelable,,
252260556,left,sinArtefactosEstricto,smote_tomek,RBFNetwork_aprox,,,,,,,,,,,,,,,0,True,NO_APLICA,variante marcada como no modelable,,
252260556,left,sinArtefactosEstricto,random_undersampling_controlado,SMO_SVM,,,,,,,,,,,,,,,0,True,NO_APLICA,variante marcada como no modelable,,
252260556,left,sinArtefactosEstricto,random_undersampling_controlado,RandomForest,,,,,,,,,,,,,,,0,True,NO_APLICA,variante marcada como no modelable,,
252260556,left,sinArtefactosEstricto,random_undersampling_controlado,MLP,,,,,,,,,,,,,,,0,True,NO_APLICA,variante marcada como no modelable,,
252260556,left,sinArtefactosEstricto,random_undersampling_controlado,IBk_kNN,,,,,,,,,,,,,,,0,True,NO_APLICA,variante marcada como no modelable,,
252260556,left,sinArtefactosEstricto,random_undersampling_controlado,RBFNetwork_aprox,,,,,,,,,,,,,,,0,True,NO_APLICA,variante marcada como no modelable,,
252260556,pull,noOutliers,sin_balanceo,SMO_SVM,,,,,,,,,,,,,,,0,True,NO_APLICA,menos de dos clases modelables,,
252260556,pull,noOutliers,sin_balanceo,RandomForest,,,,,,,,,,,,,,,0,True,NO_APLICA,menos de dos clases modelables,,
252260556,pull,noOutliers,sin_balanceo,MLP,,,,,,,,,,,,,,,0,True,NO_APLICA,menos de dos clases modelables,,
252260556,pull,noOutliers,sin_balanceo,IBk_kNN,,,,,,,,,,,,,,,0,True,NO_APLICA,menos de dos clases modelables,,
252260556,pull,noOutliers,sin_balanceo,RBFNetwork_aprox,,,,,,,,,,,,,,,0,True,NO_APLICA,menos de dos clases modelables,,
252260556,pull,noOutliers,random_oversampling,SMO_SVM,,,,,,,,,,,,,,,0,True,NO_APLICA,menos de dos clases modelables,,
252260556,pull,noOutliers,random_oversampling,RandomForest,,,,,,,,,,,,,,,0,True,NO_APLICA,menos de dos clases modelables,,
252260556,pull,noOutliers,random_oversampling,MLP,,,,,,,,,,,,,,,0,True,NO_APLICA,menos de dos clases modelables,,
252260556,pull,noOutliers,random_oversampling,IBk_kNN,,,,,,,,,,,,,,,0,True,NO_APLICA,menos de dos clases modelables,,
252260556,pull,noOutliers,random_oversampling,RBFNetwork_aprox,,,,,,,,,,,,,,,0,True,NO_APLICA,menos de dos clases modelables,,
252260556,pull,noOutliers,class_weight_balanced,SMO_SVM,,,,,,,,,,,,,,,0,True,NO_APLICA,menos de dos clases modelables,,
252260556,pull,noOutliers,class_weight_balanced,RandomForest,,,,,,,,,,,,,,,0,True,NO_APLICA,menos de dos clases modelables,,
252260556,pull,noOutliers,class_weight_balanced,MLP,,,,,,,,,,,,,,,0,True,NO_APLICA,menos de dos clases modelables,,
252260556,pull,noOutliers,class_weight_balanced,IBk_kNN,,,,,,,,,,,,,,,0,True,NO_APLICA,menos de dos clases modelables,,
252260556,pull,noOutliers,class_weight_balanced,RBFNetwork_aprox,,,,,,,,,,,,,,,0,True,NO_APLICA,menos de dos clases modelables,,
252260556,pull,noOutliers,smote,SMO_SVM,,,,,,,,,,,,,,,0,True,NO_APLICA,menos de dos clases modelables,,
252260556,pull,noOutliers,smote,RandomForest,,,,,,,,,,,,,,,0,True,NO_APLICA,menos de dos clases modelables,,
252260556,pull,noOutliers,smote,MLP,,,,,,,,,,,,,,,0,True,NO_APLICA,menos de dos clases modelables,,
252260556,pull,noOutliers,smote,IBk_kNN,,,,,,,,,,,,,,,0,True,NO_APLICA,menos de dos clases modelables,,
252260556,pull,noOutliers,smote,RBFNetwork_aprox,,,,,,,,,,,,,,,0,True,NO_APLICA,menos de dos clases modelables,,
252260556,pull,noOutliers,smote_tomek,SMO_SVM,,,,,,,,,,,,,,,0,True,NO_APLICA,menos de dos clases modelables,,
252260556,pull,noOutliers,smote_tomek,RandomForest,,,,,,,,,,,,,,,0,True,NO_APLICA,menos de dos clases modelables,,
252260556,pull,noOutliers,smote_tomek,MLP,,,,,,,,,,,,,,,0,True,NO_APLICA,menos de dos clases modelables,,
252260556,pull,noOutliers,smote_tomek,IBk_kNN,,,,,,,,,,,,,,,0,True,NO_APLICA,menos de dos clases modelables,,
252260556,pull,noOutliers,smote_tomek,RBFNetwork_aprox,,,,,,,,,,,,,,,0,True,NO_APLICA,menos de dos clases modelables,,
252260556,pull,noOutliers,random_undersampling_controlado,SMO_SVM,,,,,,,,,,,,,,,0,True,NO_APLICA,menos de dos clases modelables,,
252260556,pull,noOutliers,random_undersampling_controlado,RandomForest,,,,,,,,,,,,,,,0,True,NO_APLICA,menos de dos clases modelables,,
252260556,pull,noOutliers,random_undersampling_controlado,MLP,,,,,,,,,,,,,,,0,True,NO_APLICA,menos de dos clases modelables,,
252260556,pull,noOutliers,random_undersampling_controlado,IBk_kNN,,,,,,,,,,,,,,,0,True,NO_APLICA,menos de dos clases modelables,,
252260556,pull,noOutliers,random_undersampling_controlado,RBFNetwork_aprox,,,,,,,,,,,,,,,0,True,NO_APLICA,menos de dos clases modelables,,
252260556,pull,sinArtefactosConservador,sin_balanceo,SMO_SVM,,,,,,,,,,,,,,,0,True,NO_APLICA,variante marcada como no modelable,,
252260556,pull,sinArtefactosConservador,sin_balanceo,RandomForest,,,,,,,,,,,,,,,0,True,NO_APLICA,variante marcada como no modelable,,
252260556,pull,sinArtefactosConservador,sin_balanceo,MLP,,,,,,,,,,,,,,,0,True,NO_APLICA,variante marcada como no modelable,,
252260556,pull,sinArtefactosConservador,sin_balanceo,IBk_kNN,,,,,,,,,,,,,,,0,True,NO_APLICA,variante marcada como no modelable,,
252260556,pull,sinArtefactosConservador,sin_balanceo,RBFNetwork_aprox,,,,,,,,,,,,,,,0,True,NO_APLICA,variante marcada como no modelable,,
252260556,pull,sinArtefactosConservador,random_oversampling,SMO_SVM,,,,,,,,,,,,,,,0,True,NO_APLICA,variante marcada como no modelable,,
252260556,pull,sinArtefactosConservador,random_oversampling,RandomForest,,,,,,,,,,,,,,,0,True,NO_APLICA,variante marcada como no modelable,,
252260556,pull,sinArtefactosConservador,random_oversampling,MLP,,,,,,,,,,,,,,,0,True,NO_APLICA,variante marcada como no modelable,,
252260556,pull,sinArtefactosConservador,random_oversampling,IBk_kNN,,,,,,,,,,,,,,,0,True,NO_APLICA,variante marcada como no modelable,,
252260556,pull,sinArtefactosConservador,random_oversampling,RBFNetwork_aprox,,,,,,,,,,,,,,,0,True,NO_APLICA,variante marcada como no modelable,,
252260556,pull,sinArtefactosConservador,class_weight_balanced,SMO_SVM,,,,,,,,,,,,,,,0,True,NO_APLICA,variante marcada como no modelable,,
252260556,pull,sinArtefactosConservador,class_weight_balanced,RandomForest,,,,,,,,,,,,,,,0,True,NO_APLICA,variante marcada como no modelable,,
252260556,pull,sinArtefactosConservador,class_weight_balanced,MLP,,,,,,,,,,,,,,,0,True,NO_APLICA,variante marcada como no modelable,,
252260556,pull,sinArtefactosConservador,class_weight_balanced,IBk_kNN,,,,,,,,,,,,,,,0,True,NO_APLICA,variante marcada como no modelable,,
252260556,pull,sinArtefactosConservador,class_weight_balanced,RBFNetwork_aprox,,,,,,,,,,,,,,,0,True,NO_APLICA,variante marcada como no modelable,,
252260556,pull,sinArtefactosConservador,smote,SMO_SVM,,,,,,,,,,,,,,,0,True,NO_APLICA,variante marcada como no modelable,,
252260556,pull,sinArtefactosConservador,smote,RandomForest,,,,,,,,,,,,,,,0,True,NO_APLICA,variante marcada como no modelable,,
252260556,pull,sinArtefactosConservador,smote,MLP,,,,,,,,,,,,,,,0,True,NO_APLICA,variante marcada como no modelable,,
252260556,pull,sinArtefactosConservador,smote,IBk_kNN,,,,,,,,,,,,,,,0,True,NO_APLICA,variante marcada como no modelable,,
252260556,pull,sinArtefactosConservador,smote,RBFNetwork_aprox,,,,,,,,,,,,,,,0,True,NO_APLICA,variante marcada como no modelable,,
252260556,pull,sinArtefactosConservador,smote_tomek,SMO_SVM,,,,,,,,,,,,,,,0,True,NO_APLICA,variante marcada como no modelable,,
252260556,pull,sinArtefactosConservador,smote_tomek,RandomForest,,,,,,,,,,,,,,,0,True,NO_APLICA,variante marcada como no modelable,,
252260556,pull,sinArtefactosConservador,smote_tomek,MLP,,,,,,,,,,,,,,,0,True,NO_APLICA,variante marcada como no modelable,,
252260556,pull,sinArtefactosConservador,smote_tomek,IBk_kNN,,,,,,,,,,,,,,,0,True,NO_APLICA,variante marcada como no modelable,,
252260556,pull,sinArtefactosConservador,smote_tomek,RBFNetwork_aprox,,,,,,,,,,,,,,,0,True,NO_APLICA,variante marcada como no modelable,,
252260556,pull,sinArtefactosConservador,random_undersampling_controlado,SMO_SVM,,,,,,,,,,,,,,,0,True,NO_APLICA,variante marcada como no modelable,,
252260556,pull,sinArtefactosConservador,random_undersampling_controlado,RandomForest,,,,,,,,,,,,,,,0,True,NO_APLICA,variante marcada como no modelable,,
252260556,pull,sinArtefactosConservador,random_undersampling_controlado,MLP,,,,,,,,,,,,,,,0,True,NO_APLICA,variante marcada como no modelable,,
252260556,pull,sinArtefactosConservador,random_undersampling_controlado,IBk_kNN,,,,,,,,,,,,,,,0,True,NO_APLICA,variante marcada como no modelable,,
252260556,pull,sinArtefactosConservador,random_undersampling_controlado,RBFNetwork_aprox,,,,,,,,,,,,,,,0,True,NO_APLICA,variante marcada como no modelable,,
252260556,pull,sinArtefactosEstricto,sin_balanceo,SMO_SVM,,,,,,,,,,,,,,,0,True,NO_APLICA,variante marcada como no modelable,,
252260556,pull,sinArtefactosEstricto,sin_balanceo,RandomForest,,,,,,,,,,,,,,,0,True,NO_APLICA,variante marcada como no modelable,,
252260556,pull,sinArtefactosEstricto,sin_balanceo,MLP,,,,,,,,,,,,,,,0,True,NO_APLICA,variante marcada como no modelable,,
252260556,pull,sinArtefactosEstricto,sin_balanceo,IBk_kNN,,,,,,,,,,,,,,,0,True,NO_APLICA,variante marcada como no modelable,,
252260556,pull,sinArtefactosEstricto,sin_balanceo,RBFNetwork_aprox,,,,,,,,,,,,,,,0,True,NO_APLICA,variante marcada como no modelable,,
252260556,pull,sinArtefactosEstricto,random_oversampling,SMO_SVM,,,,,,,,,,,,,,,0,True,NO_APLICA,variante marcada como no modelable,,
252260556,pull,sinArtefactosEstricto,random_oversampling,RandomForest,,,,,,,,,,,,,,,0,True,NO_APLICA,variante marcada como no modelable,,
252260556,pull,sinArtefactosEstricto,random_oversampling,MLP,,,,,,,,,,,,,,,0,True,NO_APLICA,variante marcada como no modelable,,
252260556,pull,sinArtefactosEstricto,random_oversampling,IBk_kNN,,,,,,,,,,,,,,,0,True,NO_APLICA,variante marcada como no modelable,,
252260556,pull,sinArtefactosEstricto,random_oversampling,RBFNetwork_aprox,,,,,,,,,,,,,,,0,True,NO_APLICA,variante marcada como no modelable,,
252260556,pull,sinArtefactosEstricto,class_weight_balanced,SMO_SVM,,,,,,,,,,,,,,,0,True,NO_APLICA,variante marcada como no modelable,,
252260556,pull,sinArtefactosEstricto,class_weight_balanced,RandomForest,,,,,,,,,,,,,,,0,True,NO_APLICA,variante marcada como no modelable,,
252260556,pull,sinArtefactosEstricto,class_weight_balanced,MLP,,,,,,,,,,,,,,,0,True,NO_APLICA,variante marcada como no modelable,,
252260556,pull,sinArtefactosEstricto,class_weight_balanced,IBk_kNN,,,,,,,,,,,,,,,0,True,NO_APLICA,variante marcada como no modelable,,
252260556,pull,sinArtefactosEstricto,class_weight_balanced,RBFNetwork_aprox,,,,,,,,,,,,,,,0,True,NO_APLICA,variante marcada como no modelable,,
252260556,pull,sinArtefactosEstricto,smote,SMO_SVM,,,,,,,,,,,,,,,0,True,NO_APLICA,variante marcada como no modelable,,
252260556,pull,sinArtefactosEstricto,smote,RandomForest,,,,,,,,,,,,,,,0,True,NO_APLICA,variante marcada como no modelable,,
252260556,pull,sinArtefactosEstricto,smote,MLP,,,,,,,,,,,,,,,0,True,NO_APLICA,variante marcada como no modelable,,
252260556,pull,sinArtefactosEstricto,smote,IBk_kNN,,,,,,,,,,,,,,,0,True,NO_APLICA,variante marcada como no modelable,,
252260556,pull,sinArtefactosEstricto,smote,RBFNetwork_aprox,,,,,,,,,,,,,,,0,True,NO_APLICA,variante marcada como no modelable,,
252260556,pull,sinArtefactosEstricto,smote_tomek,SMO_SVM,,,,,,,,,,,,,,,0,True,NO_APLICA,variante marcada como no modelable,,
252260556,pull,sinArtefactosEstricto,smote_tomek,RandomForest,,,,,,,,,,,,,,,0,True,NO_APLICA,variante marcada como no modelable,,
252260556,pull,sinArtefactosEstricto,smote_tomek,MLP,,,,,,,,,,,,,,,0,True,NO_APLICA,variante marcada como no modelable,,
252260556,pull,sinArtefactosEstricto,smote_tomek,IBk_kNN,,,,,,,,,,,,,,,0,True,NO_APLICA,variante marcada como no modelable,,
252260556,pull,sinArtefactosEstricto,smote_tomek,RBFNetwork_aprox,,,,,,,,,,,,,,,0,True,NO_APLICA,variante marcada como no modelable,,
252260556,pull,sinArtefactosEstricto,random_undersampling_controlado,SMO_SVM,,,,,,,,,,,,,,,0,True,NO_APLICA,variante marcada como no modelable,,
252260556,pull,sinArtefactosEstricto,random_undersampling_controlado,RandomForest,,,,,,,,,,,,,,,0,True,NO_APLICA,variante marcada como no modelable,,
252260556,pull,sinArtefactosEstricto,random_undersampling_controlado,MLP,,,,,,,,,,,,,,,0,True,NO_APLICA,variante marcada como no modelable,,
252260556,pull,sinArtefactosEstricto,random_undersampling_controlado,IBk_kNN,,,,,,,,,,,,,,,0,True,NO_APLICA,variante marcada como no modelable,,
252260556,pull,sinArtefactosEstricto,random_undersampling_controlado,RBFNetwork_aprox,,,,,,,,,,,,,,,0,True,NO_APLICA,variante marcada como no modelable,,
252260556,push,noOutliers,sin_balanceo,SMO_SVM,,,,,,,,,,,,,,,0,True,NO_APLICA,menos de dos clases modelables,,
252260556,push,noOutliers,sin_balanceo,RandomForest,,,,,,,,,,,,,,,0,True,NO_APLICA,menos de dos clases modelables,,
252260556,push,noOutliers,sin_balanceo,MLP,,,,,,,,,,,,,,,0,True,NO_APLICA,menos de dos clases modelables,,
252260556,push,noOutliers,sin_balanceo,IBk_kNN,,,,,,,,,,,,,,,0,True,NO_APLICA,menos de dos clases modelables,,
252260556,push,noOutliers,sin_balanceo,RBFNetwork_aprox,,,,,,,,,,,,,,,0,True,NO_APLICA,menos de dos clases modelables,,
252260556,push,noOutliers,random_oversampling,SMO_SVM,,,,,,,,,,,,,,,0,True,NO_APLICA,menos de dos clases modelables,,
252260556,push,noOutliers,random_oversampling,RandomForest,,,,,,,,,,,,,,,0,True,NO_APLICA,menos de dos clases modelables,,
252260556,push,noOutliers,random_oversampling,MLP,,,,,,,,,,,,,,,0,True,NO_APLICA,menos de dos clases modelables,,
252260556,push,noOutliers,random_oversampling,IBk_kNN,,,,,,,,,,,,,,,0,True,NO_APLICA,menos de dos clases modelables,,
252260556,push,noOutliers,random_oversampling,RBFNetwork_aprox,,,,,,,,,,,,,,,0,True,NO_APLICA,menos de dos clases modelables,,
252260556,push,noOutliers,class_weight_balanced,SMO_SVM,,,,,,,,,,,,,,,0,True,NO_APLICA,menos de dos clases modelables,,
252260556,push,noOutliers,class_weight_balanced,RandomForest,,,,,,,,,,,,,,,0,True,NO_APLICA,menos de dos clases modelables,,
252260556,push,noOutliers,class_weight_balanced,MLP,,,,,,,,,,,,,,,0,True,NO_APLICA,menos de dos clases modelables,,
252260556,push,noOutliers,class_weight_balanced,IBk_kNN,,,,,,,,,,,,,,,0,True,NO_APLICA,menos de dos clases modelables,,
252260556,push,noOutliers,class_weight_balanced,RBFNetwork_aprox,,,,,,,,,,,,,,,0,True,NO_APLICA,menos de dos clases modelables,,
252260556,push,noOutliers,smote,SMO_SVM,,,,,,,,,,,,,,,0,True,NO_APLICA,menos de dos clases modelables,,
252260556,push,noOutliers,smote,RandomForest,,,,,,,,,,,,,,,0,True,NO_APLICA,menos de dos clases modelables,,
252260556,push,noOutliers,smote,MLP,,,,,,,,,,,,,,,0,True,NO_APLICA,menos de dos clases modelables,,
252260556,push,noOutliers,smote,IBk_kNN,,,,,,,,,,,,,,,0,True,NO_APLICA,menos de dos clases modelables,,
252260556,push,noOutliers,smote,RBFNetwork_aprox,,,,,,,,,,,,,,,0,True,NO_APLICA,menos de dos clases modelables,,
252260556,push,noOutliers,smote_tomek,SMO_SVM,,,,,,,,,,,,,,,0,True,NO_APLICA,menos de dos clases modelables,,
252260556,push,noOutliers,smote_tomek,RandomForest,,,,,,,,,,,,,,,0,True,NO_APLICA,menos de dos clases modelables,,
252260556,push,noOutliers,smote_tomek,MLP,,,,,,,,,,,,,,,0,True,NO_APLICA,menos de dos clases modelables,,
252260556,push,noOutliers,smote_tomek,IBk_kNN,,,,,,,,,,,,,,,0,True,NO_APLICA,menos de dos clases modelables,,
252260556,push,noOutliers,smote_tomek,RBFNetwork_aprox,,,,,,,,,,,,,,,0,True,NO_APLICA,menos de dos clases modelables,,
252260556,push,noOutliers,random_undersampling_controlado,SMO_SVM,,,,,,,,,,,,,,,0,True,NO_APLICA,menos de dos clases modelables,,
252260556,push,noOutliers,random_undersampling_controlado,RandomForest,,,,,,,,,,,,,,,0,True,NO_APLICA,menos de dos clases modelables,,
252260556,push,noOutliers,random_undersampling_controlado,MLP,,,,,,,,,,,,,,,0,True,NO_APLICA,menos de dos clases modelables,,
252260556,push,noOutliers,random_undersampling_controlado,IBk_kNN,,,,,,,,,,,,,,,0,True,NO_APLICA,menos de dos clases modelables,,
252260556,push,noOutliers,random_undersampling_controlado,RBFNetwork_aprox,,,,,,,,,,,,,,,0,True,NO_APLICA,menos de dos clases modelables,,
252260556,push,sinArtefactosConservador,sin_balanceo,SMO_SVM,,,,,,,,,,,,,,,0,True,NO_APLICA,variante marcada como no modelable,,
252260556,push,sinArtefactosConservador,sin_balanceo,RandomForest,,,,,,,,,,,,,,,0,True,NO_APLICA,variante marcada como no modelable,,
252260556,push,sinArtefactosConservador,sin_balanceo,MLP,,,,,,,,,,,,,,,0,True,NO_APLICA,variante marcada como no modelable,,
252260556,push,sinArtefactosConservador,sin_balanceo,IBk_kNN,,,,,,,,,,,,,,,0,True,NO_APLICA,variante marcada como no modelable,,
252260556,push,sinArtefactosConservador,sin_balanceo,RBFNetwork_aprox,,,,,,,,,,,,,,,0,True,NO_APLICA,variante marcada como no modelable,,
252260556,push,sinArtefactosConservador,random_oversampling,SMO_SVM,,,,,,,,,,,,,,,0,True,NO_APLICA,variante marcada como no modelable,,
252260556,push,sinArtefactosConservador,random_oversampling,RandomForest,,,,,,,,,,,,,,,0,True,NO_APLICA,variante marcada como no modelable,,
252260556,push,sinArtefactosConservador,random_oversampling,MLP,,,,,,,,,,,,,,,0,True,NO_APLICA,variante marcada como no modelable,,
252260556,push,sinArtefactosConservador,random_oversampling,IBk_kNN,,,,,,,,,,,,,,,0,True,NO_APLICA,variante marcada como no modelable,,
252260556,push,sinArtefactosConservador,random_oversampling,RBFNetwork_aprox,,,,,,,,,,,,,,,0,True,NO_APLICA,variante marcada como no modelable,,
252260556,push,sinArtefactosConservador,class_weight_balanced,SMO_SVM,,,,,,,,,,,,,,,0,True,NO_APLICA,variante marcada como no modelable,,
252260556,push,sinArtefactosConservador,class_weight_balanced,RandomForest,,,,,,,,,,,,,,,0,True,NO_APLICA,variante marcada como no modelable,,
252260556,push,sinArtefactosConservador,class_weight_balanced,MLP,,,,,,,,,,,,,,,0,True,NO_APLICA,variante marcada como no modelable,,
252260556,push,sinArtefactosConservador,class_weight_balanced,IBk_kNN,,,,,,,,,,,,,,,0,True,NO_APLICA,variante marcada como no modelable,,
252260556,push,sinArtefactosConservador,class_weight_balanced,RBFNetwork_aprox,,,,,,,,,,,,,,,0,True,NO_APLICA,variante marcada como no modelable,,
252260556,push,sinArtefactosConservador,smote,SMO_SVM,,,,,,,,,,,,,,,0,True,NO_APLICA,variante marcada como no modelable,,
252260556,push,sinArtefactosConservador,smote,RandomForest,,,,,,,,,,,,,,,0,True,NO_APLICA,variante marcada como no modelable,,
252260556,push,sinArtefactosConservador,smote,MLP,,,,,,,,,,,,,,,0,True,NO_APLICA,variante marcada como no modelable,,
252260556,push,sinArtefactosConservador,smote,IBk_kNN,,,,,,,,,,,,,,,0,True,NO_APLICA,variante marcada como no modelable,,
252260556,push,sinArtefactosConservador,smote,RBFNetwork_aprox,,,,,,,,,,,,,,,0,True,NO_APLICA,variante marcada como no modelable,,
252260556,push,sinArtefactosConservador,smote_tomek,SMO_SVM,,,,,,,,,,,,,,,0,True,NO_APLICA,variante marcada como no modelable,,
252260556,push,sinArtefactosConservador,smote_tomek,RandomForest,,,,,,,,,,,,,,,0,True,NO_APLICA,variante marcada como no modelable,,
252260556,push,sinArtefactosConservador,smote_tomek,MLP,,,,,,,,,,,,,,,0,True,NO_APLICA,variante marcada como no modelable,,
252260556,push,sinArtefactosConservador,smote_tomek,IBk_kNN,,,,,,,,,,,,,,,0,True,NO_APLICA,variante marcada como no modelable,,
252260556,push,sinArtefactosConservador,smote_tomek,RBFNetwork_aprox,,,,,,,,,,,,,,,0,True,NO_APLICA,variante marcada como no modelable,,
252260556,push,sinArtefactosConservador,random_undersampling_controlado,SMO_SVM,,,,,,,,,,,,,,,0,True,NO_APLICA,variante marcada como no modelable,,
252260556,push,sinArtefactosConservador,random_undersampling_controlado,RandomForest,,,,,,,,,,,,,,,0,True,NO_APLICA,variante marcada como no modelable,,
252260556,push,sinArtefactosConservador,random_undersampling_controlado,MLP,,,,,,,,,,,,,,,0,True,NO_APLICA,variante marcada como no modelable,,
252260556,push,sinArtefactosConservador,random_undersampling_controlado,IBk_kNN,,,,,,,,,,,,,,,0,True,NO_APLICA,variante marcada como no modelable,,
252260556,push,sinArtefactosConservador,random_undersampling_controlado,RBFNetwork_aprox,,,,,,,,,,,,,,,0,True,NO_APLICA,variante marcada como no modelable,,
252260556,push,sinArtefactosEstricto,sin_balanceo,SMO_SVM,,,,,,,,,,,,,,,0,True,NO_APLICA,variante marcada como no modelable,,
252260556,push,sinArtefactosEstricto,sin_balanceo,RandomForest,,,,,,,,,,,,,,,0,True,NO_APLICA,variante marcada como no modelable,,
252260556,push,sinArtefactosEstricto,sin_balanceo,MLP,,,,,,,,,,,,,,,0,True,NO_APLICA,variante marcada como no modelable,,
252260556,push,sinArtefactosEstricto,sin_balanceo,IBk_kNN,,,,,,,,,,,,,,,0,True,NO_APLICA,variante marcada como no modelable,,
252260556,push,sinArtefactosEstricto,sin_balanceo,RBFNetwork_aprox,,,,,,,,,,,,,,,0,True,NO_APLICA,variante marcada como no modelable,,
252260556,push,sinArtefactosEstricto,random_oversampling,SMO_SVM,,,,,,,,,,,,,,,0,True,NO_APLICA,variante marcada como no modelable,,
252260556,push,sinArtefactosEstricto,random_oversampling,RandomForest,,,,,,,,,,,,,,,0,True,NO_APLICA,variante marcada como no modelable,,
252260556,push,sinArtefactosEstricto,random_oversampling,MLP,,,,,,,,,,,,,,,0,True,NO_APLICA,variante marcada como no modelable,,
252260556,push,sinArtefactosEstricto,random_oversampling,IBk_kNN,,,,,,,,,,,,,,,0,True,NO_APLICA,variante marcada como no modelable,,
252260556,push,sinArtefactosEstricto,random_oversampling,RBFNetwork_aprox,,,,,,,,,,,,,,,0,True,NO_APLICA,variante marcada como no modelable,,
252260556,push,sinArtefactosEstricto,class_weight_balanced,SMO_SVM,,,,,,,,,,,,,,,0,True,NO_APLICA,variante marcada como no modelable,,
252260556,push,sinArtefactosEstricto,class_weight_balanced,RandomForest,,,,,,,,,,,,,,,0,True,NO_APLICA,variante marcada como no modelable,,
252260556,push,sinArtefactosEstricto,class_weight_balanced,MLP,,,,,,,,,,,,,,,0,True,NO_APLICA,variante marcada como no modelable,,
252260556,push,sinArtefactosEstricto,class_weight_balanced,IBk_kNN,,,,,,,,,,,,,,,0,True,NO_APLICA,variante marcada como no modelable,,
252260556,push,sinArtefactosEstricto,class_weight_balanced,RBFNetwork_aprox,,,,,,,,,,,,,,,0,True,NO_APLICA,variante marcada como no modelable,,
252260556,push,sinArtefactosEstricto,smote,SMO_SVM,,,,,,,,,,,,,,,0,True,NO_APLICA,variante marcada como no modelable,,
252260556,push,sinArtefactosEstricto,smote,RandomForest,,,,,,,,,,,,,,,0,True,NO_APLICA,variante marcada como no modelable,,
252260556,push,sinArtefactosEstricto,smote,MLP,,,,,,,,,,,,,,,0,True,NO_APLICA,variante marcada como no modelable,,
252260556,push,sinArtefactosEstricto,smote,IBk_kNN,,,,,,,,,,,,,,,0,True,NO_APLICA,variante marcada como no modelable,,
252260556,push,sinArtefactosEstricto,smote,RBFNetwork_aprox,,,,,,,,,,,,,,,0,True,NO_APLICA,variante marcada como no modelable,,
252260556,push,sinArtefactosEstricto,smote_tomek,SMO_SVM,,,,,,,,,,,,,,,0,True,NO_APLICA,variante marcada como no modelable,,
252260556,push,sinArtefactosEstricto,smote_tomek,RandomForest,,,,,,,,,,,,,,,0,True,NO_APLICA,variante marcada como no modelable,,
252260556,push,sinArtefactosEstricto,smote_tomek,MLP,,,,,,,,,,,,,,,0,True,NO_APLICA,variante marcada como no modelable,,
252260556,push,sinArtefactosEstricto,smote_tomek,IBk_kNN,,,,,,,,,,,,,,,0,True,NO_APLICA,variante marcada como no modelable,,
252260556,push,sinArtefactosEstricto,smote_tomek,RBFNetwork_aprox,,,,,,,,,,,,,,,0,True,NO_APLICA,variante marcada como no modelable,,
252260556,push,sinArtefactosEstricto,random_undersampling_controlado,SMO_SVM,,,,,,,,,,,,,,,0,True,NO_APLICA,variante marcada como no modelable,,
252260556,push,sinArtefactosEstricto,random_undersampling_controlado,RandomForest,,,,,,,,,,,,,,,0,True,NO_APLICA,variante marcada como no modelable,,
252260556,push,sinArtefactosEstricto,random_undersampling_controlado,MLP,,,,,,,,,,,,,,,0,True,NO_APLICA,variante marcada como no modelable,,
252260556,push,sinArtefactosEstricto,random_undersampling_controlado,IBk_kNN,,,,,,,,,,,,,,,0,True,NO_APLICA,variante marcada como no modelable,,
252260556,push,sinArtefactosEstricto,random_undersampling_controlado,RBFNetwork_aprox,,,,,,,,,,,,,,,0,True,NO_APLICA,variante marcada como no modelable,,
252260556,right,noOutliers,sin_balanceo,SMO_SVM,,,,,,,,,,,,,,,0,True,NO_APLICA,menos de dos clases modelables,,
252260556,right,noOutliers,sin_balanceo,RandomForest,,,,,,,,,,,,,,,0,True,NO_APLICA,menos de dos clases modelables,,
252260556,right,noOutliers,sin_balanceo,MLP,,,,,,,,,,,,,,,0,True,NO_APLICA,menos de dos clases modelables,,
252260556,right,noOutliers,sin_balanceo,IBk_kNN,,,,,,,,,,,,,,,0,True,NO_APLICA,menos de dos clases modelables,,
252260556,right,noOutliers,sin_balanceo,RBFNetwork_aprox,,,,,,,,,,,,,,,0,True,NO_APLICA,menos de dos clases modelables,,
252260556,right,noOutliers,random_oversampling,SMO_SVM,,,,,,,,,,,,,,,0,True,NO_APLICA,menos de dos clases modelables,,
252260556,right,noOutliers,random_oversampling,RandomForest,,,,,,,,,,,,,,,0,True,NO_APLICA,menos de dos clases modelables,,
252260556,right,noOutliers,random_oversampling,MLP,,,,,,,,,,,,,,,0,True,NO_APLICA,menos de dos clases modelables,,
252260556,right,noOutliers,random_oversampling,IBk_kNN,,,,,,,,,,,,,,,0,True,NO_APLICA,menos de dos clases modelables,,
252260556,right,noOutliers,random_oversampling,RBFNetwork_aprox,,,,,,,,,,,,,,,0,True,NO_APLICA,menos de dos clases modelables,,
252260556,right,noOutliers,class_weight_balanced,SMO_SVM,,,,,,,,,,,,,,,0,True,NO_APLICA,menos de dos clases modelables,,
252260556,right,noOutliers,class_weight_balanced,RandomForest,,,,,,,,,,,,,,,0,True,NO_APLICA,menos de dos clases modelables,,
252260556,right,noOutliers,class_weight_balanced,MLP,,,,,,,,,,,,,,,0,True,NO_APLICA,menos de dos clases modelables,,
252260556,right,noOutliers,class_weight_balanced,IBk_kNN,,,,,,,,,,,,,,,0,True,NO_APLICA,menos de dos clases modelables,,
252260556,right,noOutliers,class_weight_balanced,RBFNetwork_aprox,,,,,,,,,,,,,,,0,True,NO_APLICA,menos de dos clases modelables,,
252260556,right,noOutliers,smote,SMO_SVM,,,,,,,,,,,,,,,0,True,NO_APLICA,menos de dos clases modelables,,
252260556,right,noOutliers,smote,RandomForest,,,,,,,,,,,,,,,0,True,NO_APLICA,menos de dos clases modelables,,
252260556,right,noOutliers,smote,MLP,,,,,,,,,,,,,,,0,True,NO_APLICA,menos de dos clases modelables,,
252260556,right,noOutliers,smote,IBk_kNN,,,,,,,,,,,,,,,0,True,NO_APLICA,menos de dos clases modelables,,
252260556,right,noOutliers,smote,RBFNetwork_aprox,,,,,,,,,,,,,,,0,True,NO_APLICA,menos de dos clases modelables,,
252260556,right,noOutliers,smote_tomek,SMO_SVM,,,,,,,,,,,,,,,0,True,NO_APLICA,menos de dos clases modelables,,
252260556,right,noOutliers,smote_tomek,RandomForest,,,,,,,,,,,,,,,0,True,NO_APLICA,menos de dos clases modelables,,
252260556,right,noOutliers,smote_tomek,MLP,,,,,,,,,,,,,,,0,True,NO_APLICA,menos de dos clases modelables,,
252260556,right,noOutliers,smote_tomek,IBk_kNN,,,,,,,,,,,,,,,0,True,NO_APLICA,menos de dos clases modelables,,
252260556,right,noOutliers,smote_tomek,RBFNetwork_aprox,,,,,,,,,,,,,,,0,True,NO_APLICA,menos de dos clases modelables,,
252260556,right,noOutliers,random_undersampling_controlado,SMO_SVM,,,,,,,,,,,,,,,0,True,NO_APLICA,menos de dos clases modelables,,
252260556,right,noOutliers,random_undersampling_controlado,RandomForest,,,,,,,,,,,,,,,0,True,NO_APLICA,menos de dos clases modelables,,
252260556,right,noOutliers,random_undersampling_controlado,MLP,,,,,,,,,,,,,,,0,True,NO_APLICA,menos de dos clases modelables,,
252260556,right,noOutliers,random_undersampling_controlado,IBk_kNN,,,,,,,,,,,,,,,0,True,NO_APLICA,menos de dos clases modelables,,
252260556,right,noOutliers,random_undersampling_controlado,RBFNetwork_aprox,,,,,,,,,,,,,,,0,True,NO_APLICA,menos de dos clases modelables,,
252260556,right,sinArtefactosConservador,sin_balanceo,SMO_SVM,,,,,,,,,,,,,,,0,True,NO_APLICA,variante marcada como no modelable,,
252260556,right,sinArtefactosConservador,sin_balanceo,RandomForest,,,,,,,,,,,,,,,0,True,NO_APLICA,variante marcada como no modelable,,
252260556,right,sinArtefactosConservador,sin_balanceo,MLP,,,,,,,,,,,,,,,0,True,NO_APLICA,variante marcada como no modelable,,
252260556,right,sinArtefactosConservador,sin_balanceo,IBk_kNN,,,,,,,,,,,,,,,0,True,NO_APLICA,variante marcada como no modelable,,
252260556,right,sinArtefactosConservador,sin_balanceo,RBFNetwork_aprox,,,,,,,,,,,,,,,0,True,NO_APLICA,variante marcada como no modelable,,
252260556,right,sinArtefactosConservador,random_oversampling,SMO_SVM,,,,,,,,,,,,,,,0,True,NO_APLICA,variante marcada como no modelable,,
252260556,right,sinArtefactosConservador,random_oversampling,RandomForest,,,,,,,,,,,,,,,0,True,NO_APLICA,variante marcada como no modelable,,
252260556,right,sinArtefactosConservador,random_oversampling,MLP,,,,,,,,,,,,,,,0,True,NO_APLICA,variante marcada como no modelable,,
252260556,right,sinArtefactosConservador,random_oversampling,IBk_kNN,,,,,,,,,,,,,,,0,True,NO_APLICA,variante marcada como no modelable,,
252260556,right,sinArtefactosConservador,random_oversampling,RBFNetwork_aprox,,,,,,,,,,,,,,,0,True,NO_APLICA,variante marcada como no modelable,,
252260556,right,sinArtefactosConservador,class_weight_balanced,SMO_SVM,,,,,,,,,,,,,,,0,True,NO_APLICA,variante marcada como no modelable,,
252260556,right,sinArtefactosConservador,class_weight_balanced,RandomForest,,,,,,,,,,,,,,,0,True,NO_APLICA,variante marcada como no modelable,,
252260556,right,sinArtefactosConservador,class_weight_balanced,MLP,,,,,,,,,,,,,,,0,True,NO_APLICA,variante marcada como no modelable,,
252260556,right,sinArtefactosConservador,class_weight_balanced,IBk_kNN,,,,,,,,,,,,,,,0,True,NO_APLICA,variante marcada como no modelable,,
252260556,right,sinArtefactosConservador,class_weight_balanced,RBFNetwork_aprox,,,,,,,,,,,,,,,0,True,NO_APLICA,variante marcada como no modelable,,
252260556,right,sinArtefactosConservador,smote,SMO_SVM,,,,,,,,,,,,,,,0,True,NO_APLICA,variante marcada como no modelable,,
252260556,right,sinArtefactosConservador,smote,RandomForest,,,,,,,,,,,,,,,0,True,NO_APLICA,variante marcada como no modelable,,
252260556,right,sinArtefactosConservador,smote,MLP,,,,,,,,,,,,,,,0,True,NO_APLICA,variante marcada como no modelable,,
252260556,right,sinArtefactosConservador,smote,IBk_kNN,,,,,,,,,,,,,,,0,True,NO_APLICA,variante marcada como no modelable,,
252260556,right,sinArtefactosConservador,smote,RBFNetwork_aprox,,,,,,,,,,,,,,,0,True,NO_APLICA,variante marcada como no modelable,,
252260556,right,sinArtefactosConservador,smote_tomek,SMO_SVM,,,,,,,,,,,,,,,0,True,NO_APLICA,variante marcada como no modelable,,
252260556,right,sinArtefactosConservador,smote_tomek,RandomForest,,,,,,,,,,,,,,,0,True,NO_APLICA,variante marcada como no modelable,,
252260556,right,sinArtefactosConservador,smote_tomek,MLP,,,,,,,,,,,,,,,0,True,NO_APLICA,variante marcada como no modelable,,
252260556,right,sinArtefactosConservador,smote_tomek,IBk_kNN,,,,,,,,,,,,,,,0,True,NO_APLICA,variante marcada como no modelable,,
252260556,right,sinArtefactosConservador,smote_tomek,RBFNetwork_aprox,,,,,,,,,,,,,,,0,True,NO_APLICA,variante marcada como no modelable,,
252260556,right,sinArtefactosConservador,random_undersampling_controlado,SMO_SVM,,,,,,,,,,,,,,,0,True,NO_APLICA,variante marcada como no modelable,,
252260556,right,sinArtefactosConservador,random_undersampling_controlado,RandomForest,,,,,,,,,,,,,,,0,True,NO_APLICA,variante marcada como no modelable,,
252260556,right,sinArtefactosConservador,random_undersampling_controlado,MLP,,,,,,,,,,,,,,,0,True,NO_APLICA,variante marcada como no modelable,,
252260556,right,sinArtefactosConservador,random_undersampling_controlado,IBk_kNN,,,,,,,,,,,,,,,0,True,NO_APLICA,variante marcada como no modelable,,
252260556,right,sinArtefactosConservador,random_undersampling_controlado,RBFNetwork_aprox,,,,,,,,,,,,,,,0,True,NO_APLICA,variante marcada como no modelable,,
252260556,right,sinArtefactosEstricto,sin_balanceo,SMO_SVM,,,,,,,,,,,,,,,0,True,NO_APLICA,variante marcada como no modelable,,
252260556,right,sinArtefactosEstricto,sin_balanceo,RandomForest,,,,,,,,,,,,,,,0,True,NO_APLICA,variante marcada como no modelable,,
252260556,right,sinArtefactosEstricto,sin_balanceo,MLP,,,,,,,,,,,,,,,0,True,NO_APLICA,variante marcada como no modelable,,
252260556,right,sinArtefactosEstricto,sin_balanceo,IBk_kNN,,,,,,,,,,,,,,,0,True,NO_APLICA,variante marcada como no modelable,,
252260556,right,sinArtefactosEstricto,sin_balanceo,RBFNetwork_aprox,,,,,,,,,,,,,,,0,True,NO_APLICA,variante marcada como no modelable,,
252260556,right,sinArtefactosEstricto,random_oversampling,SMO_SVM,,,,,,,,,,,,,,,0,True,NO_APLICA,variante marcada como no modelable,,
252260556,right,sinArtefactosEstricto,random_oversampling,RandomForest,,,,,,,,,,,,,,,0,True,NO_APLICA,variante marcada como no modelable,,
252260556,right,sinArtefactosEstricto,random_oversampling,MLP,,,,,,,,,,,,,,,0,True,NO_APLICA,variante marcada como no modelable,,
252260556,right,sinArtefactosEstricto,random_oversampling,IBk_kNN,,,,,,,,,,,,,,,0,True,NO_APLICA,variante marcada como no modelable,,
252260556,right,sinArtefactosEstricto,random_oversampling,RBFNetwork_aprox,,,,,,,,,,,,,,,0,True,NO_APLICA,variante marcada como no modelable,,
252260556,right,sinArtefactosEstricto,class_weight_balanced,SMO_SVM,,,,,,,,,,,,,,,0,True,NO_APLICA,variante marcada como no modelable,,
252260556,right,sinArtefactosEstricto,class_weight_balanced,RandomForest,,,,,,,,,,,,,,,0,True,NO_APLICA,variante marcada como no modelable,,
252260556,right,sinArtefactosEstricto,class_weight_balanced,MLP,,,,,,,,,,,,,,,0,True,NO_APLICA,variante marcada como no modelable,,
252260556,right,sinArtefactosEstricto,class_weight_balanced,IBk_kNN,,,,,,,,,,,,,,,0,True,NO_APLICA,variante marcada como no modelable,,
252260556,right,sinArtefactosEstricto,class_weight_balanced,RBFNetwork_aprox,,,,,,,,,,,,,,,0,True,NO_APLICA,variante marcada como no modelable,,
252260556,right,sinArtefactosEstricto,smote,SMO_SVM,,,,,,,,,,,,,,,0,True,NO_APLICA,variante marcada como no modelable,,
252260556,right,sinArtefactosEstricto,smote,RandomForest,,,,,,,,,,,,,,,0,True,NO_APLICA,variante marcada como no modelable,,
252260556,right,sinArtefactosEstricto,smote,MLP,,,,,,,,,,,,,,,0,True,NO_APLICA,variante marcada como no modelable,,
252260556,right,sinArtefactosEstricto,smote,IBk_kNN,,,,,,,,,,,,,,,0,True,NO_APLICA,variante marcada como no modelable,,
252260556,right,sinArtefactosEstricto,smote,RBFNetwork_aprox,,,,,,,,,,,,,,,0,True,NO_APLICA,variante marcada como no modelable,,
252260556,right,sinArtefactosEstricto,smote_tomek,SMO_SVM,,,,,,,,,,,,,,,0,True,NO_APLICA,variante marcada como no modelable,,
252260556,right,sinArtefactosEstricto,smote_tomek,RandomForest,,,,,,,,,,,,,,,0,True,NO_APLICA,variante marcada como no modelable,,
252260556,right,sinArtefactosEstricto,smote_tomek,MLP,,,,,,,,,,,,,,,0,True,NO_APLICA,variante marcada como no modelable,,
252260556,right,sinArtefactosEstricto,smote_tomek,IBk_kNN,,,,,,,,,,,,,,,0,True,NO_APLICA,variante marcada como no modelable,,
252260556,right,sinArtefactosEstricto,smote_tomek,RBFNetwork_aprox,,,,,,,,,,,,,,,0,True,NO_APLICA,variante marcada como no modelable,,
252260556,right,sinArtefactosEstricto,random_undersampling_controlado,SMO_SVM,,,,,,,,,,,,,,,0,True,NO_APLICA,variante marcada como no modelable,,
252260556,right,sinArtefactosEstricto,random_undersampling_controlado,RandomForest,,,,,,,,,,,,,,,0,True,NO_APLICA,variante marcada como no modelable,,
252260556,right,sinArtefactosEstricto,random_undersampling_controlado,MLP,,,,,,,,,,,,,,,0,True,NO_APLICA,variante marcada como no modelable,,
252260556,right,sinArtefactosEstricto,random_undersampling_controlado,IBk_kNN,,,,,,,,,,,,,,,0,True,NO_APLICA,variante marcada como no modelable,,
252260556,right,sinArtefactosEstricto,random_undersampling_controlado,RBFNetwork_aprox,,,,,,,,,,,,,,,0,True,NO_APLICA,variante marcada como no modelable,,
252260670,all,noOutliers,sin_balanceo,SMO_SVM,93.13,60.34,0.8752,0.6182,0.9118,0.4286,0.0,1.0,0.9848,0.75,0.0,0.931,0.942,0.9703,4,True,no,"Recall crítico bajo en: left, pull",bloques,2.0
252260670,all,noOutliers,sin_balanceo,RandomForest,92.37,53.57,0.8587,0.5427,0.8928,0.1429,0.0,1.0,1.0,1.0,0.0,0.931,0.9167,0.9713,4,True,no,"Recall crítico bajo en: left, pull",bloques,2.0
252260670,all,noOutliers,sin_balanceo,MLP,93.13,57.14,0.8736,0.5931,0.9067,0.2857,0.0,1.0,1.0,1.0,0.0,0.931,0.9296,0.9417,4,True,no,"Recall crítico bajo en: left, pull",bloques,2.0
252260670,all,noOutliers,sin_balanceo,IBk_kNN,94.66,67.48,0.904,0.6781,0.931,0.7143,0.0,1.0,0.9848,0.8333,0.0,0.9474,0.9559,0.8257,4,True,no,Recall crítico bajo en: pull,bloques,2.0
252260670,all,noOutliers,sin_balanceo,RBFNetwork_aprox,90.84,52.65,0.8298,0.5351,0.8783,0.1429,0.0,0.963,1.0,1.0,0.0,0.9455,0.88,0.9903,4,True,no,"Recall crítico bajo en: left, pull",bloques,2.0
252260670,all,noOutliers,random_oversampling,SMO_SVM,92.37,59.96,0.8622,0.6049,0.9055,0.4286,0.0,1.0,0.9697,0.6,0.0,0.931,0.9412,0.982,4,True,no,"Recall crítico bajo en: left, pull",bloques,2.0
252260670,all,noOutliers,random_oversampling,RandomForest,93.89,60.71,0.8884,0.6337,0.9186,0.4286,0.0,1.0,1.0,1.0,0.0,0.931,0.9429,0.9654,4,True,no,"Recall crítico bajo en: left, pull",bloques,2.0
252260670,all,noOutliers,random_oversampling,MLP,91.6,56.39,0.8473,0.5694,0.8947,0.2857,0.0,1.0,0.9697,0.5,0.0,0.9474,0.9143,0.9256,4,True,no,"Recall crítico bajo en: left, pull",bloques,2.0
252260670,all,noOutliers,random_oversampling,IBk_kNN,94.66,67.48,0.904,0.6781,0.931,0.7143,0.0,1.0,0.9848,0.8333,0.0,0.9474,0.9559,0.8257,4,True,no,Recall crítico bajo en: pull,bloques,2.0
252260670,all,noOutliers,random_oversampling,RBFNetwork_aprox,92.37,59.79,0.8599,0.6259,0.9038,0.4286,0.0,0.963,1.0,1.0,0.0,0.9455,0.9041,0.9822,4,True,no,"Recall crítico bajo en: left, pull",bloques,2.0
252260670,all,noOutliers,class_weight_balanced,SMO_SVM,93.13,60.34,0.8752,0.6182,0.9118,0.4286,0.0,1.0,0.9848,0.75,0.0,0.931,0.942,0.9703,4,True,no,"Recall crítico bajo en: left, pull",bloques,2.0
252260670,all,noOutliers,class_weight_balanced,RandomForest,92.37,53.57,0.8587,0.5427,0.8928,0.1429,0.0,1.0,1.0,1.0,0.0,0.931,0.9167,0.9583,4,True,no,"Recall crítico bajo en: left, pull",bloques,2.0
252260670,all,noOutliers,class_weight_balanced,MLP,,,,,,,,,,,,,,,4,True,NO_APLICA,class_weight no soportado por este modelo,,
252260670,all,noOutliers,class_weight_balanced,IBk_kNN,,,,,,,,,,,,,,,4,True,NO_APLICA,class_weight no soportado por este modelo,,
252260670,all,noOutliers,class_weight_balanced,RBFNetwork_aprox,92.37,59.79,0.8599,0.6259,0.9038,0.4286,0.0,0.963,1.0,1.0,0.0,0.9455,0.9041,0.9779,4,True,no,"Recall crítico bajo en: left, pull",bloques,2.0
252260670,all,noOutliers,smote,SMO_SVM,,,,,,,,,,,,,,,4,True,NO_APLICA,SMOTE no aplicable: min_clase < 10,,
252260670,all,noOutliers,smote,RandomForest,,,,,,,,,,,,,,,4,True,NO_APLICA,SMOTE no aplicable: min_clase < 10,,
252260670,all,noOutliers,smote,MLP,,,,,,,,,,,,,,,4,True,NO_APLICA,SMOTE no aplicable: min_clase < 10,,
252260670,all,noOutliers,smote,IBk_kNN,,,,,,,,,,,,,,,4,True,NO_APLICA,SMOTE no aplicable: min_clase < 10,,
252260670,all,noOutliers,smote,RBFNetwork_aprox,,,,,,,,,,,,,,,4,True,NO_APLICA,SMOTE no aplicable: min_clase < 10,,
252260670,all,noOutliers,smote_tomek,SMO_SVM,,,,,,,,,,,,,,,4,True,NO_APLICA,SMOTE no aplicable: min_clase < 10,,
252260670,all,noOutliers,smote_tomek,RandomForest,,,,,,,,,,,,,,,4,True,NO_APLICA,SMOTE no aplicable: min_clase < 10,,
252260670,all,noOutliers,smote_tomek,MLP,,,,,,,,,,,,,,,4,True,NO_APLICA,SMOTE no aplicable: min_clase < 10,,
252260670,all,noOutliers,smote_tomek,IBk_kNN,,,,,,,,,,,,,,,4,True,NO_APLICA,SMOTE no aplicable: min_clase < 10,,
252260670,all,noOutliers,smote_tomek,RBFNetwork_aprox,,,,,,,,,,,,,,,4,True,NO_APLICA,SMOTE no aplicable: min_clase < 10,,
252260670,all,noOutliers,random_undersampling_controlado,SMO_SVM,72.52,59.01,0.5741,0.4931,0.7625,0.8571,0.0,0.8519,0.6515,0.2069,0.0,0.92,0.8958,0.893,4,True,no,Recall crítico bajo en: pull,bloques,2.0
252260670,all,noOutliers,random_undersampling_controlado,RandomForest,83.21,58.52,0.7191,0.5319,0.8402,0.5714,0.0,0.9815,0.7879,0.2222,0.0,0.9298,0.9286,0.929,4,True,no,Recall crítico bajo en: pull,bloques,2.0
252260670,all,noOutliers,random_undersampling_controlado,MLP,73.28,62.5,0.5869,0.5184,0.7691,1.0,0.0,0.8333,0.6667,0.28,0.0,0.8824,0.9362,0.8301,4,True,no,Recall crítico bajo en: pull,bloques,2.0
252260670,all,noOutliers,random_undersampling_controlado,IBk_kNN,72.52,62.37,0.5817,0.4996,0.7623,1.0,0.0,0.8889,0.6061,0.2188,0.0,0.9231,0.9302,0.7705,4,True,no,Recall crítico bajo en: pull,bloques,2.0
252260670,all,noOutliers,random_undersampling_controlado,RBFNetwork_aprox,85.5,62.43,0.7398,0.6284,0.8414,0.7143,0.0,0.8889,0.8939,0.8333,0.0,0.8276,0.8806,0.7227,4,True,no,Recall crítico bajo en: pull,bloques,2.0
252260670,all,sinArtefactosConservador,sin_balanceo,SMO_SVM,,,,,,,,,,,,,,,0,True,NO_APLICA,variante marcada como no modelable,,
252260670,all,sinArtefactosConservador,sin_balanceo,RandomForest,,,,,,,,,,,,,,,0,True,NO_APLICA,variante marcada como no modelable,,
252260670,all,sinArtefactosConservador,sin_balanceo,MLP,,,,,,,,,,,,,,,0,True,NO_APLICA,variante marcada como no modelable,,
252260670,all,sinArtefactosConservador,sin_balanceo,IBk_kNN,,,,,,,,,,,,,,,0,True,NO_APLICA,variante marcada como no modelable,,
252260670,all,sinArtefactosConservador,sin_balanceo,RBFNetwork_aprox,,,,,,,,,,,,,,,0,True,NO_APLICA,variante marcada como no modelable,,
252260670,all,sinArtefactosConservador,random_oversampling,SMO_SVM,,,,,,,,,,,,,,,0,True,NO_APLICA,variante marcada como no modelable,,
252260670,all,sinArtefactosConservador,random_oversampling,RandomForest,,,,,,,,,,,,,,,0,True,NO_APLICA,variante marcada como no modelable,,
252260670,all,sinArtefactosConservador,random_oversampling,MLP,,,,,,,,,,,,,,,0,True,NO_APLICA,variante marcada como no modelable,,
252260670,all,sinArtefactosConservador,random_oversampling,IBk_kNN,,,,,,,,,,,,,,,0,True,NO_APLICA,variante marcada como no modelable,,
252260670,all,sinArtefactosConservador,random_oversampling,RBFNetwork_aprox,,,,,,,,,,,,,,,0,True,NO_APLICA,variante marcada como no modelable,,
252260670,all,sinArtefactosConservador,class_weight_balanced,SMO_SVM,,,,,,,,,,,,,,,0,True,NO_APLICA,variante marcada como no modelable,,
252260670,all,sinArtefactosConservador,class_weight_balanced,RandomForest,,,,,,,,,,,,,,,0,True,NO_APLICA,variante marcada como no modelable,,
252260670,all,sinArtefactosConservador,class_weight_balanced,MLP,,,,,,,,,,,,,,,0,True,NO_APLICA,variante marcada como no modelable,,
252260670,all,sinArtefactosConservador,class_weight_balanced,IBk_kNN,,,,,,,,,,,,,,,0,True,NO_APLICA,variante marcada como no modelable,,
252260670,all,sinArtefactosConservador,class_weight_balanced,RBFNetwork_aprox,,,,,,,,,,,,,,,0,True,NO_APLICA,variante marcada como no modelable,,
252260670,all,sinArtefactosConservador,smote,SMO_SVM,,,,,,,,,,,,,,,0,True,NO_APLICA,variante marcada como no modelable,,
252260670,all,sinArtefactosConservador,smote,RandomForest,,,,,,,,,,,,,,,0,True,NO_APLICA,variante marcada como no modelable,,
252260670,all,sinArtefactosConservador,smote,MLP,,,,,,,,,,,,,,,0,True,NO_APLICA,variante marcada como no modelable,,
252260670,all,sinArtefactosConservador,smote,IBk_kNN,,,,,,,,,,,,,,,0,True,NO_APLICA,variante marcada como no modelable,,
252260670,all,sinArtefactosConservador,smote,RBFNetwork_aprox,,,,,,,,,,,,,,,0,True,NO_APLICA,variante marcada como no modelable,,
252260670,all,sinArtefactosConservador,smote_tomek,SMO_SVM,,,,,,,,,,,,,,,0,True,NO_APLICA,variante marcada como no modelable,,
252260670,all,sinArtefactosConservador,smote_tomek,RandomForest,,,,,,,,,,,,,,,0,True,NO_APLICA,variante marcada como no modelable,,
252260670,all,sinArtefactosConservador,smote_tomek,MLP,,,,,,,,,,,,,,,0,True,NO_APLICA,variante marcada como no modelable,,
252260670,all,sinArtefactosConservador,smote_tomek,IBk_kNN,,,,,,,,,,,,,,,0,True,NO_APLICA,variante marcada como no modelable,,
252260670,all,sinArtefactosConservador,smote_tomek,RBFNetwork_aprox,,,,,,,,,,,,,,,0,True,NO_APLICA,variante marcada como no modelable,,
252260670,all,sinArtefactosConservador,random_undersampling_controlado,SMO_SVM,,,,,,,,,,,,,,,0,True,NO_APLICA,variante marcada como no modelable,,
252260670,all,sinArtefactosConservador,random_undersampling_controlado,RandomForest,,,,,,,,,,,,,,,0,True,NO_APLICA,variante marcada como no modelable,,
252260670,all,sinArtefactosConservador,random_undersampling_controlado,MLP,,,,,,,,,,,,,,,0,True,NO_APLICA,variante marcada como no modelable,,
252260670,all,sinArtefactosConservador,random_undersampling_controlado,IBk_kNN,,,,,,,,,,,,,,,0,True,NO_APLICA,variante marcada como no modelable,,
252260670,all,sinArtefactosConservador,random_undersampling_controlado,RBFNetwork_aprox,,,,,,,,,,,,,,,0,True,NO_APLICA,variante marcada como no modelable,,
252260670,all,sinArtefactosEstricto,sin_balanceo,SMO_SVM,,,,,,,,,,,,,,,0,True,NO_APLICA,variante marcada como no modelable,,
252260670,all,sinArtefactosEstricto,sin_balanceo,RandomForest,,,,,,,,,,,,,,,0,True,NO_APLICA,variante marcada como no modelable,,
252260670,all,sinArtefactosEstricto,sin_balanceo,MLP,,,,,,,,,,,,,,,0,True,NO_APLICA,variante marcada como no modelable,,
252260670,all,sinArtefactosEstricto,sin_balanceo,IBk_kNN,,,,,,,,,,,,,,,0,True,NO_APLICA,variante marcada como no modelable,,
252260670,all,sinArtefactosEstricto,sin_balanceo,RBFNetwork_aprox,,,,,,,,,,,,,,,0,True,NO_APLICA,variante marcada como no modelable,,
252260670,all,sinArtefactosEstricto,random_oversampling,SMO_SVM,,,,,,,,,,,,,,,0,True,NO_APLICA,variante marcada como no modelable,,
252260670,all,sinArtefactosEstricto,random_oversampling,RandomForest,,,,,,,,,,,,,,,0,True,NO_APLICA,variante marcada como no modelable,,
252260670,all,sinArtefactosEstricto,random_oversampling,MLP,,,,,,,,,,,,,,,0,True,NO_APLICA,variante marcada como no modelable,,
252260670,all,sinArtefactosEstricto,random_oversampling,IBk_kNN,,,,,,,,,,,,,,,0,True,NO_APLICA,variante marcada como no modelable,,
252260670,all,sinArtefactosEstricto,random_oversampling,RBFNetwork_aprox,,,,,,,,,,,,,,,0,True,NO_APLICA,variante marcada como no modelable,,
252260670,all,sinArtefactosEstricto,class_weight_balanced,SMO_SVM,,,,,,,,,,,,,,,0,True,NO_APLICA,variante marcada como no modelable,,
252260670,all,sinArtefactosEstricto,class_weight_balanced,RandomForest,,,,,,,,,,,,,,,0,True,NO_APLICA,variante marcada como no modelable,,
252260670,all,sinArtefactosEstricto,class_weight_balanced,MLP,,,,,,,,,,,,,,,0,True,NO_APLICA,variante marcada como no modelable,,
252260670,all,sinArtefactosEstricto,class_weight_balanced,IBk_kNN,,,,,,,,,,,,,,,0,True,NO_APLICA,variante marcada como no modelable,,
252260670,all,sinArtefactosEstricto,class_weight_balanced,RBFNetwork_aprox,,,,,,,,,,,,,,,0,True,NO_APLICA,variante marcada como no modelable,,
252260670,all,sinArtefactosEstricto,smote,SMO_SVM,,,,,,,,,,,,,,,0,True,NO_APLICA,variante marcada como no modelable,,
252260670,all,sinArtefactosEstricto,smote,RandomForest,,,,,,,,,,,,,,,0,True,NO_APLICA,variante marcada como no modelable,,
252260670,all,sinArtefactosEstricto,smote,MLP,,,,,,,,,,,,,,,0,True,NO_APLICA,variante marcada como no modelable,,
252260670,all,sinArtefactosEstricto,smote,IBk_kNN,,,,,,,,,,,,,,,0,True,NO_APLICA,variante marcada como no modelable,,
252260670,all,sinArtefactosEstricto,smote,RBFNetwork_aprox,,,,,,,,,,,,,,,0,True,NO_APLICA,variante marcada como no modelable,,
252260670,all,sinArtefactosEstricto,smote_tomek,SMO_SVM,,,,,,,,,,,,,,,0,True,NO_APLICA,variante marcada como no modelable,,
252260670,all,sinArtefactosEstricto,smote_tomek,RandomForest,,,,,,,,,,,,,,,0,True,NO_APLICA,variante marcada como no modelable,,
252260670,all,sinArtefactosEstricto,smote_tomek,MLP,,,,,,,,,,,,,,,0,True,NO_APLICA,variante marcada como no modelable,,
252260670,all,sinArtefactosEstricto,smote_tomek,IBk_kNN,,,,,,,,,,,,,,,0,True,NO_APLICA,variante marcada como no modelable,,
252260670,all,sinArtefactosEstricto,smote_tomek,RBFNetwork_aprox,,,,,,,,,,,,,,,0,True,NO_APLICA,variante marcada como no modelable,,
252260670,all,sinArtefactosEstricto,random_undersampling_controlado,SMO_SVM,,,,,,,,,,,,,,,0,True,NO_APLICA,variante marcada como no modelable,,
252260670,all,sinArtefactosEstricto,random_undersampling_controlado,RandomForest,,,,,,,,,,,,,,,0,True,NO_APLICA,variante marcada como no modelable,,
252260670,all,sinArtefactosEstricto,random_undersampling_controlado,MLP,,,,,,,,,,,,,,,0,True,NO_APLICA,variante marcada como no modelable,,
252260670,all,sinArtefactosEstricto,random_undersampling_controlado,IBk_kNN,,,,,,,,,,,,,,,0,True,NO_APLICA,variante marcada como no modelable,,
252260670,all,sinArtefactosEstricto,random_undersampling_controlado,RBFNetwork_aprox,,,,,,,,,,,,,,,0,True,NO_APLICA,variante marcada como no modelable,,
252260670,left,noOutliers,sin_balanceo,SMO_SVM,,,,,,,,,,,,,,,0,True,NO_APLICA,menos de dos clases modelables,,
252260670,left,noOutliers,sin_balanceo,RandomForest,,,,,,,,,,,,,,,0,True,NO_APLICA,menos de dos clases modelables,,
252260670,left,noOutliers,sin_balanceo,MLP,,,,,,,,,,,,,,,0,True,NO_APLICA,menos de dos clases modelables,,
252260670,left,noOutliers,sin_balanceo,IBk_kNN,,,,,,,,,,,,,,,0,True,NO_APLICA,menos de dos clases modelables,,
252260670,left,noOutliers,sin_balanceo,RBFNetwork_aprox,,,,,,,,,,,,,,,0,True,NO_APLICA,menos de dos clases modelables,,
252260670,left,noOutliers,random_oversampling,SMO_SVM,,,,,,,,,,,,,,,0,True,NO_APLICA,menos de dos clases modelables,,
252260670,left,noOutliers,random_oversampling,RandomForest,,,,,,,,,,,,,,,0,True,NO_APLICA,menos de dos clases modelables,,
252260670,left,noOutliers,random_oversampling,MLP,,,,,,,,,,,,,,,0,True,NO_APLICA,menos de dos clases modelables,,
252260670,left,noOutliers,random_oversampling,IBk_kNN,,,,,,,,,,,,,,,0,True,NO_APLICA,menos de dos clases modelables,,
252260670,left,noOutliers,random_oversampling,RBFNetwork_aprox,,,,,,,,,,,,,,,0,True,NO_APLICA,menos de dos clases modelables,,
252260670,left,noOutliers,class_weight_balanced,SMO_SVM,,,,,,,,,,,,,,,0,True,NO_APLICA,menos de dos clases modelables,,
252260670,left,noOutliers,class_weight_balanced,RandomForest,,,,,,,,,,,,,,,0,True,NO_APLICA,menos de dos clases modelables,,
252260670,left,noOutliers,class_weight_balanced,MLP,,,,,,,,,,,,,,,0,True,NO_APLICA,menos de dos clases modelables,,
252260670,left,noOutliers,class_weight_balanced,IBk_kNN,,,,,,,,,,,,,,,0,True,NO_APLICA,menos de dos clases modelables,,
252260670,left,noOutliers,class_weight_balanced,RBFNetwork_aprox,,,,,,,,,,,,,,,0,True,NO_APLICA,menos de dos clases modelables,,
252260670,left,noOutliers,smote,SMO_SVM,,,,,,,,,,,,,,,0,True,NO_APLICA,menos de dos clases modelables,,
252260670,left,noOutliers,smote,RandomForest,,,,,,,,,,,,,,,0,True,NO_APLICA,menos de dos clases modelables,,
252260670,left,noOutliers,smote,MLP,,,,,,,,,,,,,,,0,True,NO_APLICA,menos de dos clases modelables,,
252260670,left,noOutliers,smote,IBk_kNN,,,,,,,,,,,,,,,0,True,NO_APLICA,menos de dos clases modelables,,
252260670,left,noOutliers,smote,RBFNetwork_aprox,,,,,,,,,,,,,,,0,True,NO_APLICA,menos de dos clases modelables,,
252260670,left,noOutliers,smote_tomek,SMO_SVM,,,,,,,,,,,,,,,0,True,NO_APLICA,menos de dos clases modelables,,
252260670,left,noOutliers,smote_tomek,RandomForest,,,,,,,,,,,,,,,0,True,NO_APLICA,menos de dos clases modelables,,
252260670,left,noOutliers,smote_tomek,MLP,,,,,,,,,,,,,,,0,True,NO_APLICA,menos de dos clases modelables,,
252260670,left,noOutliers,smote_tomek,IBk_kNN,,,,,,,,,,,,,,,0,True,NO_APLICA,menos de dos clases modelables,,
252260670,left,noOutliers,smote_tomek,RBFNetwork_aprox,,,,,,,,,,,,,,,0,True,NO_APLICA,menos de dos clases modelables,,
252260670,left,noOutliers,random_undersampling_controlado,SMO_SVM,,,,,,,,,,,,,,,0,True,NO_APLICA,menos de dos clases modelables,,
252260670,left,noOutliers,random_undersampling_controlado,RandomForest,,,,,,,,,,,,,,,0,True,NO_APLICA,menos de dos clases modelables,,
252260670,left,noOutliers,random_undersampling_controlado,MLP,,,,,,,,,,,,,,,0,True,NO_APLICA,menos de dos clases modelables,,
252260670,left,noOutliers,random_undersampling_controlado,IBk_kNN,,,,,,,,,,,,,,,0,True,NO_APLICA,menos de dos clases modelables,,
252260670,left,noOutliers,random_undersampling_controlado,RBFNetwork_aprox,,,,,,,,,,,,,,,0,True,NO_APLICA,menos de dos clases modelables,,
252260670,left,sinArtefactosConservador,sin_balanceo,SMO_SVM,,,,,,,,,,,,,,,0,True,NO_APLICA,variante marcada como no modelable,,
252260670,left,sinArtefactosConservador,sin_balanceo,RandomForest,,,,,,,,,,,,,,,0,True,NO_APLICA,variante marcada como no modelable,,
252260670,left,sinArtefactosConservador,sin_balanceo,MLP,,,,,,,,,,,,,,,0,True,NO_APLICA,variante marcada como no modelable,,
252260670,left,sinArtefactosConservador,sin_balanceo,IBk_kNN,,,,,,,,,,,,,,,0,True,NO_APLICA,variante marcada como no modelable,,
252260670,left,sinArtefactosConservador,sin_balanceo,RBFNetwork_aprox,,,,,,,,,,,,,,,0,True,NO_APLICA,variante marcada como no modelable,,
252260670,left,sinArtefactosConservador,random_oversampling,SMO_SVM,,,,,,,,,,,,,,,0,True,NO_APLICA,variante marcada como no modelable,,
252260670,left,sinArtefactosConservador,random_oversampling,RandomForest,,,,,,,,,,,,,,,0,True,NO_APLICA,variante marcada como no modelable,,
252260670,left,sinArtefactosConservador,random_oversampling,MLP,,,,,,,,,,,,,,,0,True,NO_APLICA,variante marcada como no modelable,,
252260670,left,sinArtefactosConservador,random_oversampling,IBk_kNN,,,,,,,,,,,,,,,0,True,NO_APLICA,variante marcada como no modelable,,
252260670,left,sinArtefactosConservador,random_oversampling,RBFNetwork_aprox,,,,,,,,,,,,,,,0,True,NO_APLICA,variante marcada como no modelable,,
252260670,left,sinArtefactosConservador,class_weight_balanced,SMO_SVM,,,,,,,,,,,,,,,0,True,NO_APLICA,variante marcada como no modelable,,
252260670,left,sinArtefactosConservador,class_weight_balanced,RandomForest,,,,,,,,,,,,,,,0,True,NO_APLICA,variante marcada como no modelable,,
252260670,left,sinArtefactosConservador,class_weight_balanced,MLP,,,,,,,,,,,,,,,0,True,NO_APLICA,variante marcada como no modelable,,
252260670,left,sinArtefactosConservador,class_weight_balanced,IBk_kNN,,,,,,,,,,,,,,,0,True,NO_APLICA,variante marcada como no modelable,,
252260670,left,sinArtefactosConservador,class_weight_balanced,RBFNetwork_aprox,,,,,,,,,,,,,,,0,True,NO_APLICA,variante marcada como no modelable,,
252260670,left,sinArtefactosConservador,smote,SMO_SVM,,,,,,,,,,,,,,,0,True,NO_APLICA,variante marcada como no modelable,,
252260670,left,sinArtefactosConservador,smote,RandomForest,,,,,,,,,,,,,,,0,True,NO_APLICA,variante marcada como no modelable,,
252260670,left,sinArtefactosConservador,smote,MLP,,,,,,,,,,,,,,,0,True,NO_APLICA,variante marcada como no modelable,,
252260670,left,sinArtefactosConservador,smote,IBk_kNN,,,,,,,,,,,,,,,0,True,NO_APLICA,variante marcada como no modelable,,
252260670,left,sinArtefactosConservador,smote,RBFNetwork_aprox,,,,,,,,,,,,,,,0,True,NO_APLICA,variante marcada como no modelable,,
252260670,left,sinArtefactosConservador,smote_tomek,SMO_SVM,,,,,,,,,,,,,,,0,True,NO_APLICA,variante marcada como no modelable,,
252260670,left,sinArtefactosConservador,smote_tomek,RandomForest,,,,,,,,,,,,,,,0,True,NO_APLICA,variante marcada como no modelable,,
252260670,left,sinArtefactosConservador,smote_tomek,MLP,,,,,,,,,,,,,,,0,True,NO_APLICA,variante marcada como no modelable,,
252260670,left,sinArtefactosConservador,smote_tomek,IBk_kNN,,,,,,,,,,,,,,,0,True,NO_APLICA,variante marcada como no modelable,,
252260670,left,sinArtefactosConservador,smote_tomek,RBFNetwork_aprox,,,,,,,,,,,,,,,0,True,NO_APLICA,variante marcada como no modelable,,
252260670,left,sinArtefactosConservador,random_undersampling_controlado,SMO_SVM,,,,,,,,,,,,,,,0,True,NO_APLICA,variante marcada como no modelable,,
252260670,left,sinArtefactosConservador,random_undersampling_controlado,RandomForest,,,,,,,,,,,,,,,0,True,NO_APLICA,variante marcada como no modelable,,
252260670,left,sinArtefactosConservador,random_undersampling_controlado,MLP,,,,,,,,,,,,,,,0,True,NO_APLICA,variante marcada como no modelable,,
252260670,left,sinArtefactosConservador,random_undersampling_controlado,IBk_kNN,,,,,,,,,,,,,,,0,True,NO_APLICA,variante marcada como no modelable,,
252260670,left,sinArtefactosConservador,random_undersampling_controlado,RBFNetwork_aprox,,,,,,,,,,,,,,,0,True,NO_APLICA,variante marcada como no modelable,,
252260670,left,sinArtefactosEstricto,sin_balanceo,SMO_SVM,,,,,,,,,,,,,,,0,True,NO_APLICA,variante marcada como no modelable,,
252260670,left,sinArtefactosEstricto,sin_balanceo,RandomForest,,,,,,,,,,,,,,,0,True,NO_APLICA,variante marcada como no modelable,,
252260670,left,sinArtefactosEstricto,sin_balanceo,MLP,,,,,,,,,,,,,,,0,True,NO_APLICA,variante marcada como no modelable,,
252260670,left,sinArtefactosEstricto,sin_balanceo,IBk_kNN,,,,,,,,,,,,,,,0,True,NO_APLICA,variante marcada como no modelable,,
252260670,left,sinArtefactosEstricto,sin_balanceo,RBFNetwork_aprox,,,,,,,,,,,,,,,0,True,NO_APLICA,variante marcada como no modelable,,
252260670,left,sinArtefactosEstricto,random_oversampling,SMO_SVM,,,,,,,,,,,,,,,0,True,NO_APLICA,variante marcada como no modelable,,
252260670,left,sinArtefactosEstricto,random_oversampling,RandomForest,,,,,,,,,,,,,,,0,True,NO_APLICA,variante marcada como no modelable,,
252260670,left,sinArtefactosEstricto,random_oversampling,MLP,,,,,,,,,,,,,,,0,True,NO_APLICA,variante marcada como no modelable,,
252260670,left,sinArtefactosEstricto,random_oversampling,IBk_kNN,,,,,,,,,,,,,,,0,True,NO_APLICA,variante marcada como no modelable,,
252260670,left,sinArtefactosEstricto,random_oversampling,RBFNetwork_aprox,,,,,,,,,,,,,,,0,True,NO_APLICA,variante marcada como no modelable,,
252260670,left,sinArtefactosEstricto,class_weight_balanced,SMO_SVM,,,,,,,,,,,,,,,0,True,NO_APLICA,variante marcada como no modelable,,
252260670,left,sinArtefactosEstricto,class_weight_balanced,RandomForest,,,,,,,,,,,,,,,0,True,NO_APLICA,variante marcada como no modelable,,
252260670,left,sinArtefactosEstricto,class_weight_balanced,MLP,,,,,,,,,,,,,,,0,True,NO_APLICA,variante marcada como no modelable,,
252260670,left,sinArtefactosEstricto,class_weight_balanced,IBk_kNN,,,,,,,,,,,,,,,0,True,NO_APLICA,variante marcada como no modelable,,
252260670,left,sinArtefactosEstricto,class_weight_balanced,RBFNetwork_aprox,,,,,,,,,,,,,,,0,True,NO_APLICA,variante marcada como no modelable,,
252260670,left,sinArtefactosEstricto,smote,SMO_SVM,,,,,,,,,,,,,,,0,True,NO_APLICA,variante marcada como no modelable,,
252260670,left,sinArtefactosEstricto,smote,RandomForest,,,,,,,,,,,,,,,0,True,NO_APLICA,variante marcada como no modelable,,
252260670,left,sinArtefactosEstricto,smote,MLP,,,,,,,,,,,,,,,0,True,NO_APLICA,variante marcada como no modelable,,
252260670,left,sinArtefactosEstricto,smote,IBk_kNN,,,,,,,,,,,,,,,0,True,NO_APLICA,variante marcada como no modelable,,
252260670,left,sinArtefactosEstricto,smote,RBFNetwork_aprox,,,,,,,,,,,,,,,0,True,NO_APLICA,variante marcada como no modelable,,
252260670,left,sinArtefactosEstricto,smote_tomek,SMO_SVM,,,,,,,,,,,,,,,0,True,NO_APLICA,variante marcada como no modelable,,
252260670,left,sinArtefactosEstricto,smote_tomek,RandomForest,,,,,,,,,,,,,,,0,True,NO_APLICA,variante marcada como no modelable,,
252260670,left,sinArtefactosEstricto,smote_tomek,MLP,,,,,,,,,,,,,,,0,True,NO_APLICA,variante marcada como no modelable,,
252260670,left,sinArtefactosEstricto,smote_tomek,IBk_kNN,,,,,,,,,,,,,,,0,True,NO_APLICA,variante marcada como no modelable,,
252260670,left,sinArtefactosEstricto,smote_tomek,RBFNetwork_aprox,,,,,,,,,,,,,,,0,True,NO_APLICA,variante marcada como no modelable,,
252260670,left,sinArtefactosEstricto,random_undersampling_controlado,SMO_SVM,,,,,,,,,,,,,,,0,True,NO_APLICA,variante marcada como no modelable,,
252260670,left,sinArtefactosEstricto,random_undersampling_controlado,RandomForest,,,,,,,,,,,,,,,0,True,NO_APLICA,variante marcada como no modelable,,
252260670,left,sinArtefactosEstricto,random_undersampling_controlado,MLP,,,,,,,,,,,,,,,0,True,NO_APLICA,variante marcada como no modelable,,
252260670,left,sinArtefactosEstricto,random_undersampling_controlado,IBk_kNN,,,,,,,,,,,,,,,0,True,NO_APLICA,variante marcada como no modelable,,
252260670,left,sinArtefactosEstricto,random_undersampling_controlado,RBFNetwork_aprox,,,,,,,,,,,,,,,0,True,NO_APLICA,variante marcada como no modelable,,
252260670,pull,noOutliers,sin_balanceo,SMO_SVM,,,,,,,,,,,,,,,0,True,NO_APLICA,menos de dos clases modelables,,
252260670,pull,noOutliers,sin_balanceo,RandomForest,,,,,,,,,,,,,,,0,True,NO_APLICA,menos de dos clases modelables,,
252260670,pull,noOutliers,sin_balanceo,MLP,,,,,,,,,,,,,,,0,True,NO_APLICA,menos de dos clases modelables,,
252260670,pull,noOutliers,sin_balanceo,IBk_kNN,,,,,,,,,,,,,,,0,True,NO_APLICA,menos de dos clases modelables,,
252260670,pull,noOutliers,sin_balanceo,RBFNetwork_aprox,,,,,,,,,,,,,,,0,True,NO_APLICA,menos de dos clases modelables,,
252260670,pull,noOutliers,random_oversampling,SMO_SVM,,,,,,,,,,,,,,,0,True,NO_APLICA,menos de dos clases modelables,,
252260670,pull,noOutliers,random_oversampling,RandomForest,,,,,,,,,,,,,,,0,True,NO_APLICA,menos de dos clases modelables,,
252260670,pull,noOutliers,random_oversampling,MLP,,,,,,,,,,,,,,,0,True,NO_APLICA,menos de dos clases modelables,,
252260670,pull,noOutliers,random_oversampling,IBk_kNN,,,,,,,,,,,,,,,0,True,NO_APLICA,menos de dos clases modelables,,
252260670,pull,noOutliers,random_oversampling,RBFNetwork_aprox,,,,,,,,,,,,,,,0,True,NO_APLICA,menos de dos clases modelables,,
252260670,pull,noOutliers,class_weight_balanced,SMO_SVM,,,,,,,,,,,,,,,0,True,NO_APLICA,menos de dos clases modelables,,
252260670,pull,noOutliers,class_weight_balanced,RandomForest,,,,,,,,,,,,,,,0,True,NO_APLICA,menos de dos clases modelables,,
252260670,pull,noOutliers,class_weight_balanced,MLP,,,,,,,,,,,,,,,0,True,NO_APLICA,menos de dos clases modelables,,
252260670,pull,noOutliers,class_weight_balanced,IBk_kNN,,,,,,,,,,,,,,,0,True,NO_APLICA,menos de dos clases modelables,,
252260670,pull,noOutliers,class_weight_balanced,RBFNetwork_aprox,,,,,,,,,,,,,,,0,True,NO_APLICA,menos de dos clases modelables,,
252260670,pull,noOutliers,smote,SMO_SVM,,,,,,,,,,,,,,,0,True,NO_APLICA,menos de dos clases modelables,,
252260670,pull,noOutliers,smote,RandomForest,,,,,,,,,,,,,,,0,True,NO_APLICA,menos de dos clases modelables,,
252260670,pull,noOutliers,smote,MLP,,,,,,,,,,,,,,,0,True,NO_APLICA,menos de dos clases modelables,,
252260670,pull,noOutliers,smote,IBk_kNN,,,,,,,,,,,,,,,0,True,NO_APLICA,menos de dos clases modelables,,
252260670,pull,noOutliers,smote,RBFNetwork_aprox,,,,,,,,,,,,,,,0,True,NO_APLICA,menos de dos clases modelables,,
252260670,pull,noOutliers,smote_tomek,SMO_SVM,,,,,,,,,,,,,,,0,True,NO_APLICA,menos de dos clases modelables,,
252260670,pull,noOutliers,smote_tomek,RandomForest,,,,,,,,,,,,,,,0,True,NO_APLICA,menos de dos clases modelables,,
252260670,pull,noOutliers,smote_tomek,MLP,,,,,,,,,,,,,,,0,True,NO_APLICA,menos de dos clases modelables,,
252260670,pull,noOutliers,smote_tomek,IBk_kNN,,,,,,,,,,,,,,,0,True,NO_APLICA,menos de dos clases modelables,,
252260670,pull,noOutliers,smote_tomek,RBFNetwork_aprox,,,,,,,,,,,,,,,0,True,NO_APLICA,menos de dos clases modelables,,
252260670,pull,noOutliers,random_undersampling_controlado,SMO_SVM,,,,,,,,,,,,,,,0,True,NO_APLICA,menos de dos clases modelables,,
252260670,pull,noOutliers,random_undersampling_controlado,RandomForest,,,,,,,,,,,,,,,0,True,NO_APLICA,menos de dos clases modelables,,
252260670,pull,noOutliers,random_undersampling_controlado,MLP,,,,,,,,,,,,,,,0,True,NO_APLICA,menos de dos clases modelables,,
252260670,pull,noOutliers,random_undersampling_controlado,IBk_kNN,,,,,,,,,,,,,,,0,True,NO_APLICA,menos de dos clases modelables,,
252260670,pull,noOutliers,random_undersampling_controlado,RBFNetwork_aprox,,,,,,,,,,,,,,,0,True,NO_APLICA,menos de dos clases modelables,,
252260670,pull,sinArtefactosConservador,sin_balanceo,SMO_SVM,,,,,,,,,,,,,,,0,True,NO_APLICA,variante marcada como no modelable,,
252260670,pull,sinArtefactosConservador,sin_balanceo,RandomForest,,,,,,,,,,,,,,,0,True,NO_APLICA,variante marcada como no modelable,,
252260670,pull,sinArtefactosConservador,sin_balanceo,MLP,,,,,,,,,,,,,,,0,True,NO_APLICA,variante marcada como no modelable,,
252260670,pull,sinArtefactosConservador,sin_balanceo,IBk_kNN,,,,,,,,,,,,,,,0,True,NO_APLICA,variante marcada como no modelable,,
252260670,pull,sinArtefactosConservador,sin_balanceo,RBFNetwork_aprox,,,,,,,,,,,,,,,0,True,NO_APLICA,variante marcada como no modelable,,
252260670,pull,sinArtefactosConservador,random_oversampling,SMO_SVM,,,,,,,,,,,,,,,0,True,NO_APLICA,variante marcada como no modelable,,
252260670,pull,sinArtefactosConservador,random_oversampling,RandomForest,,,,,,,,,,,,,,,0,True,NO_APLICA,variante marcada como no modelable,,
252260670,pull,sinArtefactosConservador,random_oversampling,MLP,,,,,,,,,,,,,,,0,True,NO_APLICA,variante marcada como no modelable,,
252260670,pull,sinArtefactosConservador,random_oversampling,IBk_kNN,,,,,,,,,,,,,,,0,True,NO_APLICA,variante marcada como no modelable,,
252260670,pull,sinArtefactosConservador,random_oversampling,RBFNetwork_aprox,,,,,,,,,,,,,,,0,True,NO_APLICA,variante marcada como no modelable,,
252260670,pull,sinArtefactosConservador,class_weight_balanced,SMO_SVM,,,,,,,,,,,,,,,0,True,NO_APLICA,variante marcada como no modelable,,
252260670,pull,sinArtefactosConservador,class_weight_balanced,RandomForest,,,,,,,,,,,,,,,0,True,NO_APLICA,variante marcada como no modelable,,
252260670,pull,sinArtefactosConservador,class_weight_balanced,MLP,,,,,,,,,,,,,,,0,True,NO_APLICA,variante marcada como no modelable,,
252260670,pull,sinArtefactosConservador,class_weight_balanced,IBk_kNN,,,,,,,,,,,,,,,0,True,NO_APLICA,variante marcada como no modelable,,
252260670,pull,sinArtefactosConservador,class_weight_balanced,RBFNetwork_aprox,,,,,,,,,,,,,,,0,True,NO_APLICA,variante marcada como no modelable,,
252260670,pull,sinArtefactosConservador,smote,SMO_SVM,,,,,,,,,,,,,,,0,True,NO_APLICA,variante marcada como no modelable,,
252260670,pull,sinArtefactosConservador,smote,RandomForest,,,,,,,,,,,,,,,0,True,NO_APLICA,variante marcada como no modelable,,
252260670,pull,sinArtefactosConservador,smote,MLP,,,,,,,,,,,,,,,0,True,NO_APLICA,variante marcada como no modelable,,
252260670,pull,sinArtefactosConservador,smote,IBk_kNN,,,,,,,,,,,,,,,0,True,NO_APLICA,variante marcada como no modelable,,
252260670,pull,sinArtefactosConservador,smote,RBFNetwork_aprox,,,,,,,,,,,,,,,0,True,NO_APLICA,variante marcada como no modelable,,
252260670,pull,sinArtefactosConservador,smote_tomek,SMO_SVM,,,,,,,,,,,,,,,0,True,NO_APLICA,variante marcada como no modelable,,
252260670,pull,sinArtefactosConservador,smote_tomek,RandomForest,,,,,,,,,,,,,,,0,True,NO_APLICA,variante marcada como no modelable,,
252260670,pull,sinArtefactosConservador,smote_tomek,MLP,,,,,,,,,,,,,,,0,True,NO_APLICA,variante marcada como no modelable,,
252260670,pull,sinArtefactosConservador,smote_tomek,IBk_kNN,,,,,,,,,,,,,,,0,True,NO_APLICA,variante marcada como no modelable,,
252260670,pull,sinArtefactosConservador,smote_tomek,RBFNetwork_aprox,,,,,,,,,,,,,,,0,True,NO_APLICA,variante marcada como no modelable,,
252260670,pull,sinArtefactosConservador,random_undersampling_controlado,SMO_SVM,,,,,,,,,,,,,,,0,True,NO_APLICA,variante marcada como no modelable,,
252260670,pull,sinArtefactosConservador,random_undersampling_controlado,RandomForest,,,,,,,,,,,,,,,0,True,NO_APLICA,variante marcada como no modelable,,
252260670,pull,sinArtefactosConservador,random_undersampling_controlado,MLP,,,,,,,,,,,,,,,0,True,NO_APLICA,variante marcada como no modelable,,
252260670,pull,sinArtefactosConservador,random_undersampling_controlado,IBk_kNN,,,,,,,,,,,,,,,0,True,NO_APLICA,variante marcada como no modelable,,
252260670,pull,sinArtefactosConservador,random_undersampling_controlado,RBFNetwork_aprox,,,,,,,,,,,,,,,0,True,NO_APLICA,variante marcada como no modelable,,
252260670,pull,sinArtefactosEstricto,sin_balanceo,SMO_SVM,,,,,,,,,,,,,,,0,True,NO_APLICA,variante marcada como no modelable,,
252260670,pull,sinArtefactosEstricto,sin_balanceo,RandomForest,,,,,,,,,,,,,,,0,True,NO_APLICA,variante marcada como no modelable,,
252260670,pull,sinArtefactosEstricto,sin_balanceo,MLP,,,,,,,,,,,,,,,0,True,NO_APLICA,variante marcada como no modelable,,
252260670,pull,sinArtefactosEstricto,sin_balanceo,IBk_kNN,,,,,,,,,,,,,,,0,True,NO_APLICA,variante marcada como no modelable,,
252260670,pull,sinArtefactosEstricto,sin_balanceo,RBFNetwork_aprox,,,,,,,,,,,,,,,0,True,NO_APLICA,variante marcada como no modelable,,
252260670,pull,sinArtefactosEstricto,random_oversampling,SMO_SVM,,,,,,,,,,,,,,,0,True,NO_APLICA,variante marcada como no modelable,,
252260670,pull,sinArtefactosEstricto,random_oversampling,RandomForest,,,,,,,,,,,,,,,0,True,NO_APLICA,variante marcada como no modelable,,
252260670,pull,sinArtefactosEstricto,random_oversampling,MLP,,,,,,,,,,,,,,,0,True,NO_APLICA,variante marcada como no modelable,,
252260670,pull,sinArtefactosEstricto,random_oversampling,IBk_kNN,,,,,,,,,,,,,,,0,True,NO_APLICA,variante marcada como no modelable,,
252260670,pull,sinArtefactosEstricto,random_oversampling,RBFNetwork_aprox,,,,,,,,,,,,,,,0,True,NO_APLICA,variante marcada como no modelable,,
252260670,pull,sinArtefactosEstricto,class_weight_balanced,SMO_SVM,,,,,,,,,,,,,,,0,True,NO_APLICA,variante marcada como no modelable,,
252260670,pull,sinArtefactosEstricto,class_weight_balanced,RandomForest,,,,,,,,,,,,,,,0,True,NO_APLICA,variante marcada como no modelable,,
252260670,pull,sinArtefactosEstricto,class_weight_balanced,MLP,,,,,,,,,,,,,,,0,True,NO_APLICA,variante marcada como no modelable,,
252260670,pull,sinArtefactosEstricto,class_weight_balanced,IBk_kNN,,,,,,,,,,,,,,,0,True,NO_APLICA,variante marcada como no modelable,,
252260670,pull,sinArtefactosEstricto,class_weight_balanced,RBFNetwork_aprox,,,,,,,,,,,,,,,0,True,NO_APLICA,variante marcada como no modelable,,
252260670,pull,sinArtefactosEstricto,smote,SMO_SVM,,,,,,,,,,,,,,,0,True,NO_APLICA,variante marcada como no modelable,,
252260670,pull,sinArtefactosEstricto,smote,RandomForest,,,,,,,,,,,,,,,0,True,NO_APLICA,variante marcada como no modelable,,
252260670,pull,sinArtefactosEstricto,smote,MLP,,,,,,,,,,,,,,,0,True,NO_APLICA,variante marcada como no modelable,,
252260670,pull,sinArtefactosEstricto,smote,IBk_kNN,,,,,,,,,,,,,,,0,True,NO_APLICA,variante marcada como no modelable,,
252260670,pull,sinArtefactosEstricto,smote,RBFNetwork_aprox,,,,,,,,,,,,,,,0,True,NO_APLICA,variante marcada como no modelable,,
252260670,pull,sinArtefactosEstricto,smote_tomek,SMO_SVM,,,,,,,,,,,,,,,0,True,NO_APLICA,variante marcada como no modelable,,
252260670,pull,sinArtefactosEstricto,smote_tomek,RandomForest,,,,,,,,,,,,,,,0,True,NO_APLICA,variante marcada como no modelable,,
252260670,pull,sinArtefactosEstricto,smote_tomek,MLP,,,,,,,,,,,,,,,0,True,NO_APLICA,variante marcada como no modelable,,
252260670,pull,sinArtefactosEstricto,smote_tomek,IBk_kNN,,,,,,,,,,,,,,,0,True,NO_APLICA,variante marcada como no modelable,,
252260670,pull,sinArtefactosEstricto,smote_tomek,RBFNetwork_aprox,,,,,,,,,,,,,,,0,True,NO_APLICA,variante marcada como no modelable,,
252260670,pull,sinArtefactosEstricto,random_undersampling_controlado,SMO_SVM,,,,,,,,,,,,,,,0,True,NO_APLICA,variante marcada como no modelable,,
252260670,pull,sinArtefactosEstricto,random_undersampling_controlado,RandomForest,,,,,,,,,,,,,,,0,True,NO_APLICA,variante marcada como no modelable,,
252260670,pull,sinArtefactosEstricto,random_undersampling_controlado,MLP,,,,,,,,,,,,,,,0,True,NO_APLICA,variante marcada como no modelable,,
252260670,pull,sinArtefactosEstricto,random_undersampling_controlado,IBk_kNN,,,,,,,,,,,,,,,0,True,NO_APLICA,variante marcada como no modelable,,
252260670,pull,sinArtefactosEstricto,random_undersampling_controlado,RBFNetwork_aprox,,,,,,,,,,,,,,,0,True,NO_APLICA,variante marcada como no modelable,,
252260670,push,noOutliers,sin_balanceo,SMO_SVM,,,,,,,,,,,,,,,0,True,NO_APLICA,menos de dos clases modelables,,
252260670,push,noOutliers,sin_balanceo,RandomForest,,,,,,,,,,,,,,,0,True,NO_APLICA,menos de dos clases modelables,,
252260670,push,noOutliers,sin_balanceo,MLP,,,,,,,,,,,,,,,0,True,NO_APLICA,menos de dos clases modelables,,
252260670,push,noOutliers,sin_balanceo,IBk_kNN,,,,,,,,,,,,,,,0,True,NO_APLICA,menos de dos clases modelables,,
252260670,push,noOutliers,sin_balanceo,RBFNetwork_aprox,,,,,,,,,,,,,,,0,True,NO_APLICA,menos de dos clases modelables,,
252260670,push,noOutliers,random_oversampling,SMO_SVM,,,,,,,,,,,,,,,0,True,NO_APLICA,menos de dos clases modelables,,
252260670,push,noOutliers,random_oversampling,RandomForest,,,,,,,,,,,,,,,0,True,NO_APLICA,menos de dos clases modelables,,
252260670,push,noOutliers,random_oversampling,MLP,,,,,,,,,,,,,,,0,True,NO_APLICA,menos de dos clases modelables,,
252260670,push,noOutliers,random_oversampling,IBk_kNN,,,,,,,,,,,,,,,0,True,NO_APLICA,menos de dos clases modelables,,
252260670,push,noOutliers,random_oversampling,RBFNetwork_aprox,,,,,,,,,,,,,,,0,True,NO_APLICA,menos de dos clases modelables,,
252260670,push,noOutliers,class_weight_balanced,SMO_SVM,,,,,,,,,,,,,,,0,True,NO_APLICA,menos de dos clases modelables,,
252260670,push,noOutliers,class_weight_balanced,RandomForest,,,,,,,,,,,,,,,0,True,NO_APLICA,menos de dos clases modelables,,
252260670,push,noOutliers,class_weight_balanced,MLP,,,,,,,,,,,,,,,0,True,NO_APLICA,menos de dos clases modelables,,
252260670,push,noOutliers,class_weight_balanced,IBk_kNN,,,,,,,,,,,,,,,0,True,NO_APLICA,menos de dos clases modelables,,
252260670,push,noOutliers,class_weight_balanced,RBFNetwork_aprox,,,,,,,,,,,,,,,0,True,NO_APLICA,menos de dos clases modelables,,
252260670,push,noOutliers,smote,SMO_SVM,,,,,,,,,,,,,,,0,True,NO_APLICA,menos de dos clases modelables,,
252260670,push,noOutliers,smote,RandomForest,,,,,,,,,,,,,,,0,True,NO_APLICA,menos de dos clases modelables,,
252260670,push,noOutliers,smote,MLP,,,,,,,,,,,,,,,0,True,NO_APLICA,menos de dos clases modelables,,
252260670,push,noOutliers,smote,IBk_kNN,,,,,,,,,,,,,,,0,True,NO_APLICA,menos de dos clases modelables,,
252260670,push,noOutliers,smote,RBFNetwork_aprox,,,,,,,,,,,,,,,0,True,NO_APLICA,menos de dos clases modelables,,
252260670,push,noOutliers,smote_tomek,SMO_SVM,,,,,,,,,,,,,,,0,True,NO_APLICA,menos de dos clases modelables,,
252260670,push,noOutliers,smote_tomek,RandomForest,,,,,,,,,,,,,,,0,True,NO_APLICA,menos de dos clases modelables,,
252260670,push,noOutliers,smote_tomek,MLP,,,,,,,,,,,,,,,0,True,NO_APLICA,menos de dos clases modelables,,
252260670,push,noOutliers,smote_tomek,IBk_kNN,,,,,,,,,,,,,,,0,True,NO_APLICA,menos de dos clases modelables,,
252260670,push,noOutliers,smote_tomek,RBFNetwork_aprox,,,,,,,,,,,,,,,0,True,NO_APLICA,menos de dos clases modelables,,
252260670,push,noOutliers,random_undersampling_controlado,SMO_SVM,,,,,,,,,,,,,,,0,True,NO_APLICA,menos de dos clases modelables,,
252260670,push,noOutliers,random_undersampling_controlado,RandomForest,,,,,,,,,,,,,,,0,True,NO_APLICA,menos de dos clases modelables,,
252260670,push,noOutliers,random_undersampling_controlado,MLP,,,,,,,,,,,,,,,0,True,NO_APLICA,menos de dos clases modelables,,
252260670,push,noOutliers,random_undersampling_controlado,IBk_kNN,,,,,,,,,,,,,,,0,True,NO_APLICA,menos de dos clases modelables,,
252260670,push,noOutliers,random_undersampling_controlado,RBFNetwork_aprox,,,,,,,,,,,,,,,0,True,NO_APLICA,menos de dos clases modelables,,
252260670,push,sinArtefactosConservador,sin_balanceo,SMO_SVM,,,,,,,,,,,,,,,0,True,NO_APLICA,variante marcada como no modelable,,
252260670,push,sinArtefactosConservador,sin_balanceo,RandomForest,,,,,,,,,,,,,,,0,True,NO_APLICA,variante marcada como no modelable,,
252260670,push,sinArtefactosConservador,sin_balanceo,MLP,,,,,,,,,,,,,,,0,True,NO_APLICA,variante marcada como no modelable,,
252260670,push,sinArtefactosConservador,sin_balanceo,IBk_kNN,,,,,,,,,,,,,,,0,True,NO_APLICA,variante marcada como no modelable,,
252260670,push,sinArtefactosConservador,sin_balanceo,RBFNetwork_aprox,,,,,,,,,,,,,,,0,True,NO_APLICA,variante marcada como no modelable,,
252260670,push,sinArtefactosConservador,random_oversampling,SMO_SVM,,,,,,,,,,,,,,,0,True,NO_APLICA,variante marcada como no modelable,,
252260670,push,sinArtefactosConservador,random_oversampling,RandomForest,,,,,,,,,,,,,,,0,True,NO_APLICA,variante marcada como no modelable,,
252260670,push,sinArtefactosConservador,random_oversampling,MLP,,,,,,,,,,,,,,,0,True,NO_APLICA,variante marcada como no modelable,,
252260670,push,sinArtefactosConservador,random_oversampling,IBk_kNN,,,,,,,,,,,,,,,0,True,NO_APLICA,variante marcada como no modelable,,
252260670,push,sinArtefactosConservador,random_oversampling,RBFNetwork_aprox,,,,,,,,,,,,,,,0,True,NO_APLICA,variante marcada como no modelable,,
252260670,push,sinArtefactosConservador,class_weight_balanced,SMO_SVM,,,,,,,,,,,,,,,0,True,NO_APLICA,variante marcada como no modelable,,
252260670,push,sinArtefactosConservador,class_weight_balanced,RandomForest,,,,,,,,,,,,,,,0,True,NO_APLICA,variante marcada como no modelable,,
252260670,push,sinArtefactosConservador,class_weight_balanced,MLP,,,,,,,,,,,,,,,0,True,NO_APLICA,variante marcada como no modelable,,
252260670,push,sinArtefactosConservador,class_weight_balanced,IBk_kNN,,,,,,,,,,,,,,,0,True,NO_APLICA,variante marcada como no modelable,,
252260670,push,sinArtefactosConservador,class_weight_balanced,RBFNetwork_aprox,,,,,,,,,,,,,,,0,True,NO_APLICA,variante marcada como no modelable,,
252260670,push,sinArtefactosConservador,smote,SMO_SVM,,,,,,,,,,,,,,,0,True,NO_APLICA,variante marcada como no modelable,,
252260670,push,sinArtefactosConservador,smote,RandomForest,,,,,,,,,,,,,,,0,True,NO_APLICA,variante marcada como no modelable,,
252260670,push,sinArtefactosConservador,smote,MLP,,,,,,,,,,,,,,,0,True,NO_APLICA,variante marcada como no modelable,,
252260670,push,sinArtefactosConservador,smote,IBk_kNN,,,,,,,,,,,,,,,0,True,NO_APLICA,variante marcada como no modelable,,
252260670,push,sinArtefactosConservador,smote,RBFNetwork_aprox,,,,,,,,,,,,,,,0,True,NO_APLICA,variante marcada como no modelable,,
252260670,push,sinArtefactosConservador,smote_tomek,SMO_SVM,,,,,,,,,,,,,,,0,True,NO_APLICA,variante marcada como no modelable,,
252260670,push,sinArtefactosConservador,smote_tomek,RandomForest,,,,,,,,,,,,,,,0,True,NO_APLICA,variante marcada como no modelable,,
252260670,push,sinArtefactosConservador,smote_tomek,MLP,,,,,,,,,,,,,,,0,True,NO_APLICA,variante marcada como no modelable,,
252260670,push,sinArtefactosConservador,smote_tomek,IBk_kNN,,,,,,,,,,,,,,,0,True,NO_APLICA,variante marcada como no modelable,,
252260670,push,sinArtefactosConservador,smote_tomek,RBFNetwork_aprox,,,,,,,,,,,,,,,0,True,NO_APLICA,variante marcada como no modelable,,
252260670,push,sinArtefactosConservador,random_undersampling_controlado,SMO_SVM,,,,,,,,,,,,,,,0,True,NO_APLICA,variante marcada como no modelable,,
252260670,push,sinArtefactosConservador,random_undersampling_controlado,RandomForest,,,,,,,,,,,,,,,0,True,NO_APLICA,variante marcada como no modelable,,
252260670,push,sinArtefactosConservador,random_undersampling_controlado,MLP,,,,,,,,,,,,,,,0,True,NO_APLICA,variante marcada como no modelable,,
252260670,push,sinArtefactosConservador,random_undersampling_controlado,IBk_kNN,,,,,,,,,,,,,,,0,True,NO_APLICA,variante marcada como no modelable,,
252260670,push,sinArtefactosConservador,random_undersampling_controlado,RBFNetwork_aprox,,,,,,,,,,,,,,,0,True,NO_APLICA,variante marcada como no modelable,,
252260670,push,sinArtefactosEstricto,sin_balanceo,SMO_SVM,,,,,,,,,,,,,,,0,True,NO_APLICA,variante marcada como no modelable,,
252260670,push,sinArtefactosEstricto,sin_balanceo,RandomForest,,,,,,,,,,,,,,,0,True,NO_APLICA,variante marcada como no modelable,,
252260670,push,sinArtefactosEstricto,sin_balanceo,MLP,,,,,,,,,,,,,,,0,True,NO_APLICA,variante marcada como no modelable,,
252260670,push,sinArtefactosEstricto,sin_balanceo,IBk_kNN,,,,,,,,,,,,,,,0,True,NO_APLICA,variante marcada como no modelable,,
252260670,push,sinArtefactosEstricto,sin_balanceo,RBFNetwork_aprox,,,,,,,,,,,,,,,0,True,NO_APLICA,variante marcada como no modelable,,
252260670,push,sinArtefactosEstricto,random_oversampling,SMO_SVM,,,,,,,,,,,,,,,0,True,NO_APLICA,variante marcada como no modelable,,
252260670,push,sinArtefactosEstricto,random_oversampling,RandomForest,,,,,,,,,,,,,,,0,True,NO_APLICA,variante marcada como no modelable,,
252260670,push,sinArtefactosEstricto,random_oversampling,MLP,,,,,,,,,,,,,,,0,True,NO_APLICA,variante marcada como no modelable,,
252260670,push,sinArtefactosEstricto,random_oversampling,IBk_kNN,,,,,,,,,,,,,,,0,True,NO_APLICA,variante marcada como no modelable,,
252260670,push,sinArtefactosEstricto,random_oversampling,RBFNetwork_aprox,,,,,,,,,,,,,,,0,True,NO_APLICA,variante marcada como no modelable,,
252260670,push,sinArtefactosEstricto,class_weight_balanced,SMO_SVM,,,,,,,,,,,,,,,0,True,NO_APLICA,variante marcada como no modelable,,
252260670,push,sinArtefactosEstricto,class_weight_balanced,RandomForest,,,,,,,,,,,,,,,0,True,NO_APLICA,variante marcada como no modelable,,
252260670,push,sinArtefactosEstricto,class_weight_balanced,MLP,,,,,,,,,,,,,,,0,True,NO_APLICA,variante marcada como no modelable,,
252260670,push,sinArtefactosEstricto,class_weight_balanced,IBk_kNN,,,,,,,,,,,,,,,0,True,NO_APLICA,variante marcada como no modelable,,
252260670,push,sinArtefactosEstricto,class_weight_balanced,RBFNetwork_aprox,,,,,,,,,,,,,,,0,True,NO_APLICA,variante marcada como no modelable,,
252260670,push,sinArtefactosEstricto,smote,SMO_SVM,,,,,,,,,,,,,,,0,True,NO_APLICA,variante marcada como no modelable,,
252260670,push,sinArtefactosEstricto,smote,RandomForest,,,,,,,,,,,,,,,0,True,NO_APLICA,variante marcada como no modelable,,
252260670,push,sinArtefactosEstricto,smote,MLP,,,,,,,,,,,,,,,0,True,NO_APLICA,variante marcada como no modelable,,
252260670,push,sinArtefactosEstricto,smote,IBk_kNN,,,,,,,,,,,,,,,0,True,NO_APLICA,variante marcada como no modelable,,
252260670,push,sinArtefactosEstricto,smote,RBFNetwork_aprox,,,,,,,,,,,,,,,0,True,NO_APLICA,variante marcada como no modelable,,
252260670,push,sinArtefactosEstricto,smote_tomek,SMO_SVM,,,,,,,,,,,,,,,0,True,NO_APLICA,variante marcada como no modelable,,
252260670,push,sinArtefactosEstricto,smote_tomek,RandomForest,,,,,,,,,,,,,,,0,True,NO_APLICA,variante marcada como no modelable,,
252260670,push,sinArtefactosEstricto,smote_tomek,MLP,,,,,,,,,,,,,,,0,True,NO_APLICA,variante marcada como no modelable,,
252260670,push,sinArtefactosEstricto,smote_tomek,IBk_kNN,,,,,,,,,,,,,,,0,True,NO_APLICA,variante marcada como no modelable,,
252260670,push,sinArtefactosEstricto,smote_tomek,RBFNetwork_aprox,,,,,,,,,,,,,,,0,True,NO_APLICA,variante marcada como no modelable,,
252260670,push,sinArtefactosEstricto,random_undersampling_controlado,SMO_SVM,,,,,,,,,,,,,,,0,True,NO_APLICA,variante marcada como no modelable,,
252260670,push,sinArtefactosEstricto,random_undersampling_controlado,RandomForest,,,,,,,,,,,,,,,0,True,NO_APLICA,variante marcada como no modelable,,
252260670,push,sinArtefactosEstricto,random_undersampling_controlado,MLP,,,,,,,,,,,,,,,0,True,NO_APLICA,variante marcada como no modelable,,
252260670,push,sinArtefactosEstricto,random_undersampling_controlado,IBk_kNN,,,,,,,,,,,,,,,0,True,NO_APLICA,variante marcada como no modelable,,
252260670,push,sinArtefactosEstricto,random_undersampling_controlado,RBFNetwork_aprox,,,,,,,,,,,,,,,0,True,NO_APLICA,variante marcada como no modelable,,
252260670,right,noOutliers,sin_balanceo,SMO_SVM,,,,,,,,,,,,,,,0,True,NO_APLICA,menos de dos clases modelables,,
252260670,right,noOutliers,sin_balanceo,RandomForest,,,,,,,,,,,,,,,0,True,NO_APLICA,menos de dos clases modelables,,
252260670,right,noOutliers,sin_balanceo,MLP,,,,,,,,,,,,,,,0,True,NO_APLICA,menos de dos clases modelables,,
252260670,right,noOutliers,sin_balanceo,IBk_kNN,,,,,,,,,,,,,,,0,True,NO_APLICA,menos de dos clases modelables,,
252260670,right,noOutliers,sin_balanceo,RBFNetwork_aprox,,,,,,,,,,,,,,,0,True,NO_APLICA,menos de dos clases modelables,,
252260670,right,noOutliers,random_oversampling,SMO_SVM,,,,,,,,,,,,,,,0,True,NO_APLICA,menos de dos clases modelables,,
252260670,right,noOutliers,random_oversampling,RandomForest,,,,,,,,,,,,,,,0,True,NO_APLICA,menos de dos clases modelables,,
252260670,right,noOutliers,random_oversampling,MLP,,,,,,,,,,,,,,,0,True,NO_APLICA,menos de dos clases modelables,,
252260670,right,noOutliers,random_oversampling,IBk_kNN,,,,,,,,,,,,,,,0,True,NO_APLICA,menos de dos clases modelables,,
252260670,right,noOutliers,random_oversampling,RBFNetwork_aprox,,,,,,,,,,,,,,,0,True,NO_APLICA,menos de dos clases modelables,,
252260670,right,noOutliers,class_weight_balanced,SMO_SVM,,,,,,,,,,,,,,,0,True,NO_APLICA,menos de dos clases modelables,,
252260670,right,noOutliers,class_weight_balanced,RandomForest,,,,,,,,,,,,,,,0,True,NO_APLICA,menos de dos clases modelables,,
252260670,right,noOutliers,class_weight_balanced,MLP,,,,,,,,,,,,,,,0,True,NO_APLICA,menos de dos clases modelables,,
252260670,right,noOutliers,class_weight_balanced,IBk_kNN,,,,,,,,,,,,,,,0,True,NO_APLICA,menos de dos clases modelables,,
252260670,right,noOutliers,class_weight_balanced,RBFNetwork_aprox,,,,,,,,,,,,,,,0,True,NO_APLICA,menos de dos clases modelables,,
252260670,right,noOutliers,smote,SMO_SVM,,,,,,,,,,,,,,,0,True,NO_APLICA,menos de dos clases modelables,,
252260670,right,noOutliers,smote,RandomForest,,,,,,,,,,,,,,,0,True,NO_APLICA,menos de dos clases modelables,,
252260670,right,noOutliers,smote,MLP,,,,,,,,,,,,,,,0,True,NO_APLICA,menos de dos clases modelables,,
252260670,right,noOutliers,smote,IBk_kNN,,,,,,,,,,,,,,,0,True,NO_APLICA,menos de dos clases modelables,,
252260670,right,noOutliers,smote,RBFNetwork_aprox,,,,,,,,,,,,,,,0,True,NO_APLICA,menos de dos clases modelables,,
252260670,right,noOutliers,smote_tomek,SMO_SVM,,,,,,,,,,,,,,,0,True,NO_APLICA,menos de dos clases modelables,,
252260670,right,noOutliers,smote_tomek,RandomForest,,,,,,,,,,,,,,,0,True,NO_APLICA,menos de dos clases modelables,,
252260670,right,noOutliers,smote_tomek,MLP,,,,,,,,,,,,,,,0,True,NO_APLICA,menos de dos clases modelables,,
252260670,right,noOutliers,smote_tomek,IBk_kNN,,,,,,,,,,,,,,,0,True,NO_APLICA,menos de dos clases modelables,,
252260670,right,noOutliers,smote_tomek,RBFNetwork_aprox,,,,,,,,,,,,,,,0,True,NO_APLICA,menos de dos clases modelables,,
252260670,right,noOutliers,random_undersampling_controlado,SMO_SVM,,,,,,,,,,,,,,,0,True,NO_APLICA,menos de dos clases modelables,,
252260670,right,noOutliers,random_undersampling_controlado,RandomForest,,,,,,,,,,,,,,,0,True,NO_APLICA,menos de dos clases modelables,,
252260670,right,noOutliers,random_undersampling_controlado,MLP,,,,,,,,,,,,,,,0,True,NO_APLICA,menos de dos clases modelables,,
252260670,right,noOutliers,random_undersampling_controlado,IBk_kNN,,,,,,,,,,,,,,,0,True,NO_APLICA,menos de dos clases modelables,,
252260670,right,noOutliers,random_undersampling_controlado,RBFNetwork_aprox,,,,,,,,,,,,,,,0,True,NO_APLICA,menos de dos clases modelables,,
252260670,right,sinArtefactosConservador,sin_balanceo,SMO_SVM,,,,,,,,,,,,,,,0,True,NO_APLICA,variante marcada como no modelable,,
252260670,right,sinArtefactosConservador,sin_balanceo,RandomForest,,,,,,,,,,,,,,,0,True,NO_APLICA,variante marcada como no modelable,,
252260670,right,sinArtefactosConservador,sin_balanceo,MLP,,,,,,,,,,,,,,,0,True,NO_APLICA,variante marcada como no modelable,,
252260670,right,sinArtefactosConservador,sin_balanceo,IBk_kNN,,,,,,,,,,,,,,,0,True,NO_APLICA,variante marcada como no modelable,,
252260670,right,sinArtefactosConservador,sin_balanceo,RBFNetwork_aprox,,,,,,,,,,,,,,,0,True,NO_APLICA,variante marcada como no modelable,,
252260670,right,sinArtefactosConservador,random_oversampling,SMO_SVM,,,,,,,,,,,,,,,0,True,NO_APLICA,variante marcada como no modelable,,
252260670,right,sinArtefactosConservador,random_oversampling,RandomForest,,,,,,,,,,,,,,,0,True,NO_APLICA,variante marcada como no modelable,,
252260670,right,sinArtefactosConservador,random_oversampling,MLP,,,,,,,,,,,,,,,0,True,NO_APLICA,variante marcada como no modelable,,
252260670,right,sinArtefactosConservador,random_oversampling,IBk_kNN,,,,,,,,,,,,,,,0,True,NO_APLICA,variante marcada como no modelable,,
252260670,right,sinArtefactosConservador,random_oversampling,RBFNetwork_aprox,,,,,,,,,,,,,,,0,True,NO_APLICA,variante marcada como no modelable,,
252260670,right,sinArtefactosConservador,class_weight_balanced,SMO_SVM,,,,,,,,,,,,,,,0,True,NO_APLICA,variante marcada como no modelable,,
252260670,right,sinArtefactosConservador,class_weight_balanced,RandomForest,,,,,,,,,,,,,,,0,True,NO_APLICA,variante marcada como no modelable,,
252260670,right,sinArtefactosConservador,class_weight_balanced,MLP,,,,,,,,,,,,,,,0,True,NO_APLICA,variante marcada como no modelable,,
252260670,right,sinArtefactosConservador,class_weight_balanced,IBk_kNN,,,,,,,,,,,,,,,0,True,NO_APLICA,variante marcada como no modelable,,
252260670,right,sinArtefactosConservador,class_weight_balanced,RBFNetwork_aprox,,,,,,,,,,,,,,,0,True,NO_APLICA,variante marcada como no modelable,,
252260670,right,sinArtefactosConservador,smote,SMO_SVM,,,,,,,,,,,,,,,0,True,NO_APLICA,variante marcada como no modelable,,
252260670,right,sinArtefactosConservador,smote,RandomForest,,,,,,,,,,,,,,,0,True,NO_APLICA,variante marcada como no modelable,,
252260670,right,sinArtefactosConservador,smote,MLP,,,,,,,,,,,,,,,0,True,NO_APLICA,variante marcada como no modelable,,
252260670,right,sinArtefactosConservador,smote,IBk_kNN,,,,,,,,,,,,,,,0,True,NO_APLICA,variante marcada como no modelable,,
252260670,right,sinArtefactosConservador,smote,RBFNetwork_aprox,,,,,,,,,,,,,,,0,True,NO_APLICA,variante marcada como no modelable,,
252260670,right,sinArtefactosConservador,smote_tomek,SMO_SVM,,,,,,,,,,,,,,,0,True,NO_APLICA,variante marcada como no modelable,,
252260670,right,sinArtefactosConservador,smote_tomek,RandomForest,,,,,,,,,,,,,,,0,True,NO_APLICA,variante marcada como no modelable,,
252260670,right,sinArtefactosConservador,smote_tomek,MLP,,,,,,,,,,,,,,,0,True,NO_APLICA,variante marcada como no modelable,,
252260670,right,sinArtefactosConservador,smote_tomek,IBk_kNN,,,,,,,,,,,,,,,0,True,NO_APLICA,variante marcada como no modelable,,
252260670,right,sinArtefactosConservador,smote_tomek,RBFNetwork_aprox,,,,,,,,,,,,,,,0,True,NO_APLICA,variante marcada como no modelable,,
252260670,right,sinArtefactosConservador,random_undersampling_controlado,SMO_SVM,,,,,,,,,,,,,,,0,True,NO_APLICA,variante marcada como no modelable,,
252260670,right,sinArtefactosConservador,random_undersampling_controlado,RandomForest,,,,,,,,,,,,,,,0,True,NO_APLICA,variante marcada como no modelable,,
252260670,right,sinArtefactosConservador,random_undersampling_controlado,MLP,,,,,,,,,,,,,,,0,True,NO_APLICA,variante marcada como no modelable,,
252260670,right,sinArtefactosConservador,random_undersampling_controlado,IBk_kNN,,,,,,,,,,,,,,,0,True,NO_APLICA,variante marcada como no modelable,,
252260670,right,sinArtefactosConservador,random_undersampling_controlado,RBFNetwork_aprox,,,,,,,,,,,,,,,0,True,NO_APLICA,variante marcada como no modelable,,
252260670,right,sinArtefactosEstricto,sin_balanceo,SMO_SVM,,,,,,,,,,,,,,,0,True,NO_APLICA,variante marcada como no modelable,,
252260670,right,sinArtefactosEstricto,sin_balanceo,RandomForest,,,,,,,,,,,,,,,0,True,NO_APLICA,variante marcada como no modelable,,
252260670,right,sinArtefactosEstricto,sin_balanceo,MLP,,,,,,,,,,,,,,,0,True,NO_APLICA,variante marcada como no modelable,,
252260670,right,sinArtefactosEstricto,sin_balanceo,IBk_kNN,,,,,,,,,,,,,,,0,True,NO_APLICA,variante marcada como no modelable,,
252260670,right,sinArtefactosEstricto,sin_balanceo,RBFNetwork_aprox,,,,,,,,,,,,,,,0,True,NO_APLICA,variante marcada como no modelable,,
252260670,right,sinArtefactosEstricto,random_oversampling,SMO_SVM,,,,,,,,,,,,,,,0,True,NO_APLICA,variante marcada como no modelable,,
252260670,right,sinArtefactosEstricto,random_oversampling,RandomForest,,,,,,,,,,,,,,,0,True,NO_APLICA,variante marcada como no modelable,,
252260670,right,sinArtefactosEstricto,random_oversampling,MLP,,,,,,,,,,,,,,,0,True,NO_APLICA,variante marcada como no modelable,,
252260670,right,sinArtefactosEstricto,random_oversampling,IBk_kNN,,,,,,,,,,,,,,,0,True,NO_APLICA,variante marcada como no modelable,,
252260670,right,sinArtefactosEstricto,random_oversampling,RBFNetwork_aprox,,,,,,,,,,,,,,,0,True,NO_APLICA,variante marcada como no modelable,,
252260670,right,sinArtefactosEstricto,class_weight_balanced,SMO_SVM,,,,,,,,,,,,,,,0,True,NO_APLICA,variante marcada como no modelable,,
252260670,right,sinArtefactosEstricto,class_weight_balanced,RandomForest,,,,,,,,,,,,,,,0,True,NO_APLICA,variante marcada como no modelable,,
252260670,right,sinArtefactosEstricto,class_weight_balanced,MLP,,,,,,,,,,,,,,,0,True,NO_APLICA,variante marcada como no modelable,,
252260670,right,sinArtefactosEstricto,class_weight_balanced,IBk_kNN,,,,,,,,,,,,,,,0,True,NO_APLICA,variante marcada como no modelable,,
252260670,right,sinArtefactosEstricto,class_weight_balanced,RBFNetwork_aprox,,,,,,,,,,,,,,,0,True,NO_APLICA,variante marcada como no modelable,,
252260670,right,sinArtefactosEstricto,smote,SMO_SVM,,,,,,,,,,,,,,,0,True,NO_APLICA,variante marcada como no modelable,,
252260670,right,sinArtefactosEstricto,smote,RandomForest,,,,,,,,,,,,,,,0,True,NO_APLICA,variante marcada como no modelable,,
252260670,right,sinArtefactosEstricto,smote,MLP,,,,,,,,,,,,,,,0,True,NO_APLICA,variante marcada como no modelable,,
252260670,right,sinArtefactosEstricto,smote,IBk_kNN,,,,,,,,,,,,,,,0,True,NO_APLICA,variante marcada como no modelable,,
252260670,right,sinArtefactosEstricto,smote,RBFNetwork_aprox,,,,,,,,,,,,,,,0,True,NO_APLICA,variante marcada como no modelable,,
252260670,right,sinArtefactosEstricto,smote_tomek,SMO_SVM,,,,,,,,,,,,,,,0,True,NO_APLICA,variante marcada como no modelable,,
252260670,right,sinArtefactosEstricto,smote_tomek,RandomForest,,,,,,,,,,,,,,,0,True,NO_APLICA,variante marcada como no modelable,,
252260670,right,sinArtefactosEstricto,smote_tomek,MLP,,,,,,,,,,,,,,,0,True,NO_APLICA,variante marcada como no modelable,,
252260670,right,sinArtefactosEstricto,smote_tomek,IBk_kNN,,,,,,,,,,,,,,,0,True,NO_APLICA,variante marcada como no modelable,,
252260670,right,sinArtefactosEstricto,smote_tomek,RBFNetwork_aprox,,,,,,,,,,,,,,,0,True,NO_APLICA,variante marcada como no modelable,,
252260670,right,sinArtefactosEstricto,random_undersampling_controlado,SMO_SVM,,,,,,,,,,,,,,,0,True,NO_APLICA,variante marcada como no modelable,,
252260670,right,sinArtefactosEstricto,random_undersampling_controlado,RandomForest,,,,,,,,,,,,,,,0,True,NO_APLICA,variante marcada como no modelable,,
252260670,right,sinArtefactosEstricto,random_undersampling_controlado,MLP,,,,,,,,,,,,,,,0,True,NO_APLICA,variante marcada como no modelable,,
252260670,right,sinArtefactosEstricto,random_undersampling_controlado,IBk_kNN,,,,,,,,,,,,,,,0,True,NO_APLICA,variante marcada como no modelable,,
252260670,right,sinArtefactosEstricto,random_undersampling_controlado,RBFNetwork_aprox,,,,,,,,,,,,,,,0,True,NO_APLICA,variante marcada como no modelable,,
cano,all,noOutliers,sin_balanceo,SMO_SVM,27.23,15.44,-0.2658,0.1524,0.2683,0.1038,0.0,0.1149,0.3988,0.0902,0.0,0.1343,0.3801,0.5696,35,False,no,"Recall crítico bajo en: left, pull, push, right",bloques,3.0
cano,all,noOutliers,sin_balanceo,RandomForest,30.4,14.37,-0.2894,0.1356,0.2816,0.0094,0.0,0.0723,0.4931,0.0156,0.0,0.0914,0.4135,0.4428,35,False,no,"Recall crítico bajo en: left, pull, push, right",bloques,3.0
cano,all,noOutliers,sin_balanceo,MLP,29.38,14.51,-0.2911,0.1396,0.2757,0.0472,0.0,0.0596,0.4735,0.0641,0.0,0.0753,0.4064,0.5626,35,False,no,"Recall crítico bajo en: left, pull, push, right",bloques,3.0
cano,all,noOutliers,sin_balanceo,IBk_kNN,29.49,14.73,-0.2893,0.1423,0.2776,0.0472,0.0,0.0723,0.4695,0.0667,0.0,0.0895,0.4037,0.4077,35,False,no,"Recall crítico bajo en: left, pull, push, right",bloques,3.0
cano,all,noOutliers,sin_balanceo,RBFNetwork_aprox,50.4,22.26,-0.093,0.1763,0.3918,0.0094,0.0,0.0128,0.8684,0.0526,0.0,0.0625,0.543,0.5262,35,False,no,"Recall crítico bajo en: left, pull, push",bloques,3.0
cano,all,noOutliers,random_oversampling,SMO_SVM,28.47,23.63,-0.1464,0.2159,0.2865,0.4151,0.0,0.2255,0.3045,0.2514,0.0,0.2112,0.3656,0.5762,35,False,no,"Recall crítico bajo en: left, pull, push, right",bloques,3.0
cano,all,noOutliers,random_oversampling,RandomForest,29.27,15.93,-0.2472,0.1572,0.2864,0.0377,0.0,0.183,0.4165,0.0533,0.0,0.1734,0.397,0.4533,35,False,no,"Recall crítico bajo en: left, pull, push, right",bloques,3.0
cano,all,noOutliers,random_oversampling,MLP,29.49,19.04,-0.2306,0.1902,0.2909,0.1604,0.0571,0.1277,0.4165,0.165,0.0588,0.1408,0.3963,0.5658,35,False,no,"Recall crítico bajo en: left, pull, push, right",bloques,3.0
cano,all,noOutliers,random_oversampling,IBk_kNN,29.6,14.78,-0.2889,0.1428,0.2784,0.0472,0.0,0.0723,0.4715,0.0685,0.0,0.089,0.4047,0.408,35,False,no,"Recall crítico bajo en: left, pull, push, right",bloques,3.0
cano,all,noOutliers,random_oversampling,RBFNetwork_aprox,33.79,29.57,-0.0302,0.2731,0.3399,0.3868,0.0571,0.4383,0.3006,0.2828,0.04,0.3189,0.4169,0.5755,35,False,no,"Recall crítico bajo en: left, pull, push, right",bloques,3.0
cano,all,noOutliers,class_weight_balanced,SMO_SVM,30.06,27.83,-0.0809,0.2416,0.2984,0.5377,0.0,0.3064,0.2692,0.2879,0.0,0.2571,0.3703,0.5655,35,False,no,"Recall crítico bajo en: pull, push, right",bloques,3.0
cano,all,noOutliers,class_weight_balanced,RandomForest,30.62,14.76,-0.2803,0.1404,0.2858,0.0094,0.0,0.0936,0.4872,0.0156,0.0,0.1146,0.4126,0.4461,35,False,no,"Recall crítico bajo en: left, pull, push, right",bloques,3.0
cano,all,noOutliers,class_weight_balanced,MLP,,,,,,,,,,,,,,,35,False,NO_APLICA,class_weight no soportado por este modelo,,
cano,all,noOutliers,class_weight_balanced,IBk_kNN,,,,,,,,,,,,,,,35,False,NO_APLICA,class_weight no soportado por este modelo,,
cano,all,noOutliers,class_weight_balanced,RBFNetwork_aprox,35.48,36.87,0.0898,0.294,0.3308,0.6132,0.0286,0.6426,0.1906,0.3052,0.0164,0.3842,0.445,0.5526,35,False,no,"Recall crítico bajo en: pull, right",bloques,3.0
cano,all,noOutliers,smote,SMO_SVM,26.67,20.65,-0.1887,0.1927,0.2698,0.3302,0.0,0.1872,0.3084,0.2059,0.0,0.1872,0.3544,0.5648,35,False,no,"Recall crítico bajo en: left, pull, push, right",bloques,3.0
cano,all,noOutliers,smote,RandomForest,29.27,15.64,-0.2557,0.1543,0.2849,0.0377,0.0,0.1617,0.4263,0.0519,0.0,0.1624,0.3974,0.4419,35,False,no,"Recall crítico bajo en: left, pull, push, right",bloques,3.0
cano,all,noOutliers,smote,MLP,29.15,16.69,-0.2558,0.1661,0.2838,0.0943,0.0286,0.1106,0.4342,0.1111,0.0294,0.1256,0.3989,0.5803,35,False,no,"Recall crítico bajo en: left, pull, push, right",bloques,3.0
cano,all,noOutliers,smote,IBk_kNN,24.63,14.97,-0.2837,0.149,0.2471,0.1038,0.0286,0.1149,0.3517,0.0948,0.0227,0.1244,0.3524,0.4058,35,False,no,"Recall crítico bajo en: left, pull, push, right",bloques,3.0
cano,all,noOutliers,smote,RBFNetwork_aprox,33.67,29.76,-0.0207,0.2705,0.3363,0.4151,0.0286,0.4638,0.2829,0.2876,0.0208,0.3254,0.4126,0.583,35,False,no,"Recall crítico bajo en: left, pull, push, right",bloques,3.0
cano,all,noOutliers,smote_tomek,SMO_SVM,26.78,20.75,-0.1862,0.1937,0.271,0.3302,0.0,0.1915,0.3084,0.2059,0.0,0.1907,0.3552,0.5662,35,False,no,"Recall crítico bajo en: left, pull, push, right",bloques,3.0
cano,all,noOutliers,smote_tomek,RandomForest,29.83,16.53,-0.2369,0.1636,0.2922,0.0472,0.0,0.1957,0.4185,0.0658,0.0,0.1862,0.3989,0.4477,35,False,no,"Recall crítico bajo en: left, pull, push, right",bloques,3.0
cano,all,noOutliers,smote_tomek,MLP,29.04,16.64,-0.2551,0.1656,0.2831,0.0943,0.0286,0.1106,0.4322,0.1111,0.0278,0.1256,0.3986,0.5789,35,False,no,"Recall crítico bajo en: left, pull, push, right",bloques,3.0
cano,all,noOutliers,smote_tomek,IBk_kNN,24.63,15.03,-0.2822,0.1496,0.2473,0.1038,0.0286,0.1191,0.3497,0.0948,0.0227,0.1279,0.3518,0.4062,35,False,no,"Recall crítico bajo en: left, pull, push, right",bloques,3.0
cano,all,noOutliers,smote_tomek,RBFNetwork_aprox,33.56,29.71,-0.0209,0.2699,0.3352,0.4151,0.0286,0.4638,0.2809,0.2876,0.0204,0.3244,0.4121,0.5835,35,False,no,"Recall crítico bajo en: left, pull, push, right",bloques,3.0
cano,all,noOutliers,random_undersampling_controlado,SMO_SVM,30.06,36.27,-0.0018,0.2841,0.2877,0.6226,0.2286,0.4128,0.1866,0.2558,0.125,0.3333,0.3493,0.6301,35,False,no,"Recall crítico bajo en: pull, push, right",bloques,3.0
cano,all,noOutliers,random_undersampling_controlado,RandomForest,31.75,35.45,0.0119,0.2875,0.2991,0.5755,0.1429,0.5149,0.1847,0.2542,0.122,0.3601,0.3507,0.6182,35,False,no,"Recall crítico bajo en: pull, right",bloques,3.0
cano,all,noOutliers,random_undersampling_controlado,MLP,32.2,32.16,-0.0209,0.2746,0.3159,0.5755,0.0571,0.4043,0.2495,0.3035,0.05,0.2978,0.3908,0.6175,35,False,no,"Recall crítico bajo en: pull, push, right",bloques,3.0
cano,all,noOutliers,random_undersampling_controlado,IBk_kNN,29.38,34.41,-0.0228,0.2799,0.2864,0.5189,0.2571,0.4,0.2004,0.2282,0.1607,0.3052,0.3643,0.535,35,False,no,"Recall crítico bajo en: pull, push, right",bloques,3.0
cano,all,noOutliers,random_undersampling_controlado,RBFNetwork_aprox,31.41,36.91,0.0536,0.2527,0.2599,0.7642,0.0,0.6043,0.1081,0.2691,0.0,0.3622,0.3073,0.6157,35,False,no,"Recall crítico bajo en: pull, right",bloques,3.0
cano,all,sinArtefactosConservador,sin_balanceo,SMO_SVM,22.08,14.81,-0.2938,0.148,0.2218,0.0635,0.0606,0.1809,0.2874,0.0563,0.0588,0.1889,0.2882,0.5943,33,False,no,"Recall crítico bajo en: left, pull, push, right",bloques,3.0
cano,all,sinArtefactosConservador,sin_balanceo,RandomForest,23.68,13.47,-0.3116,0.1335,0.2308,0.0159,0.0303,0.1436,0.349,0.0185,0.0357,0.1579,0.3199,0.4722,33,False,no,"Recall crítico bajo en: left, pull, push, right",bloques,3.0
cano,all,sinArtefactosConservador,sin_balanceo,MLP,23.52,14.37,-0.3016,0.1434,0.2314,0.0635,0.0303,0.1436,0.3372,0.0645,0.0357,0.1579,0.3159,0.529,33,False,no,"Recall crítico bajo en: left, pull, push, right",bloques,3.0
cano,all,sinArtefactosConservador,sin_balanceo,IBk_kNN,22.72,14.48,-0.3011,0.1446,0.2256,0.0476,0.0606,0.1543,0.3167,0.0492,0.0588,0.1638,0.3059,0.4026,33,False,no,"Recall crítico bajo en: left, pull, push, right",bloques,3.0
cano,all,sinArtefactosConservador,sin_balanceo,RBFNetwork_aprox,24.48,14.66,-0.3025,0.1455,0.2374,0.0317,0.0606,0.1277,0.3666,0.0357,0.0667,0.1519,0.3281,0.5882,33,False,no,"Recall crítico bajo en: left, pull, push, right",bloques,3.0
cano,all,sinArtefactosConservador,random_oversampling,SMO_SVM,22.72,18.34,-0.2516,0.1788,0.2304,0.0952,0.1515,0.2287,0.2581,0.0769,0.122,0.224,0.2803,0.5471,33,False,no,"Recall crítico bajo en: left, pull, push, right",bloques,3.0
cano,all,sinArtefactosConservador,random_oversampling,RandomForest,23.36,15.25,-0.2867,0.1527,0.2326,0.0476,0.0606,0.1968,0.305,0.0508,0.0667,0.1917,0.3032,0.4756,33,False,no,"Recall crítico bajo en: left, pull, push, right",bloques,3.0
cano,all,sinArtefactosConservador,random_oversampling,MLP,23.2,15.14,-0.295,0.1518,0.2304,0.0635,0.0606,0.1649,0.3167,0.0645,0.0667,0.1713,0.3068,0.5203,33,False,no,"Recall crítico bajo en: left, pull, push, right",bloques,3.0
cano,all,sinArtefactosConservador,random_oversampling,IBk_kNN,22.72,14.42,-0.3028,0.1439,0.2253,0.0476,0.0606,0.1489,0.3196,0.0492,0.0588,0.16,0.307,0.4021,33,False,no,"Recall crítico bajo en: left, pull, push, right",bloques,3.0
cano,all,sinArtefactosConservador,random_oversampling,RBFNetwork_aprox,25.92,21.53,-0.1974,0.2107,0.2591,0.127,0.1515,0.3245,0.2581,0.1212,0.1515,0.2618,0.3003,0.5541,33,False,no,"Recall crítico bajo en: left, pull, push, right",bloques,3.0
cano,all,sinArtefactosConservador,class_weight_balanced,SMO_SVM,23.36,18.72,-0.2277,0.1816,0.2354,0.0952,0.1212,0.2979,0.2346,0.0789,0.1026,0.2581,0.273,0.5801,33,False,no,"Recall crítico bajo en: left, pull, push, right",bloques,3.0
cano,all,sinArtefactosConservador,class_weight_balanced,RandomForest,23.84,14.69,-0.306,0.1464,0.2326,0.0476,0.0606,0.1277,0.3519,0.0517,0.0667,0.1472,0.3209,0.4816,33,False,no,"Recall crítico bajo en: left, pull, push, right",bloques,3.0
cano,all,sinArtefactosConservador,class_weight_balanced,MLP,,,,,,,,,,,,,,,33,False,NO_APLICA,class_weight no soportado por este modelo,,
cano,all,sinArtefactosConservador,class_weight_balanced,IBk_kNN,,,,,,,,,,,,,,,33,False,NO_APLICA,class_weight no soportado por este modelo,,
cano,all,sinArtefactosConservador,class_weight_balanced,RBFNetwork_aprox,27.2,26.03,-0.1433,0.2459,0.268,0.1746,0.2424,0.4043,0.2199,0.1447,0.2222,0.298,0.2907,0.5716,33,False,no,"Recall crítico bajo en: left, pull, push, right",bloques,3.0
cano,all,sinArtefactosConservador,smote,SMO_SVM,22.24,18.3,-0.2522,0.1777,0.2254,0.0952,0.1515,0.2447,0.2405,0.0769,0.122,0.2289,0.2689,0.5484,33,False,no,"Recall crítico bajo en: left, pull, push, right",bloques,3.0
cano,all,sinArtefactosConservador,smote,RandomForest,23.52,15.97,-0.2796,0.16,0.2349,0.0794,0.0606,0.1968,0.3021,0.0794,0.0667,0.1937,0.3021,0.485,33,False,no,"Recall crítico bajo en: left, pull, push, right",bloques,3.0
cano,all,sinArtefactosConservador,smote,MLP,22.24,14.64,-0.3013,0.1465,0.222,0.0635,0.0606,0.1596,0.3021,0.0615,0.0625,0.1639,0.2986,0.5346,33,False,no,"Recall crítico bajo en: left, pull, push, right",bloques,3.0
cano,all,sinArtefactosConservador,smote,IBk_kNN,16.64,11.63,-0.3157,0.1143,0.1732,0.0476,0.0606,0.1489,0.2082,0.0357,0.0312,0.1591,0.2359,0.3835,33,False,no,"Recall crítico bajo en: left, pull, push, right",bloques,3.0
cano,all,sinArtefactosConservador,smote,RBFNetwork_aprox,26.08,20.59,-0.2102,0.2031,0.2614,0.0952,0.1515,0.2926,0.2845,0.0984,0.1429,0.2523,0.3119,0.5449,33,False,no,"Recall crítico bajo en: left, pull, push, right",bloques,3.0
cano,all,sinArtefactosConservador,smote_tomek,SMO_SVM,22.24,18.3,-0.2522,0.1777,0.2254,0.0952,0.1515,0.2447,0.2405,0.0769,0.122,0.2289,0.2689,0.5484,33,False,no,"Recall crítico bajo en: left, pull, push, right",bloques,3.0
cano,all,sinArtefactosConservador,smote_tomek,RandomForest,23.52,15.97,-0.2796,0.16,0.2349,0.0794,0.0606,0.1968,0.3021,0.0794,0.0667,0.1937,0.3021,0.485,33,False,no,"Recall crítico bajo en: left, pull, push, right",bloques,3.0
cano,all,sinArtefactosConservador,smote_tomek,MLP,22.24,14.64,-0.3013,0.1465,0.222,0.0635,0.0606,0.1596,0.3021,0.0615,0.0625,0.1639,0.2986,0.5346,33,False,no,"Recall crítico bajo en: left, pull, push, right",bloques,3.0
cano,all,sinArtefactosConservador,smote_tomek,IBk_kNN,16.64,11.63,-0.3157,0.1143,0.1732,0.0476,0.0606,0.1489,0.2082,0.0357,0.0312,0.1591,0.2359,0.3835,33,False,no,"Recall crítico bajo en: left, pull, push, right",bloques,3.0
cano,all,sinArtefactosConservador,smote_tomek,RBFNetwork_aprox,26.08,20.59,-0.2102,0.2031,0.2614,0.0952,0.1515,0.2926,0.2845,0.0984,0.1429,0.2523,0.3119,0.5449,33,False,no,"Recall crítico bajo en: left, pull, push, right",bloques,3.0
cano,all,sinArtefactosConservador,random_undersampling_controlado,SMO_SVM,27.52,35.9,-0.0611,0.2818,0.2715,0.3175,0.5758,0.3404,0.2023,0.1724,0.2375,0.3019,0.318,0.6252,33,False,no,"Recall crítico bajo en: left, push, right",bloques,3.0
cano,all,sinArtefactosConservador,random_undersampling_controlado,RandomForest,29.28,33.74,-0.0614,0.295,0.2892,0.3016,0.4242,0.4096,0.2141,0.1681,0.2917,0.3222,0.3244,0.6006,33,False,no,"Recall crítico bajo en: left, pull, push, right",bloques,3.0
cano,all,sinArtefactosConservador,random_undersampling_controlado,MLP,27.04,29.56,-0.0976,0.2568,0.2686,0.3016,0.303,0.3723,0.2053,0.1759,0.1786,0.307,0.3004,0.5688,33,False,no,"Recall crítico bajo en: left, pull, push, right",bloques,3.0
cano,all,sinArtefactosConservador,random_undersampling_controlado,IBk_kNN,27.52,36.26,-0.0544,0.2812,0.2681,0.3175,0.5758,0.3723,0.1848,0.1818,0.2262,0.3097,0.3073,0.5404,33,False,no,"Recall crítico bajo en: left, push, right",bloques,3.0
cano,all,sinArtefactosConservador,random_undersampling_controlado,RBFNetwork_aprox,29.6,29.46,-0.0897,0.2726,0.2979,0.2698,0.2727,0.3777,0.2581,0.1619,0.225,0.3257,0.3359,0.5989,33,False,no,"Recall crítico bajo en: left, pull, push, right",bloques,3.0
cano,all,sinArtefactosEstricto,sin_balanceo,SMO_SVM,,,,,,,,,,,,,,,0,True,NO_APLICA,variante marcada como no modelable,,
cano,all,sinArtefactosEstricto,sin_balanceo,RandomForest,,,,,,,,,,,,,,,0,True,NO_APLICA,variante marcada como no modelable,,
cano,all,sinArtefactosEstricto,sin_balanceo,MLP,,,,,,,,,,,,,,,0,True,NO_APLICA,variante marcada como no modelable,,
cano,all,sinArtefactosEstricto,sin_balanceo,IBk_kNN,,,,,,,,,,,,,,,0,True,NO_APLICA,variante marcada como no modelable,,
cano,all,sinArtefactosEstricto,sin_balanceo,RBFNetwork_aprox,,,,,,,,,,,,,,,0,True,NO_APLICA,variante marcada como no modelable,,
cano,all,sinArtefactosEstricto,random_oversampling,SMO_SVM,,,,,,,,,,,,,,,0,True,NO_APLICA,variante marcada como no modelable,,
cano,all,sinArtefactosEstricto,random_oversampling,RandomForest,,,,,,,,,,,,,,,0,True,NO_APLICA,variante marcada como no modelable,,
cano,all,sinArtefactosEstricto,random_oversampling,MLP,,,,,,,,,,,,,,,0,True,NO_APLICA,variante marcada como no modelable,,
cano,all,sinArtefactosEstricto,random_oversampling,IBk_kNN,,,,,,,,,,,,,,,0,True,NO_APLICA,variante marcada como no modelable,,
cano,all,sinArtefactosEstricto,random_oversampling,RBFNetwork_aprox,,,,,,,,,,,,,,,0,True,NO_APLICA,variante marcada como no modelable,,
cano,all,sinArtefactosEstricto,class_weight_balanced,SMO_SVM,,,,,,,,,,,,,,,0,True,NO_APLICA,variante marcada como no modelable,,
cano,all,sinArtefactosEstricto,class_weight_balanced,RandomForest,,,,,,,,,,,,,,,0,True,NO_APLICA,variante marcada como no modelable,,
cano,all,sinArtefactosEstricto,class_weight_balanced,MLP,,,,,,,,,,,,,,,0,True,NO_APLICA,variante marcada como no modelable,,
cano,all,sinArtefactosEstricto,class_weight_balanced,IBk_kNN,,,,,,,,,,,,,,,0,True,NO_APLICA,variante marcada como no modelable,,
cano,all,sinArtefactosEstricto,class_weight_balanced,RBFNetwork_aprox,,,,,,,,,,,,,,,0,True,NO_APLICA,variante marcada como no modelable,,
cano,all,sinArtefactosEstricto,smote,SMO_SVM,,,,,,,,,,,,,,,0,True,NO_APLICA,variante marcada como no modelable,,
cano,all,sinArtefactosEstricto,smote,RandomForest,,,,,,,,,,,,,,,0,True,NO_APLICA,variante marcada como no modelable,,
cano,all,sinArtefactosEstricto,smote,MLP,,,,,,,,,,,,,,,0,True,NO_APLICA,variante marcada como no modelable,,
cano,all,sinArtefactosEstricto,smote,IBk_kNN,,,,,,,,,,,,,,,0,True,NO_APLICA,variante marcada como no modelable,,
cano,all,sinArtefactosEstricto,smote,RBFNetwork_aprox,,,,,,,,,,,,,,,0,True,NO_APLICA,variante marcada como no modelable,,
cano,all,sinArtefactosEstricto,smote_tomek,SMO_SVM,,,,,,,,,,,,,,,0,True,NO_APLICA,variante marcada como no modelable,,
cano,all,sinArtefactosEstricto,smote_tomek,RandomForest,,,,,,,,,,,,,,,0,True,NO_APLICA,variante marcada como no modelable,,
cano,all,sinArtefactosEstricto,smote_tomek,MLP,,,,,,,,,,,,,,,0,True,NO_APLICA,variante marcada como no modelable,,
cano,all,sinArtefactosEstricto,smote_tomek,IBk_kNN,,,,,,,,,,,,,,,0,True,NO_APLICA,variante marcada como no modelable,,
cano,all,sinArtefactosEstricto,smote_tomek,RBFNetwork_aprox,,,,,,,,,,,,,,,0,True,NO_APLICA,variante marcada como no modelable,,
cano,all,sinArtefactosEstricto,random_undersampling_controlado,SMO_SVM,,,,,,,,,,,,,,,0,True,NO_APLICA,variante marcada como no modelable,,
cano,all,sinArtefactosEstricto,random_undersampling_controlado,RandomForest,,,,,,,,,,,,,,,0,True,NO_APLICA,variante marcada como no modelable,,
cano,all,sinArtefactosEstricto,random_undersampling_controlado,MLP,,,,,,,,,,,,,,,0,True,NO_APLICA,variante marcada como no modelable,,
cano,all,sinArtefactosEstricto,random_undersampling_controlado,IBk_kNN,,,,,,,,,,,,,,,0,True,NO_APLICA,variante marcada como no modelable,,
cano,all,sinArtefactosEstricto,random_undersampling_controlado,RBFNetwork_aprox,,,,,,,,,,,,,,,0,True,NO_APLICA,variante marcada como no modelable,,
cano,left,noOutliers,sin_balanceo,SMO_SVM,,,,,,,,,,,,,,,0,True,NO_APLICA,menos de dos clases modelables,,
cano,left,noOutliers,sin_balanceo,RandomForest,,,,,,,,,,,,,,,0,True,NO_APLICA,menos de dos clases modelables,,
cano,left,noOutliers,sin_balanceo,MLP,,,,,,,,,,,,,,,0,True,NO_APLICA,menos de dos clases modelables,,
cano,left,noOutliers,sin_balanceo,IBk_kNN,,,,,,,,,,,,,,,0,True,NO_APLICA,menos de dos clases modelables,,
cano,left,noOutliers,sin_balanceo,RBFNetwork_aprox,,,,,,,,,,,,,,,0,True,NO_APLICA,menos de dos clases modelables,,
cano,left,noOutliers,random_oversampling,SMO_SVM,,,,,,,,,,,,,,,0,True,NO_APLICA,menos de dos clases modelables,,
cano,left,noOutliers,random_oversampling,RandomForest,,,,,,,,,,,,,,,0,True,NO_APLICA,menos de dos clases modelables,,
cano,left,noOutliers,random_oversampling,MLP,,,,,,,,,,,,,,,0,True,NO_APLICA,menos de dos clases modelables,,
cano,left,noOutliers,random_oversampling,IBk_kNN,,,,,,,,,,,,,,,0,True,NO_APLICA,menos de dos clases modelables,,
cano,left,noOutliers,random_oversampling,RBFNetwork_aprox,,,,,,,,,,,,,,,0,True,NO_APLICA,menos de dos clases modelables,,
cano,left,noOutliers,class_weight_balanced,SMO_SVM,,,,,,,,,,,,,,,0,True,NO_APLICA,menos de dos clases modelables,,
cano,left,noOutliers,class_weight_balanced,RandomForest,,,,,,,,,,,,,,,0,True,NO_APLICA,menos de dos clases modelables,,
cano,left,noOutliers,class_weight_balanced,MLP,,,,,,,,,,,,,,,0,True,NO_APLICA,menos de dos clases modelables,,
cano,left,noOutliers,class_weight_balanced,IBk_kNN,,,,,,,,,,,,,,,0,True,NO_APLICA,menos de dos clases modelables,,
cano,left,noOutliers,class_weight_balanced,RBFNetwork_aprox,,,,,,,,,,,,,,,0,True,NO_APLICA,menos de dos clases modelables,,
cano,left,noOutliers,smote,SMO_SVM,,,,,,,,,,,,,,,0,True,NO_APLICA,menos de dos clases modelables,,
cano,left,noOutliers,smote,RandomForest,,,,,,,,,,,,,,,0,True,NO_APLICA,menos de dos clases modelables,,
cano,left,noOutliers,smote,MLP,,,,,,,,,,,,,,,0,True,NO_APLICA,menos de dos clases modelables,,
cano,left,noOutliers,smote,IBk_kNN,,,,,,,,,,,,,,,0,True,NO_APLICA,menos de dos clases modelables,,
cano,left,noOutliers,smote,RBFNetwork_aprox,,,,,,,,,,,,,,,0,True,NO_APLICA,menos de dos clases modelables,,
cano,left,noOutliers,smote_tomek,SMO_SVM,,,,,,,,,,,,,,,0,True,NO_APLICA,menos de dos clases modelables,,
cano,left,noOutliers,smote_tomek,RandomForest,,,,,,,,,,,,,,,0,True,NO_APLICA,menos de dos clases modelables,,
cano,left,noOutliers,smote_tomek,MLP,,,,,,,,,,,,,,,0,True,NO_APLICA,menos de dos clases modelables,,
cano,left,noOutliers,smote_tomek,IBk_kNN,,,,,,,,,,,,,,,0,True,NO_APLICA,menos de dos clases modelables,,
cano,left,noOutliers,smote_tomek,RBFNetwork_aprox,,,,,,,,,,,,,,,0,True,NO_APLICA,menos de dos clases modelables,,
cano,left,noOutliers,random_undersampling_controlado,SMO_SVM,,,,,,,,,,,,,,,0,True,NO_APLICA,menos de dos clases modelables,,
cano,left,noOutliers,random_undersampling_controlado,RandomForest,,,,,,,,,,,,,,,0,True,NO_APLICA,menos de dos clases modelables,,
cano,left,noOutliers,random_undersampling_controlado,MLP,,,,,,,,,,,,,,,0,True,NO_APLICA,menos de dos clases modelables,,
cano,left,noOutliers,random_undersampling_controlado,IBk_kNN,,,,,,,,,,,,,,,0,True,NO_APLICA,menos de dos clases modelables,,
cano,left,noOutliers,random_undersampling_controlado,RBFNetwork_aprox,,,,,,,,,,,,,,,0,True,NO_APLICA,menos de dos clases modelables,,
cano,left,sinArtefactosConservador,sin_balanceo,SMO_SVM,,,,,,,,,,,,,,,0,True,NO_APLICA,variante marcada como no modelable,,
cano,left,sinArtefactosConservador,sin_balanceo,RandomForest,,,,,,,,,,,,,,,0,True,NO_APLICA,variante marcada como no modelable,,
cano,left,sinArtefactosConservador,sin_balanceo,MLP,,,,,,,,,,,,,,,0,True,NO_APLICA,variante marcada como no modelable,,
cano,left,sinArtefactosConservador,sin_balanceo,IBk_kNN,,,,,,,,,,,,,,,0,True,NO_APLICA,variante marcada como no modelable,,
cano,left,sinArtefactosConservador,sin_balanceo,RBFNetwork_aprox,,,,,,,,,,,,,,,0,True,NO_APLICA,variante marcada como no modelable,,
cano,left,sinArtefactosConservador,random_oversampling,SMO_SVM,,,,,,,,,,,,,,,0,True,NO_APLICA,variante marcada como no modelable,,
cano,left,sinArtefactosConservador,random_oversampling,RandomForest,,,,,,,,,,,,,,,0,True,NO_APLICA,variante marcada como no modelable,,
cano,left,sinArtefactosConservador,random_oversampling,MLP,,,,,,,,,,,,,,,0,True,NO_APLICA,variante marcada como no modelable,,
cano,left,sinArtefactosConservador,random_oversampling,IBk_kNN,,,,,,,,,,,,,,,0,True,NO_APLICA,variante marcada como no modelable,,
cano,left,sinArtefactosConservador,random_oversampling,RBFNetwork_aprox,,,,,,,,,,,,,,,0,True,NO_APLICA,variante marcada como no modelable,,
cano,left,sinArtefactosConservador,class_weight_balanced,SMO_SVM,,,,,,,,,,,,,,,0,True,NO_APLICA,variante marcada como no modelable,,
cano,left,sinArtefactosConservador,class_weight_balanced,RandomForest,,,,,,,,,,,,,,,0,True,NO_APLICA,variante marcada como no modelable,,
cano,left,sinArtefactosConservador,class_weight_balanced,MLP,,,,,,,,,,,,,,,0,True,NO_APLICA,variante marcada como no modelable,,
cano,left,sinArtefactosConservador,class_weight_balanced,IBk_kNN,,,,,,,,,,,,,,,0,True,NO_APLICA,variante marcada como no modelable,,
cano,left,sinArtefactosConservador,class_weight_balanced,RBFNetwork_aprox,,,,,,,,,,,,,,,0,True,NO_APLICA,variante marcada como no modelable,,
cano,left,sinArtefactosConservador,smote,SMO_SVM,,,,,,,,,,,,,,,0,True,NO_APLICA,variante marcada como no modelable,,
cano,left,sinArtefactosConservador,smote,RandomForest,,,,,,,,,,,,,,,0,True,NO_APLICA,variante marcada como no modelable,,
cano,left,sinArtefactosConservador,smote,MLP,,,,,,,,,,,,,,,0,True,NO_APLICA,variante marcada como no modelable,,
cano,left,sinArtefactosConservador,smote,IBk_kNN,,,,,,,,,,,,,,,0,True,NO_APLICA,variante marcada como no modelable,,
cano,left,sinArtefactosConservador,smote,RBFNetwork_aprox,,,,,,,,,,,,,,,0,True,NO_APLICA,variante marcada como no modelable,,
cano,left,sinArtefactosConservador,smote_tomek,SMO_SVM,,,,,,,,,,,,,,,0,True,NO_APLICA,variante marcada como no modelable,,
cano,left,sinArtefactosConservador,smote_tomek,RandomForest,,,,,,,,,,,,,,,0,True,NO_APLICA,variante marcada como no modelable,,
cano,left,sinArtefactosConservador,smote_tomek,MLP,,,,,,,,,,,,,,,0,True,NO_APLICA,variante marcada como no modelable,,
cano,left,sinArtefactosConservador,smote_tomek,IBk_kNN,,,,,,,,,,,,,,,0,True,NO_APLICA,variante marcada como no modelable,,
cano,left,sinArtefactosConservador,smote_tomek,RBFNetwork_aprox,,,,,,,,,,,,,,,0,True,NO_APLICA,variante marcada como no modelable,,
cano,left,sinArtefactosConservador,random_undersampling_controlado,SMO_SVM,,,,,,,,,,,,,,,0,True,NO_APLICA,variante marcada como no modelable,,
cano,left,sinArtefactosConservador,random_undersampling_controlado,RandomForest,,,,,,,,,,,,,,,0,True,NO_APLICA,variante marcada como no modelable,,
cano,left,sinArtefactosConservador,random_undersampling_controlado,MLP,,,,,,,,,,,,,,,0,True,NO_APLICA,variante marcada como no modelable,,
cano,left,sinArtefactosConservador,random_undersampling_controlado,IBk_kNN,,,,,,,,,,,,,,,0,True,NO_APLICA,variante marcada como no modelable,,
cano,left,sinArtefactosConservador,random_undersampling_controlado,RBFNetwork_aprox,,,,,,,,,,,,,,,0,True,NO_APLICA,variante marcada como no modelable,,
cano,left,sinArtefactosEstricto,sin_balanceo,SMO_SVM,,,,,,,,,,,,,,,0,True,NO_APLICA,variante marcada como no modelable,,
cano,left,sinArtefactosEstricto,sin_balanceo,RandomForest,,,,,,,,,,,,,,,0,True,NO_APLICA,variante marcada como no modelable,,
cano,left,sinArtefactosEstricto,sin_balanceo,MLP,,,,,,,,,,,,,,,0,True,NO_APLICA,variante marcada como no modelable,,
cano,left,sinArtefactosEstricto,sin_balanceo,IBk_kNN,,,,,,,,,,,,,,,0,True,NO_APLICA,variante marcada como no modelable,,
cano,left,sinArtefactosEstricto,sin_balanceo,RBFNetwork_aprox,,,,,,,,,,,,,,,0,True,NO_APLICA,variante marcada como no modelable,,
cano,left,sinArtefactosEstricto,random_oversampling,SMO_SVM,,,,,,,,,,,,,,,0,True,NO_APLICA,variante marcada como no modelable,,
cano,left,sinArtefactosEstricto,random_oversampling,RandomForest,,,,,,,,,,,,,,,0,True,NO_APLICA,variante marcada como no modelable,,
cano,left,sinArtefactosEstricto,random_oversampling,MLP,,,,,,,,,,,,,,,0,True,NO_APLICA,variante marcada como no modelable,,
cano,left,sinArtefactosEstricto,random_oversampling,IBk_kNN,,,,,,,,,,,,,,,0,True,NO_APLICA,variante marcada como no modelable,,
cano,left,sinArtefactosEstricto,random_oversampling,RBFNetwork_aprox,,,,,,,,,,,,,,,0,True,NO_APLICA,variante marcada como no modelable,,
cano,left,sinArtefactosEstricto,class_weight_balanced,SMO_SVM,,,,,,,,,,,,,,,0,True,NO_APLICA,variante marcada como no modelable,,
cano,left,sinArtefactosEstricto,class_weight_balanced,RandomForest,,,,,,,,,,,,,,,0,True,NO_APLICA,variante marcada como no modelable,,
cano,left,sinArtefactosEstricto,class_weight_balanced,MLP,,,,,,,,,,,,,,,0,True,NO_APLICA,variante marcada como no modelable,,
cano,left,sinArtefactosEstricto,class_weight_balanced,IBk_kNN,,,,,,,,,,,,,,,0,True,NO_APLICA,variante marcada como no modelable,,
cano,left,sinArtefactosEstricto,class_weight_balanced,RBFNetwork_aprox,,,,,,,,,,,,,,,0,True,NO_APLICA,variante marcada como no modelable,,
cano,left,sinArtefactosEstricto,smote,SMO_SVM,,,,,,,,,,,,,,,0,True,NO_APLICA,variante marcada como no modelable,,
cano,left,sinArtefactosEstricto,smote,RandomForest,,,,,,,,,,,,,,,0,True,NO_APLICA,variante marcada como no modelable,,
cano,left,sinArtefactosEstricto,smote,MLP,,,,,,,,,,,,,,,0,True,NO_APLICA,variante marcada como no modelable,,
cano,left,sinArtefactosEstricto,smote,IBk_kNN,,,,,,,,,,,,,,,0,True,NO_APLICA,variante marcada como no modelable,,
cano,left,sinArtefactosEstricto,smote,RBFNetwork_aprox,,,,,,,,,,,,,,,0,True,NO_APLICA,variante marcada como no modelable,,
cano,left,sinArtefactosEstricto,smote_tomek,SMO_SVM,,,,,,,,,,,,,,,0,True,NO_APLICA,variante marcada como no modelable,,
cano,left,sinArtefactosEstricto,smote_tomek,RandomForest,,,,,,,,,,,,,,,0,True,NO_APLICA,variante marcada como no modelable,,
cano,left,sinArtefactosEstricto,smote_tomek,MLP,,,,,,,,,,,,,,,0,True,NO_APLICA,variante marcada como no modelable,,
cano,left,sinArtefactosEstricto,smote_tomek,IBk_kNN,,,,,,,,,,,,,,,0,True,NO_APLICA,variante marcada como no modelable,,
cano,left,sinArtefactosEstricto,smote_tomek,RBFNetwork_aprox,,,,,,,,,,,,,,,0,True,NO_APLICA,variante marcada como no modelable,,
cano,left,sinArtefactosEstricto,random_undersampling_controlado,SMO_SVM,,,,,,,,,,,,,,,0,True,NO_APLICA,variante marcada como no modelable,,
cano,left,sinArtefactosEstricto,random_undersampling_controlado,RandomForest,,,,,,,,,,,,,,,0,True,NO_APLICA,variante marcada como no modelable,,
cano,left,sinArtefactosEstricto,random_undersampling_controlado,MLP,,,,,,,,,,,,,,,0,True,NO_APLICA,variante marcada como no modelable,,
cano,left,sinArtefactosEstricto,random_undersampling_controlado,IBk_kNN,,,,,,,,,,,,,,,0,True,NO_APLICA,variante marcada como no modelable,,
cano,left,sinArtefactosEstricto,random_undersampling_controlado,RBFNetwork_aprox,,,,,,,,,,,,,,,0,True,NO_APLICA,variante marcada como no modelable,,
cano,pull,noOutliers,sin_balanceo,SMO_SVM,,,,,,,,,,,,,,,0,True,NO_APLICA,menos de dos clases modelables,,
cano,pull,noOutliers,sin_balanceo,RandomForest,,,,,,,,,,,,,,,0,True,NO_APLICA,menos de dos clases modelables,,
cano,pull,noOutliers,sin_balanceo,MLP,,,,,,,,,,,,,,,0,True,NO_APLICA,menos de dos clases modelables,,
cano,pull,noOutliers,sin_balanceo,IBk_kNN,,,,,,,,,,,,,,,0,True,NO_APLICA,menos de dos clases modelables,,
cano,pull,noOutliers,sin_balanceo,RBFNetwork_aprox,,,,,,,,,,,,,,,0,True,NO_APLICA,menos de dos clases modelables,,
cano,pull,noOutliers,random_oversampling,SMO_SVM,,,,,,,,,,,,,,,0,True,NO_APLICA,menos de dos clases modelables,,
cano,pull,noOutliers,random_oversampling,RandomForest,,,,,,,,,,,,,,,0,True,NO_APLICA,menos de dos clases modelables,,
cano,pull,noOutliers,random_oversampling,MLP,,,,,,,,,,,,,,,0,True,NO_APLICA,menos de dos clases modelables,,
cano,pull,noOutliers,random_oversampling,IBk_kNN,,,,,,,,,,,,,,,0,True,NO_APLICA,menos de dos clases modelables,,
cano,pull,noOutliers,random_oversampling,RBFNetwork_aprox,,,,,,,,,,,,,,,0,True,NO_APLICA,menos de dos clases modelables,,
cano,pull,noOutliers,class_weight_balanced,SMO_SVM,,,,,,,,,,,,,,,0,True,NO_APLICA,menos de dos clases modelables,,
cano,pull,noOutliers,class_weight_balanced,RandomForest,,,,,,,,,,,,,,,0,True,NO_APLICA,menos de dos clases modelables,,
cano,pull,noOutliers,class_weight_balanced,MLP,,,,,,,,,,,,,,,0,True,NO_APLICA,menos de dos clases modelables,,
cano,pull,noOutliers,class_weight_balanced,IBk_kNN,,,,,,,,,,,,,,,0,True,NO_APLICA,menos de dos clases modelables,,
cano,pull,noOutliers,class_weight_balanced,RBFNetwork_aprox,,,,,,,,,,,,,,,0,True,NO_APLICA,menos de dos clases modelables,,
cano,pull,noOutliers,smote,SMO_SVM,,,,,,,,,,,,,,,0,True,NO_APLICA,menos de dos clases modelables,,
cano,pull,noOutliers,smote,RandomForest,,,,,,,,,,,,,,,0,True,NO_APLICA,menos de dos clases modelables,,
cano,pull,noOutliers,smote,MLP,,,,,,,,,,,,,,,0,True,NO_APLICA,menos de dos clases modelables,,
cano,pull,noOutliers,smote,IBk_kNN,,,,,,,,,,,,,,,0,True,NO_APLICA,menos de dos clases modelables,,
cano,pull,noOutliers,smote,RBFNetwork_aprox,,,,,,,,,,,,,,,0,True,NO_APLICA,menos de dos clases modelables,,
cano,pull,noOutliers,smote_tomek,SMO_SVM,,,,,,,,,,,,,,,0,True,NO_APLICA,menos de dos clases modelables,,
cano,pull,noOutliers,smote_tomek,RandomForest,,,,,,,,,,,,,,,0,True,NO_APLICA,menos de dos clases modelables,,
cano,pull,noOutliers,smote_tomek,MLP,,,,,,,,,,,,,,,0,True,NO_APLICA,menos de dos clases modelables,,
cano,pull,noOutliers,smote_tomek,IBk_kNN,,,,,,,,,,,,,,,0,True,NO_APLICA,menos de dos clases modelables,,
cano,pull,noOutliers,smote_tomek,RBFNetwork_aprox,,,,,,,,,,,,,,,0,True,NO_APLICA,menos de dos clases modelables,,
cano,pull,noOutliers,random_undersampling_controlado,SMO_SVM,,,,,,,,,,,,,,,0,True,NO_APLICA,menos de dos clases modelables,,
cano,pull,noOutliers,random_undersampling_controlado,RandomForest,,,,,,,,,,,,,,,0,True,NO_APLICA,menos de dos clases modelables,,
cano,pull,noOutliers,random_undersampling_controlado,MLP,,,,,,,,,,,,,,,0,True,NO_APLICA,menos de dos clases modelables,,
cano,pull,noOutliers,random_undersampling_controlado,IBk_kNN,,,,,,,,,,,,,,,0,True,NO_APLICA,menos de dos clases modelables,,
cano,pull,noOutliers,random_undersampling_controlado,RBFNetwork_aprox,,,,,,,,,,,,,,,0,True,NO_APLICA,menos de dos clases modelables,,
cano,pull,sinArtefactosConservador,sin_balanceo,SMO_SVM,,,,,,,,,,,,,,,0,True,NO_APLICA,variante marcada como no modelable,,
cano,pull,sinArtefactosConservador,sin_balanceo,RandomForest,,,,,,,,,,,,,,,0,True,NO_APLICA,variante marcada como no modelable,,
cano,pull,sinArtefactosConservador,sin_balanceo,MLP,,,,,,,,,,,,,,,0,True,NO_APLICA,variante marcada como no modelable,,
cano,pull,sinArtefactosConservador,sin_balanceo,IBk_kNN,,,,,,,,,,,,,,,0,True,NO_APLICA,variante marcada como no modelable,,
cano,pull,sinArtefactosConservador,sin_balanceo,RBFNetwork_aprox,,,,,,,,,,,,,,,0,True,NO_APLICA,variante marcada como no modelable,,
cano,pull,sinArtefactosConservador,random_oversampling,SMO_SVM,,,,,,,,,,,,,,,0,True,NO_APLICA,variante marcada como no modelable,,
cano,pull,sinArtefactosConservador,random_oversampling,RandomForest,,,,,,,,,,,,,,,0,True,NO_APLICA,variante marcada como no modelable,,
cano,pull,sinArtefactosConservador,random_oversampling,MLP,,,,,,,,,,,,,,,0,True,NO_APLICA,variante marcada como no modelable,,
cano,pull,sinArtefactosConservador,random_oversampling,IBk_kNN,,,,,,,,,,,,,,,0,True,NO_APLICA,variante marcada como no modelable,,
cano,pull,sinArtefactosConservador,random_oversampling,RBFNetwork_aprox,,,,,,,,,,,,,,,0,True,NO_APLICA,variante marcada como no modelable,,
cano,pull,sinArtefactosConservador,class_weight_balanced,SMO_SVM,,,,,,,,,,,,,,,0,True,NO_APLICA,variante marcada como no modelable,,
cano,pull,sinArtefactosConservador,class_weight_balanced,RandomForest,,,,,,,,,,,,,,,0,True,NO_APLICA,variante marcada como no modelable,,
cano,pull,sinArtefactosConservador,class_weight_balanced,MLP,,,,,,,,,,,,,,,0,True,NO_APLICA,variante marcada como no modelable,,
cano,pull,sinArtefactosConservador,class_weight_balanced,IBk_kNN,,,,,,,,,,,,,,,0,True,NO_APLICA,variante marcada como no modelable,,
cano,pull,sinArtefactosConservador,class_weight_balanced,RBFNetwork_aprox,,,,,,,,,,,,,,,0,True,NO_APLICA,variante marcada como no modelable,,
cano,pull,sinArtefactosConservador,smote,SMO_SVM,,,,,,,,,,,,,,,0,True,NO_APLICA,variante marcada como no modelable,,
cano,pull,sinArtefactosConservador,smote,RandomForest,,,,,,,,,,,,,,,0,True,NO_APLICA,variante marcada como no modelable,,
cano,pull,sinArtefactosConservador,smote,MLP,,,,,,,,,,,,,,,0,True,NO_APLICA,variante marcada como no modelable,,
cano,pull,sinArtefactosConservador,smote,IBk_kNN,,,,,,,,,,,,,,,0,True,NO_APLICA,variante marcada como no modelable,,
cano,pull,sinArtefactosConservador,smote,RBFNetwork_aprox,,,,,,,,,,,,,,,0,True,NO_APLICA,variante marcada como no modelable,,
cano,pull,sinArtefactosConservador,smote_tomek,SMO_SVM,,,,,,,,,,,,,,,0,True,NO_APLICA,variante marcada como no modelable,,
cano,pull,sinArtefactosConservador,smote_tomek,RandomForest,,,,,,,,,,,,,,,0,True,NO_APLICA,variante marcada como no modelable,,
cano,pull,sinArtefactosConservador,smote_tomek,MLP,,,,,,,,,,,,,,,0,True,NO_APLICA,variante marcada como no modelable,,
cano,pull,sinArtefactosConservador,smote_tomek,IBk_kNN,,,,,,,,,,,,,,,0,True,NO_APLICA,variante marcada como no modelable,,
cano,pull,sinArtefactosConservador,smote_tomek,RBFNetwork_aprox,,,,,,,,,,,,,,,0,True,NO_APLICA,variante marcada como no modelable,,
cano,pull,sinArtefactosConservador,random_undersampling_controlado,SMO_SVM,,,,,,,,,,,,,,,0,True,NO_APLICA,variante marcada como no modelable,,
cano,pull,sinArtefactosConservador,random_undersampling_controlado,RandomForest,,,,,,,,,,,,,,,0,True,NO_APLICA,variante marcada como no modelable,,
cano,pull,sinArtefactosConservador,random_undersampling_controlado,MLP,,,,,,,,,,,,,,,0,True,NO_APLICA,variante marcada como no modelable,,
cano,pull,sinArtefactosConservador,random_undersampling_controlado,IBk_kNN,,,,,,,,,,,,,,,0,True,NO_APLICA,variante marcada como no modelable,,
cano,pull,sinArtefactosConservador,random_undersampling_controlado,RBFNetwork_aprox,,,,,,,,,,,,,,,0,True,NO_APLICA,variante marcada como no modelable,,
cano,pull,sinArtefactosEstricto,sin_balanceo,SMO_SVM,,,,,,,,,,,,,,,0,True,NO_APLICA,variante marcada como no modelable,,
cano,pull,sinArtefactosEstricto,sin_balanceo,RandomForest,,,,,,,,,,,,,,,0,True,NO_APLICA,variante marcada como no modelable,,
cano,pull,sinArtefactosEstricto,sin_balanceo,MLP,,,,,,,,,,,,,,,0,True,NO_APLICA,variante marcada como no modelable,,
cano,pull,sinArtefactosEstricto,sin_balanceo,IBk_kNN,,,,,,,,,,,,,,,0,True,NO_APLICA,variante marcada como no modelable,,
cano,pull,sinArtefactosEstricto,sin_balanceo,RBFNetwork_aprox,,,,,,,,,,,,,,,0,True,NO_APLICA,variante marcada como no modelable,,
cano,pull,sinArtefactosEstricto,random_oversampling,SMO_SVM,,,,,,,,,,,,,,,0,True,NO_APLICA,variante marcada como no modelable,,
cano,pull,sinArtefactosEstricto,random_oversampling,RandomForest,,,,,,,,,,,,,,,0,True,NO_APLICA,variante marcada como no modelable,,
cano,pull,sinArtefactosEstricto,random_oversampling,MLP,,,,,,,,,,,,,,,0,True,NO_APLICA,variante marcada como no modelable,,
cano,pull,sinArtefactosEstricto,random_oversampling,IBk_kNN,,,,,,,,,,,,,,,0,True,NO_APLICA,variante marcada como no modelable,,
cano,pull,sinArtefactosEstricto,random_oversampling,RBFNetwork_aprox,,,,,,,,,,,,,,,0,True,NO_APLICA,variante marcada como no modelable,,
cano,pull,sinArtefactosEstricto,class_weight_balanced,SMO_SVM,,,,,,,,,,,,,,,0,True,NO_APLICA,variante marcada como no modelable,,
cano,pull,sinArtefactosEstricto,class_weight_balanced,RandomForest,,,,,,,,,,,,,,,0,True,NO_APLICA,variante marcada como no modelable,,
cano,pull,sinArtefactosEstricto,class_weight_balanced,MLP,,,,,,,,,,,,,,,0,True,NO_APLICA,variante marcada como no modelable,,
cano,pull,sinArtefactosEstricto,class_weight_balanced,IBk_kNN,,,,,,,,,,,,,,,0,True,NO_APLICA,variante marcada como no modelable,,
cano,pull,sinArtefactosEstricto,class_weight_balanced,RBFNetwork_aprox,,,,,,,,,,,,,,,0,True,NO_APLICA,variante marcada como no modelable,,
cano,pull,sinArtefactosEstricto,smote,SMO_SVM,,,,,,,,,,,,,,,0,True,NO_APLICA,variante marcada como no modelable,,
cano,pull,sinArtefactosEstricto,smote,RandomForest,,,,,,,,,,,,,,,0,True,NO_APLICA,variante marcada como no modelable,,
cano,pull,sinArtefactosEstricto,smote,MLP,,,,,,,,,,,,,,,0,True,NO_APLICA,variante marcada como no modelable,,
cano,pull,sinArtefactosEstricto,smote,IBk_kNN,,,,,,,,,,,,,,,0,True,NO_APLICA,variante marcada como no modelable,,
cano,pull,sinArtefactosEstricto,smote,RBFNetwork_aprox,,,,,,,,,,,,,,,0,True,NO_APLICA,variante marcada como no modelable,,
cano,pull,sinArtefactosEstricto,smote_tomek,SMO_SVM,,,,,,,,,,,,,,,0,True,NO_APLICA,variante marcada como no modelable,,
cano,pull,sinArtefactosEstricto,smote_tomek,RandomForest,,,,,,,,,,,,,,,0,True,NO_APLICA,variante marcada como no modelable,,
cano,pull,sinArtefactosEstricto,smote_tomek,MLP,,,,,,,,,,,,,,,0,True,NO_APLICA,variante marcada como no modelable,,
cano,pull,sinArtefactosEstricto,smote_tomek,IBk_kNN,,,,,,,,,,,,,,,0,True,NO_APLICA,variante marcada como no modelable,,
cano,pull,sinArtefactosEstricto,smote_tomek,RBFNetwork_aprox,,,,,,,,,,,,,,,0,True,NO_APLICA,variante marcada como no modelable,,
cano,pull,sinArtefactosEstricto,random_undersampling_controlado,SMO_SVM,,,,,,,,,,,,,,,0,True,NO_APLICA,variante marcada como no modelable,,
cano,pull,sinArtefactosEstricto,random_undersampling_controlado,RandomForest,,,,,,,,,,,,,,,0,True,NO_APLICA,variante marcada como no modelable,,
cano,pull,sinArtefactosEstricto,random_undersampling_controlado,MLP,,,,,,,,,,,,,,,0,True,NO_APLICA,variante marcada como no modelable,,
cano,pull,sinArtefactosEstricto,random_undersampling_controlado,IBk_kNN,,,,,,,,,,,,,,,0,True,NO_APLICA,variante marcada como no modelable,,
cano,pull,sinArtefactosEstricto,random_undersampling_controlado,RBFNetwork_aprox,,,,,,,,,,,,,,,0,True,NO_APLICA,variante marcada como no modelable,,
cano,push,noOutliers,sin_balanceo,SMO_SVM,,,,,,,,,,,,,,,0,True,NO_APLICA,menos de dos clases modelables,,
cano,push,noOutliers,sin_balanceo,RandomForest,,,,,,,,,,,,,,,0,True,NO_APLICA,menos de dos clases modelables,,
cano,push,noOutliers,sin_balanceo,MLP,,,,,,,,,,,,,,,0,True,NO_APLICA,menos de dos clases modelables,,
cano,push,noOutliers,sin_balanceo,IBk_kNN,,,,,,,,,,,,,,,0,True,NO_APLICA,menos de dos clases modelables,,
cano,push,noOutliers,sin_balanceo,RBFNetwork_aprox,,,,,,,,,,,,,,,0,True,NO_APLICA,menos de dos clases modelables,,
cano,push,noOutliers,random_oversampling,SMO_SVM,,,,,,,,,,,,,,,0,True,NO_APLICA,menos de dos clases modelables,,
cano,push,noOutliers,random_oversampling,RandomForest,,,,,,,,,,,,,,,0,True,NO_APLICA,menos de dos clases modelables,,
cano,push,noOutliers,random_oversampling,MLP,,,,,,,,,,,,,,,0,True,NO_APLICA,menos de dos clases modelables,,
cano,push,noOutliers,random_oversampling,IBk_kNN,,,,,,,,,,,,,,,0,True,NO_APLICA,menos de dos clases modelables,,
cano,push,noOutliers,random_oversampling,RBFNetwork_aprox,,,,,,,,,,,,,,,0,True,NO_APLICA,menos de dos clases modelables,,
cano,push,noOutliers,class_weight_balanced,SMO_SVM,,,,,,,,,,,,,,,0,True,NO_APLICA,menos de dos clases modelables,,
cano,push,noOutliers,class_weight_balanced,RandomForest,,,,,,,,,,,,,,,0,True,NO_APLICA,menos de dos clases modelables,,
cano,push,noOutliers,class_weight_balanced,MLP,,,,,,,,,,,,,,,0,True,NO_APLICA,menos de dos clases modelables,,
cano,push,noOutliers,class_weight_balanced,IBk_kNN,,,,,,,,,,,,,,,0,True,NO_APLICA,menos de dos clases modelables,,
cano,push,noOutliers,class_weight_balanced,RBFNetwork_aprox,,,,,,,,,,,,,,,0,True,NO_APLICA,menos de dos clases modelables,,
cano,push,noOutliers,smote,SMO_SVM,,,,,,,,,,,,,,,0,True,NO_APLICA,menos de dos clases modelables,,
cano,push,noOutliers,smote,RandomForest,,,,,,,,,,,,,,,0,True,NO_APLICA,menos de dos clases modelables,,
cano,push,noOutliers,smote,MLP,,,,,,,,,,,,,,,0,True,NO_APLICA,menos de dos clases modelables,,
cano,push,noOutliers,smote,IBk_kNN,,,,,,,,,,,,,,,0,True,NO_APLICA,menos de dos clases modelables,,
cano,push,noOutliers,smote,RBFNetwork_aprox,,,,,,,,,,,,,,,0,True,NO_APLICA,menos de dos clases modelables,,
cano,push,noOutliers,smote_tomek,SMO_SVM,,,,,,,,,,,,,,,0,True,NO_APLICA,menos de dos clases modelables,,
cano,push,noOutliers,smote_tomek,RandomForest,,,,,,,,,,,,,,,0,True,NO_APLICA,menos de dos clases modelables,,
cano,push,noOutliers,smote_tomek,MLP,,,,,,,,,,,,,,,0,True,NO_APLICA,menos de dos clases modelables,,
cano,push,noOutliers,smote_tomek,IBk_kNN,,,,,,,,,,,,,,,0,True,NO_APLICA,menos de dos clases modelables,,
cano,push,noOutliers,smote_tomek,RBFNetwork_aprox,,,,,,,,,,,,,,,0,True,NO_APLICA,menos de dos clases modelables,,
cano,push,noOutliers,random_undersampling_controlado,SMO_SVM,,,,,,,,,,,,,,,0,True,NO_APLICA,menos de dos clases modelables,,
cano,push,noOutliers,random_undersampling_controlado,RandomForest,,,,,,,,,,,,,,,0,True,NO_APLICA,menos de dos clases modelables,,
cano,push,noOutliers,random_undersampling_controlado,MLP,,,,,,,,,,,,,,,0,True,NO_APLICA,menos de dos clases modelables,,
cano,push,noOutliers,random_undersampling_controlado,IBk_kNN,,,,,,,,,,,,,,,0,True,NO_APLICA,menos de dos clases modelables,,
cano,push,noOutliers,random_undersampling_controlado,RBFNetwork_aprox,,,,,,,,,,,,,,,0,True,NO_APLICA,menos de dos clases modelables,,
cano,push,sinArtefactosConservador,sin_balanceo,SMO_SVM,,,,,,,,,,,,,,,0,True,NO_APLICA,variante marcada como no modelable,,
cano,push,sinArtefactosConservador,sin_balanceo,RandomForest,,,,,,,,,,,,,,,0,True,NO_APLICA,variante marcada como no modelable,,
cano,push,sinArtefactosConservador,sin_balanceo,MLP,,,,,,,,,,,,,,,0,True,NO_APLICA,variante marcada como no modelable,,
cano,push,sinArtefactosConservador,sin_balanceo,IBk_kNN,,,,,,,,,,,,,,,0,True,NO_APLICA,variante marcada como no modelable,,
cano,push,sinArtefactosConservador,sin_balanceo,RBFNetwork_aprox,,,,,,,,,,,,,,,0,True,NO_APLICA,variante marcada como no modelable,,
cano,push,sinArtefactosConservador,random_oversampling,SMO_SVM,,,,,,,,,,,,,,,0,True,NO_APLICA,variante marcada como no modelable,,
cano,push,sinArtefactosConservador,random_oversampling,RandomForest,,,,,,,,,,,,,,,0,True,NO_APLICA,variante marcada como no modelable,,
cano,push,sinArtefactosConservador,random_oversampling,MLP,,,,,,,,,,,,,,,0,True,NO_APLICA,variante marcada como no modelable,,
cano,push,sinArtefactosConservador,random_oversampling,IBk_kNN,,,,,,,,,,,,,,,0,True,NO_APLICA,variante marcada como no modelable,,
cano,push,sinArtefactosConservador,random_oversampling,RBFNetwork_aprox,,,,,,,,,,,,,,,0,True,NO_APLICA,variante marcada como no modelable,,
cano,push,sinArtefactosConservador,class_weight_balanced,SMO_SVM,,,,,,,,,,,,,,,0,True,NO_APLICA,variante marcada como no modelable,,
cano,push,sinArtefactosConservador,class_weight_balanced,RandomForest,,,,,,,,,,,,,,,0,True,NO_APLICA,variante marcada como no modelable,,
cano,push,sinArtefactosConservador,class_weight_balanced,MLP,,,,,,,,,,,,,,,0,True,NO_APLICA,variante marcada como no modelable,,
cano,push,sinArtefactosConservador,class_weight_balanced,IBk_kNN,,,,,,,,,,,,,,,0,True,NO_APLICA,variante marcada como no modelable,,
cano,push,sinArtefactosConservador,class_weight_balanced,RBFNetwork_aprox,,,,,,,,,,,,,,,0,True,NO_APLICA,variante marcada como no modelable,,
cano,push,sinArtefactosConservador,smote,SMO_SVM,,,,,,,,,,,,,,,0,True,NO_APLICA,variante marcada como no modelable,,
cano,push,sinArtefactosConservador,smote,RandomForest,,,,,,,,,,,,,,,0,True,NO_APLICA,variante marcada como no modelable,,
cano,push,sinArtefactosConservador,smote,MLP,,,,,,,,,,,,,,,0,True,NO_APLICA,variante marcada como no modelable,,
cano,push,sinArtefactosConservador,smote,IBk_kNN,,,,,,,,,,,,,,,0,True,NO_APLICA,variante marcada como no modelable,,
cano,push,sinArtefactosConservador,smote,RBFNetwork_aprox,,,,,,,,,,,,,,,0,True,NO_APLICA,variante marcada como no modelable,,
cano,push,sinArtefactosConservador,smote_tomek,SMO_SVM,,,,,,,,,,,,,,,0,True,NO_APLICA,variante marcada como no modelable,,
cano,push,sinArtefactosConservador,smote_tomek,RandomForest,,,,,,,,,,,,,,,0,True,NO_APLICA,variante marcada como no modelable,,
cano,push,sinArtefactosConservador,smote_tomek,MLP,,,,,,,,,,,,,,,0,True,NO_APLICA,variante marcada como no modelable,,
cano,push,sinArtefactosConservador,smote_tomek,IBk_kNN,,,,,,,,,,,,,,,0,True,NO_APLICA,variante marcada como no modelable,,
cano,push,sinArtefactosConservador,smote_tomek,RBFNetwork_aprox,,,,,,,,,,,,,,,0,True,NO_APLICA,variante marcada como no modelable,,
cano,push,sinArtefactosConservador,random_undersampling_controlado,SMO_SVM,,,,,,,,,,,,,,,0,True,NO_APLICA,variante marcada como no modelable,,
cano,push,sinArtefactosConservador,random_undersampling_controlado,RandomForest,,,,,,,,,,,,,,,0,True,NO_APLICA,variante marcada como no modelable,,
cano,push,sinArtefactosConservador,random_undersampling_controlado,MLP,,,,,,,,,,,,,,,0,True,NO_APLICA,variante marcada como no modelable,,
cano,push,sinArtefactosConservador,random_undersampling_controlado,IBk_kNN,,,,,,,,,,,,,,,0,True,NO_APLICA,variante marcada como no modelable,,
cano,push,sinArtefactosConservador,random_undersampling_controlado,RBFNetwork_aprox,,,,,,,,,,,,,,,0,True,NO_APLICA,variante marcada como no modelable,,
cano,push,sinArtefactosEstricto,sin_balanceo,SMO_SVM,,,,,,,,,,,,,,,0,True,NO_APLICA,variante marcada como no modelable,,
cano,push,sinArtefactosEstricto,sin_balanceo,RandomForest,,,,,,,,,,,,,,,0,True,NO_APLICA,variante marcada como no modelable,,
cano,push,sinArtefactosEstricto,sin_balanceo,MLP,,,,,,,,,,,,,,,0,True,NO_APLICA,variante marcada como no modelable,,
cano,push,sinArtefactosEstricto,sin_balanceo,IBk_kNN,,,,,,,,,,,,,,,0,True,NO_APLICA,variante marcada como no modelable,,
cano,push,sinArtefactosEstricto,sin_balanceo,RBFNetwork_aprox,,,,,,,,,,,,,,,0,True,NO_APLICA,variante marcada como no modelable,,
cano,push,sinArtefactosEstricto,random_oversampling,SMO_SVM,,,,,,,,,,,,,,,0,True,NO_APLICA,variante marcada como no modelable,,
cano,push,sinArtefactosEstricto,random_oversampling,RandomForest,,,,,,,,,,,,,,,0,True,NO_APLICA,variante marcada como no modelable,,
cano,push,sinArtefactosEstricto,random_oversampling,MLP,,,,,,,,,,,,,,,0,True,NO_APLICA,variante marcada como no modelable,,
cano,push,sinArtefactosEstricto,random_oversampling,IBk_kNN,,,,,,,,,,,,,,,0,True,NO_APLICA,variante marcada como no modelable,,
cano,push,sinArtefactosEstricto,random_oversampling,RBFNetwork_aprox,,,,,,,,,,,,,,,0,True,NO_APLICA,variante marcada como no modelable,,
cano,push,sinArtefactosEstricto,class_weight_balanced,SMO_SVM,,,,,,,,,,,,,,,0,True,NO_APLICA,variante marcada como no modelable,,
cano,push,sinArtefactosEstricto,class_weight_balanced,RandomForest,,,,,,,,,,,,,,,0,True,NO_APLICA,variante marcada como no modelable,,
cano,push,sinArtefactosEstricto,class_weight_balanced,MLP,,,,,,,,,,,,,,,0,True,NO_APLICA,variante marcada como no modelable,,
cano,push,sinArtefactosEstricto,class_weight_balanced,IBk_kNN,,,,,,,,,,,,,,,0,True,NO_APLICA,variante marcada como no modelable,,
cano,push,sinArtefactosEstricto,class_weight_balanced,RBFNetwork_aprox,,,,,,,,,,,,,,,0,True,NO_APLICA,variante marcada como no modelable,,
cano,push,sinArtefactosEstricto,smote,SMO_SVM,,,,,,,,,,,,,,,0,True,NO_APLICA,variante marcada como no modelable,,
cano,push,sinArtefactosEstricto,smote,RandomForest,,,,,,,,,,,,,,,0,True,NO_APLICA,variante marcada como no modelable,,
cano,push,sinArtefactosEstricto,smote,MLP,,,,,,,,,,,,,,,0,True,NO_APLICA,variante marcada como no modelable,,
cano,push,sinArtefactosEstricto,smote,IBk_kNN,,,,,,,,,,,,,,,0,True,NO_APLICA,variante marcada como no modelable,,
cano,push,sinArtefactosEstricto,smote,RBFNetwork_aprox,,,,,,,,,,,,,,,0,True,NO_APLICA,variante marcada como no modelable,,
cano,push,sinArtefactosEstricto,smote_tomek,SMO_SVM,,,,,,,,,,,,,,,0,True,NO_APLICA,variante marcada como no modelable,,
cano,push,sinArtefactosEstricto,smote_tomek,RandomForest,,,,,,,,,,,,,,,0,True,NO_APLICA,variante marcada como no modelable,,
cano,push,sinArtefactosEstricto,smote_tomek,MLP,,,,,,,,,,,,,,,0,True,NO_APLICA,variante marcada como no modelable,,
cano,push,sinArtefactosEstricto,smote_tomek,IBk_kNN,,,,,,,,,,,,,,,0,True,NO_APLICA,variante marcada como no modelable,,
cano,push,sinArtefactosEstricto,smote_tomek,RBFNetwork_aprox,,,,,,,,,,,,,,,0,True,NO_APLICA,variante marcada como no modelable,,
cano,push,sinArtefactosEstricto,random_undersampling_controlado,SMO_SVM,,,,,,,,,,,,,,,0,True,NO_APLICA,variante marcada como no modelable,,
cano,push,sinArtefactosEstricto,random_undersampling_controlado,RandomForest,,,,,,,,,,,,,,,0,True,NO_APLICA,variante marcada como no modelable,,
cano,push,sinArtefactosEstricto,random_undersampling_controlado,MLP,,,,,,,,,,,,,,,0,True,NO_APLICA,variante marcada como no modelable,,
cano,push,sinArtefactosEstricto,random_undersampling_controlado,IBk_kNN,,,,,,,,,,,,,,,0,True,NO_APLICA,variante marcada como no modelable,,
cano,push,sinArtefactosEstricto,random_undersampling_controlado,RBFNetwork_aprox,,,,,,,,,,,,,,,0,True,NO_APLICA,variante marcada como no modelable,,
cano,right,noOutliers,sin_balanceo,SMO_SVM,,,,,,,,,,,,,,,0,True,NO_APLICA,menos de dos clases modelables,,
cano,right,noOutliers,sin_balanceo,RandomForest,,,,,,,,,,,,,,,0,True,NO_APLICA,menos de dos clases modelables,,
cano,right,noOutliers,sin_balanceo,MLP,,,,,,,,,,,,,,,0,True,NO_APLICA,menos de dos clases modelables,,
cano,right,noOutliers,sin_balanceo,IBk_kNN,,,,,,,,,,,,,,,0,True,NO_APLICA,menos de dos clases modelables,,
cano,right,noOutliers,sin_balanceo,RBFNetwork_aprox,,,,,,,,,,,,,,,0,True,NO_APLICA,menos de dos clases modelables,,
cano,right,noOutliers,random_oversampling,SMO_SVM,,,,,,,,,,,,,,,0,True,NO_APLICA,menos de dos clases modelables,,
cano,right,noOutliers,random_oversampling,RandomForest,,,,,,,,,,,,,,,0,True,NO_APLICA,menos de dos clases modelables,,
cano,right,noOutliers,random_oversampling,MLP,,,,,,,,,,,,,,,0,True,NO_APLICA,menos de dos clases modelables,,
cano,right,noOutliers,random_oversampling,IBk_kNN,,,,,,,,,,,,,,,0,True,NO_APLICA,menos de dos clases modelables,,
cano,right,noOutliers,random_oversampling,RBFNetwork_aprox,,,,,,,,,,,,,,,0,True,NO_APLICA,menos de dos clases modelables,,
cano,right,noOutliers,class_weight_balanced,SMO_SVM,,,,,,,,,,,,,,,0,True,NO_APLICA,menos de dos clases modelables,,
cano,right,noOutliers,class_weight_balanced,RandomForest,,,,,,,,,,,,,,,0,True,NO_APLICA,menos de dos clases modelables,,
cano,right,noOutliers,class_weight_balanced,MLP,,,,,,,,,,,,,,,0,True,NO_APLICA,menos de dos clases modelables,,
cano,right,noOutliers,class_weight_balanced,IBk_kNN,,,,,,,,,,,,,,,0,True,NO_APLICA,menos de dos clases modelables,,
cano,right,noOutliers,class_weight_balanced,RBFNetwork_aprox,,,,,,,,,,,,,,,0,True,NO_APLICA,menos de dos clases modelables,,
cano,right,noOutliers,smote,SMO_SVM,,,,,,,,,,,,,,,0,True,NO_APLICA,menos de dos clases modelables,,
cano,right,noOutliers,smote,RandomForest,,,,,,,,,,,,,,,0,True,NO_APLICA,menos de dos clases modelables,,
cano,right,noOutliers,smote,MLP,,,,,,,,,,,,,,,0,True,NO_APLICA,menos de dos clases modelables,,
cano,right,noOutliers,smote,IBk_kNN,,,,,,,,,,,,,,,0,True,NO_APLICA,menos de dos clases modelables,,
cano,right,noOutliers,smote,RBFNetwork_aprox,,,,,,,,,,,,,,,0,True,NO_APLICA,menos de dos clases modelables,,
cano,right,noOutliers,smote_tomek,SMO_SVM,,,,,,,,,,,,,,,0,True,NO_APLICA,menos de dos clases modelables,,
cano,right,noOutliers,smote_tomek,RandomForest,,,,,,,,,,,,,,,0,True,NO_APLICA,menos de dos clases modelables,,
cano,right,noOutliers,smote_tomek,MLP,,,,,,,,,,,,,,,0,True,NO_APLICA,menos de dos clases modelables,,
cano,right,noOutliers,smote_tomek,IBk_kNN,,,,,,,,,,,,,,,0,True,NO_APLICA,menos de dos clases modelables,,
cano,right,noOutliers,smote_tomek,RBFNetwork_aprox,,,,,,,,,,,,,,,0,True,NO_APLICA,menos de dos clases modelables,,
cano,right,noOutliers,random_undersampling_controlado,SMO_SVM,,,,,,,,,,,,,,,0,True,NO_APLICA,menos de dos clases modelables,,
cano,right,noOutliers,random_undersampling_controlado,RandomForest,,,,,,,,,,,,,,,0,True,NO_APLICA,menos de dos clases modelables,,
cano,right,noOutliers,random_undersampling_controlado,MLP,,,,,,,,,,,,,,,0,True,NO_APLICA,menos de dos clases modelables,,
cano,right,noOutliers,random_undersampling_controlado,IBk_kNN,,,,,,,,,,,,,,,0,True,NO_APLICA,menos de dos clases modelables,,
cano,right,noOutliers,random_undersampling_controlado,RBFNetwork_aprox,,,,,,,,,,,,,,,0,True,NO_APLICA,menos de dos clases modelables,,
cano,right,sinArtefactosConservador,sin_balanceo,SMO_SVM,,,,,,,,,,,,,,,0,True,NO_APLICA,variante marcada como no modelable,,
cano,right,sinArtefactosConservador,sin_balanceo,RandomForest,,,,,,,,,,,,,,,0,True,NO_APLICA,variante marcada como no modelable,,
cano,right,sinArtefactosConservador,sin_balanceo,MLP,,,,,,,,,,,,,,,0,True,NO_APLICA,variante marcada como no modelable,,
cano,right,sinArtefactosConservador,sin_balanceo,IBk_kNN,,,,,,,,,,,,,,,0,True,NO_APLICA,variante marcada como no modelable,,
cano,right,sinArtefactosConservador,sin_balanceo,RBFNetwork_aprox,,,,,,,,,,,,,,,0,True,NO_APLICA,variante marcada como no modelable,,
cano,right,sinArtefactosConservador,random_oversampling,SMO_SVM,,,,,,,,,,,,,,,0,True,NO_APLICA,variante marcada como no modelable,,
cano,right,sinArtefactosConservador,random_oversampling,RandomForest,,,,,,,,,,,,,,,0,True,NO_APLICA,variante marcada como no modelable,,
cano,right,sinArtefactosConservador,random_oversampling,MLP,,,,,,,,,,,,,,,0,True,NO_APLICA,variante marcada como no modelable,,
cano,right,sinArtefactosConservador,random_oversampling,IBk_kNN,,,,,,,,,,,,,,,0,True,NO_APLICA,variante marcada como no modelable,,
cano,right,sinArtefactosConservador,random_oversampling,RBFNetwork_aprox,,,,,,,,,,,,,,,0,True,NO_APLICA,variante marcada como no modelable,,
cano,right,sinArtefactosConservador,class_weight_balanced,SMO_SVM,,,,,,,,,,,,,,,0,True,NO_APLICA,variante marcada como no modelable,,
cano,right,sinArtefactosConservador,class_weight_balanced,RandomForest,,,,,,,,,,,,,,,0,True,NO_APLICA,variante marcada como no modelable,,
cano,right,sinArtefactosConservador,class_weight_balanced,MLP,,,,,,,,,,,,,,,0,True,NO_APLICA,variante marcada como no modelable,,
cano,right,sinArtefactosConservador,class_weight_balanced,IBk_kNN,,,,,,,,,,,,,,,0,True,NO_APLICA,variante marcada como no modelable,,
cano,right,sinArtefactosConservador,class_weight_balanced,RBFNetwork_aprox,,,,,,,,,,,,,,,0,True,NO_APLICA,variante marcada como no modelable,,
cano,right,sinArtefactosConservador,smote,SMO_SVM,,,,,,,,,,,,,,,0,True,NO_APLICA,variante marcada como no modelable,,
cano,right,sinArtefactosConservador,smote,RandomForest,,,,,,,,,,,,,,,0,True,NO_APLICA,variante marcada como no modelable,,
cano,right,sinArtefactosConservador,smote,MLP,,,,,,,,,,,,,,,0,True,NO_APLICA,variante marcada como no modelable,,
cano,right,sinArtefactosConservador,smote,IBk_kNN,,,,,,,,,,,,,,,0,True,NO_APLICA,variante marcada como no modelable,,
cano,right,sinArtefactosConservador,smote,RBFNetwork_aprox,,,,,,,,,,,,,,,0,True,NO_APLICA,variante marcada como no modelable,,
cano,right,sinArtefactosConservador,smote_tomek,SMO_SVM,,,,,,,,,,,,,,,0,True,NO_APLICA,variante marcada como no modelable,,
cano,right,sinArtefactosConservador,smote_tomek,RandomForest,,,,,,,,,,,,,,,0,True,NO_APLICA,variante marcada como no modelable,,
cano,right,sinArtefactosConservador,smote_tomek,MLP,,,,,,,,,,,,,,,0,True,NO_APLICA,variante marcada como no modelable,,
cano,right,sinArtefactosConservador,smote_tomek,IBk_kNN,,,,,,,,,,,,,,,0,True,NO_APLICA,variante marcada como no modelable,,
cano,right,sinArtefactosConservador,smote_tomek,RBFNetwork_aprox,,,,,,,,,,,,,,,0,True,NO_APLICA,variante marcada como no modelable,,
cano,right,sinArtefactosConservador,random_undersampling_controlado,SMO_SVM,,,,,,,,,,,,,,,0,True,NO_APLICA,variante marcada como no modelable,,
cano,right,sinArtefactosConservador,random_undersampling_controlado,RandomForest,,,,,,,,,,,,,,,0,True,NO_APLICA,variante marcada como no modelable,,
cano,right,sinArtefactosConservador,random_undersampling_controlado,MLP,,,,,,,,,,,,,,,0,True,NO_APLICA,variante marcada como no modelable,,
cano,right,sinArtefactosConservador,random_undersampling_controlado,IBk_kNN,,,,,,,,,,,,,,,0,True,NO_APLICA,variante marcada como no modelable,,
cano,right,sinArtefactosConservador,random_undersampling_controlado,RBFNetwork_aprox,,,,,,,,,,,,,,,0,True,NO_APLICA,variante marcada como no modelable,,
cano,right,sinArtefactosEstricto,sin_balanceo,SMO_SVM,,,,,,,,,,,,,,,0,True,NO_APLICA,variante marcada como no modelable,,
cano,right,sinArtefactosEstricto,sin_balanceo,RandomForest,,,,,,,,,,,,,,,0,True,NO_APLICA,variante marcada como no modelable,,
cano,right,sinArtefactosEstricto,sin_balanceo,MLP,,,,,,,,,,,,,,,0,True,NO_APLICA,variante marcada como no modelable,,
cano,right,sinArtefactosEstricto,sin_balanceo,IBk_kNN,,,,,,,,,,,,,,,0,True,NO_APLICA,variante marcada como no modelable,,
cano,right,sinArtefactosEstricto,sin_balanceo,RBFNetwork_aprox,,,,,,,,,,,,,,,0,True,NO_APLICA,variante marcada como no modelable,,
cano,right,sinArtefactosEstricto,random_oversampling,SMO_SVM,,,,,,,,,,,,,,,0,True,NO_APLICA,variante marcada como no modelable,,
cano,right,sinArtefactosEstricto,random_oversampling,RandomForest,,,,,,,,,,,,,,,0,True,NO_APLICA,variante marcada como no modelable,,
cano,right,sinArtefactosEstricto,random_oversampling,MLP,,,,,,,,,,,,,,,0,True,NO_APLICA,variante marcada como no modelable,,
cano,right,sinArtefactosEstricto,random_oversampling,IBk_kNN,,,,,,,,,,,,,,,0,True,NO_APLICA,variante marcada como no modelable,,
cano,right,sinArtefactosEstricto,random_oversampling,RBFNetwork_aprox,,,,,,,,,,,,,,,0,True,NO_APLICA,variante marcada como no modelable,,
cano,right,sinArtefactosEstricto,class_weight_balanced,SMO_SVM,,,,,,,,,,,,,,,0,True,NO_APLICA,variante marcada como no modelable,,
cano,right,sinArtefactosEstricto,class_weight_balanced,RandomForest,,,,,,,,,,,,,,,0,True,NO_APLICA,variante marcada como no modelable,,
cano,right,sinArtefactosEstricto,class_weight_balanced,MLP,,,,,,,,,,,,,,,0,True,NO_APLICA,variante marcada como no modelable,,
cano,right,sinArtefactosEstricto,class_weight_balanced,IBk_kNN,,,,,,,,,,,,,,,0,True,NO_APLICA,variante marcada como no modelable,,
cano,right,sinArtefactosEstricto,class_weight_balanced,RBFNetwork_aprox,,,,,,,,,,,,,,,0,True,NO_APLICA,variante marcada como no modelable,,
cano,right,sinArtefactosEstricto,smote,SMO_SVM,,,,,,,,,,,,,,,0,True,NO_APLICA,variante marcada como no modelable,,
cano,right,sinArtefactosEstricto,smote,RandomForest,,,,,,,,,,,,,,,0,True,NO_APLICA,variante marcada como no modelable,,
cano,right,sinArtefactosEstricto,smote,MLP,,,,,,,,,,,,,,,0,True,NO_APLICA,variante marcada como no modelable,,
cano,right,sinArtefactosEstricto,smote,IBk_kNN,,,,,,,,,,,,,,,0,True,NO_APLICA,variante marcada como no modelable,,
cano,right,sinArtefactosEstricto,smote,RBFNetwork_aprox,,,,,,,,,,,,,,,0,True,NO_APLICA,variante marcada como no modelable,,
cano,right,sinArtefactosEstricto,smote_tomek,SMO_SVM,,,,,,,,,,,,,,,0,True,NO_APLICA,variante marcada como no modelable,,
cano,right,sinArtefactosEstricto,smote_tomek,RandomForest,,,,,,,,,,,,,,,0,True,NO_APLICA,variante marcada como no modelable,,
cano,right,sinArtefactosEstricto,smote_tomek,MLP,,,,,,,,,,,,,,,0,True,NO_APLICA,variante marcada como no modelable,,
cano,right,sinArtefactosEstricto,smote_tomek,IBk_kNN,,,,,,,,,,,,,,,0,True,NO_APLICA,variante marcada como no modelable,,
cano,right,sinArtefactosEstricto,smote_tomek,RBFNetwork_aprox,,,,,,,,,,,,,,,0,True,NO_APLICA,variante marcada como no modelable,,
cano,right,sinArtefactosEstricto,random_undersampling_controlado,SMO_SVM,,,,,,,,,,,,,,,0,True,NO_APLICA,variante marcada como no modelable,,
cano,right,sinArtefactosEstricto,random_undersampling_controlado,RandomForest,,,,,,,,,,,,,,,0,True,NO_APLICA,variante marcada como no modelable,,
cano,right,sinArtefactosEstricto,random_undersampling_controlado,MLP,,,,,,,,,,,,,,,0,True,NO_APLICA,variante marcada como no modelable,,
cano,right,sinArtefactosEstricto,random_undersampling_controlado,IBk_kNN,,,,,,,,,,,,,,,0,True,NO_APLICA,variante marcada como no modelable,,
cano,right,sinArtefactosEstricto,random_undersampling_controlado,RBFNetwork_aprox,,,,,,,,,,,,,,,0,True,NO_APLICA,variante marcada como no modelable,,
villanueva,all,noOutliers,sin_balanceo,SMO_SVM,36.39,21.1,-0.21,0.2177,0.3563,0.0625,0.4986,0.2038,0.0789,0.1111,0.4668,0.2028,0.1579,0.6026,16,False,no,"Recall crítico bajo en: left, pull, push, right",bloques,2.0
villanueva,all,noOutliers,sin_balanceo,RandomForest,38.13,18.17,-0.2453,0.1726,0.3506,0.0,0.5913,0.109,0.0263,0.0,0.478,0.1437,0.0667,0.4914,16,False,no,"Recall crítico bajo en: left, push, right",bloques,2.0
villanueva,all,noOutliers,sin_balanceo,MLP,36.08,19.21,-0.2358,0.1931,0.3484,0.0,0.5095,0.1801,0.0789,0.0,0.4606,0.1863,0.1579,0.5699,16,False,no,"Recall crítico bajo en: left, push, right",bloques,2.0
villanueva,all,noOutliers,sin_balanceo,IBk_kNN,34.97,29.84,-0.1729,0.2913,0.3524,0.375,0.4169,0.2701,0.1316,0.2857,0.45,0.2317,0.2,0.4976,16,False,no,"Recall crítico bajo en: left, pull, push, right",bloques,2.0
villanueva,all,noOutliers,sin_balanceo,RBFNetwork_aprox,40.35,18.58,-0.2195,0.1715,0.3654,0.0,0.6294,0.1137,0.0,0.0,0.4925,0.1611,0.0,0.6065,16,False,no,"Recall crítico bajo en: left, push, right",bloques,2.0
villanueva,all,noOutliers,random_oversampling,SMO_SVM,35.28,24.29,-0.1811,0.2469,0.3547,0.125,0.4469,0.2417,0.1579,0.1176,0.462,0.2198,0.2143,0.6104,16,False,no,"Recall crítico bajo en: left, pull, push, right",bloques,2.0
villanueva,all,noOutliers,random_oversampling,RandomForest,37.5,19.74,-0.231,0.1981,0.3542,0.0625,0.5586,0.1422,0.0263,0.1429,0.4756,0.1676,0.0667,0.5136,16,False,no,"Recall crítico bajo en: left, push, right",bloques,2.0
villanueva,all,noOutliers,random_oversampling,MLP,35.28,21.96,-0.227,0.2282,0.3463,0.125,0.485,0.1896,0.0789,0.1818,0.4564,0.1887,0.1579,0.5864,16,False,no,"Recall crítico bajo en: left, pull, push, right",bloques,2.0
villanueva,all,noOutliers,random_oversampling,IBk_kNN,33.86,28.62,-0.1877,0.2774,0.342,0.375,0.4087,0.2559,0.1053,0.2857,0.4464,0.2177,0.1481,0.4899,16,False,no,"Recall crítico bajo en: left, pull, push, right",bloques,2.0
villanueva,all,noOutliers,random_oversampling,RBFNetwork_aprox,38.92,27.36,-0.1711,0.2916,0.3801,0.25,0.5259,0.2133,0.1053,0.4,0.4765,0.2284,0.2,0.608,16,False,no,"Recall crítico bajo en: left, push, right",bloques,2.0
villanueva,all,noOutliers,class_weight_balanced,SMO_SVM,36.39,24.81,-0.1775,0.2594,0.3631,0.125,0.4632,0.2464,0.1579,0.2222,0.4632,0.2301,0.2,0.6047,16,False,no,"Recall crítico bajo en: left, pull, push, right",bloques,2.0
villanueva,all,noOutliers,class_weight_balanced,RandomForest,38.29,19.19,-0.2419,0.1883,0.3526,0.0625,0.5913,0.1137,0.0,0.2,0.478,0.15,0.0,0.5002,16,False,no,"Recall crítico bajo en: left, push, right",bloques,2.0
villanueva,all,noOutliers,class_weight_balanced,MLP,,,,,,,,,,,,,,,16,False,NO_APLICA,class_weight no soportado por este modelo,,
villanueva,all,noOutliers,class_weight_balanced,IBk_kNN,,,,,,,,,,,,,,,16,False,NO_APLICA,class_weight no soportado por este modelo,,
villanueva,all,noOutliers,class_weight_balanced,RBFNetwork_aprox,38.92,27.76,-0.1547,0.2963,0.3843,0.25,0.5041,0.2512,0.1053,0.4,0.4793,0.2454,0.2,0.6068,16,False,no,"Recall crítico bajo en: left, push, right",bloques,2.0
villanueva,all,noOutliers,smote,SMO_SVM,35.44,27.19,-0.1814,0.273,0.3556,0.25,0.4523,0.2275,0.1579,0.2105,0.4624,0.2105,0.2308,0.6132,16,False,no,"SMOTE experimental: min_clase < 20; Recall crítico bajo en: left, pull, push, right",bloques,2.0
villanueva,all,noOutliers,smote,RandomForest,38.13,20.7,-0.2186,0.2116,0.361,0.0625,0.5613,0.1517,0.0526,0.2,0.4758,0.1829,0.1053,0.5333,16,False,no,"SMOTE experimental: min_clase < 20; Recall crítico bajo en: left, push, right",bloques,2.0
villanueva,all,noOutliers,smote,MLP,35.76,23.56,-0.2212,0.2431,0.3497,0.1875,0.4959,0.1801,0.0789,0.2308,0.4596,0.1863,0.1579,0.5792,16,False,no,"SMOTE experimental: min_clase < 20; Recall crítico bajo en: left, pull, push, right",bloques,2.0
villanueva,all,noOutliers,smote,IBk_kNN,30.85,32.35,-0.1833,0.2729,0.3151,0.5625,0.3488,0.2512,0.1316,0.2647,0.4224,0.2129,0.1087,0.5073,16,False,no,"SMOTE experimental: min_clase < 20; Recall crítico bajo en: pull, push, right",bloques,2.0
villanueva,all,noOutliers,smote,RBFNetwork_aprox,37.82,26.83,-0.1871,0.2866,0.3706,0.25,0.5095,0.2085,0.1053,0.4,0.4687,0.2167,0.2,0.5859,16,False,no,"SMOTE experimental: min_clase < 20; Recall crítico bajo en: left, push, right",bloques,2.0
villanueva,all,noOutliers,smote_tomek,SMO_SVM,35.44,27.19,-0.1814,0.273,0.3556,0.25,0.4523,0.2275,0.1579,0.2105,0.4624,0.2105,0.2308,0.6132,16,False,no,"SMOTE experimental: min_clase < 20; Recall crítico bajo en: left, pull, push, right",bloques,2.0
villanueva,all,noOutliers,smote_tomek,RandomForest,38.13,20.7,-0.2186,0.2116,0.361,0.0625,0.5613,0.1517,0.0526,0.2,0.4758,0.1829,0.1053,0.5333,16,False,no,"SMOTE experimental: min_clase < 20; Recall crítico bajo en: left, push, right",bloques,2.0
villanueva,all,noOutliers,smote_tomek,MLP,35.76,23.56,-0.2212,0.2431,0.3497,0.1875,0.4959,0.1801,0.0789,0.2308,0.4596,0.1863,0.1579,0.5792,16,False,no,"SMOTE experimental: min_clase < 20; Recall crítico bajo en: left, pull, push, right",bloques,2.0
villanueva,all,noOutliers,smote_tomek,IBk_kNN,30.85,32.35,-0.1833,0.2729,0.3151,0.5625,0.3488,0.2512,0.1316,0.2647,0.4224,0.2129,0.1087,0.5073,16,False,no,"SMOTE experimental: min_clase < 20; Recall crítico bajo en: pull, push, right",bloques,2.0
villanueva,all,noOutliers,smote_tomek,RBFNetwork_aprox,37.82,26.83,-0.1871,0.2866,0.3706,0.25,0.5095,0.2085,0.1053,0.4,0.4687,0.2167,0.2,0.5859,16,False,no,"SMOTE experimental: min_clase < 20; Recall crítico bajo en: left, push, right",bloques,2.0
villanueva,all,noOutliers,random_undersampling_controlado,SMO_SVM,36.39,31.9,-0.0499,0.2721,0.3793,0.375,0.3924,0.3507,0.1579,0.1395,0.5,0.3231,0.0833,0.6122,16,False,no,"Recall crítico bajo en: left, pull, push, right",bloques,2.0
villanueva,all,noOutliers,random_undersampling_controlado,RandomForest,37.5,28.11,-0.0017,0.2608,0.3987,0.1875,0.3787,0.4265,0.1316,0.0968,0.5326,0.3797,0.0485,0.5997,16,False,no,"Recall crítico bajo en: left, pull, push, right",bloques,2.0
villanueva,all,noOutliers,random_undersampling_controlado,MLP,34.65,31.03,-0.077,0.2831,0.3648,0.375,0.3978,0.2844,0.1842,0.2609,0.4949,0.2844,0.068,0.5741,16,False,no,"Recall crítico bajo en: left, pull, push, right",bloques,2.0
villanueva,all,noOutliers,random_undersampling_controlado,IBk_kNN,32.44,33.35,-0.0156,0.2614,0.3469,0.5,0.2807,0.4218,0.1316,0.16,0.5176,0.3397,0.0413,0.5372,16,False,no,"Recall crítico bajo en: pull, push, right",bloques,2.0
villanueva,all,noOutliers,random_undersampling_controlado,RBFNetwork_aprox,38.77,26.29,-0.1071,0.2756,0.3904,0.25,0.4605,0.3412,0.0,0.4,0.4913,0.3,0.0,0.66,16,False,no,"Recall crítico bajo en: left, pull, push, right",bloques,2.0
villanueva,all,sinArtefactosConservador,sin_balanceo,SMO_SVM,,,,,,,,,,,,,,,0,True,NO_APLICA,variante marcada como no modelable,,
villanueva,all,sinArtefactosConservador,sin_balanceo,RandomForest,,,,,,,,,,,,,,,0,True,NO_APLICA,variante marcada como no modelable,,
villanueva,all,sinArtefactosConservador,sin_balanceo,MLP,,,,,,,,,,,,,,,0,True,NO_APLICA,variante marcada como no modelable,,
villanueva,all,sinArtefactosConservador,sin_balanceo,IBk_kNN,,,,,,,,,,,,,,,0,True,NO_APLICA,variante marcada como no modelable,,
villanueva,all,sinArtefactosConservador,sin_balanceo,RBFNetwork_aprox,,,,,,,,,,,,,,,0,True,NO_APLICA,variante marcada como no modelable,,
villanueva,all,sinArtefactosConservador,random_oversampling,SMO_SVM,,,,,,,,,,,,,,,0,True,NO_APLICA,variante marcada como no modelable,,
villanueva,all,sinArtefactosConservador,random_oversampling,RandomForest,,,,,,,,,,,,,,,0,True,NO_APLICA,variante marcada como no modelable,,
villanueva,all,sinArtefactosConservador,random_oversampling,MLP,,,,,,,,,,,,,,,0,True,NO_APLICA,variante marcada como no modelable,,
villanueva,all,sinArtefactosConservador,random_oversampling,IBk_kNN,,,,,,,,,,,,,,,0,True,NO_APLICA,variante marcada como no modelable,,
villanueva,all,sinArtefactosConservador,random_oversampling,RBFNetwork_aprox,,,,,,,,,,,,,,,0,True,NO_APLICA,variante marcada como no modelable,,
villanueva,all,sinArtefactosConservador,class_weight_balanced,SMO_SVM,,,,,,,,,,,,,,,0,True,NO_APLICA,variante marcada como no modelable,,
villanueva,all,sinArtefactosConservador,class_weight_balanced,RandomForest,,,,,,,,,,,,,,,0,True,NO_APLICA,variante marcada como no modelable,,
villanueva,all,sinArtefactosConservador,class_weight_balanced,MLP,,,,,,,,,,,,,,,0,True,NO_APLICA,variante marcada como no modelable,,
villanueva,all,sinArtefactosConservador,class_weight_balanced,IBk_kNN,,,,,,,,,,,,,,,0,True,NO_APLICA,variante marcada como no modelable,,
villanueva,all,sinArtefactosConservador,class_weight_balanced,RBFNetwork_aprox,,,,,,,,,,,,,,,0,True,NO_APLICA,variante marcada como no modelable,,
villanueva,all,sinArtefactosConservador,smote,SMO_SVM,,,,,,,,,,,,,,,0,True,NO_APLICA,variante marcada como no modelable,,
villanueva,all,sinArtefactosConservador,smote,RandomForest,,,,,,,,,,,,,,,0,True,NO_APLICA,variante marcada como no modelable,,
villanueva,all,sinArtefactosConservador,smote,MLP,,,,,,,,,,,,,,,0,True,NO_APLICA,variante marcada como no modelable,,
villanueva,all,sinArtefactosConservador,smote,IBk_kNN,,,,,,,,,,,,,,,0,True,NO_APLICA,variante marcada como no modelable,,
villanueva,all,sinArtefactosConservador,smote,RBFNetwork_aprox,,,,,,,,,,,,,,,0,True,NO_APLICA,variante marcada como no modelable,,
villanueva,all,sinArtefactosConservador,smote_tomek,SMO_SVM,,,,,,,,,,,,,,,0,True,NO_APLICA,variante marcada como no modelable,,
villanueva,all,sinArtefactosConservador,smote_tomek,RandomForest,,,,,,,,,,,,,,,0,True,NO_APLICA,variante marcada como no modelable,,
villanueva,all,sinArtefactosConservador,smote_tomek,MLP,,,,,,,,,,,,,,,0,True,NO_APLICA,variante marcada como no modelable,,
villanueva,all,sinArtefactosConservador,smote_tomek,IBk_kNN,,,,,,,,,,,,,,,0,True,NO_APLICA,variante marcada como no modelable,,
villanueva,all,sinArtefactosConservador,smote_tomek,RBFNetwork_aprox,,,,,,,,,,,,,,,0,True,NO_APLICA,variante marcada como no modelable,,
villanueva,all,sinArtefactosConservador,random_undersampling_controlado,SMO_SVM,,,,,,,,,,,,,,,0,True,NO_APLICA,variante marcada como no modelable,,
villanueva,all,sinArtefactosConservador,random_undersampling_controlado,RandomForest,,,,,,,,,,,,,,,0,True,NO_APLICA,variante marcada como no modelable,,
villanueva,all,sinArtefactosConservador,random_undersampling_controlado,MLP,,,,,,,,,,,,,,,0,True,NO_APLICA,variante marcada como no modelable,,
villanueva,all,sinArtefactosConservador,random_undersampling_controlado,IBk_kNN,,,,,,,,,,,,,,,0,True,NO_APLICA,variante marcada como no modelable,,
villanueva,all,sinArtefactosConservador,random_undersampling_controlado,RBFNetwork_aprox,,,,,,,,,,,,,,,0,True,NO_APLICA,variante marcada como no modelable,,
villanueva,all,sinArtefactosEstricto,sin_balanceo,SMO_SVM,,,,,,,,,,,,,,,0,True,NO_APLICA,variante marcada como no modelable,,
villanueva,all,sinArtefactosEstricto,sin_balanceo,RandomForest,,,,,,,,,,,,,,,0,True,NO_APLICA,variante marcada como no modelable,,
villanueva,all,sinArtefactosEstricto,sin_balanceo,MLP,,,,,,,,,,,,,,,0,True,NO_APLICA,variante marcada como no modelable,,
villanueva,all,sinArtefactosEstricto,sin_balanceo,IBk_kNN,,,,,,,,,,,,,,,0,True,NO_APLICA,variante marcada como no modelable,,
villanueva,all,sinArtefactosEstricto,sin_balanceo,RBFNetwork_aprox,,,,,,,,,,,,,,,0,True,NO_APLICA,variante marcada como no modelable,,
villanueva,all,sinArtefactosEstricto,random_oversampling,SMO_SVM,,,,,,,,,,,,,,,0,True,NO_APLICA,variante marcada como no modelable,,
villanueva,all,sinArtefactosEstricto,random_oversampling,RandomForest,,,,,,,,,,,,,,,0,True,NO_APLICA,variante marcada como no modelable,,
villanueva,all,sinArtefactosEstricto,random_oversampling,MLP,,,,,,,,,,,,,,,0,True,NO_APLICA,variante marcada como no modelable,,
villanueva,all,sinArtefactosEstricto,random_oversampling,IBk_kNN,,,,,,,,,,,,,,,0,True,NO_APLICA,variante marcada como no modelable,,
villanueva,all,sinArtefactosEstricto,random_oversampling,RBFNetwork_aprox,,,,,,,,,,,,,,,0,True,NO_APLICA,variante marcada como no modelable,,
villanueva,all,sinArtefactosEstricto,class_weight_balanced,SMO_SVM,,,,,,,,,,,,,,,0,True,NO_APLICA,variante marcada como no modelable,,
villanueva,all,sinArtefactosEstricto,class_weight_balanced,RandomForest,,,,,,,,,,,,,,,0,True,NO_APLICA,variante marcada como no modelable,,
villanueva,all,sinArtefactosEstricto,class_weight_balanced,MLP,,,,,,,,,,,,,,,0,True,NO_APLICA,variante marcada como no modelable,,
villanueva,all,sinArtefactosEstricto,class_weight_balanced,IBk_kNN,,,,,,,,,,,,,,,0,True,NO_APLICA,variante marcada como no modelable,,
villanueva,all,sinArtefactosEstricto,class_weight_balanced,RBFNetwork_aprox,,,,,,,,,,,,,,,0,True,NO_APLICA,variante marcada como no modelable,,
villanueva,all,sinArtefactosEstricto,smote,SMO_SVM,,,,,,,,,,,,,,,0,True,NO_APLICA,variante marcada como no modelable,,
villanueva,all,sinArtefactosEstricto,smote,RandomForest,,,,,,,,,,,,,,,0,True,NO_APLICA,variante marcada como no modelable,,
villanueva,all,sinArtefactosEstricto,smote,MLP,,,,,,,,,,,,,,,0,True,NO_APLICA,variante marcada como no modelable,,
villanueva,all,sinArtefactosEstricto,smote,IBk_kNN,,,,,,,,,,,,,,,0,True,NO_APLICA,variante marcada como no modelable,,
villanueva,all,sinArtefactosEstricto,smote,RBFNetwork_aprox,,,,,,,,,,,,,,,0,True,NO_APLICA,variante marcada como no modelable,,
villanueva,all,sinArtefactosEstricto,smote_tomek,SMO_SVM,,,,,,,,,,,,,,,0,True,NO_APLICA,variante marcada como no modelable,,
villanueva,all,sinArtefactosEstricto,smote_tomek,RandomForest,,,,,,,,,,,,,,,0,True,NO_APLICA,variante marcada como no modelable,,
villanueva,all,sinArtefactosEstricto,smote_tomek,MLP,,,,,,,,,,,,,,,0,True,NO_APLICA,variante marcada como no modelable,,
villanueva,all,sinArtefactosEstricto,smote_tomek,IBk_kNN,,,,,,,,,,,,,,,0,True,NO_APLICA,variante marcada como no modelable,,
villanueva,all,sinArtefactosEstricto,smote_tomek,RBFNetwork_aprox,,,,,,,,,,,,,,,0,True,NO_APLICA,variante marcada como no modelable,,
villanueva,all,sinArtefactosEstricto,random_undersampling_controlado,SMO_SVM,,,,,,,,,,,,,,,0,True,NO_APLICA,variante marcada como no modelable,,
villanueva,all,sinArtefactosEstricto,random_undersampling_controlado,RandomForest,,,,,,,,,,,,,,,0,True,NO_APLICA,variante marcada como no modelable,,
villanueva,all,sinArtefactosEstricto,random_undersampling_controlado,MLP,,,,,,,,,,,,,,,0,True,NO_APLICA,variante marcada como no modelable,,
villanueva,all,sinArtefactosEstricto,random_undersampling_controlado,IBk_kNN,,,,,,,,,,,,,,,0,True,NO_APLICA,variante marcada como no modelable,,
villanueva,all,sinArtefactosEstricto,random_undersampling_controlado,RBFNetwork_aprox,,,,,,,,,,,,,,,0,True,NO_APLICA,variante marcada como no modelable,,
villanueva,left,noOutliers,sin_balanceo,SMO_SVM,,,,,,,,,,,,,,,0,True,NO_APLICA,menos de dos clases modelables,,
villanueva,left,noOutliers,sin_balanceo,RandomForest,,,,,,,,,,,,,,,0,True,NO_APLICA,menos de dos clases modelables,,
villanueva,left,noOutliers,sin_balanceo,MLP,,,,,,,,,,,,,,,0,True,NO_APLICA,menos de dos clases modelables,,
villanueva,left,noOutliers,sin_balanceo,IBk_kNN,,,,,,,,,,,,,,,0,True,NO_APLICA,menos de dos clases modelables,,
villanueva,left,noOutliers,sin_balanceo,RBFNetwork_aprox,,,,,,,,,,,,,,,0,True,NO_APLICA,menos de dos clases modelables,,
villanueva,left,noOutliers,random_oversampling,SMO_SVM,,,,,,,,,,,,,,,0,True,NO_APLICA,menos de dos clases modelables,,
villanueva,left,noOutliers,random_oversampling,RandomForest,,,,,,,,,,,,,,,0,True,NO_APLICA,menos de dos clases modelables,,
villanueva,left,noOutliers,random_oversampling,MLP,,,,,,,,,,,,,,,0,True,NO_APLICA,menos de dos clases modelables,,
villanueva,left,noOutliers,random_oversampling,IBk_kNN,,,,,,,,,,,,,,,0,True,NO_APLICA,menos de dos clases modelables,,
villanueva,left,noOutliers,random_oversampling,RBFNetwork_aprox,,,,,,,,,,,,,,,0,True,NO_APLICA,menos de dos clases modelables,,
villanueva,left,noOutliers,class_weight_balanced,SMO_SVM,,,,,,,,,,,,,,,0,True,NO_APLICA,menos de dos clases modelables,,
villanueva,left,noOutliers,class_weight_balanced,RandomForest,,,,,,,,,,,,,,,0,True,NO_APLICA,menos de dos clases modelables,,
villanueva,left,noOutliers,class_weight_balanced,MLP,,,,,,,,,,,,,,,0,True,NO_APLICA,menos de dos clases modelables,,
villanueva,left,noOutliers,class_weight_balanced,IBk_kNN,,,,,,,,,,,,,,,0,True,NO_APLICA,menos de dos clases modelables,,
villanueva,left,noOutliers,class_weight_balanced,RBFNetwork_aprox,,,,,,,,,,,,,,,0,True,NO_APLICA,menos de dos clases modelables,,
villanueva,left,noOutliers,smote,SMO_SVM,,,,,,,,,,,,,,,0,True,NO_APLICA,menos de dos clases modelables,,
villanueva,left,noOutliers,smote,RandomForest,,,,,,,,,,,,,,,0,True,NO_APLICA,menos de dos clases modelables,,
villanueva,left,noOutliers,smote,MLP,,,,,,,,,,,,,,,0,True,NO_APLICA,menos de dos clases modelables,,
villanueva,left,noOutliers,smote,IBk_kNN,,,,,,,,,,,,,,,0,True,NO_APLICA,menos de dos clases modelables,,
villanueva,left,noOutliers,smote,RBFNetwork_aprox,,,,,,,,,,,,,,,0,True,NO_APLICA,menos de dos clases modelables,,
villanueva,left,noOutliers,smote_tomek,SMO_SVM,,,,,,,,,,,,,,,0,True,NO_APLICA,menos de dos clases modelables,,
villanueva,left,noOutliers,smote_tomek,RandomForest,,,,,,,,,,,,,,,0,True,NO_APLICA,menos de dos clases modelables,,
villanueva,left,noOutliers,smote_tomek,MLP,,,,,,,,,,,,,,,0,True,NO_APLICA,menos de dos clases modelables,,
villanueva,left,noOutliers,smote_tomek,IBk_kNN,,,,,,,,,,,,,,,0,True,NO_APLICA,menos de dos clases modelables,,
villanueva,left,noOutliers,smote_tomek,RBFNetwork_aprox,,,,,,,,,,,,,,,0,True,NO_APLICA,menos de dos clases modelables,,
villanueva,left,noOutliers,random_undersampling_controlado,SMO_SVM,,,,,,,,,,,,,,,0,True,NO_APLICA,menos de dos clases modelables,,
villanueva,left,noOutliers,random_undersampling_controlado,RandomForest,,,,,,,,,,,,,,,0,True,NO_APLICA,menos de dos clases modelables,,
villanueva,left,noOutliers,random_undersampling_controlado,MLP,,,,,,,,,,,,,,,0,True,NO_APLICA,menos de dos clases modelables,,
villanueva,left,noOutliers,random_undersampling_controlado,IBk_kNN,,,,,,,,,,,,,,,0,True,NO_APLICA,menos de dos clases modelables,,
villanueva,left,noOutliers,random_undersampling_controlado,RBFNetwork_aprox,,,,,,,,,,,,,,,0,True,NO_APLICA,menos de dos clases modelables,,
villanueva,left,sinArtefactosConservador,sin_balanceo,SMO_SVM,,,,,,,,,,,,,,,0,True,NO_APLICA,variante marcada como no modelable,,
villanueva,left,sinArtefactosConservador,sin_balanceo,RandomForest,,,,,,,,,,,,,,,0,True,NO_APLICA,variante marcada como no modelable,,
villanueva,left,sinArtefactosConservador,sin_balanceo,MLP,,,,,,,,,,,,,,,0,True,NO_APLICA,variante marcada como no modelable,,
villanueva,left,sinArtefactosConservador,sin_balanceo,IBk_kNN,,,,,,,,,,,,,,,0,True,NO_APLICA,variante marcada como no modelable,,
villanueva,left,sinArtefactosConservador,sin_balanceo,RBFNetwork_aprox,,,,,,,,,,,,,,,0,True,NO_APLICA,variante marcada como no modelable,,
villanueva,left,sinArtefactosConservador,random_oversampling,SMO_SVM,,,,,,,,,,,,,,,0,True,NO_APLICA,variante marcada como no modelable,,
villanueva,left,sinArtefactosConservador,random_oversampling,RandomForest,,,,,,,,,,,,,,,0,True,NO_APLICA,variante marcada como no modelable,,
villanueva,left,sinArtefactosConservador,random_oversampling,MLP,,,,,,,,,,,,,,,0,True,NO_APLICA,variante marcada como no modelable,,
villanueva,left,sinArtefactosConservador,random_oversampling,IBk_kNN,,,,,,,,,,,,,,,0,True,NO_APLICA,variante marcada como no modelable,,
villanueva,left,sinArtefactosConservador,random_oversampling,RBFNetwork_aprox,,,,,,,,,,,,,,,0,True,NO_APLICA,variante marcada como no modelable,,
villanueva,left,sinArtefactosConservador,class_weight_balanced,SMO_SVM,,,,,,,,,,,,,,,0,True,NO_APLICA,variante marcada como no modelable,,
villanueva,left,sinArtefactosConservador,class_weight_balanced,RandomForest,,,,,,,,,,,,,,,0,True,NO_APLICA,variante marcada como no modelable,,
villanueva,left,sinArtefactosConservador,class_weight_balanced,MLP,,,,,,,,,,,,,,,0,True,NO_APLICA,variante marcada como no modelable,,
villanueva,left,sinArtefactosConservador,class_weight_balanced,IBk_kNN,,,,,,,,,,,,,,,0,True,NO_APLICA,variante marcada como no modelable,,
villanueva,left,sinArtefactosConservador,class_weight_balanced,RBFNetwork_aprox,,,,,,,,,,,,,,,0,True,NO_APLICA,variante marcada como no modelable,,
villanueva,left,sinArtefactosConservador,smote,SMO_SVM,,,,,,,,,,,,,,,0,True,NO_APLICA,variante marcada como no modelable,,
villanueva,left,sinArtefactosConservador,smote,RandomForest,,,,,,,,,,,,,,,0,True,NO_APLICA,variante marcada como no modelable,,
villanueva,left,sinArtefactosConservador,smote,MLP,,,,,,,,,,,,,,,0,True,NO_APLICA,variante marcada como no modelable,,
villanueva,left,sinArtefactosConservador,smote,IBk_kNN,,,,,,,,,,,,,,,0,True,NO_APLICA,variante marcada como no modelable,,
villanueva,left,sinArtefactosConservador,smote,RBFNetwork_aprox,,,,,,,,,,,,,,,0,True,NO_APLICA,variante marcada como no modelable,,
villanueva,left,sinArtefactosConservador,smote_tomek,SMO_SVM,,,,,,,,,,,,,,,0,True,NO_APLICA,variante marcada como no modelable,,
villanueva,left,sinArtefactosConservador,smote_tomek,RandomForest,,,,,,,,,,,,,,,0,True,NO_APLICA,variante marcada como no modelable,,
villanueva,left,sinArtefactosConservador,smote_tomek,MLP,,,,,,,,,,,,,,,0,True,NO_APLICA,variante marcada como no modelable,,
villanueva,left,sinArtefactosConservador,smote_tomek,IBk_kNN,,,,,,,,,,,,,,,0,True,NO_APLICA,variante marcada como no modelable,,
villanueva,left,sinArtefactosConservador,smote_tomek,RBFNetwork_aprox,,,,,,,,,,,,,,,0,True,NO_APLICA,variante marcada como no modelable,,
villanueva,left,sinArtefactosConservador,random_undersampling_controlado,SMO_SVM,,,,,,,,,,,,,,,0,True,NO_APLICA,variante marcada como no modelable,,
villanueva,left,sinArtefactosConservador,random_undersampling_controlado,RandomForest,,,,,,,,,,,,,,,0,True,NO_APLICA,variante marcada como no modelable,,
villanueva,left,sinArtefactosConservador,random_undersampling_controlado,MLP,,,,,,,,,,,,,,,0,True,NO_APLICA,variante marcada como no modelable,,
villanueva,left,sinArtefactosConservador,random_undersampling_controlado,IBk_kNN,,,,,,,,,,,,,,,0,True,NO_APLICA,variante marcada como no modelable,,
villanueva,left,sinArtefactosConservador,random_undersampling_controlado,RBFNetwork_aprox,,,,,,,,,,,,,,,0,True,NO_APLICA,variante marcada como no modelable,,
villanueva,left,sinArtefactosEstricto,sin_balanceo,SMO_SVM,,,,,,,,,,,,,,,0,True,NO_APLICA,variante marcada como no modelable,,
villanueva,left,sinArtefactosEstricto,sin_balanceo,RandomForest,,,,,,,,,,,,,,,0,True,NO_APLICA,variante marcada como no modelable,,
villanueva,left,sinArtefactosEstricto,sin_balanceo,MLP,,,,,,,,,,,,,,,0,True,NO_APLICA,variante marcada como no modelable,,
villanueva,left,sinArtefactosEstricto,sin_balanceo,IBk_kNN,,,,,,,,,,,,,,,0,True,NO_APLICA,variante marcada como no modelable,,
villanueva,left,sinArtefactosEstricto,sin_balanceo,RBFNetwork_aprox,,,,,,,,,,,,,,,0,True,NO_APLICA,variante marcada como no modelable,,
villanueva,left,sinArtefactosEstricto,random_oversampling,SMO_SVM,,,,,,,,,,,,,,,0,True,NO_APLICA,variante marcada como no modelable,,
villanueva,left,sinArtefactosEstricto,random_oversampling,RandomForest,,,,,,,,,,,,,,,0,True,NO_APLICA,variante marcada como no modelable,,
villanueva,left,sinArtefactosEstricto,random_oversampling,MLP,,,,,,,,,,,,,,,0,True,NO_APLICA,variante marcada como no modelable,,
villanueva,left,sinArtefactosEstricto,random_oversampling,IBk_kNN,,,,,,,,,,,,,,,0,True,NO_APLICA,variante marcada como no modelable,,
villanueva,left,sinArtefactosEstricto,random_oversampling,RBFNetwork_aprox,,,,,,,,,,,,,,,0,True,NO_APLICA,variante marcada como no modelable,,
villanueva,left,sinArtefactosEstricto,class_weight_balanced,SMO_SVM,,,,,,,,,,,,,,,0,True,NO_APLICA,variante marcada como no modelable,,
villanueva,left,sinArtefactosEstricto,class_weight_balanced,RandomForest,,,,,,,,,,,,,,,0,True,NO_APLICA,variante marcada como no modelable,,
villanueva,left,sinArtefactosEstricto,class_weight_balanced,MLP,,,,,,,,,,,,,,,0,True,NO_APLICA,variante marcada como no modelable,,
villanueva,left,sinArtefactosEstricto,class_weight_balanced,IBk_kNN,,,,,,,,,,,,,,,0,True,NO_APLICA,variante marcada como no modelable,,
villanueva,left,sinArtefactosEstricto,class_weight_balanced,RBFNetwork_aprox,,,,,,,,,,,,,,,0,True,NO_APLICA,variante marcada como no modelable,,
villanueva,left,sinArtefactosEstricto,smote,SMO_SVM,,,,,,,,,,,,,,,0,True,NO_APLICA,variante marcada como no modelable,,
villanueva,left,sinArtefactosEstricto,smote,RandomForest,,,,,,,,,,,,,,,0,True,NO_APLICA,variante marcada como no modelable,,
villanueva,left,sinArtefactosEstricto,smote,MLP,,,,,,,,,,,,,,,0,True,NO_APLICA,variante marcada como no modelable,,
villanueva,left,sinArtefactosEstricto,smote,IBk_kNN,,,,,,,,,,,,,,,0,True,NO_APLICA,variante marcada como no modelable,,
villanueva,left,sinArtefactosEstricto,smote,RBFNetwork_aprox,,,,,,,,,,,,,,,0,True,NO_APLICA,variante marcada como no modelable,,
villanueva,left,sinArtefactosEstricto,smote_tomek,SMO_SVM,,,,,,,,,,,,,,,0,True,NO_APLICA,variante marcada como no modelable,,
villanueva,left,sinArtefactosEstricto,smote_tomek,RandomForest,,,,,,,,,,,,,,,0,True,NO_APLICA,variante marcada como no modelable,,
villanueva,left,sinArtefactosEstricto,smote_tomek,MLP,,,,,,,,,,,,,,,0,True,NO_APLICA,variante marcada como no modelable,,
villanueva,left,sinArtefactosEstricto,smote_tomek,IBk_kNN,,,,,,,,,,,,,,,0,True,NO_APLICA,variante marcada como no modelable,,
villanueva,left,sinArtefactosEstricto,smote_tomek,RBFNetwork_aprox,,,,,,,,,,,,,,,0,True,NO_APLICA,variante marcada como no modelable,,
villanueva,left,sinArtefactosEstricto,random_undersampling_controlado,SMO_SVM,,,,,,,,,,,,,,,0,True,NO_APLICA,variante marcada como no modelable,,
villanueva,left,sinArtefactosEstricto,random_undersampling_controlado,RandomForest,,,,,,,,,,,,,,,0,True,NO_APLICA,variante marcada como no modelable,,
villanueva,left,sinArtefactosEstricto,random_undersampling_controlado,MLP,,,,,,,,,,,,,,,0,True,NO_APLICA,variante marcada como no modelable,,
villanueva,left,sinArtefactosEstricto,random_undersampling_controlado,IBk_kNN,,,,,,,,,,,,,,,0,True,NO_APLICA,variante marcada como no modelable,,
villanueva,left,sinArtefactosEstricto,random_undersampling_controlado,RBFNetwork_aprox,,,,,,,,,,,,,,,0,True,NO_APLICA,variante marcada como no modelable,,
villanueva,pull,noOutliers,sin_balanceo,SMO_SVM,,,,,,,,,,,,,,,0,True,NO_APLICA,menos de dos clases modelables,,
villanueva,pull,noOutliers,sin_balanceo,RandomForest,,,,,,,,,,,,,,,0,True,NO_APLICA,menos de dos clases modelables,,
villanueva,pull,noOutliers,sin_balanceo,MLP,,,,,,,,,,,,,,,0,True,NO_APLICA,menos de dos clases modelables,,
villanueva,pull,noOutliers,sin_balanceo,IBk_kNN,,,,,,,,,,,,,,,0,True,NO_APLICA,menos de dos clases modelables,,
villanueva,pull,noOutliers,sin_balanceo,RBFNetwork_aprox,,,,,,,,,,,,,,,0,True,NO_APLICA,menos de dos clases modelables,,
villanueva,pull,noOutliers,random_oversampling,SMO_SVM,,,,,,,,,,,,,,,0,True,NO_APLICA,menos de dos clases modelables,,
villanueva,pull,noOutliers,random_oversampling,RandomForest,,,,,,,,,,,,,,,0,True,NO_APLICA,menos de dos clases modelables,,
villanueva,pull,noOutliers,random_oversampling,MLP,,,,,,,,,,,,,,,0,True,NO_APLICA,menos de dos clases modelables,,
villanueva,pull,noOutliers,random_oversampling,IBk_kNN,,,,,,,,,,,,,,,0,True,NO_APLICA,menos de dos clases modelables,,
villanueva,pull,noOutliers,random_oversampling,RBFNetwork_aprox,,,,,,,,,,,,,,,0,True,NO_APLICA,menos de dos clases modelables,,
villanueva,pull,noOutliers,class_weight_balanced,SMO_SVM,,,,,,,,,,,,,,,0,True,NO_APLICA,menos de dos clases modelables,,
villanueva,pull,noOutliers,class_weight_balanced,RandomForest,,,,,,,,,,,,,,,0,True,NO_APLICA,menos de dos clases modelables,,
villanueva,pull,noOutliers,class_weight_balanced,MLP,,,,,,,,,,,,,,,0,True,NO_APLICA,menos de dos clases modelables,,
villanueva,pull,noOutliers,class_weight_balanced,IBk_kNN,,,,,,,,,,,,,,,0,True,NO_APLICA,menos de dos clases modelables,,
villanueva,pull,noOutliers,class_weight_balanced,RBFNetwork_aprox,,,,,,,,,,,,,,,0,True,NO_APLICA,menos de dos clases modelables,,
villanueva,pull,noOutliers,smote,SMO_SVM,,,,,,,,,,,,,,,0,True,NO_APLICA,menos de dos clases modelables,,
villanueva,pull,noOutliers,smote,RandomForest,,,,,,,,,,,,,,,0,True,NO_APLICA,menos de dos clases modelables,,
villanueva,pull,noOutliers,smote,MLP,,,,,,,,,,,,,,,0,True,NO_APLICA,menos de dos clases modelables,,
villanueva,pull,noOutliers,smote,IBk_kNN,,,,,,,,,,,,,,,0,True,NO_APLICA,menos de dos clases modelables,,
villanueva,pull,noOutliers,smote,RBFNetwork_aprox,,,,,,,,,,,,,,,0,True,NO_APLICA,menos de dos clases modelables,,
villanueva,pull,noOutliers,smote_tomek,SMO_SVM,,,,,,,,,,,,,,,0,True,NO_APLICA,menos de dos clases modelables,,
villanueva,pull,noOutliers,smote_tomek,RandomForest,,,,,,,,,,,,,,,0,True,NO_APLICA,menos de dos clases modelables,,
villanueva,pull,noOutliers,smote_tomek,MLP,,,,,,,,,,,,,,,0,True,NO_APLICA,menos de dos clases modelables,,
villanueva,pull,noOutliers,smote_tomek,IBk_kNN,,,,,,,,,,,,,,,0,True,NO_APLICA,menos de dos clases modelables,,
villanueva,pull,noOutliers,smote_tomek,RBFNetwork_aprox,,,,,,,,,,,,,,,0,True,NO_APLICA,menos de dos clases modelables,,
villanueva,pull,noOutliers,random_undersampling_controlado,SMO_SVM,,,,,,,,,,,,,,,0,True,NO_APLICA,menos de dos clases modelables,,
villanueva,pull,noOutliers,random_undersampling_controlado,RandomForest,,,,,,,,,,,,,,,0,True,NO_APLICA,menos de dos clases modelables,,
villanueva,pull,noOutliers,random_undersampling_controlado,MLP,,,,,,,,,,,,,,,0,True,NO_APLICA,menos de dos clases modelables,,
villanueva,pull,noOutliers,random_undersampling_controlado,IBk_kNN,,,,,,,,,,,,,,,0,True,NO_APLICA,menos de dos clases modelables,,
villanueva,pull,noOutliers,random_undersampling_controlado,RBFNetwork_aprox,,,,,,,,,,,,,,,0,True,NO_APLICA,menos de dos clases modelables,,
villanueva,pull,sinArtefactosConservador,sin_balanceo,SMO_SVM,,,,,,,,,,,,,,,0,True,NO_APLICA,variante marcada como no modelable,,
villanueva,pull,sinArtefactosConservador,sin_balanceo,RandomForest,,,,,,,,,,,,,,,0,True,NO_APLICA,variante marcada como no modelable,,
villanueva,pull,sinArtefactosConservador,sin_balanceo,MLP,,,,,,,,,,,,,,,0,True,NO_APLICA,variante marcada como no modelable,,
villanueva,pull,sinArtefactosConservador,sin_balanceo,IBk_kNN,,,,,,,,,,,,,,,0,True,NO_APLICA,variante marcada como no modelable,,
villanueva,pull,sinArtefactosConservador,sin_balanceo,RBFNetwork_aprox,,,,,,,,,,,,,,,0,True,NO_APLICA,variante marcada como no modelable,,
villanueva,pull,sinArtefactosConservador,random_oversampling,SMO_SVM,,,,,,,,,,,,,,,0,True,NO_APLICA,variante marcada como no modelable,,
villanueva,pull,sinArtefactosConservador,random_oversampling,RandomForest,,,,,,,,,,,,,,,0,True,NO_APLICA,variante marcada como no modelable,,
villanueva,pull,sinArtefactosConservador,random_oversampling,MLP,,,,,,,,,,,,,,,0,True,NO_APLICA,variante marcada como no modelable,,
villanueva,pull,sinArtefactosConservador,random_oversampling,IBk_kNN,,,,,,,,,,,,,,,0,True,NO_APLICA,variante marcada como no modelable,,
villanueva,pull,sinArtefactosConservador,random_oversampling,RBFNetwork_aprox,,,,,,,,,,,,,,,0,True,NO_APLICA,variante marcada como no modelable,,
villanueva,pull,sinArtefactosConservador,class_weight_balanced,SMO_SVM,,,,,,,,,,,,,,,0,True,NO_APLICA,variante marcada como no modelable,,
villanueva,pull,sinArtefactosConservador,class_weight_balanced,RandomForest,,,,,,,,,,,,,,,0,True,NO_APLICA,variante marcada como no modelable,,
villanueva,pull,sinArtefactosConservador,class_weight_balanced,MLP,,,,,,,,,,,,,,,0,True,NO_APLICA,variante marcada como no modelable,,
villanueva,pull,sinArtefactosConservador,class_weight_balanced,IBk_kNN,,,,,,,,,,,,,,,0,True,NO_APLICA,variante marcada como no modelable,,
villanueva,pull,sinArtefactosConservador,class_weight_balanced,RBFNetwork_aprox,,,,,,,,,,,,,,,0,True,NO_APLICA,variante marcada como no modelable,,
villanueva,pull,sinArtefactosConservador,smote,SMO_SVM,,,,,,,,,,,,,,,0,True,NO_APLICA,variante marcada como no modelable,,
villanueva,pull,sinArtefactosConservador,smote,RandomForest,,,,,,,,,,,,,,,0,True,NO_APLICA,variante marcada como no modelable,,
villanueva,pull,sinArtefactosConservador,smote,MLP,,,,,,,,,,,,,,,0,True,NO_APLICA,variante marcada como no modelable,,
villanueva,pull,sinArtefactosConservador,smote,IBk_kNN,,,,,,,,,,,,,,,0,True,NO_APLICA,variante marcada como no modelable,,
villanueva,pull,sinArtefactosConservador,smote,RBFNetwork_aprox,,,,,,,,,,,,,,,0,True,NO_APLICA,variante marcada como no modelable,,
villanueva,pull,sinArtefactosConservador,smote_tomek,SMO_SVM,,,,,,,,,,,,,,,0,True,NO_APLICA,variante marcada como no modelable,,
villanueva,pull,sinArtefactosConservador,smote_tomek,RandomForest,,,,,,,,,,,,,,,0,True,NO_APLICA,variante marcada como no modelable,,
villanueva,pull,sinArtefactosConservador,smote_tomek,MLP,,,,,,,,,,,,,,,0,True,NO_APLICA,variante marcada como no modelable,,
villanueva,pull,sinArtefactosConservador,smote_tomek,IBk_kNN,,,,,,,,,,,,,,,0,True,NO_APLICA,variante marcada como no modelable,,
villanueva,pull,sinArtefactosConservador,smote_tomek,RBFNetwork_aprox,,,,,,,,,,,,,,,0,True,NO_APLICA,variante marcada como no modelable,,
villanueva,pull,sinArtefactosConservador,random_undersampling_controlado,SMO_SVM,,,,,,,,,,,,,,,0,True,NO_APLICA,variante marcada como no modelable,,
villanueva,pull,sinArtefactosConservador,random_undersampling_controlado,RandomForest,,,,,,,,,,,,,,,0,True,NO_APLICA,variante marcada como no modelable,,
villanueva,pull,sinArtefactosConservador,random_undersampling_controlado,MLP,,,,,,,,,,,,,,,0,True,NO_APLICA,variante marcada como no modelable,,
villanueva,pull,sinArtefactosConservador,random_undersampling_controlado,IBk_kNN,,,,,,,,,,,,,,,0,True,NO_APLICA,variante marcada como no modelable,,
villanueva,pull,sinArtefactosConservador,random_undersampling_controlado,RBFNetwork_aprox,,,,,,,,,,,,,,,0,True,NO_APLICA,variante marcada como no modelable,,
villanueva,pull,sinArtefactosEstricto,sin_balanceo,SMO_SVM,,,,,,,,,,,,,,,0,True,NO_APLICA,variante marcada como no modelable,,
villanueva,pull,sinArtefactosEstricto,sin_balanceo,RandomForest,,,,,,,,,,,,,,,0,True,NO_APLICA,variante marcada como no modelable,,
villanueva,pull,sinArtefactosEstricto,sin_balanceo,MLP,,,,,,,,,,,,,,,0,True,NO_APLICA,variante marcada como no modelable,,
villanueva,pull,sinArtefactosEstricto,sin_balanceo,IBk_kNN,,,,,,,,,,,,,,,0,True,NO_APLICA,variante marcada como no modelable,,
villanueva,pull,sinArtefactosEstricto,sin_balanceo,RBFNetwork_aprox,,,,,,,,,,,,,,,0,True,NO_APLICA,variante marcada como no modelable,,
villanueva,pull,sinArtefactosEstricto,random_oversampling,SMO_SVM,,,,,,,,,,,,,,,0,True,NO_APLICA,variante marcada como no modelable,,
villanueva,pull,sinArtefactosEstricto,random_oversampling,RandomForest,,,,,,,,,,,,,,,0,True,NO_APLICA,variante marcada como no modelable,,
villanueva,pull,sinArtefactosEstricto,random_oversampling,MLP,,,,,,,,,,,,,,,0,True,NO_APLICA,variante marcada como no modelable,,
villanueva,pull,sinArtefactosEstricto,random_oversampling,IBk_kNN,,,,,,,,,,,,,,,0,True,NO_APLICA,variante marcada como no modelable,,
villanueva,pull,sinArtefactosEstricto,random_oversampling,RBFNetwork_aprox,,,,,,,,,,,,,,,0,True,NO_APLICA,variante marcada como no modelable,,
villanueva,pull,sinArtefactosEstricto,class_weight_balanced,SMO_SVM,,,,,,,,,,,,,,,0,True,NO_APLICA,variante marcada como no modelable,,
villanueva,pull,sinArtefactosEstricto,class_weight_balanced,RandomForest,,,,,,,,,,,,,,,0,True,NO_APLICA,variante marcada como no modelable,,
villanueva,pull,sinArtefactosEstricto,class_weight_balanced,MLP,,,,,,,,,,,,,,,0,True,NO_APLICA,variante marcada como no modelable,,
villanueva,pull,sinArtefactosEstricto,class_weight_balanced,IBk_kNN,,,,,,,,,,,,,,,0,True,NO_APLICA,variante marcada como no modelable,,
villanueva,pull,sinArtefactosEstricto,class_weight_balanced,RBFNetwork_aprox,,,,,,,,,,,,,,,0,True,NO_APLICA,variante marcada como no modelable,,
villanueva,pull,sinArtefactosEstricto,smote,SMO_SVM,,,,,,,,,,,,,,,0,True,NO_APLICA,variante marcada como no modelable,,
villanueva,pull,sinArtefactosEstricto,smote,RandomForest,,,,,,,,,,,,,,,0,True,NO_APLICA,variante marcada como no modelable,,
villanueva,pull,sinArtefactosEstricto,smote,MLP,,,,,,,,,,,,,,,0,True,NO_APLICA,variante marcada como no modelable,,
villanueva,pull,sinArtefactosEstricto,smote,IBk_kNN,,,,,,,,,,,,,,,0,True,NO_APLICA,variante marcada como no modelable,,
villanueva,pull,sinArtefactosEstricto,smote,RBFNetwork_aprox,,,,,,,,,,,,,,,0,True,NO_APLICA,variante marcada como no modelable,,
villanueva,pull,sinArtefactosEstricto,smote_tomek,SMO_SVM,,,,,,,,,,,,,,,0,True,NO_APLICA,variante marcada como no modelable,,
villanueva,pull,sinArtefactosEstricto,smote_tomek,RandomForest,,,,,,,,,,,,,,,0,True,NO_APLICA,variante marcada como no modelable,,
villanueva,pull,sinArtefactosEstricto,smote_tomek,MLP,,,,,,,,,,,,,,,0,True,NO_APLICA,variante marcada como no modelable,,
villanueva,pull,sinArtefactosEstricto,smote_tomek,IBk_kNN,,,,,,,,,,,,,,,0,True,NO_APLICA,variante marcada como no modelable,,
villanueva,pull,sinArtefactosEstricto,smote_tomek,RBFNetwork_aprox,,,,,,,,,,,,,,,0,True,NO_APLICA,variante marcada como no modelable,,
villanueva,pull,sinArtefactosEstricto,random_undersampling_controlado,SMO_SVM,,,,,,,,,,,,,,,0,True,NO_APLICA,variante marcada como no modelable,,
villanueva,pull,sinArtefactosEstricto,random_undersampling_controlado,RandomForest,,,,,,,,,,,,,,,0,True,NO_APLICA,variante marcada como no modelable,,
villanueva,pull,sinArtefactosEstricto,random_undersampling_controlado,MLP,,,,,,,,,,,,,,,0,True,NO_APLICA,variante marcada como no modelable,,
villanueva,pull,sinArtefactosEstricto,random_undersampling_controlado,IBk_kNN,,,,,,,,,,,,,,,0,True,NO_APLICA,variante marcada como no modelable,,
villanueva,pull,sinArtefactosEstricto,random_undersampling_controlado,RBFNetwork_aprox,,,,,,,,,,,,,,,0,True,NO_APLICA,variante marcada como no modelable,,
villanueva,push,noOutliers,sin_balanceo,SMO_SVM,,,,,,,,,,,,,,,0,True,NO_APLICA,menos de dos clases modelables,,
villanueva,push,noOutliers,sin_balanceo,RandomForest,,,,,,,,,,,,,,,0,True,NO_APLICA,menos de dos clases modelables,,
villanueva,push,noOutliers,sin_balanceo,MLP,,,,,,,,,,,,,,,0,True,NO_APLICA,menos de dos clases modelables,,
villanueva,push,noOutliers,sin_balanceo,IBk_kNN,,,,,,,,,,,,,,,0,True,NO_APLICA,menos de dos clases modelables,,
villanueva,push,noOutliers,sin_balanceo,RBFNetwork_aprox,,,,,,,,,,,,,,,0,True,NO_APLICA,menos de dos clases modelables,,
villanueva,push,noOutliers,random_oversampling,SMO_SVM,,,,,,,,,,,,,,,0,True,NO_APLICA,menos de dos clases modelables,,
villanueva,push,noOutliers,random_oversampling,RandomForest,,,,,,,,,,,,,,,0,True,NO_APLICA,menos de dos clases modelables,,
villanueva,push,noOutliers,random_oversampling,MLP,,,,,,,,,,,,,,,0,True,NO_APLICA,menos de dos clases modelables,,
villanueva,push,noOutliers,random_oversampling,IBk_kNN,,,,,,,,,,,,,,,0,True,NO_APLICA,menos de dos clases modelables,,
villanueva,push,noOutliers,random_oversampling,RBFNetwork_aprox,,,,,,,,,,,,,,,0,True,NO_APLICA,menos de dos clases modelables,,
villanueva,push,noOutliers,class_weight_balanced,SMO_SVM,,,,,,,,,,,,,,,0,True,NO_APLICA,menos de dos clases modelables,,
villanueva,push,noOutliers,class_weight_balanced,RandomForest,,,,,,,,,,,,,,,0,True,NO_APLICA,menos de dos clases modelables,,
villanueva,push,noOutliers,class_weight_balanced,MLP,,,,,,,,,,,,,,,0,True,NO_APLICA,menos de dos clases modelables,,
villanueva,push,noOutliers,class_weight_balanced,IBk_kNN,,,,,,,,,,,,,,,0,True,NO_APLICA,menos de dos clases modelables,,
villanueva,push,noOutliers,class_weight_balanced,RBFNetwork_aprox,,,,,,,,,,,,,,,0,True,NO_APLICA,menos de dos clases modelables,,
villanueva,push,noOutliers,smote,SMO_SVM,,,,,,,,,,,,,,,0,True,NO_APLICA,menos de dos clases modelables,,
villanueva,push,noOutliers,smote,RandomForest,,,,,,,,,,,,,,,0,True,NO_APLICA,menos de dos clases modelables,,
villanueva,push,noOutliers,smote,MLP,,,,,,,,,,,,,,,0,True,NO_APLICA,menos de dos clases modelables,,
villanueva,push,noOutliers,smote,IBk_kNN,,,,,,,,,,,,,,,0,True,NO_APLICA,menos de dos clases modelables,,
villanueva,push,noOutliers,smote,RBFNetwork_aprox,,,,,,,,,,,,,,,0,True,NO_APLICA,menos de dos clases modelables,,
villanueva,push,noOutliers,smote_tomek,SMO_SVM,,,,,,,,,,,,,,,0,True,NO_APLICA,menos de dos clases modelables,,
villanueva,push,noOutliers,smote_tomek,RandomForest,,,,,,,,,,,,,,,0,True,NO_APLICA,menos de dos clases modelables,,
villanueva,push,noOutliers,smote_tomek,MLP,,,,,,,,,,,,,,,0,True,NO_APLICA,menos de dos clases modelables,,
villanueva,push,noOutliers,smote_tomek,IBk_kNN,,,,,,,,,,,,,,,0,True,NO_APLICA,menos de dos clases modelables,,
villanueva,push,noOutliers,smote_tomek,RBFNetwork_aprox,,,,,,,,,,,,,,,0,True,NO_APLICA,menos de dos clases modelables,,
villanueva,push,noOutliers,random_undersampling_controlado,SMO_SVM,,,,,,,,,,,,,,,0,True,NO_APLICA,menos de dos clases modelables,,
villanueva,push,noOutliers,random_undersampling_controlado,RandomForest,,,,,,,,,,,,,,,0,True,NO_APLICA,menos de dos clases modelables,,
villanueva,push,noOutliers,random_undersampling_controlado,MLP,,,,,,,,,,,,,,,0,True,NO_APLICA,menos de dos clases modelables,,
villanueva,push,noOutliers,random_undersampling_controlado,IBk_kNN,,,,,,,,,,,,,,,0,True,NO_APLICA,menos de dos clases modelables,,
villanueva,push,noOutliers,random_undersampling_controlado,RBFNetwork_aprox,,,,,,,,,,,,,,,0,True,NO_APLICA,menos de dos clases modelables,,
villanueva,push,sinArtefactosConservador,sin_balanceo,SMO_SVM,,,,,,,,,,,,,,,0,True,NO_APLICA,variante marcada como no modelable,,
villanueva,push,sinArtefactosConservador,sin_balanceo,RandomForest,,,,,,,,,,,,,,,0,True,NO_APLICA,variante marcada como no modelable,,
villanueva,push,sinArtefactosConservador,sin_balanceo,MLP,,,,,,,,,,,,,,,0,True,NO_APLICA,variante marcada como no modelable,,
villanueva,push,sinArtefactosConservador,sin_balanceo,IBk_kNN,,,,,,,,,,,,,,,0,True,NO_APLICA,variante marcada como no modelable,,
villanueva,push,sinArtefactosConservador,sin_balanceo,RBFNetwork_aprox,,,,,,,,,,,,,,,0,True,NO_APLICA,variante marcada como no modelable,,
villanueva,push,sinArtefactosConservador,random_oversampling,SMO_SVM,,,,,,,,,,,,,,,0,True,NO_APLICA,variante marcada como no modelable,,
villanueva,push,sinArtefactosConservador,random_oversampling,RandomForest,,,,,,,,,,,,,,,0,True,NO_APLICA,variante marcada como no modelable,,
villanueva,push,sinArtefactosConservador,random_oversampling,MLP,,,,,,,,,,,,,,,0,True,NO_APLICA,variante marcada como no modelable,,
villanueva,push,sinArtefactosConservador,random_oversampling,IBk_kNN,,,,,,,,,,,,,,,0,True,NO_APLICA,variante marcada como no modelable,,
villanueva,push,sinArtefactosConservador,random_oversampling,RBFNetwork_aprox,,,,,,,,,,,,,,,0,True,NO_APLICA,variante marcada como no modelable,,
villanueva,push,sinArtefactosConservador,class_weight_balanced,SMO_SVM,,,,,,,,,,,,,,,0,True,NO_APLICA,variante marcada como no modelable,,
villanueva,push,sinArtefactosConservador,class_weight_balanced,RandomForest,,,,,,,,,,,,,,,0,True,NO_APLICA,variante marcada como no modelable,,
villanueva,push,sinArtefactosConservador,class_weight_balanced,MLP,,,,,,,,,,,,,,,0,True,NO_APLICA,variante marcada como no modelable,,
villanueva,push,sinArtefactosConservador,class_weight_balanced,IBk_kNN,,,,,,,,,,,,,,,0,True,NO_APLICA,variante marcada como no modelable,,
villanueva,push,sinArtefactosConservador,class_weight_balanced,RBFNetwork_aprox,,,,,,,,,,,,,,,0,True,NO_APLICA,variante marcada como no modelable,,
villanueva,push,sinArtefactosConservador,smote,SMO_SVM,,,,,,,,,,,,,,,0,True,NO_APLICA,variante marcada como no modelable,,
villanueva,push,sinArtefactosConservador,smote,RandomForest,,,,,,,,,,,,,,,0,True,NO_APLICA,variante marcada como no modelable,,
villanueva,push,sinArtefactosConservador,smote,MLP,,,,,,,,,,,,,,,0,True,NO_APLICA,variante marcada como no modelable,,
villanueva,push,sinArtefactosConservador,smote,IBk_kNN,,,,,,,,,,,,,,,0,True,NO_APLICA,variante marcada como no modelable,,
villanueva,push,sinArtefactosConservador,smote,RBFNetwork_aprox,,,,,,,,,,,,,,,0,True,NO_APLICA,variante marcada como no modelable,,
villanueva,push,sinArtefactosConservador,smote_tomek,SMO_SVM,,,,,,,,,,,,,,,0,True,NO_APLICA,variante marcada como no modelable,,
villanueva,push,sinArtefactosConservador,smote_tomek,RandomForest,,,,,,,,,,,,,,,0,True,NO_APLICA,variante marcada como no modelable,,
villanueva,push,sinArtefactosConservador,smote_tomek,MLP,,,,,,,,,,,,,,,0,True,NO_APLICA,variante marcada como no modelable,,
villanueva,push,sinArtefactosConservador,smote_tomek,IBk_kNN,,,,,,,,,,,,,,,0,True,NO_APLICA,variante marcada como no modelable,,
villanueva,push,sinArtefactosConservador,smote_tomek,RBFNetwork_aprox,,,,,,,,,,,,,,,0,True,NO_APLICA,variante marcada como no modelable,,
villanueva,push,sinArtefactosConservador,random_undersampling_controlado,SMO_SVM,,,,,,,,,,,,,,,0,True,NO_APLICA,variante marcada como no modelable,,
villanueva,push,sinArtefactosConservador,random_undersampling_controlado,RandomForest,,,,,,,,,,,,,,,0,True,NO_APLICA,variante marcada como no modelable,,
villanueva,push,sinArtefactosConservador,random_undersampling_controlado,MLP,,,,,,,,,,,,,,,0,True,NO_APLICA,variante marcada como no modelable,,
villanueva,push,sinArtefactosConservador,random_undersampling_controlado,IBk_kNN,,,,,,,,,,,,,,,0,True,NO_APLICA,variante marcada como no modelable,,
villanueva,push,sinArtefactosConservador,random_undersampling_controlado,RBFNetwork_aprox,,,,,,,,,,,,,,,0,True,NO_APLICA,variante marcada como no modelable,,
villanueva,push,sinArtefactosEstricto,sin_balanceo,SMO_SVM,,,,,,,,,,,,,,,0,True,NO_APLICA,variante marcada como no modelable,,
villanueva,push,sinArtefactosEstricto,sin_balanceo,RandomForest,,,,,,,,,,,,,,,0,True,NO_APLICA,variante marcada como no modelable,,
villanueva,push,sinArtefactosEstricto,sin_balanceo,MLP,,,,,,,,,,,,,,,0,True,NO_APLICA,variante marcada como no modelable,,
villanueva,push,sinArtefactosEstricto,sin_balanceo,IBk_kNN,,,,,,,,,,,,,,,0,True,NO_APLICA,variante marcada como no modelable,,
villanueva,push,sinArtefactosEstricto,sin_balanceo,RBFNetwork_aprox,,,,,,,,,,,,,,,0,True,NO_APLICA,variante marcada como no modelable,,
villanueva,push,sinArtefactosEstricto,random_oversampling,SMO_SVM,,,,,,,,,,,,,,,0,True,NO_APLICA,variante marcada como no modelable,,
villanueva,push,sinArtefactosEstricto,random_oversampling,RandomForest,,,,,,,,,,,,,,,0,True,NO_APLICA,variante marcada como no modelable,,
villanueva,push,sinArtefactosEstricto,random_oversampling,MLP,,,,,,,,,,,,,,,0,True,NO_APLICA,variante marcada como no modelable,,
villanueva,push,sinArtefactosEstricto,random_oversampling,IBk_kNN,,,,,,,,,,,,,,,0,True,NO_APLICA,variante marcada como no modelable,,
villanueva,push,sinArtefactosEstricto,random_oversampling,RBFNetwork_aprox,,,,,,,,,,,,,,,0,True,NO_APLICA,variante marcada como no modelable,,
villanueva,push,sinArtefactosEstricto,class_weight_balanced,SMO_SVM,,,,,,,,,,,,,,,0,True,NO_APLICA,variante marcada como no modelable,,
villanueva,push,sinArtefactosEstricto,class_weight_balanced,RandomForest,,,,,,,,,,,,,,,0,True,NO_APLICA,variante marcada como no modelable,,
villanueva,push,sinArtefactosEstricto,class_weight_balanced,MLP,,,,,,,,,,,,,,,0,True,NO_APLICA,variante marcada como no modelable,,
villanueva,push,sinArtefactosEstricto,class_weight_balanced,IBk_kNN,,,,,,,,,,,,,,,0,True,NO_APLICA,variante marcada como no modelable,,
villanueva,push,sinArtefactosEstricto,class_weight_balanced,RBFNetwork_aprox,,,,,,,,,,,,,,,0,True,NO_APLICA,variante marcada como no modelable,,
villanueva,push,sinArtefactosEstricto,smote,SMO_SVM,,,,,,,,,,,,,,,0,True,NO_APLICA,variante marcada como no modelable,,
villanueva,push,sinArtefactosEstricto,smote,RandomForest,,,,,,,,,,,,,,,0,True,NO_APLICA,variante marcada como no modelable,,
villanueva,push,sinArtefactosEstricto,smote,MLP,,,,,,,,,,,,,,,0,True,NO_APLICA,variante marcada como no modelable,,
villanueva,push,sinArtefactosEstricto,smote,IBk_kNN,,,,,,,,,,,,,,,0,True,NO_APLICA,variante marcada como no modelable,,
villanueva,push,sinArtefactosEstricto,smote,RBFNetwork_aprox,,,,,,,,,,,,,,,0,True,NO_APLICA,variante marcada como no modelable,,
villanueva,push,sinArtefactosEstricto,smote_tomek,SMO_SVM,,,,,,,,,,,,,,,0,True,NO_APLICA,variante marcada como no modelable,,
villanueva,push,sinArtefactosEstricto,smote_tomek,RandomForest,,,,,,,,,,,,,,,0,True,NO_APLICA,variante marcada como no modelable,,
villanueva,push,sinArtefactosEstricto,smote_tomek,MLP,,,,,,,,,,,,,,,0,True,NO_APLICA,variante marcada como no modelable,,
villanueva,push,sinArtefactosEstricto,smote_tomek,IBk_kNN,,,,,,,,,,,,,,,0,True,NO_APLICA,variante marcada como no modelable,,
villanueva,push,sinArtefactosEstricto,smote_tomek,RBFNetwork_aprox,,,,,,,,,,,,,,,0,True,NO_APLICA,variante marcada como no modelable,,
villanueva,push,sinArtefactosEstricto,random_undersampling_controlado,SMO_SVM,,,,,,,,,,,,,,,0,True,NO_APLICA,variante marcada como no modelable,,
villanueva,push,sinArtefactosEstricto,random_undersampling_controlado,RandomForest,,,,,,,,,,,,,,,0,True,NO_APLICA,variante marcada como no modelable,,
villanueva,push,sinArtefactosEstricto,random_undersampling_controlado,MLP,,,,,,,,,,,,,,,0,True,NO_APLICA,variante marcada como no modelable,,
villanueva,push,sinArtefactosEstricto,random_undersampling_controlado,IBk_kNN,,,,,,,,,,,,,,,0,True,NO_APLICA,variante marcada como no modelable,,
villanueva,push,sinArtefactosEstricto,random_undersampling_controlado,RBFNetwork_aprox,,,,,,,,,,,,,,,0,True,NO_APLICA,variante marcada como no modelable,,
villanueva,right,noOutliers,sin_balanceo,SMO_SVM,,,,,,,,,,,,,,,0,True,NO_APLICA,menos de dos clases modelables,,
villanueva,right,noOutliers,sin_balanceo,RandomForest,,,,,,,,,,,,,,,0,True,NO_APLICA,menos de dos clases modelables,,
villanueva,right,noOutliers,sin_balanceo,MLP,,,,,,,,,,,,,,,0,True,NO_APLICA,menos de dos clases modelables,,
villanueva,right,noOutliers,sin_balanceo,IBk_kNN,,,,,,,,,,,,,,,0,True,NO_APLICA,menos de dos clases modelables,,
villanueva,right,noOutliers,sin_balanceo,RBFNetwork_aprox,,,,,,,,,,,,,,,0,True,NO_APLICA,menos de dos clases modelables,,
villanueva,right,noOutliers,random_oversampling,SMO_SVM,,,,,,,,,,,,,,,0,True,NO_APLICA,menos de dos clases modelables,,
villanueva,right,noOutliers,random_oversampling,RandomForest,,,,,,,,,,,,,,,0,True,NO_APLICA,menos de dos clases modelables,,
villanueva,right,noOutliers,random_oversampling,MLP,,,,,,,,,,,,,,,0,True,NO_APLICA,menos de dos clases modelables,,
villanueva,right,noOutliers,random_oversampling,IBk_kNN,,,,,,,,,,,,,,,0,True,NO_APLICA,menos de dos clases modelables,,
villanueva,right,noOutliers,random_oversampling,RBFNetwork_aprox,,,,,,,,,,,,,,,0,True,NO_APLICA,menos de dos clases modelables,,
villanueva,right,noOutliers,class_weight_balanced,SMO_SVM,,,,,,,,,,,,,,,0,True,NO_APLICA,menos de dos clases modelables,,
villanueva,right,noOutliers,class_weight_balanced,RandomForest,,,,,,,,,,,,,,,0,True,NO_APLICA,menos de dos clases modelables,,
villanueva,right,noOutliers,class_weight_balanced,MLP,,,,,,,,,,,,,,,0,True,NO_APLICA,menos de dos clases modelables,,
villanueva,right,noOutliers,class_weight_balanced,IBk_kNN,,,,,,,,,,,,,,,0,True,NO_APLICA,menos de dos clases modelables,,
villanueva,right,noOutliers,class_weight_balanced,RBFNetwork_aprox,,,,,,,,,,,,,,,0,True,NO_APLICA,menos de dos clases modelables,,
villanueva,right,noOutliers,smote,SMO_SVM,,,,,,,,,,,,,,,0,True,NO_APLICA,menos de dos clases modelables,,
villanueva,right,noOutliers,smote,RandomForest,,,,,,,,,,,,,,,0,True,NO_APLICA,menos de dos clases modelables,,
villanueva,right,noOutliers,smote,MLP,,,,,,,,,,,,,,,0,True,NO_APLICA,menos de dos clases modelables,,
villanueva,right,noOutliers,smote,IBk_kNN,,,,,,,,,,,,,,,0,True,NO_APLICA,menos de dos clases modelables,,
villanueva,right,noOutliers,smote,RBFNetwork_aprox,,,,,,,,,,,,,,,0,True,NO_APLICA,menos de dos clases modelables,,
villanueva,right,noOutliers,smote_tomek,SMO_SVM,,,,,,,,,,,,,,,0,True,NO_APLICA,menos de dos clases modelables,,
villanueva,right,noOutliers,smote_tomek,RandomForest,,,,,,,,,,,,,,,0,True,NO_APLICA,menos de dos clases modelables,,
villanueva,right,noOutliers,smote_tomek,MLP,,,,,,,,,,,,,,,0,True,NO_APLICA,menos de dos clases modelables,,
villanueva,right,noOutliers,smote_tomek,IBk_kNN,,,,,,,,,,,,,,,0,True,NO_APLICA,menos de dos clases modelables,,
villanueva,right,noOutliers,smote_tomek,RBFNetwork_aprox,,,,,,,,,,,,,,,0,True,NO_APLICA,menos de dos clases modelables,,
villanueva,right,noOutliers,random_undersampling_controlado,SMO_SVM,,,,,,,,,,,,,,,0,True,NO_APLICA,menos de dos clases modelables,,
villanueva,right,noOutliers,random_undersampling_controlado,RandomForest,,,,,,,,,,,,,,,0,True,NO_APLICA,menos de dos clases modelables,,
villanueva,right,noOutliers,random_undersampling_controlado,MLP,,,,,,,,,,,,,,,0,True,NO_APLICA,menos de dos clases modelables,,
villanueva,right,noOutliers,random_undersampling_controlado,IBk_kNN,,,,,,,,,,,,,,,0,True,NO_APLICA,menos de dos clases modelables,,
villanueva,right,noOutliers,random_undersampling_controlado,RBFNetwork_aprox,,,,,,,,,,,,,,,0,True,NO_APLICA,menos de dos clases modelables,,
villanueva,right,sinArtefactosConservador,sin_balanceo,SMO_SVM,,,,,,,,,,,,,,,0,True,NO_APLICA,variante marcada como no modelable,,
villanueva,right,sinArtefactosConservador,sin_balanceo,RandomForest,,,,,,,,,,,,,,,0,True,NO_APLICA,variante marcada como no modelable,,
villanueva,right,sinArtefactosConservador,sin_balanceo,MLP,,,,,,,,,,,,,,,0,True,NO_APLICA,variante marcada como no modelable,,
villanueva,right,sinArtefactosConservador,sin_balanceo,IBk_kNN,,,,,,,,,,,,,,,0,True,NO_APLICA,variante marcada como no modelable,,
villanueva,right,sinArtefactosConservador,sin_balanceo,RBFNetwork_aprox,,,,,,,,,,,,,,,0,True,NO_APLICA,variante marcada como no modelable,,
villanueva,right,sinArtefactosConservador,random_oversampling,SMO_SVM,,,,,,,,,,,,,,,0,True,NO_APLICA,variante marcada como no modelable,,
villanueva,right,sinArtefactosConservador,random_oversampling,RandomForest,,,,,,,,,,,,,,,0,True,NO_APLICA,variante marcada como no modelable,,
villanueva,right,sinArtefactosConservador,random_oversampling,MLP,,,,,,,,,,,,,,,0,True,NO_APLICA,variante marcada como no modelable,,
villanueva,right,sinArtefactosConservador,random_oversampling,IBk_kNN,,,,,,,,,,,,,,,0,True,NO_APLICA,variante marcada como no modelable,,
villanueva,right,sinArtefactosConservador,random_oversampling,RBFNetwork_aprox,,,,,,,,,,,,,,,0,True,NO_APLICA,variante marcada como no modelable,,
villanueva,right,sinArtefactosConservador,class_weight_balanced,SMO_SVM,,,,,,,,,,,,,,,0,True,NO_APLICA,variante marcada como no modelable,,
villanueva,right,sinArtefactosConservador,class_weight_balanced,RandomForest,,,,,,,,,,,,,,,0,True,NO_APLICA,variante marcada como no modelable,,
villanueva,right,sinArtefactosConservador,class_weight_balanced,MLP,,,,,,,,,,,,,,,0,True,NO_APLICA,variante marcada como no modelable,,
villanueva,right,sinArtefactosConservador,class_weight_balanced,IBk_kNN,,,,,,,,,,,,,,,0,True,NO_APLICA,variante marcada como no modelable,,
villanueva,right,sinArtefactosConservador,class_weight_balanced,RBFNetwork_aprox,,,,,,,,,,,,,,,0,True,NO_APLICA,variante marcada como no modelable,,
villanueva,right,sinArtefactosConservador,smote,SMO_SVM,,,,,,,,,,,,,,,0,True,NO_APLICA,variante marcada como no modelable,,
villanueva,right,sinArtefactosConservador,smote,RandomForest,,,,,,,,,,,,,,,0,True,NO_APLICA,variante marcada como no modelable,,
villanueva,right,sinArtefactosConservador,smote,MLP,,,,,,,,,,,,,,,0,True,NO_APLICA,variante marcada como no modelable,,
villanueva,right,sinArtefactosConservador,smote,IBk_kNN,,,,,,,,,,,,,,,0,True,NO_APLICA,variante marcada como no modelable,,
villanueva,right,sinArtefactosConservador,smote,RBFNetwork_aprox,,,,,,,,,,,,,,,0,True,NO_APLICA,variante marcada como no modelable,,
villanueva,right,sinArtefactosConservador,smote_tomek,SMO_SVM,,,,,,,,,,,,,,,0,True,NO_APLICA,variante marcada como no modelable,,
villanueva,right,sinArtefactosConservador,smote_tomek,RandomForest,,,,,,,,,,,,,,,0,True,NO_APLICA,variante marcada como no modelable,,
villanueva,right,sinArtefactosConservador,smote_tomek,MLP,,,,,,,,,,,,,,,0,True,NO_APLICA,variante marcada como no modelable,,
villanueva,right,sinArtefactosConservador,smote_tomek,IBk_kNN,,,,,,,,,,,,,,,0,True,NO_APLICA,variante marcada como no modelable,,
villanueva,right,sinArtefactosConservador,smote_tomek,RBFNetwork_aprox,,,,,,,,,,,,,,,0,True,NO_APLICA,variante marcada como no modelable,,
villanueva,right,sinArtefactosConservador,random_undersampling_controlado,SMO_SVM,,,,,,,,,,,,,,,0,True,NO_APLICA,variante marcada como no modelable,,
villanueva,right,sinArtefactosConservador,random_undersampling_controlado,RandomForest,,,,,,,,,,,,,,,0,True,NO_APLICA,variante marcada como no modelable,,
villanueva,right,sinArtefactosConservador,random_undersampling_controlado,MLP,,,,,,,,,,,,,,,0,True,NO_APLICA,variante marcada como no modelable,,
villanueva,right,sinArtefactosConservador,random_undersampling_controlado,IBk_kNN,,,,,,,,,,,,,,,0,True,NO_APLICA,variante marcada como no modelable,,
villanueva,right,sinArtefactosConservador,random_undersampling_controlado,RBFNetwork_aprox,,,,,,,,,,,,,,,0,True,NO_APLICA,variante marcada como no modelable,,
villanueva,right,sinArtefactosEstricto,sin_balanceo,SMO_SVM,,,,,,,,,,,,,,,0,True,NO_APLICA,variante marcada como no modelable,,
villanueva,right,sinArtefactosEstricto,sin_balanceo,RandomForest,,,,,,,,,,,,,,,0,True,NO_APLICA,variante marcada como no modelable,,
villanueva,right,sinArtefactosEstricto,sin_balanceo,MLP,,,,,,,,,,,,,,,0,True,NO_APLICA,variante marcada como no modelable,,
villanueva,right,sinArtefactosEstricto,sin_balanceo,IBk_kNN,,,,,,,,,,,,,,,0,True,NO_APLICA,variante marcada como no modelable,,
villanueva,right,sinArtefactosEstricto,sin_balanceo,RBFNetwork_aprox,,,,,,,,,,,,,,,0,True,NO_APLICA,variante marcada como no modelable,,
villanueva,right,sinArtefactosEstricto,random_oversampling,SMO_SVM,,,,,,,,,,,,,,,0,True,NO_APLICA,variante marcada como no modelable,,
villanueva,right,sinArtefactosEstricto,random_oversampling,RandomForest,,,,,,,,,,,,,,,0,True,NO_APLICA,variante marcada como no modelable,,
villanueva,right,sinArtefactosEstricto,random_oversampling,MLP,,,,,,,,,,,,,,,0,True,NO_APLICA,variante marcada como no modelable,,
villanueva,right,sinArtefactosEstricto,random_oversampling,IBk_kNN,,,,,,,,,,,,,,,0,True,NO_APLICA,variante marcada como no modelable,,
villanueva,right,sinArtefactosEstricto,random_oversampling,RBFNetwork_aprox,,,,,,,,,,,,,,,0,True,NO_APLICA,variante marcada como no modelable,,
villanueva,right,sinArtefactosEstricto,class_weight_balanced,SMO_SVM,,,,,,,,,,,,,,,0,True,NO_APLICA,variante marcada como no modelable,,
villanueva,right,sinArtefactosEstricto,class_weight_balanced,RandomForest,,,,,,,,,,,,,,,0,True,NO_APLICA,variante marcada como no modelable,,
villanueva,right,sinArtefactosEstricto,class_weight_balanced,MLP,,,,,,,,,,,,,,,0,True,NO_APLICA,variante marcada como no modelable,,
villanueva,right,sinArtefactosEstricto,class_weight_balanced,IBk_kNN,,,,,,,,,,,,,,,0,True,NO_APLICA,variante marcada como no modelable,,
villanueva,right,sinArtefactosEstricto,class_weight_balanced,RBFNetwork_aprox,,,,,,,,,,,,,,,0,True,NO_APLICA,variante marcada como no modelable,,
villanueva,right,sinArtefactosEstricto,smote,SMO_SVM,,,,,,,,,,,,,,,0,True,NO_APLICA,variante marcada como no modelable,,
villanueva,right,sinArtefactosEstricto,smote,RandomForest,,,,,,,,,,,,,,,0,True,NO_APLICA,variante marcada como no modelable,,
villanueva,right,sinArtefactosEstricto,smote,MLP,,,,,,,,,,,,,,,0,True,NO_APLICA,variante marcada como no modelable,,
villanueva,right,sinArtefactosEstricto,smote,IBk_kNN,,,,,,,,,,,,,,,0,True,NO_APLICA,variante marcada como no modelable,,
villanueva,right,sinArtefactosEstricto,smote,RBFNetwork_aprox,,,,,,,,,,,,,,,0,True,NO_APLICA,variante marcada como no modelable,,
villanueva,right,sinArtefactosEstricto,smote_tomek,SMO_SVM,,,,,,,,,,,,,,,0,True,NO_APLICA,variante marcada como no modelable,,
villanueva,right,sinArtefactosEstricto,smote_tomek,RandomForest,,,,,,,,,,,,,,,0,True,NO_APLICA,variante marcada como no modelable,,
villanueva,right,sinArtefactosEstricto,smote_tomek,MLP,,,,,,,,,,,,,,,0,True,NO_APLICA,variante marcada como no modelable,,
villanueva,right,sinArtefactosEstricto,smote_tomek,IBk_kNN,,,,,,,,,,,,,,,0,True,NO_APLICA,variante marcada como no modelable,,
villanueva,right,sinArtefactosEstricto,smote_tomek,RBFNetwork_aprox,,,,,,,,,,,,,,,0,True,NO_APLICA,variante marcada como no modelable,,
villanueva,right,sinArtefactosEstricto,random_undersampling_controlado,SMO_SVM,,,,,,,,,,,,,,,0,True,NO_APLICA,variante marcada como no modelable,,
villanueva,right,sinArtefactosEstricto,random_undersampling_controlado,RandomForest,,,,,,,,,,,,,,,0,True,NO_APLICA,variante marcada como no modelable,,
villanueva,right,sinArtefactosEstricto,random_undersampling_controlado,MLP,,,,,,,,,,,,,,,0,True,NO_APLICA,variante marcada como no modelable,,
villanueva,right,sinArtefactosEstricto,random_undersampling_controlado,IBk_kNN,,,,,,,,,,,,,,,0,True,NO_APLICA,variante marcada como no modelable,,
villanueva,right,sinArtefactosEstricto,random_undersampling_controlado,RBFNetwork_aprox,,,,,,,,,,,,,,,0,True,NO_APLICA,variante marcada como no modelable,,
