sujeto,movimiento,variante_limpieza,estrategia_balanceo,modelo,matriz_csv,matriz_png,matriz_png_relativa
211260561,all,noOutliers,sin_balanceo,SMO_SVM,/kaggle/working/outputs/TESE_pruebas/run_20260902_145353/processed_data/reports/balanceo/matrices_confusion_balanceo/confusion_211260561_all_noOutliers_sin_balanceo_SMO_SVM.csv,/kaggle/working/outputs/TESE_pruebas/run_20260902_145353/processed_data/reports/balanceo/matrices_confusion_balanceo/confusion_211260561_all_noOutliers_sin_balanceo_SMO_SVM.png,balanceo/matrices_confusion_balanceo/confusion_211260561_all_noOutliers_sin_balanceo_SMO_SVM.png
211260561,all,noOutliers,sin_balanceo,RandomForest,/kaggle/working/outputs/TESE_pruebas/run_20260902_145353/processed_data/reports/balanceo/matrices_confusion_balanceo/confusion_211260561_all_noOutliers_sin_balanceo_RandomForest.csv,/kaggle/working/outputs/TESE_pruebas/run_20260902_145353/processed_data/reports/balanceo/matrices_confusion_balanceo/confusion_211260561_all_noOutliers_sin_balanceo_RandomForest.png,balanceo/matrices_confusion_balanceo/confusion_211260561_all_noOutliers_sin_balanceo_RandomForest.png
211260561,all,noOutliers,sin_balanceo,MLP,/kaggle/working/outputs/TESE_pruebas/run_20260902_145353/processed_data/reports/balanceo/matrices_confusion_balanceo/confusion_211260561_all_noOutliers_sin_balanceo_MLP.csv,/kaggle/working/outputs/TESE_pruebas/run_20260902_145353/processed_data/reports/balanceo/matrices_confusion_balanceo/confusion_211260561_all_noOutliers_sin_balanceo_MLP.png,balanceo/matrices_confusion_balanceo/confusion_211260561_all_noOutliers_sin_balanceo_MLP.png
211260561,all,noOutliers,sin_balanceo,IBk_kNN,/kaggle/working/outputs/TESE_pruebas/run_20260902_145353/processed_data/reports/balanceo/matrices_confusion_balanceo/confusion_211260561_all_noOutliers_sin_balanceo_IBk_kNN.csv,/kaggle/working/outputs/TESE_pruebas/run_20260902_145353/processed_data/reports/balanceo/matrices_confusion_balanceo/confusion_211260561_all_noOutliers_sin_balanceo_IBk_kNN.png,balanceo/matrices_confusion_balanceo/confusion_211260561_all_noOutliers_sin_balanceo_IBk_kNN.png
211260561,all,noOutliers,sin_balanceo,RBFNetwork_aprox,/kaggle/working/outputs/TESE_pruebas/run_20260902_145353/processed_data/reports/balanceo/matrices_confusion_balanceo/confusion_211260561_all_noOutliers_sin_balanceo_RBFNetwork_aprox.csv,/kaggle/working/outputs/TESE_pruebas/run_20260902_145353/processed_data/reports/balanceo/matrices_confusion_balanceo/confusion_211260561_all_noOutliers_sin_balanceo_RBFNetwork_aprox.png,balanceo/matrices_confusion_balanceo/confusion_211260561_all_noOutliers_sin_balanceo_RBFNetwork_aprox.png
211260561,all,noOutliers,random_oversampling,SMO_SVM,/kaggle/working/outputs/TESE_pruebas/run_20260902_145353/processed_data/reports/balanceo/matrices_confusion_balanceo/confusion_211260561_all_noOutliers_random_oversampling_SMO_SVM.csv,/kaggle/working/outputs/TESE_pruebas/run_20260902_145353/processed_data/reports/balanceo/matrices_confusion_balanceo/confusion_211260561_all_noOutliers_random_oversampling_SMO_SVM.png,balanceo/matrices_confusion_balanceo/confusion_211260561_all_noOutliers_random_oversampling_SMO_SVM.png
211260561,all,noOutliers,random_oversampling,RandomForest,/kaggle/working/outputs/TESE_pruebas/run_20260902_145353/processed_data/reports/balanceo/matrices_confusion_balanceo/confusion_211260561_all_noOutliers_random_oversampling_RandomForest.csv,/kaggle/working/outputs/TESE_pruebas/run_20260902_145353/processed_data/reports/balanceo/matrices_confusion_balanceo/confusion_211260561_all_noOutliers_random_oversampling_RandomForest.png,balanceo/matrices_confusion_balanceo/confusion_211260561_all_noOutliers_random_oversampling_RandomForest.png
211260561,all,noOutliers,random_oversampling,MLP,/kaggle/working/outputs/TESE_pruebas/run_20260902_145353/processed_data/reports/balanceo/matrices_confusion_balanceo/confusion_211260561_all_noOutliers_random_oversampling_MLP.csv,/kaggle/working/outputs/TESE_pruebas/run_20260902_145353/processed_data/reports/balanceo/matrices_confusion_balanceo/confusion_211260561_all_noOutliers_random_oversampling_MLP.png,balanceo/matrices_confusion_balanceo/confusion_211260561_all_noOutliers_random_oversampling_MLP.png
211260561,all,noOutliers,random_oversampling,IBk_kNN,/kaggle/working/outputs/TESE_pruebas/run_20260902_145353/processed_data/reports/balanceo/matrices_confusion_balanceo/confusion_211260561_all_noOutliers_random_oversampling_IBk_kNN.csv,/kaggle/working/outputs/TESE_pruebas/run_20260902_145353/processed_data/reports/balanceo/matrices_confusion_balanceo/confusion_211260561_all_noOutliers_random_oversampling_IBk_kNN.png,balanceo/matrices_confusion_balanceo/confusion_211260561_all_noOutliers_random_oversampling_IBk_kNN.png
211260561,all,noOutliers,random_oversampling,RBFNetwork_aprox,/kaggle/working/outputs/TESE_pruebas/run_20260902_145353/processed_data/reports/balanceo/matrices_confusion_balanceo/confusion_211260561_all_noOutliers_random_oversampling_RBFNetwork_aprox.csv,/kaggle/working/outputs/TESE_pruebas/run_20260902_145353/processed_data/reports/balanceo/matrices_confusion_balanceo/confusion_211260561_all_noOutliers_random_oversampling_RBFNetwork_aprox.png,balanceo/matrices_confusion_balanceo/confusion_211260561_all_noOutliers_random_oversampling_RBFNetwork_aprox.png
211260561,all,noOutliers,class_weight_balanced,SMO_SVM,/kaggle/working/outputs/TESE_pruebas/run_20260902_145353/processed_data/reports/balanceo/matrices_confusion_balanceo/confusion_211260561_all_noOutliers_class_weight_balanced_SMO_SVM.csv,/kaggle/working/outputs/TESE_pruebas/run_20260902_145353/processed_data/reports/balanceo/matrices_confusion_balanceo/confusion_211260561_all_noOutliers_class_weight_balanced_SMO_SVM.png,balanceo/matrices_confusion_balanceo/confusion_211260561_all_noOutliers_class_weight_balanced_SMO_SVM.png
211260561,all,noOutliers,class_weight_balanced,RandomForest,/kaggle/working/outputs/TESE_pruebas/run_20260902_145353/processed_data/reports/balanceo/matrices_confusion_balanceo/confusion_211260561_all_noOutliers_class_weight_balanced_RandomForest.csv,/kaggle/working/outputs/TESE_pruebas/run_20260902_145353/processed_data/reports/balanceo/matrices_confusion_balanceo/confusion_211260561_all_noOutliers_class_weight_balanced_RandomForest.png,balanceo/matrices_confusion_balanceo/confusion_211260561_all_noOutliers_class_weight_balanced_RandomForest.png
211260561,all,noOutliers,class_weight_balanced,RBFNetwork_aprox,/kaggle/working/outputs/TESE_pruebas/run_20260902_145353/processed_data/reports/balanceo/matrices_confusion_balanceo/confusion_211260561_all_noOutliers_class_weight_balanced_RBFNetwork_aprox.csv,/kaggle/working/outputs/TESE_pruebas/run_20260902_145353/processed_data/reports/balanceo/matrices_confusion_balanceo/confusion_211260561_all_noOutliers_class_weight_balanced_RBFNetwork_aprox.png,balanceo/matrices_confusion_balanceo/confusion_211260561_all_noOutliers_class_weight_balanced_RBFNetwork_aprox.png
211260561,all,noOutliers,smote,SMO_SVM,/kaggle/working/outputs/TESE_pruebas/run_20260902_145353/processed_data/reports/balanceo/matrices_confusion_balanceo/confusion_211260561_all_noOutliers_smote_SMO_SVM.csv,/kaggle/working/outputs/TESE_pruebas/run_20260902_145353/processed_data/reports/balanceo/matrices_confusion_balanceo/confusion_211260561_all_noOutliers_smote_SMO_SVM.png,balanceo/matrices_confusion_balanceo/confusion_211260561_all_noOutliers_smote_SMO_SVM.png
211260561,all,noOutliers,smote,RandomForest,/kaggle/working/outputs/TESE_pruebas/run_20260902_145353/processed_data/reports/balanceo/matrices_confusion_balanceo/confusion_211260561_all_noOutliers_smote_RandomForest.csv,/kaggle/working/outputs/TESE_pruebas/run_20260902_145353/processed_data/reports/balanceo/matrices_confusion_balanceo/confusion_211260561_all_noOutliers_smote_RandomForest.png,balanceo/matrices_confusion_balanceo/confusion_211260561_all_noOutliers_smote_RandomForest.png
211260561,all,noOutliers,smote,MLP,/kaggle/working/outputs/TESE_pruebas/run_20260902_145353/processed_data/reports/balanceo/matrices_confusion_balanceo/confusion_211260561_all_noOutliers_smote_MLP.csv,/kaggle/working/outputs/TESE_pruebas/run_20260902_145353/processed_data/reports/balanceo/matrices_confusion_balanceo/confusion_211260561_all_noOutliers_smote_MLP.png,balanceo/matrices_confusion_balanceo/confusion_211260561_all_noOutliers_smote_MLP.png
211260561,all,noOutliers,smote,IBk_kNN,/kaggle/working/outputs/TESE_pruebas/run_20260902_145353/processed_data/reports/balanceo/matrices_confusion_balanceo/confusion_211260561_all_noOutliers_smote_IBk_kNN.csv,/kaggle/working/outputs/TESE_pruebas/run_20260902_145353/processed_data/reports/balanceo/matrices_confusion_balanceo/confusion_211260561_all_noOutliers_smote_IBk_kNN.png,balanceo/matrices_confusion_balanceo/confusion_211260561_all_noOutliers_smote_IBk_kNN.png
211260561,all,noOutliers,smote,RBFNetwork_aprox,/kaggle/working/outputs/TESE_pruebas/run_20260902_145353/processed_data/reports/balanceo/matrices_confusion_balanceo/confusion_211260561_all_noOutliers_smote_RBFNetwork_aprox.csv,/kaggle/working/outputs/TESE_pruebas/run_20260902_145353/processed_data/reports/balanceo/matrices_confusion_balanceo/confusion_211260561_all_noOutliers_smote_RBFNetwork_aprox.png,balanceo/matrices_confusion_balanceo/confusion_211260561_all_noOutliers_smote_RBFNetwork_aprox.png
211260561,all,noOutliers,smote_tomek,SMO_SVM,/kaggle/working/outputs/TESE_pruebas/run_20260902_145353/processed_data/reports/balanceo/matrices_confusion_balanceo/confusion_211260561_all_noOutliers_smote_tomek_SMO_SVM.csv,/kaggle/working/outputs/TESE_pruebas/run_20260902_145353/processed_data/reports/balanceo/matrices_confusion_balanceo/confusion_211260561_all_noOutliers_smote_tomek_SMO_SVM.png,balanceo/matrices_confusion_balanceo/confusion_211260561_all_noOutliers_smote_tomek_SMO_SVM.png
211260561,all,noOutliers,smote_tomek,RandomForest,/kaggle/working/outputs/TESE_pruebas/run_20260902_145353/processed_data/reports/balanceo/matrices_confusion_balanceo/confusion_211260561_all_noOutliers_smote_tomek_RandomForest.csv,/kaggle/working/outputs/TESE_pruebas/run_20260902_145353/processed_data/reports/balanceo/matrices_confusion_balanceo/confusion_211260561_all_noOutliers_smote_tomek_RandomForest.png,balanceo/matrices_confusion_balanceo/confusion_211260561_all_noOutliers_smote_tomek_RandomForest.png
211260561,all,noOutliers,smote_tomek,MLP,/kaggle/working/outputs/TESE_pruebas/run_20260902_145353/processed_data/reports/balanceo/matrices_confusion_balanceo/confusion_211260561_all_noOutliers_smote_tomek_MLP.csv,/kaggle/working/outputs/TESE_pruebas/run_20260902_145353/processed_data/reports/balanceo/matrices_confusion_balanceo/confusion_211260561_all_noOutliers_smote_tomek_MLP.png,balanceo/matrices_confusion_balanceo/confusion_211260561_all_noOutliers_smote_tomek_MLP.png
211260561,all,noOutliers,smote_tomek,IBk_kNN,/kaggle/working/outputs/TESE_pruebas/run_20260902_145353/processed_data/reports/balanceo/matrices_confusion_balanceo/confusion_211260561_all_noOutliers_smote_tomek_IBk_kNN.csv,/kaggle/working/outputs/TESE_pruebas/run_20260902_145353/processed_data/reports/balanceo/matrices_confusion_balanceo/confusion_211260561_all_noOutliers_smote_tomek_IBk_kNN.png,balanceo/matrices_confusion_balanceo/confusion_211260561_all_noOutliers_smote_tomek_IBk_kNN.png
211260561,all,noOutliers,smote_tomek,RBFNetwork_aprox,/kaggle/working/outputs/TESE_pruebas/run_20260902_145353/processed_data/reports/balanceo/matrices_confusion_balanceo/confusion_211260561_all_noOutliers_smote_tomek_RBFNetwork_aprox.csv,/kaggle/working/outputs/TESE_pruebas/run_20260902_145353/processed_data/reports/balanceo/matrices_confusion_balanceo/confusion_211260561_all_noOutliers_smote_tomek_RBFNetwork_aprox.png,balanceo/matrices_confusion_balanceo/confusion_211260561_all_noOutliers_smote_tomek_RBFNetwork_aprox.png
211260561,all,noOutliers,random_undersampling_controlado,SMO_SVM,/kaggle/working/outputs/TESE_pruebas/run_20260902_145353/processed_data/reports/balanceo/matrices_confusion_balanceo/confusion_211260561_all_noOutliers_random_undersampling_controlado_SMO_SVM.csv,/kaggle/working/outputs/TESE_pruebas/run_20260902_145353/processed_data/reports/balanceo/matrices_confusion_balanceo/confusion_211260561_all_noOutliers_random_undersampling_controlado_SMO_SVM.png,balanceo/matrices_confusion_balanceo/confusion_211260561_all_noOutliers_random_undersampling_controlado_SMO_SVM.png
211260561,all,noOutliers,random_undersampling_controlado,RandomForest,/kaggle/working/outputs/TESE_pruebas/run_20260902_145353/processed_data/reports/balanceo/matrices_confusion_balanceo/confusion_211260561_all_noOutliers_random_undersampling_controlado_RandomForest.csv,/kaggle/working/outputs/TESE_pruebas/run_20260902_145353/processed_data/reports/balanceo/matrices_confusion_balanceo/confusion_211260561_all_noOutliers_random_undersampling_controlado_RandomForest.png,balanceo/matrices_confusion_balanceo/confusion_211260561_all_noOutliers_random_undersampling_controlado_RandomForest.png
211260561,all,noOutliers,random_undersampling_controlado,MLP,/kaggle/working/outputs/TESE_pruebas/run_20260902_145353/processed_data/reports/balanceo/matrices_confusion_balanceo/confusion_211260561_all_noOutliers_random_undersampling_controlado_MLP.csv,/kaggle/working/outputs/TESE_pruebas/run_20260902_145353/processed_data/reports/balanceo/matrices_confusion_balanceo/confusion_211260561_all_noOutliers_random_undersampling_controlado_MLP.png,balanceo/matrices_confusion_balanceo/confusion_211260561_all_noOutliers_random_undersampling_controlado_MLP.png
211260561,all,noOutliers,random_undersampling_controlado,IBk_kNN,/kaggle/working/outputs/TESE_pruebas/run_20260902_145353/processed_data/reports/balanceo/matrices_confusion_balanceo/confusion_211260561_all_noOutliers_random_undersampling_controlado_IBk_kNN.csv,/kaggle/working/outputs/TESE_pruebas/run_20260902_145353/processed_data/reports/balanceo/matrices_confusion_balanceo/confusion_211260561_all_noOutliers_random_undersampling_controlado_IBk_kNN.png,balanceo/matrices_confusion_balanceo/confusion_211260561_all_noOutliers_random_undersampling_controlado_IBk_kNN.png
211260561,all,noOutliers,random_undersampling_controlado,RBFNetwork_aprox,/kaggle/working/outputs/TESE_pruebas/run_20260902_145353/processed_data/reports/balanceo/matrices_confusion_balanceo/confusion_211260561_all_noOutliers_random_undersampling_controlado_RBFNetwork_aprox.csv,/kaggle/working/outputs/TESE_pruebas/run_20260902_145353/processed_data/reports/balanceo/matrices_confusion_balanceo/confusion_211260561_all_noOutliers_random_undersampling_controlado_RBFNetwork_aprox.png,balanceo/matrices_confusion_balanceo/confusion_211260561_all_noOutliers_random_undersampling_controlado_RBFNetwork_aprox.png
211260561,all,sinArtefactosConservador,sin_balanceo,SMO_SVM,/kaggle/working/outputs/TESE_pruebas/run_20260902_145353/processed_data/reports/balanceo/matrices_confusion_balanceo/confusion_211260561_all_sinArtefactosConservador_sin_balanceo_SMO_SVM.csv,/kaggle/working/outputs/TESE_pruebas/run_20260902_145353/processed_data/reports/balanceo/matrices_confusion_balanceo/confusion_211260561_all_sinArtefactosConservador_sin_balanceo_SMO_SVM.png,balanceo/matrices_confusion_balanceo/confusion_211260561_all_sinArtefactosConservador_sin_balanceo_SMO_SVM.png
211260561,all,sinArtefactosConservador,sin_balanceo,RandomForest,/kaggle/working/outputs/TESE_pruebas/run_20260902_145353/processed_data/reports/balanceo/matrices_confusion_balanceo/confusion_211260561_all_sinArtefactosConservador_sin_balanceo_RandomForest.csv,/kaggle/working/outputs/TESE_pruebas/run_20260902_145353/processed_data/reports/balanceo/matrices_confusion_balanceo/confusion_211260561_all_sinArtefactosConservador_sin_balanceo_RandomForest.png,balanceo/matrices_confusion_balanceo/confusion_211260561_all_sinArtefactosConservador_sin_balanceo_RandomForest.png
211260561,all,sinArtefactosConservador,sin_balanceo,MLP,/kaggle/working/outputs/TESE_pruebas/run_20260902_145353/processed_data/reports/balanceo/matrices_confusion_balanceo/confusion_211260561_all_sinArtefactosConservador_sin_balanceo_MLP.csv,/kaggle/working/outputs/TESE_pruebas/run_20260902_145353/processed_data/reports/balanceo/matrices_confusion_balanceo/confusion_211260561_all_sinArtefactosConservador_sin_balanceo_MLP.png,balanceo/matrices_confusion_balanceo/confusion_211260561_all_sinArtefactosConservador_sin_balanceo_MLP.png
211260561,all,sinArtefactosConservador,sin_balanceo,IBk_kNN,/kaggle/working/outputs/TESE_pruebas/run_20260902_145353/processed_data/reports/balanceo/matrices_confusion_balanceo/confusion_211260561_all_sinArtefactosConservador_sin_balanceo_IBk_kNN.csv,/kaggle/working/outputs/TESE_pruebas/run_20260902_145353/processed_data/reports/balanceo/matrices_confusion_balanceo/confusion_211260561_all_sinArtefactosConservador_sin_balanceo_IBk_kNN.png,balanceo/matrices_confusion_balanceo/confusion_211260561_all_sinArtefactosConservador_sin_balanceo_IBk_kNN.png
211260561,all,sinArtefactosConservador,sin_balanceo,RBFNetwork_aprox,/kaggle/working/outputs/TESE_pruebas/run_20260902_145353/processed_data/reports/balanceo/matrices_confusion_balanceo/confusion_211260561_all_sinArtefactosConservador_sin_balanceo_RBFNetwork_aprox.csv,/kaggle/working/outputs/TESE_pruebas/run_20260902_145353/processed_data/reports/balanceo/matrices_confusion_balanceo/confusion_211260561_all_sinArtefactosConservador_sin_balanceo_RBFNetwork_aprox.png,balanceo/matrices_confusion_balanceo/confusion_211260561_all_sinArtefactosConservador_sin_balanceo_RBFNetwork_aprox.png
211260561,all,sinArtefactosConservador,random_oversampling,SMO_SVM,/kaggle/working/outputs/TESE_pruebas/run_20260902_145353/processed_data/reports/balanceo/matrices_confusion_balanceo/confusion_211260561_all_sinArtefactosConservador_random_oversampling_SMO_SVM.csv,/kaggle/working/outputs/TESE_pruebas/run_20260902_145353/processed_data/reports/balanceo/matrices_confusion_balanceo/confusion_211260561_all_sinArtefactosConservador_random_oversampling_SMO_SVM.png,balanceo/matrices_confusion_balanceo/confusion_211260561_all_sinArtefactosConservador_random_oversampling_SMO_SVM.png
211260561,all,sinArtefactosConservador,random_oversampling,RandomForest,/kaggle/working/outputs/TESE_pruebas/run_20260902_145353/processed_data/reports/balanceo/matrices_confusion_balanceo/confusion_211260561_all_sinArtefactosConservador_random_oversampling_RandomForest.csv,/kaggle/working/outputs/TESE_pruebas/run_20260902_145353/processed_data/reports/balanceo/matrices_confusion_balanceo/confusion_211260561_all_sinArtefactosConservador_random_oversampling_RandomForest.png,balanceo/matrices_confusion_balanceo/confusion_211260561_all_sinArtefactosConservador_random_oversampling_RandomForest.png
211260561,all,sinArtefactosConservador,random_oversampling,MLP,/kaggle/working/outputs/TESE_pruebas/run_20260902_145353/processed_data/reports/balanceo/matrices_confusion_balanceo/confusion_211260561_all_sinArtefactosConservador_random_oversampling_MLP.csv,/kaggle/working/outputs/TESE_pruebas/run_20260902_145353/processed_data/reports/balanceo/matrices_confusion_balanceo/confusion_211260561_all_sinArtefactosConservador_random_oversampling_MLP.png,balanceo/matrices_confusion_balanceo/confusion_211260561_all_sinArtefactosConservador_random_oversampling_MLP.png
211260561,all,sinArtefactosConservador,random_oversampling,IBk_kNN,/kaggle/working/outputs/TESE_pruebas/run_20260902_145353/processed_data/reports/balanceo/matrices_confusion_balanceo/confusion_211260561_all_sinArtefactosConservador_random_oversampling_IBk_kNN.csv,/kaggle/working/outputs/TESE_pruebas/run_20260902_145353/processed_data/reports/balanceo/matrices_confusion_balanceo/confusion_211260561_all_sinArtefactosConservador_random_oversampling_IBk_kNN.png,balanceo/matrices_confusion_balanceo/confusion_211260561_all_sinArtefactosConservador_random_oversampling_IBk_kNN.png
211260561,all,sinArtefactosConservador,random_oversampling,RBFNetwork_aprox,/kaggle/working/outputs/TESE_pruebas/run_20260902_145353/processed_data/reports/balanceo/matrices_confusion_balanceo/confusion_211260561_all_sinArtefactosConservador_random_oversampling_RBFNetwork_aprox.csv,/kaggle/working/outputs/TESE_pruebas/run_20260902_145353/processed_data/reports/balanceo/matrices_confusion_balanceo/confusion_211260561_all_sinArtefactosConservador_random_oversampling_RBFNetwork_aprox.png,balanceo/matrices_confusion_balanceo/confusion_211260561_all_sinArtefactosConservador_random_oversampling_RBFNetwork_aprox.png
211260561,all,sinArtefactosConservador,class_weight_balanced,SMO_SVM,/kaggle/working/outputs/TESE_pruebas/run_20260902_145353/processed_data/reports/balanceo/matrices_confusion_balanceo/confusion_211260561_all_sinArtefactosConservador_class_weight_balanced_SMO_SVM.csv,/kaggle/working/outputs/TESE_pruebas/run_20260902_145353/processed_data/reports/balanceo/matrices_confusion_balanceo/confusion_211260561_all_sinArtefactosConservador_class_weight_balanced_SMO_SVM.png,balanceo/matrices_confusion_balanceo/confusion_211260561_all_sinArtefactosConservador_class_weight_balanced_SMO_SVM.png
211260561,all,sinArtefactosConservador,class_weight_balanced,RandomForest,/kaggle/working/outputs/TESE_pruebas/run_20260902_145353/processed_data/reports/balanceo/matrices_confusion_balanceo/confusion_211260561_all_sinArtefactosConservador_class_weight_balanced_RandomForest.csv,/kaggle/working/outputs/TESE_pruebas/run_20260902_145353/processed_data/reports/balanceo/matrices_confusion_balanceo/confusion_211260561_all_sinArtefactosConservador_class_weight_balanced_RandomForest.png,balanceo/matrices_confusion_balanceo/confusion_211260561_all_sinArtefactosConservador_class_weight_balanced_RandomForest.png
211260561,all,sinArtefactosConservador,class_weight_balanced,RBFNetwork_aprox,/kaggle/working/outputs/TESE_pruebas/run_20260902_145353/processed_data/reports/balanceo/matrices_confusion_balanceo/confusion_211260561_all_sinArtefactosConservador_class_weight_balanced_RBFNetwork_aprox.csv,/kaggle/working/outputs/TESE_pruebas/run_20260902_145353/processed_data/reports/balanceo/matrices_confusion_balanceo/confusion_211260561_all_sinArtefactosConservador_class_weight_balanced_RBFNetwork_aprox.png,balanceo/matrices_confusion_balanceo/confusion_211260561_all_sinArtefactosConservador_class_weight_balanced_RBFNetwork_aprox.png
211260561,all,sinArtefactosConservador,smote,SMO_SVM,/kaggle/working/outputs/TESE_pruebas/run_20260902_145353/processed_data/reports/balanceo/matrices_confusion_balanceo/confusion_211260561_all_sinArtefactosConservador_smote_SMO_SVM.csv,/kaggle/working/outputs/TESE_pruebas/run_20260902_145353/processed_data/reports/balanceo/matrices_confusion_balanceo/confusion_211260561_all_sinArtefactosConservador_smote_SMO_SVM.png,balanceo/matrices_confusion_balanceo/confusion_211260561_all_sinArtefactosConservador_smote_SMO_SVM.png
211260561,all,sinArtefactosConservador,smote,RandomForest,/kaggle/working/outputs/TESE_pruebas/run_20260902_145353/processed_data/reports/balanceo/matrices_confusion_balanceo/confusion_211260561_all_sinArtefactosConservador_smote_RandomForest.csv,/kaggle/working/outputs/TESE_pruebas/run_20260902_145353/processed_data/reports/balanceo/matrices_confusion_balanceo/confusion_211260561_all_sinArtefactosConservador_smote_RandomForest.png,balanceo/matrices_confusion_balanceo/confusion_211260561_all_sinArtefactosConservador_smote_RandomForest.png
211260561,all,sinArtefactosConservador,smote,MLP,/kaggle/working/outputs/TESE_pruebas/run_20260902_145353/processed_data/reports/balanceo/matrices_confusion_balanceo/confusion_211260561_all_sinArtefactosConservador_smote_MLP.csv,/kaggle/working/outputs/TESE_pruebas/run_20260902_145353/processed_data/reports/balanceo/matrices_confusion_balanceo/confusion_211260561_all_sinArtefactosConservador_smote_MLP.png,balanceo/matrices_confusion_balanceo/confusion_211260561_all_sinArtefactosConservador_smote_MLP.png
211260561,all,sinArtefactosConservador,smote,IBk_kNN,/kaggle/working/outputs/TESE_pruebas/run_20260902_145353/processed_data/reports/balanceo/matrices_confusion_balanceo/confusion_211260561_all_sinArtefactosConservador_smote_IBk_kNN.csv,/kaggle/working/outputs/TESE_pruebas/run_20260902_145353/processed_data/reports/balanceo/matrices_confusion_balanceo/confusion_211260561_all_sinArtefactosConservador_smote_IBk_kNN.png,balanceo/matrices_confusion_balanceo/confusion_211260561_all_sinArtefactosConservador_smote_IBk_kNN.png
211260561,all,sinArtefactosConservador,smote,RBFNetwork_aprox,/kaggle/working/outputs/TESE_pruebas/run_20260902_145353/processed_data/reports/balanceo/matrices_confusion_balanceo/confusion_211260561_all_sinArtefactosConservador_smote_RBFNetwork_aprox.csv,/kaggle/working/outputs/TESE_pruebas/run_20260902_145353/processed_data/reports/balanceo/matrices_confusion_balanceo/confusion_211260561_all_sinArtefactosConservador_smote_RBFNetwork_aprox.png,balanceo/matrices_confusion_balanceo/confusion_211260561_all_sinArtefactosConservador_smote_RBFNetwork_aprox.png
211260561,all,sinArtefactosConservador,smote_tomek,SMO_SVM,/kaggle/working/outputs/TESE_pruebas/run_20260902_145353/processed_data/reports/balanceo/matrices_confusion_balanceo/confusion_211260561_all_sinArtefactosConservador_smote_tomek_SMO_SVM.csv,/kaggle/working/outputs/TESE_pruebas/run_20260902_145353/processed_data/reports/balanceo/matrices_confusion_balanceo/confusion_211260561_all_sinArtefactosConservador_smote_tomek_SMO_SVM.png,balanceo/matrices_confusion_balanceo/confusion_211260561_all_sinArtefactosConservador_smote_tomek_SMO_SVM.png
211260561,all,sinArtefactosConservador,smote_tomek,RandomForest,/kaggle/working/outputs/TESE_pruebas/run_20260902_145353/processed_data/reports/balanceo/matrices_confusion_balanceo/confusion_211260561_all_sinArtefactosConservador_smote_tomek_RandomForest.csv,/kaggle/working/outputs/TESE_pruebas/run_20260902_145353/processed_data/reports/balanceo/matrices_confusion_balanceo/confusion_211260561_all_sinArtefactosConservador_smote_tomek_RandomForest.png,balanceo/matrices_confusion_balanceo/confusion_211260561_all_sinArtefactosConservador_smote_tomek_RandomForest.png
211260561,all,sinArtefactosConservador,smote_tomek,MLP,/kaggle/working/outputs/TESE_pruebas/run_20260902_145353/processed_data/reports/balanceo/matrices_confusion_balanceo/confusion_211260561_all_sinArtefactosConservador_smote_tomek_MLP.csv,/kaggle/working/outputs/TESE_pruebas/run_20260902_145353/processed_data/reports/balanceo/matrices_confusion_balanceo/confusion_211260561_all_sinArtefactosConservador_smote_tomek_MLP.png,balanceo/matrices_confusion_balanceo/confusion_211260561_all_sinArtefactosConservador_smote_tomek_MLP.png
211260561,all,sinArtefactosConservador,smote_tomek,IBk_kNN,/kaggle/working/outputs/TESE_pruebas/run_20260902_145353/processed_data/reports/balanceo/matrices_confusion_balanceo/confusion_211260561_all_sinArtefactosConservador_smote_tomek_IBk_kNN.csv,/kaggle/working/outputs/TESE_pruebas/run_20260902_145353/processed_data/reports/balanceo/matrices_confusion_balanceo/confusion_211260561_all_sinArtefactosConservador_smote_tomek_IBk_kNN.png,balanceo/matrices_confusion_balanceo/confusion_211260561_all_sinArtefactosConservador_smote_tomek_IBk_kNN.png
211260561,all,sinArtefactosConservador,smote_tomek,RBFNetwork_aprox,/kaggle/working/outputs/TESE_pruebas/run_20260902_145353/processed_data/reports/balanceo/matrices_confusion_balanceo/confusion_211260561_all_sinArtefactosConservador_smote_tomek_RBFNetwork_aprox.csv,/kaggle/working/outputs/TESE_pruebas/run_20260902_145353/processed_data/reports/balanceo/matrices_confusion_balanceo/confusion_211260561_all_sinArtefactosConservador_smote_tomek_RBFNetwork_aprox.png,balanceo/matrices_confusion_balanceo/confusion_211260561_all_sinArtefactosConservador_smote_tomek_RBFNetwork_aprox.png
211260561,all,sinArtefactosConservador,random_undersampling_controlado,SMO_SVM,/kaggle/working/outputs/TESE_pruebas/run_20260902_145353/processed_data/reports/balanceo/matrices_confusion_balanceo/confusion_211260561_all_sinArtefactosConservador_random_undersampling_controlado_SMO_SVM.csv,/kaggle/working/outputs/TESE_pruebas/run_20260902_145353/processed_data/reports/balanceo/matrices_confusion_balanceo/confusion_211260561_all_sinArtefactosConservador_random_undersampling_controlado_SMO_SVM.png,balanceo/matrices_confusion_balanceo/confusion_211260561_all_sinArtefactosConservador_random_undersampling_controlado_SMO_SVM.png
211260561,all,sinArtefactosConservador,random_undersampling_controlado,RandomForest,/kaggle/working/outputs/TESE_pruebas/run_20260902_145353/processed_data/reports/balanceo/matrices_confusion_balanceo/confusion_211260561_all_sinArtefactosConservador_random_undersampling_controlado_RandomForest.csv,/kaggle/working/outputs/TESE_pruebas/run_20260902_145353/processed_data/reports/balanceo/matrices_confusion_balanceo/confusion_211260561_all_sinArtefactosConservador_random_undersampling_controlado_RandomForest.png,balanceo/matrices_confusion_balanceo/confusion_211260561_all_sinArtefactosConservador_random_undersampling_controlado_RandomForest.png
211260561,all,sinArtefactosConservador,random_undersampling_controlado,MLP,/kaggle/working/outputs/TESE_pruebas/run_20260902_145353/processed_data/reports/balanceo/matrices_confusion_balanceo/confusion_211260561_all_sinArtefactosConservador_random_undersampling_controlado_MLP.csv,/kaggle/working/outputs/TESE_pruebas/run_20260902_145353/processed_data/reports/balanceo/matrices_confusion_balanceo/confusion_211260561_all_sinArtefactosConservador_random_undersampling_controlado_MLP.png,balanceo/matrices_confusion_balanceo/confusion_211260561_all_sinArtefactosConservador_random_undersampling_controlado_MLP.png
211260561,all,sinArtefactosConservador,random_undersampling_controlado,IBk_kNN,/kaggle/working/outputs/TESE_pruebas/run_20260902_145353/processed_data/reports/balanceo/matrices_confusion_balanceo/confusion_211260561_all_sinArtefactosConservador_random_undersampling_controlado_IBk_kNN.csv,/kaggle/working/outputs/TESE_pruebas/run_20260902_145353/processed_data/reports/balanceo/matrices_confusion_balanceo/confusion_211260561_all_sinArtefactosConservador_random_undersampling_controlado_IBk_kNN.png,balanceo/matrices_confusion_balanceo/confusion_211260561_all_sinArtefactosConservador_random_undersampling_controlado_IBk_kNN.png
211260561,all,sinArtefactosConservador,random_undersampling_controlado,RBFNetwork_aprox,/kaggle/working/outputs/TESE_pruebas/run_20260902_145353/processed_data/reports/balanceo/matrices_confusion_balanceo/confusion_211260561_all_sinArtefactosConservador_random_undersampling_controlado_RBFNetwork_aprox.csv,/kaggle/working/outputs/TESE_pruebas/run_20260902_145353/processed_data/reports/balanceo/matrices_confusion_balanceo/confusion_211260561_all_sinArtefactosConservador_random_undersampling_controlado_RBFNetwork_aprox.png,balanceo/matrices_confusion_balanceo/confusion_211260561_all_sinArtefactosConservador_random_undersampling_controlado_RBFNetwork_aprox.png
211260561,all,sinArtefactosEstricto,sin_balanceo,SMO_SVM,/kaggle/working/outputs/TESE_pruebas/run_20260902_145353/processed_data/reports/balanceo/matrices_confusion_balanceo/confusion_211260561_all_sinArtefactosEstricto_sin_balanceo_SMO_SVM.csv,/kaggle/working/outputs/TESE_pruebas/run_20260902_145353/processed_data/reports/balanceo/matrices_confusion_balanceo/confusion_211260561_all_sinArtefactosEstricto_sin_balanceo_SMO_SVM.png,balanceo/matrices_confusion_balanceo/confusion_211260561_all_sinArtefactosEstricto_sin_balanceo_SMO_SVM.png
211260561,all,sinArtefactosEstricto,sin_balanceo,RandomForest,/kaggle/working/outputs/TESE_pruebas/run_20260902_145353/processed_data/reports/balanceo/matrices_confusion_balanceo/confusion_211260561_all_sinArtefactosEstricto_sin_balanceo_RandomForest.csv,/kaggle/working/outputs/TESE_pruebas/run_20260902_145353/processed_data/reports/balanceo/matrices_confusion_balanceo/confusion_211260561_all_sinArtefactosEstricto_sin_balanceo_RandomForest.png,balanceo/matrices_confusion_balanceo/confusion_211260561_all_sinArtefactosEstricto_sin_balanceo_RandomForest.png
211260561,all,sinArtefactosEstricto,sin_balanceo,MLP,/kaggle/working/outputs/TESE_pruebas/run_20260902_145353/processed_data/reports/balanceo/matrices_confusion_balanceo/confusion_211260561_all_sinArtefactosEstricto_sin_balanceo_MLP.csv,/kaggle/working/outputs/TESE_pruebas/run_20260902_145353/processed_data/reports/balanceo/matrices_confusion_balanceo/confusion_211260561_all_sinArtefactosEstricto_sin_balanceo_MLP.png,balanceo/matrices_confusion_balanceo/confusion_211260561_all_sinArtefactosEstricto_sin_balanceo_MLP.png
211260561,all,sinArtefactosEstricto,sin_balanceo,IBk_kNN,/kaggle/working/outputs/TESE_pruebas/run_20260902_145353/processed_data/reports/balanceo/matrices_confusion_balanceo/confusion_211260561_all_sinArtefactosEstricto_sin_balanceo_IBk_kNN.csv,/kaggle/working/outputs/TESE_pruebas/run_20260902_145353/processed_data/reports/balanceo/matrices_confusion_balanceo/confusion_211260561_all_sinArtefactosEstricto_sin_balanceo_IBk_kNN.png,balanceo/matrices_confusion_balanceo/confusion_211260561_all_sinArtefactosEstricto_sin_balanceo_IBk_kNN.png
211260561,all,sinArtefactosEstricto,sin_balanceo,RBFNetwork_aprox,/kaggle/working/outputs/TESE_pruebas/run_20260902_145353/processed_data/reports/balanceo/matrices_confusion_balanceo/confusion_211260561_all_sinArtefactosEstricto_sin_balanceo_RBFNetwork_aprox.csv,/kaggle/working/outputs/TESE_pruebas/run_20260902_145353/processed_data/reports/balanceo/matrices_confusion_balanceo/confusion_211260561_all_sinArtefactosEstricto_sin_balanceo_RBFNetwork_aprox.png,balanceo/matrices_confusion_balanceo/confusion_211260561_all_sinArtefactosEstricto_sin_balanceo_RBFNetwork_aprox.png
211260561,all,sinArtefactosEstricto,random_oversampling,SMO_SVM,/kaggle/working/outputs/TESE_pruebas/run_20260902_145353/processed_data/reports/balanceo/matrices_confusion_balanceo/confusion_211260561_all_sinArtefactosEstricto_random_oversampling_SMO_SVM.csv,/kaggle/working/outputs/TESE_pruebas/run_20260902_145353/processed_data/reports/balanceo/matrices_confusion_balanceo/confusion_211260561_all_sinArtefactosEstricto_random_oversampling_SMO_SVM.png,balanceo/matrices_confusion_balanceo/confusion_211260561_all_sinArtefactosEstricto_random_oversampling_SMO_SVM.png
211260561,all,sinArtefactosEstricto,random_oversampling,RandomForest,/kaggle/working/outputs/TESE_pruebas/run_20260902_145353/processed_data/reports/balanceo/matrices_confusion_balanceo/confusion_211260561_all_sinArtefactosEstricto_random_oversampling_RandomForest.csv,/kaggle/working/outputs/TESE_pruebas/run_20260902_145353/processed_data/reports/balanceo/matrices_confusion_balanceo/confusion_211260561_all_sinArtefactosEstricto_random_oversampling_RandomForest.png,balanceo/matrices_confusion_balanceo/confusion_211260561_all_sinArtefactosEstricto_random_oversampling_RandomForest.png
211260561,all,sinArtefactosEstricto,random_oversampling,MLP,/kaggle/working/outputs/TESE_pruebas/run_20260902_145353/processed_data/reports/balanceo/matrices_confusion_balanceo/confusion_211260561_all_sinArtefactosEstricto_random_oversampling_MLP.csv,/kaggle/working/outputs/TESE_pruebas/run_20260902_145353/processed_data/reports/balanceo/matrices_confusion_balanceo/confusion_211260561_all_sinArtefactosEstricto_random_oversampling_MLP.png,balanceo/matrices_confusion_balanceo/confusion_211260561_all_sinArtefactosEstricto_random_oversampling_MLP.png
211260561,all,sinArtefactosEstricto,random_oversampling,IBk_kNN,/kaggle/working/outputs/TESE_pruebas/run_20260902_145353/processed_data/reports/balanceo/matrices_confusion_balanceo/confusion_211260561_all_sinArtefactosEstricto_random_oversampling_IBk_kNN.csv,/kaggle/working/outputs/TESE_pruebas/run_20260902_145353/processed_data/reports/balanceo/matrices_confusion_balanceo/confusion_211260561_all_sinArtefactosEstricto_random_oversampling_IBk_kNN.png,balanceo/matrices_confusion_balanceo/confusion_211260561_all_sinArtefactosEstricto_random_oversampling_IBk_kNN.png
211260561,all,sinArtefactosEstricto,random_oversampling,RBFNetwork_aprox,/kaggle/working/outputs/TESE_pruebas/run_20260902_145353/processed_data/reports/balanceo/matrices_confusion_balanceo/confusion_211260561_all_sinArtefactosEstricto_random_oversampling_RBFNetwork_aprox.csv,/kaggle/working/outputs/TESE_pruebas/run_20260902_145353/processed_data/reports/balanceo/matrices_confusion_balanceo/confusion_211260561_all_sinArtefactosEstricto_random_oversampling_RBFNetwork_aprox.png,balanceo/matrices_confusion_balanceo/confusion_211260561_all_sinArtefactosEstricto_random_oversampling_RBFNetwork_aprox.png
211260561,all,sinArtefactosEstricto,class_weight_balanced,SMO_SVM,/kaggle/working/outputs/TESE_pruebas/run_20260902_145353/processed_data/reports/balanceo/matrices_confusion_balanceo/confusion_211260561_all_sinArtefactosEstricto_class_weight_balanced_SMO_SVM.csv,/kaggle/working/outputs/TESE_pruebas/run_20260902_145353/processed_data/reports/balanceo/matrices_confusion_balanceo/confusion_211260561_all_sinArtefactosEstricto_class_weight_balanced_SMO_SVM.png,balanceo/matrices_confusion_balanceo/confusion_211260561_all_sinArtefactosEstricto_class_weight_balanced_SMO_SVM.png
211260561,all,sinArtefactosEstricto,class_weight_balanced,RandomForest,/kaggle/working/outputs/TESE_pruebas/run_20260902_145353/processed_data/reports/balanceo/matrices_confusion_balanceo/confusion_211260561_all_sinArtefactosEstricto_class_weight_balanced_RandomForest.csv,/kaggle/working/outputs/TESE_pruebas/run_20260902_145353/processed_data/reports/balanceo/matrices_confusion_balanceo/confusion_211260561_all_sinArtefactosEstricto_class_weight_balanced_RandomForest.png,balanceo/matrices_confusion_balanceo/confusion_211260561_all_sinArtefactosEstricto_class_weight_balanced_RandomForest.png
211260561,all,sinArtefactosEstricto,class_weight_balanced,RBFNetwork_aprox,/kaggle/working/outputs/TESE_pruebas/run_20260902_145353/processed_data/reports/balanceo/matrices_confusion_balanceo/confusion_211260561_all_sinArtefactosEstricto_class_weight_balanced_RBFNetwork_aprox.csv,/kaggle/working/outputs/TESE_pruebas/run_20260902_145353/processed_data/reports/balanceo/matrices_confusion_balanceo/confusion_211260561_all_sinArtefactosEstricto_class_weight_balanced_RBFNetwork_aprox.png,balanceo/matrices_confusion_balanceo/confusion_211260561_all_sinArtefactosEstricto_class_weight_balanced_RBFNetwork_aprox.png
211260561,all,sinArtefactosEstricto,smote,SMO_SVM,/kaggle/working/outputs/TESE_pruebas/run_20260902_145353/processed_data/reports/balanceo/matrices_confusion_balanceo/confusion_211260561_all_sinArtefactosEstricto_smote_SMO_SVM.csv,/kaggle/working/outputs/TESE_pruebas/run_20260902_145353/processed_data/reports/balanceo/matrices_confusion_balanceo/confusion_211260561_all_sinArtefactosEstricto_smote_SMO_SVM.png,balanceo/matrices_confusion_balanceo/confusion_211260561_all_sinArtefactosEstricto_smote_SMO_SVM.png
211260561,all,sinArtefactosEstricto,smote,RandomForest,/kaggle/working/outputs/TESE_pruebas/run_20260902_145353/processed_data/reports/balanceo/matrices_confusion_balanceo/confusion_211260561_all_sinArtefactosEstricto_smote_RandomForest.csv,/kaggle/working/outputs/TESE_pruebas/run_20260902_145353/processed_data/reports/balanceo/matrices_confusion_balanceo/confusion_211260561_all_sinArtefactosEstricto_smote_RandomForest.png,balanceo/matrices_confusion_balanceo/confusion_211260561_all_sinArtefactosEstricto_smote_RandomForest.png
211260561,all,sinArtefactosEstricto,smote,MLP,/kaggle/working/outputs/TESE_pruebas/run_20260902_145353/processed_data/reports/balanceo/matrices_confusion_balanceo/confusion_211260561_all_sinArtefactosEstricto_smote_MLP.csv,/kaggle/working/outputs/TESE_pruebas/run_20260902_145353/processed_data/reports/balanceo/matrices_confusion_balanceo/confusion_211260561_all_sinArtefactosEstricto_smote_MLP.png,balanceo/matrices_confusion_balanceo/confusion_211260561_all_sinArtefactosEstricto_smote_MLP.png
211260561,all,sinArtefactosEstricto,smote,IBk_kNN,/kaggle/working/outputs/TESE_pruebas/run_20260902_145353/processed_data/reports/balanceo/matrices_confusion_balanceo/confusion_211260561_all_sinArtefactosEstricto_smote_IBk_kNN.csv,/kaggle/working/outputs/TESE_pruebas/run_20260902_145353/processed_data/reports/balanceo/matrices_confusion_balanceo/confusion_211260561_all_sinArtefactosEstricto_smote_IBk_kNN.png,balanceo/matrices_confusion_balanceo/confusion_211260561_all_sinArtefactosEstricto_smote_IBk_kNN.png
211260561,all,sinArtefactosEstricto,smote,RBFNetwork_aprox,/kaggle/working/outputs/TESE_pruebas/run_20260902_145353/processed_data/reports/balanceo/matrices_confusion_balanceo/confusion_211260561_all_sinArtefactosEstricto_smote_RBFNetwork_aprox.csv,/kaggle/working/outputs/TESE_pruebas/run_20260902_145353/processed_data/reports/balanceo/matrices_confusion_balanceo/confusion_211260561_all_sinArtefactosEstricto_smote_RBFNetwork_aprox.png,balanceo/matrices_confusion_balanceo/confusion_211260561_all_sinArtefactosEstricto_smote_RBFNetwork_aprox.png
211260561,all,sinArtefactosEstricto,smote_tomek,SMO_SVM,/kaggle/working/outputs/TESE_pruebas/run_20260902_145353/processed_data/reports/balanceo/matrices_confusion_balanceo/confusion_211260561_all_sinArtefactosEstricto_smote_tomek_SMO_SVM.csv,/kaggle/working/outputs/TESE_pruebas/run_20260902_145353/processed_data/reports/balanceo/matrices_confusion_balanceo/confusion_211260561_all_sinArtefactosEstricto_smote_tomek_SMO_SVM.png,balanceo/matrices_confusion_balanceo/confusion_211260561_all_sinArtefactosEstricto_smote_tomek_SMO_SVM.png
211260561,all,sinArtefactosEstricto,smote_tomek,RandomForest,/kaggle/working/outputs/TESE_pruebas/run_20260902_145353/processed_data/reports/balanceo/matrices_confusion_balanceo/confusion_211260561_all_sinArtefactosEstricto_smote_tomek_RandomForest.csv,/kaggle/working/outputs/TESE_pruebas/run_20260902_145353/processed_data/reports/balanceo/matrices_confusion_balanceo/confusion_211260561_all_sinArtefactosEstricto_smote_tomek_RandomForest.png,balanceo/matrices_confusion_balanceo/confusion_211260561_all_sinArtefactosEstricto_smote_tomek_RandomForest.png
211260561,all,sinArtefactosEstricto,smote_tomek,MLP,/kaggle/working/outputs/TESE_pruebas/run_20260902_145353/processed_data/reports/balanceo/matrices_confusion_balanceo/confusion_211260561_all_sinArtefactosEstricto_smote_tomek_MLP.csv,/kaggle/working/outputs/TESE_pruebas/run_20260902_145353/processed_data/reports/balanceo/matrices_confusion_balanceo/confusion_211260561_all_sinArtefactosEstricto_smote_tomek_MLP.png,balanceo/matrices_confusion_balanceo/confusion_211260561_all_sinArtefactosEstricto_smote_tomek_MLP.png
211260561,all,sinArtefactosEstricto,smote_tomek,IBk_kNN,/kaggle/working/outputs/TESE_pruebas/run_20260902_145353/processed_data/reports/balanceo/matrices_confusion_balanceo/confusion_211260561_all_sinArtefactosEstricto_smote_tomek_IBk_kNN.csv,/kaggle/working/outputs/TESE_pruebas/run_20260902_145353/processed_data/reports/balanceo/matrices_confusion_balanceo/confusion_211260561_all_sinArtefactosEstricto_smote_tomek_IBk_kNN.png,balanceo/matrices_confusion_balanceo/confusion_211260561_all_sinArtefactosEstricto_smote_tomek_IBk_kNN.png
211260561,all,sinArtefactosEstricto,smote_tomek,RBFNetwork_aprox,/kaggle/working/outputs/TESE_pruebas/run_20260902_145353/processed_data/reports/balanceo/matrices_confusion_balanceo/confusion_211260561_all_sinArtefactosEstricto_smote_tomek_RBFNetwork_aprox.csv,/kaggle/working/outputs/TESE_pruebas/run_20260902_145353/processed_data/reports/balanceo/matrices_confusion_balanceo/confusion_211260561_all_sinArtefactosEstricto_smote_tomek_RBFNetwork_aprox.png,balanceo/matrices_confusion_balanceo/confusion_211260561_all_sinArtefactosEstricto_smote_tomek_RBFNetwork_aprox.png
211260561,all,sinArtefactosEstricto,random_undersampling_controlado,SMO_SVM,/kaggle/working/outputs/TESE_pruebas/run_20260902_145353/processed_data/reports/balanceo/matrices_confusion_balanceo/confusion_211260561_all_sinArtefactosEstricto_random_undersampling_controlado_SMO_SVM.csv,/kaggle/working/outputs/TESE_pruebas/run_20260902_145353/processed_data/reports/balanceo/matrices_confusion_balanceo/confusion_211260561_all_sinArtefactosEstricto_random_undersampling_controlado_SMO_SVM.png,balanceo/matrices_confusion_balanceo/confusion_211260561_all_sinArtefactosEstricto_random_undersampling_controlado_SMO_SVM.png
211260561,all,sinArtefactosEstricto,random_undersampling_controlado,RandomForest,/kaggle/working/outputs/TESE_pruebas/run_20260902_145353/processed_data/reports/balanceo/matrices_confusion_balanceo/confusion_211260561_all_sinArtefactosEstricto_random_undersampling_controlado_RandomForest.csv,/kaggle/working/outputs/TESE_pruebas/run_20260902_145353/processed_data/reports/balanceo/matrices_confusion_balanceo/confusion_211260561_all_sinArtefactosEstricto_random_undersampling_controlado_RandomForest.png,balanceo/matrices_confusion_balanceo/confusion_211260561_all_sinArtefactosEstricto_random_undersampling_controlado_RandomForest.png
211260561,all,sinArtefactosEstricto,random_undersampling_controlado,MLP,/kaggle/working/outputs/TESE_pruebas/run_20260902_145353/processed_data/reports/balanceo/matrices_confusion_balanceo/confusion_211260561_all_sinArtefactosEstricto_random_undersampling_controlado_MLP.csv,/kaggle/working/outputs/TESE_pruebas/run_20260902_145353/processed_data/reports/balanceo/matrices_confusion_balanceo/confusion_211260561_all_sinArtefactosEstricto_random_undersampling_controlado_MLP.png,balanceo/matrices_confusion_balanceo/confusion_211260561_all_sinArtefactosEstricto_random_undersampling_controlado_MLP.png
211260561,all,sinArtefactosEstricto,random_undersampling_controlado,IBk_kNN,/kaggle/working/outputs/TESE_pruebas/run_20260902_145353/processed_data/reports/balanceo/matrices_confusion_balanceo/confusion_211260561_all_sinArtefactosEstricto_random_undersampling_controlado_IBk_kNN.csv,/kaggle/working/outputs/TESE_pruebas/run_20260902_145353/processed_data/reports/balanceo/matrices_confusion_balanceo/confusion_211260561_all_sinArtefactosEstricto_random_undersampling_controlado_IBk_kNN.png,balanceo/matrices_confusion_balanceo/confusion_211260561_all_sinArtefactosEstricto_random_undersampling_controlado_IBk_kNN.png
211260561,all,sinArtefactosEstricto,random_undersampling_controlado,RBFNetwork_aprox,/kaggle/working/outputs/TESE_pruebas/run_20260902_145353/processed_data/reports/balanceo/matrices_confusion_balanceo/confusion_211260561_all_sinArtefactosEstricto_random_undersampling_controlado_RBFNetwork_aprox.csv,/kaggle/working/outputs/TESE_pruebas/run_20260902_145353/processed_data/reports/balanceo/matrices_confusion_balanceo/confusion_211260561_all_sinArtefactosEstricto_random_undersampling_controlado_RBFNetwork_aprox.png,balanceo/matrices_confusion_balanceo/confusion_211260561_all_sinArtefactosEstricto_random_undersampling_controlado_RBFNetwork_aprox.png
212260563,all,noOutliers,sin_balanceo,SMO_SVM,/kaggle/working/outputs/TESE_pruebas/run_20260902_145353/processed_data/reports/balanceo/matrices_confusion_balanceo/confusion_212260563_all_noOutliers_sin_balanceo_SMO_SVM.csv,/kaggle/working/outputs/TESE_pruebas/run_20260902_145353/processed_data/reports/balanceo/matrices_confusion_balanceo/confusion_212260563_all_noOutliers_sin_balanceo_SMO_SVM.png,balanceo/matrices_confusion_balanceo/confusion_212260563_all_noOutliers_sin_balanceo_SMO_SVM.png
212260563,all,noOutliers,sin_balanceo,RandomForest,/kaggle/working/outputs/TESE_pruebas/run_20260902_145353/processed_data/reports/balanceo/matrices_confusion_balanceo/confusion_212260563_all_noOutliers_sin_balanceo_RandomForest.csv,/kaggle/working/outputs/TESE_pruebas/run_20260902_145353/processed_data/reports/balanceo/matrices_confusion_balanceo/confusion_212260563_all_noOutliers_sin_balanceo_RandomForest.png,balanceo/matrices_confusion_balanceo/confusion_212260563_all_noOutliers_sin_balanceo_RandomForest.png
212260563,all,noOutliers,sin_balanceo,MLP,/kaggle/working/outputs/TESE_pruebas/run_20260902_145353/processed_data/reports/balanceo/matrices_confusion_balanceo/confusion_212260563_all_noOutliers_sin_balanceo_MLP.csv,/kaggle/working/outputs/TESE_pruebas/run_20260902_145353/processed_data/reports/balanceo/matrices_confusion_balanceo/confusion_212260563_all_noOutliers_sin_balanceo_MLP.png,balanceo/matrices_confusion_balanceo/confusion_212260563_all_noOutliers_sin_balanceo_MLP.png
212260563,all,noOutliers,sin_balanceo,IBk_kNN,/kaggle/working/outputs/TESE_pruebas/run_20260902_145353/processed_data/reports/balanceo/matrices_confusion_balanceo/confusion_212260563_all_noOutliers_sin_balanceo_IBk_kNN.csv,/kaggle/working/outputs/TESE_pruebas/run_20260902_145353/processed_data/reports/balanceo/matrices_confusion_balanceo/confusion_212260563_all_noOutliers_sin_balanceo_IBk_kNN.png,balanceo/matrices_confusion_balanceo/confusion_212260563_all_noOutliers_sin_balanceo_IBk_kNN.png
212260563,all,noOutliers,sin_balanceo,RBFNetwork_aprox,/kaggle/working/outputs/TESE_pruebas/run_20260902_145353/processed_data/reports/balanceo/matrices_confusion_balanceo/confusion_212260563_all_noOutliers_sin_balanceo_RBFNetwork_aprox.csv,/kaggle/working/outputs/TESE_pruebas/run_20260902_145353/processed_data/reports/balanceo/matrices_confusion_balanceo/confusion_212260563_all_noOutliers_sin_balanceo_RBFNetwork_aprox.png,balanceo/matrices_confusion_balanceo/confusion_212260563_all_noOutliers_sin_balanceo_RBFNetwork_aprox.png
212260563,all,noOutliers,random_oversampling,SMO_SVM,/kaggle/working/outputs/TESE_pruebas/run_20260902_145353/processed_data/reports/balanceo/matrices_confusion_balanceo/confusion_212260563_all_noOutliers_random_oversampling_SMO_SVM.csv,/kaggle/working/outputs/TESE_pruebas/run_20260902_145353/processed_data/reports/balanceo/matrices_confusion_balanceo/confusion_212260563_all_noOutliers_random_oversampling_SMO_SVM.png,balanceo/matrices_confusion_balanceo/confusion_212260563_all_noOutliers_random_oversampling_SMO_SVM.png
212260563,all,noOutliers,random_oversampling,RandomForest,/kaggle/working/outputs/TESE_pruebas/run_20260902_145353/processed_data/reports/balanceo/matrices_confusion_balanceo/confusion_212260563_all_noOutliers_random_oversampling_RandomForest.csv,/kaggle/working/outputs/TESE_pruebas/run_20260902_145353/processed_data/reports/balanceo/matrices_confusion_balanceo/confusion_212260563_all_noOutliers_random_oversampling_RandomForest.png,balanceo/matrices_confusion_balanceo/confusion_212260563_all_noOutliers_random_oversampling_RandomForest.png
212260563,all,noOutliers,random_oversampling,MLP,/kaggle/working/outputs/TESE_pruebas/run_20260902_145353/processed_data/reports/balanceo/matrices_confusion_balanceo/confusion_212260563_all_noOutliers_random_oversampling_MLP.csv,/kaggle/working/outputs/TESE_pruebas/run_20260902_145353/processed_data/reports/balanceo/matrices_confusion_balanceo/confusion_212260563_all_noOutliers_random_oversampling_MLP.png,balanceo/matrices_confusion_balanceo/confusion_212260563_all_noOutliers_random_oversampling_MLP.png
212260563,all,noOutliers,random_oversampling,IBk_kNN,/kaggle/working/outputs/TESE_pruebas/run_20260902_145353/processed_data/reports/balanceo/matrices_confusion_balanceo/confusion_212260563_all_noOutliers_random_oversampling_IBk_kNN.csv,/kaggle/working/outputs/TESE_pruebas/run_20260902_145353/processed_data/reports/balanceo/matrices_confusion_balanceo/confusion_212260563_all_noOutliers_random_oversampling_IBk_kNN.png,balanceo/matrices_confusion_balanceo/confusion_212260563_all_noOutliers_random_oversampling_IBk_kNN.png
212260563,all,noOutliers,random_oversampling,RBFNetwork_aprox,/kaggle/working/outputs/TESE_pruebas/run_20260902_145353/processed_data/reports/balanceo/matrices_confusion_balanceo/confusion_212260563_all_noOutliers_random_oversampling_RBFNetwork_aprox.csv,/kaggle/working/outputs/TESE_pruebas/run_20260902_145353/processed_data/reports/balanceo/matrices_confusion_balanceo/confusion_212260563_all_noOutliers_random_oversampling_RBFNetwork_aprox.png,balanceo/matrices_confusion_balanceo/confusion_212260563_all_noOutliers_random_oversampling_RBFNetwork_aprox.png
212260563,all,noOutliers,class_weight_balanced,SMO_SVM,/kaggle/working/outputs/TESE_pruebas/run_20260902_145353/processed_data/reports/balanceo/matrices_confusion_balanceo/confusion_212260563_all_noOutliers_class_weight_balanced_SMO_SVM.csv,/kaggle/working/outputs/TESE_pruebas/run_20260902_145353/processed_data/reports/balanceo/matrices_confusion_balanceo/confusion_212260563_all_noOutliers_class_weight_balanced_SMO_SVM.png,balanceo/matrices_confusion_balanceo/confusion_212260563_all_noOutliers_class_weight_balanced_SMO_SVM.png
212260563,all,noOutliers,class_weight_balanced,RandomForest,/kaggle/working/outputs/TESE_pruebas/run_20260902_145353/processed_data/reports/balanceo/matrices_confusion_balanceo/confusion_212260563_all_noOutliers_class_weight_balanced_RandomForest.csv,/kaggle/working/outputs/TESE_pruebas/run_20260902_145353/processed_data/reports/balanceo/matrices_confusion_balanceo/confusion_212260563_all_noOutliers_class_weight_balanced_RandomForest.png,balanceo/matrices_confusion_balanceo/confusion_212260563_all_noOutliers_class_weight_balanced_RandomForest.png
212260563,all,noOutliers,class_weight_balanced,RBFNetwork_aprox,/kaggle/working/outputs/TESE_pruebas/run_20260902_145353/processed_data/reports/balanceo/matrices_confusion_balanceo/confusion_212260563_all_noOutliers_class_weight_balanced_RBFNetwork_aprox.csv,/kaggle/working/outputs/TESE_pruebas/run_20260902_145353/processed_data/reports/balanceo/matrices_confusion_balanceo/confusion_212260563_all_noOutliers_class_weight_balanced_RBFNetwork_aprox.png,balanceo/matrices_confusion_balanceo/confusion_212260563_all_noOutliers_class_weight_balanced_RBFNetwork_aprox.png
212260563,all,noOutliers,random_undersampling_controlado,SMO_SVM,/kaggle/working/outputs/TESE_pruebas/run_20260902_145353/processed_data/reports/balanceo/matrices_confusion_balanceo/confusion_212260563_all_noOutliers_random_undersampling_controlado_SMO_SVM.csv,/kaggle/working/outputs/TESE_pruebas/run_20260902_145353/processed_data/reports/balanceo/matrices_confusion_balanceo/confusion_212260563_all_noOutliers_random_undersampling_controlado_SMO_SVM.png,balanceo/matrices_confusion_balanceo/confusion_212260563_all_noOutliers_random_undersampling_controlado_SMO_SVM.png
212260563,all,noOutliers,random_undersampling_controlado,RandomForest,/kaggle/working/outputs/TESE_pruebas/run_20260902_145353/processed_data/reports/balanceo/matrices_confusion_balanceo/confusion_212260563_all_noOutliers_random_undersampling_controlado_RandomForest.csv,/kaggle/working/outputs/TESE_pruebas/run_20260902_145353/processed_data/reports/balanceo/matrices_confusion_balanceo/confusion_212260563_all_noOutliers_random_undersampling_controlado_RandomForest.png,balanceo/matrices_confusion_balanceo/confusion_212260563_all_noOutliers_random_undersampling_controlado_RandomForest.png
212260563,all,noOutliers,random_undersampling_controlado,MLP,/kaggle/working/outputs/TESE_pruebas/run_20260902_145353/processed_data/reports/balanceo/matrices_confusion_balanceo/confusion_212260563_all_noOutliers_random_undersampling_controlado_MLP.csv,/kaggle/working/outputs/TESE_pruebas/run_20260902_145353/processed_data/reports/balanceo/matrices_confusion_balanceo/confusion_212260563_all_noOutliers_random_undersampling_controlado_MLP.png,balanceo/matrices_confusion_balanceo/confusion_212260563_all_noOutliers_random_undersampling_controlado_MLP.png
212260563,all,noOutliers,random_undersampling_controlado,IBk_kNN,/kaggle/working/outputs/TESE_pruebas/run_20260902_145353/processed_data/reports/balanceo/matrices_confusion_balanceo/confusion_212260563_all_noOutliers_random_undersampling_controlado_IBk_kNN.csv,/kaggle/working/outputs/TESE_pruebas/run_20260902_145353/processed_data/reports/balanceo/matrices_confusion_balanceo/confusion_212260563_all_noOutliers_random_undersampling_controlado_IBk_kNN.png,balanceo/matrices_confusion_balanceo/confusion_212260563_all_noOutliers_random_undersampling_controlado_IBk_kNN.png
212260563,all,noOutliers,random_undersampling_controlado,RBFNetwork_aprox,/kaggle/working/outputs/TESE_pruebas/run_20260902_145353/processed_data/reports/balanceo/matrices_confusion_balanceo/confusion_212260563_all_noOutliers_random_undersampling_controlado_RBFNetwork_aprox.csv,/kaggle/working/outputs/TESE_pruebas/run_20260902_145353/processed_data/reports/balanceo/matrices_confusion_balanceo/confusion_212260563_all_noOutliers_random_undersampling_controlado_RBFNetwork_aprox.png,balanceo/matrices_confusion_balanceo/confusion_212260563_all_noOutliers_random_undersampling_controlado_RBFNetwork_aprox.png
212260567,all,noOutliers,sin_balanceo,SMO_SVM,/kaggle/working/outputs/TESE_pruebas/run_20260902_145353/processed_data/reports/balanceo/matrices_confusion_balanceo/confusion_212260567_all_noOutliers_sin_balanceo_SMO_SVM.csv,/kaggle/working/outputs/TESE_pruebas/run_20260902_145353/processed_data/reports/balanceo/matrices_confusion_balanceo/confusion_212260567_all_noOutliers_sin_balanceo_SMO_SVM.png,balanceo/matrices_confusion_balanceo/confusion_212260567_all_noOutliers_sin_balanceo_SMO_SVM.png
212260567,all,noOutliers,sin_balanceo,RandomForest,/kaggle/working/outputs/TESE_pruebas/run_20260902_145353/processed_data/reports/balanceo/matrices_confusion_balanceo/confusion_212260567_all_noOutliers_sin_balanceo_RandomForest.csv,/kaggle/working/outputs/TESE_pruebas/run_20260902_145353/processed_data/reports/balanceo/matrices_confusion_balanceo/confusion_212260567_all_noOutliers_sin_balanceo_RandomForest.png,balanceo/matrices_confusion_balanceo/confusion_212260567_all_noOutliers_sin_balanceo_RandomForest.png
212260567,all,noOutliers,sin_balanceo,MLP,/kaggle/working/outputs/TESE_pruebas/run_20260902_145353/processed_data/reports/balanceo/matrices_confusion_balanceo/confusion_212260567_all_noOutliers_sin_balanceo_MLP.csv,/kaggle/working/outputs/TESE_pruebas/run_20260902_145353/processed_data/reports/balanceo/matrices_confusion_balanceo/confusion_212260567_all_noOutliers_sin_balanceo_MLP.png,balanceo/matrices_confusion_balanceo/confusion_212260567_all_noOutliers_sin_balanceo_MLP.png
212260567,all,noOutliers,sin_balanceo,IBk_kNN,/kaggle/working/outputs/TESE_pruebas/run_20260902_145353/processed_data/reports/balanceo/matrices_confusion_balanceo/confusion_212260567_all_noOutliers_sin_balanceo_IBk_kNN.csv,/kaggle/working/outputs/TESE_pruebas/run_20260902_145353/processed_data/reports/balanceo/matrices_confusion_balanceo/confusion_212260567_all_noOutliers_sin_balanceo_IBk_kNN.png,balanceo/matrices_confusion_balanceo/confusion_212260567_all_noOutliers_sin_balanceo_IBk_kNN.png
212260567,all,noOutliers,sin_balanceo,RBFNetwork_aprox,/kaggle/working/outputs/TESE_pruebas/run_20260902_145353/processed_data/reports/balanceo/matrices_confusion_balanceo/confusion_212260567_all_noOutliers_sin_balanceo_RBFNetwork_aprox.csv,/kaggle/working/outputs/TESE_pruebas/run_20260902_145353/processed_data/reports/balanceo/matrices_confusion_balanceo/confusion_212260567_all_noOutliers_sin_balanceo_RBFNetwork_aprox.png,balanceo/matrices_confusion_balanceo/confusion_212260567_all_noOutliers_sin_balanceo_RBFNetwork_aprox.png
212260567,all,noOutliers,random_oversampling,SMO_SVM,/kaggle/working/outputs/TESE_pruebas/run_20260902_145353/processed_data/reports/balanceo/matrices_confusion_balanceo/confusion_212260567_all_noOutliers_random_oversampling_SMO_SVM.csv,/kaggle/working/outputs/TESE_pruebas/run_20260902_145353/processed_data/reports/balanceo/matrices_confusion_balanceo/confusion_212260567_all_noOutliers_random_oversampling_SMO_SVM.png,balanceo/matrices_confusion_balanceo/confusion_212260567_all_noOutliers_random_oversampling_SMO_SVM.png
212260567,all,noOutliers,random_oversampling,RandomForest,/kaggle/working/outputs/TESE_pruebas/run_20260902_145353/processed_data/reports/balanceo/matrices_confusion_balanceo/confusion_212260567_all_noOutliers_random_oversampling_RandomForest.csv,/kaggle/working/outputs/TESE_pruebas/run_20260902_145353/processed_data/reports/balanceo/matrices_confusion_balanceo/confusion_212260567_all_noOutliers_random_oversampling_RandomForest.png,balanceo/matrices_confusion_balanceo/confusion_212260567_all_noOutliers_random_oversampling_RandomForest.png
212260567,all,noOutliers,random_oversampling,MLP,/kaggle/working/outputs/TESE_pruebas/run_20260902_145353/processed_data/reports/balanceo/matrices_confusion_balanceo/confusion_212260567_all_noOutliers_random_oversampling_MLP.csv,/kaggle/working/outputs/TESE_pruebas/run_20260902_145353/processed_data/reports/balanceo/matrices_confusion_balanceo/confusion_212260567_all_noOutliers_random_oversampling_MLP.png,balanceo/matrices_confusion_balanceo/confusion_212260567_all_noOutliers_random_oversampling_MLP.png
212260567,all,noOutliers,random_oversampling,IBk_kNN,/kaggle/working/outputs/TESE_pruebas/run_20260902_145353/processed_data/reports/balanceo/matrices_confusion_balanceo/confusion_212260567_all_noOutliers_random_oversampling_IBk_kNN.csv,/kaggle/working/outputs/TESE_pruebas/run_20260902_145353/processed_data/reports/balanceo/matrices_confusion_balanceo/confusion_212260567_all_noOutliers_random_oversampling_IBk_kNN.png,balanceo/matrices_confusion_balanceo/confusion_212260567_all_noOutliers_random_oversampling_IBk_kNN.png
212260567,all,noOutliers,random_oversampling,RBFNetwork_aprox,/kaggle/working/outputs/TESE_pruebas/run_20260902_145353/processed_data/reports/balanceo/matrices_confusion_balanceo/confusion_212260567_all_noOutliers_random_oversampling_RBFNetwork_aprox.csv,/kaggle/working/outputs/TESE_pruebas/run_20260902_145353/processed_data/reports/balanceo/matrices_confusion_balanceo/confusion_212260567_all_noOutliers_random_oversampling_RBFNetwork_aprox.png,balanceo/matrices_confusion_balanceo/confusion_212260567_all_noOutliers_random_oversampling_RBFNetwork_aprox.png
212260567,all,noOutliers,class_weight_balanced,SMO_SVM,/kaggle/working/outputs/TESE_pruebas/run_20260902_145353/processed_data/reports/balanceo/matrices_confusion_balanceo/confusion_212260567_all_noOutliers_class_weight_balanced_SMO_SVM.csv,/kaggle/working/outputs/TESE_pruebas/run_20260902_145353/processed_data/reports/balanceo/matrices_confusion_balanceo/confusion_212260567_all_noOutliers_class_weight_balanced_SMO_SVM.png,balanceo/matrices_confusion_balanceo/confusion_212260567_all_noOutliers_class_weight_balanced_SMO_SVM.png
212260567,all,noOutliers,class_weight_balanced,RandomForest,/kaggle/working/outputs/TESE_pruebas/run_20260902_145353/processed_data/reports/balanceo/matrices_confusion_balanceo/confusion_212260567_all_noOutliers_class_weight_balanced_RandomForest.csv,/kaggle/working/outputs/TESE_pruebas/run_20260902_145353/processed_data/reports/balanceo/matrices_confusion_balanceo/confusion_212260567_all_noOutliers_class_weight_balanced_RandomForest.png,balanceo/matrices_confusion_balanceo/confusion_212260567_all_noOutliers_class_weight_balanced_RandomForest.png
212260567,all,noOutliers,class_weight_balanced,RBFNetwork_aprox,/kaggle/working/outputs/TESE_pruebas/run_20260902_145353/processed_data/reports/balanceo/matrices_confusion_balanceo/confusion_212260567_all_noOutliers_class_weight_balanced_RBFNetwork_aprox.csv,/kaggle/working/outputs/TESE_pruebas/run_20260902_145353/processed_data/reports/balanceo/matrices_confusion_balanceo/confusion_212260567_all_noOutliers_class_weight_balanced_RBFNetwork_aprox.png,balanceo/matrices_confusion_balanceo/confusion_212260567_all_noOutliers_class_weight_balanced_RBFNetwork_aprox.png
212260567,all,noOutliers,random_undersampling_controlado,SMO_SVM,/kaggle/working/outputs/TESE_pruebas/run_20260902_145353/processed_data/reports/balanceo/matrices_confusion_balanceo/confusion_212260567_all_noOutliers_random_undersampling_controlado_SMO_SVM.csv,/kaggle/working/outputs/TESE_pruebas/run_20260902_145353/processed_data/reports/balanceo/matrices_confusion_balanceo/confusion_212260567_all_noOutliers_random_undersampling_controlado_SMO_SVM.png,balanceo/matrices_confusion_balanceo/confusion_212260567_all_noOutliers_random_undersampling_controlado_SMO_SVM.png
212260567,all,noOutliers,random_undersampling_controlado,RandomForest,/kaggle/working/outputs/TESE_pruebas/run_20260902_145353/processed_data/reports/balanceo/matrices_confusion_balanceo/confusion_212260567_all_noOutliers_random_undersampling_controlado_RandomForest.csv,/kaggle/working/outputs/TESE_pruebas/run_20260902_145353/processed_data/reports/balanceo/matrices_confusion_balanceo/confusion_212260567_all_noOutliers_random_undersampling_controlado_RandomForest.png,balanceo/matrices_confusion_balanceo/confusion_212260567_all_noOutliers_random_undersampling_controlado_RandomForest.png
212260567,all,noOutliers,random_undersampling_controlado,MLP,/kaggle/working/outputs/TESE_pruebas/run_20260902_145353/processed_data/reports/balanceo/matrices_confusion_balanceo/confusion_212260567_all_noOutliers_random_undersampling_controlado_MLP.csv,/kaggle/working/outputs/TESE_pruebas/run_20260902_145353/processed_data/reports/balanceo/matrices_confusion_balanceo/confusion_212260567_all_noOutliers_random_undersampling_controlado_MLP.png,balanceo/matrices_confusion_balanceo/confusion_212260567_all_noOutliers_random_undersampling_controlado_MLP.png
212260567,all,noOutliers,random_undersampling_controlado,IBk_kNN,/kaggle/working/outputs/TESE_pruebas/run_20260902_145353/processed_data/reports/balanceo/matrices_confusion_balanceo/confusion_212260567_all_noOutliers_random_undersampling_controlado_IBk_kNN.csv,/kaggle/working/outputs/TESE_pruebas/run_20260902_145353/processed_data/reports/balanceo/matrices_confusion_balanceo/confusion_212260567_all_noOutliers_random_undersampling_controlado_IBk_kNN.png,balanceo/matrices_confusion_balanceo/confusion_212260567_all_noOutliers_random_undersampling_controlado_IBk_kNN.png
212260567,all,noOutliers,random_undersampling_controlado,RBFNetwork_aprox,/kaggle/working/outputs/TESE_pruebas/run_20260902_145353/processed_data/reports/balanceo/matrices_confusion_balanceo/confusion_212260567_all_noOutliers_random_undersampling_controlado_RBFNetwork_aprox.csv,/kaggle/working/outputs/TESE_pruebas/run_20260902_145353/processed_data/reports/balanceo/matrices_confusion_balanceo/confusion_212260567_all_noOutliers_random_undersampling_controlado_RBFNetwork_aprox.png,balanceo/matrices_confusion_balanceo/confusion_212260567_all_noOutliers_random_undersampling_controlado_RBFNetwork_aprox.png
212260569,all,noOutliers,sin_balanceo,SMO_SVM,/kaggle/working/outputs/TESE_pruebas/run_20260902_145353/processed_data/reports/balanceo/matrices_confusion_balanceo/confusion_212260569_all_noOutliers_sin_balanceo_SMO_SVM.csv,/kaggle/working/outputs/TESE_pruebas/run_20260902_145353/processed_data/reports/balanceo/matrices_confusion_balanceo/confusion_212260569_all_noOutliers_sin_balanceo_SMO_SVM.png,balanceo/matrices_confusion_balanceo/confusion_212260569_all_noOutliers_sin_balanceo_SMO_SVM.png
212260569,all,noOutliers,sin_balanceo,RandomForest,/kaggle/working/outputs/TESE_pruebas/run_20260902_145353/processed_data/reports/balanceo/matrices_confusion_balanceo/confusion_212260569_all_noOutliers_sin_balanceo_RandomForest.csv,/kaggle/working/outputs/TESE_pruebas/run_20260902_145353/processed_data/reports/balanceo/matrices_confusion_balanceo/confusion_212260569_all_noOutliers_sin_balanceo_RandomForest.png,balanceo/matrices_confusion_balanceo/confusion_212260569_all_noOutliers_sin_balanceo_RandomForest.png
212260569,all,noOutliers,sin_balanceo,MLP,/kaggle/working/outputs/TESE_pruebas/run_20260902_145353/processed_data/reports/balanceo/matrices_confusion_balanceo/confusion_212260569_all_noOutliers_sin_balanceo_MLP.csv,/kaggle/working/outputs/TESE_pruebas/run_20260902_145353/processed_data/reports/balanceo/matrices_confusion_balanceo/confusion_212260569_all_noOutliers_sin_balanceo_MLP.png,balanceo/matrices_confusion_balanceo/confusion_212260569_all_noOutliers_sin_balanceo_MLP.png
212260569,all,noOutliers,sin_balanceo,IBk_kNN,/kaggle/working/outputs/TESE_pruebas/run_20260902_145353/processed_data/reports/balanceo/matrices_confusion_balanceo/confusion_212260569_all_noOutliers_sin_balanceo_IBk_kNN.csv,/kaggle/working/outputs/TESE_pruebas/run_20260902_145353/processed_data/reports/balanceo/matrices_confusion_balanceo/confusion_212260569_all_noOutliers_sin_balanceo_IBk_kNN.png,balanceo/matrices_confusion_balanceo/confusion_212260569_all_noOutliers_sin_balanceo_IBk_kNN.png
212260569,all,noOutliers,sin_balanceo,RBFNetwork_aprox,/kaggle/working/outputs/TESE_pruebas/run_20260902_145353/processed_data/reports/balanceo/matrices_confusion_balanceo/confusion_212260569_all_noOutliers_sin_balanceo_RBFNetwork_aprox.csv,/kaggle/working/outputs/TESE_pruebas/run_20260902_145353/processed_data/reports/balanceo/matrices_confusion_balanceo/confusion_212260569_all_noOutliers_sin_balanceo_RBFNetwork_aprox.png,balanceo/matrices_confusion_balanceo/confusion_212260569_all_noOutliers_sin_balanceo_RBFNetwork_aprox.png
212260569,all,noOutliers,random_oversampling,SMO_SVM,/kaggle/working/outputs/TESE_pruebas/run_20260902_145353/processed_data/reports/balanceo/matrices_confusion_balanceo/confusion_212260569_all_noOutliers_random_oversampling_SMO_SVM.csv,/kaggle/working/outputs/TESE_pruebas/run_20260902_145353/processed_data/reports/balanceo/matrices_confusion_balanceo/confusion_212260569_all_noOutliers_random_oversampling_SMO_SVM.png,balanceo/matrices_confusion_balanceo/confusion_212260569_all_noOutliers_random_oversampling_SMO_SVM.png
212260569,all,noOutliers,random_oversampling,RandomForest,/kaggle/working/outputs/TESE_pruebas/run_20260902_145353/processed_data/reports/balanceo/matrices_confusion_balanceo/confusion_212260569_all_noOutliers_random_oversampling_RandomForest.csv,/kaggle/working/outputs/TESE_pruebas/run_20260902_145353/processed_data/reports/balanceo/matrices_confusion_balanceo/confusion_212260569_all_noOutliers_random_oversampling_RandomForest.png,balanceo/matrices_confusion_balanceo/confusion_212260569_all_noOutliers_random_oversampling_RandomForest.png
212260569,all,noOutliers,random_oversampling,MLP,/kaggle/working/outputs/TESE_pruebas/run_20260902_145353/processed_data/reports/balanceo/matrices_confusion_balanceo/confusion_212260569_all_noOutliers_random_oversampling_MLP.csv,/kaggle/working/outputs/TESE_pruebas/run_20260902_145353/processed_data/reports/balanceo/matrices_confusion_balanceo/confusion_212260569_all_noOutliers_random_oversampling_MLP.png,balanceo/matrices_confusion_balanceo/confusion_212260569_all_noOutliers_random_oversampling_MLP.png
212260569,all,noOutliers,random_oversampling,IBk_kNN,/kaggle/working/outputs/TESE_pruebas/run_20260902_145353/processed_data/reports/balanceo/matrices_confusion_balanceo/confusion_212260569_all_noOutliers_random_oversampling_IBk_kNN.csv,/kaggle/working/outputs/TESE_pruebas/run_20260902_145353/processed_data/reports/balanceo/matrices_confusion_balanceo/confusion_212260569_all_noOutliers_random_oversampling_IBk_kNN.png,balanceo/matrices_confusion_balanceo/confusion_212260569_all_noOutliers_random_oversampling_IBk_kNN.png
212260569,all,noOutliers,random_oversampling,RBFNetwork_aprox,/kaggle/working/outputs/TESE_pruebas/run_20260902_145353/processed_data/reports/balanceo/matrices_confusion_balanceo/confusion_212260569_all_noOutliers_random_oversampling_RBFNetwork_aprox.csv,/kaggle/working/outputs/TESE_pruebas/run_20260902_145353/processed_data/reports/balanceo/matrices_confusion_balanceo/confusion_212260569_all_noOutliers_random_oversampling_RBFNetwork_aprox.png,balanceo/matrices_confusion_balanceo/confusion_212260569_all_noOutliers_random_oversampling_RBFNetwork_aprox.png
212260569,all,noOutliers,class_weight_balanced,SMO_SVM,/kaggle/working/outputs/TESE_pruebas/run_20260902_145353/processed_data/reports/balanceo/matrices_confusion_balanceo/confusion_212260569_all_noOutliers_class_weight_balanced_SMO_SVM.csv,/kaggle/working/outputs/TESE_pruebas/run_20260902_145353/processed_data/reports/balanceo/matrices_confusion_balanceo/confusion_212260569_all_noOutliers_class_weight_balanced_SMO_SVM.png,balanceo/matrices_confusion_balanceo/confusion_212260569_all_noOutliers_class_weight_balanced_SMO_SVM.png
212260569,all,noOutliers,class_weight_balanced,RandomForest,/kaggle/working/outputs/TESE_pruebas/run_20260902_145353/processed_data/reports/balanceo/matrices_confusion_balanceo/confusion_212260569_all_noOutliers_class_weight_balanced_RandomForest.csv,/kaggle/working/outputs/TESE_pruebas/run_20260902_145353/processed_data/reports/balanceo/matrices_confusion_balanceo/confusion_212260569_all_noOutliers_class_weight_balanced_RandomForest.png,balanceo/matrices_confusion_balanceo/confusion_212260569_all_noOutliers_class_weight_balanced_RandomForest.png
212260569,all,noOutliers,class_weight_balanced,RBFNetwork_aprox,/kaggle/working/outputs/TESE_pruebas/run_20260902_145353/processed_data/reports/balanceo/matrices_confusion_balanceo/confusion_212260569_all_noOutliers_class_weight_balanced_RBFNetwork_aprox.csv,/kaggle/working/outputs/TESE_pruebas/run_20260902_145353/processed_data/reports/balanceo/matrices_confusion_balanceo/confusion_212260569_all_noOutliers_class_weight_balanced_RBFNetwork_aprox.png,balanceo/matrices_confusion_balanceo/confusion_212260569_all_noOutliers_class_weight_balanced_RBFNetwork_aprox.png
212260569,all,noOutliers,random_undersampling_controlado,SMO_SVM,/kaggle/working/outputs/TESE_pruebas/run_20260902_145353/processed_data/reports/balanceo/matrices_confusion_balanceo/confusion_212260569_all_noOutliers_random_undersampling_controlado_SMO_SVM.csv,/kaggle/working/outputs/TESE_pruebas/run_20260902_145353/processed_data/reports/balanceo/matrices_confusion_balanceo/confusion_212260569_all_noOutliers_random_undersampling_controlado_SMO_SVM.png,balanceo/matrices_confusion_balanceo/confusion_212260569_all_noOutliers_random_undersampling_controlado_SMO_SVM.png
212260569,all,noOutliers,random_undersampling_controlado,RandomForest,/kaggle/working/outputs/TESE_pruebas/run_20260902_145353/processed_data/reports/balanceo/matrices_confusion_balanceo/confusion_212260569_all_noOutliers_random_undersampling_controlado_RandomForest.csv,/kaggle/working/outputs/TESE_pruebas/run_20260902_145353/processed_data/reports/balanceo/matrices_confusion_balanceo/confusion_212260569_all_noOutliers_random_undersampling_controlado_RandomForest.png,balanceo/matrices_confusion_balanceo/confusion_212260569_all_noOutliers_random_undersampling_controlado_RandomForest.png
212260569,all,noOutliers,random_undersampling_controlado,MLP,/kaggle/working/outputs/TESE_pruebas/run_20260902_145353/processed_data/reports/balanceo/matrices_confusion_balanceo/confusion_212260569_all_noOutliers_random_undersampling_controlado_MLP.csv,/kaggle/working/outputs/TESE_pruebas/run_20260902_145353/processed_data/reports/balanceo/matrices_confusion_balanceo/confusion_212260569_all_noOutliers_random_undersampling_controlado_MLP.png,balanceo/matrices_confusion_balanceo/confusion_212260569_all_noOutliers_random_undersampling_controlado_MLP.png
212260569,all,noOutliers,random_undersampling_controlado,IBk_kNN,/kaggle/working/outputs/TESE_pruebas/run_20260902_145353/processed_data/reports/balanceo/matrices_confusion_balanceo/confusion_212260569_all_noOutliers_random_undersampling_controlado_IBk_kNN.csv,/kaggle/working/outputs/TESE_pruebas/run_20260902_145353/processed_data/reports/balanceo/matrices_confusion_balanceo/confusion_212260569_all_noOutliers_random_undersampling_controlado_IBk_kNN.png,balanceo/matrices_confusion_balanceo/confusion_212260569_all_noOutliers_random_undersampling_controlado_IBk_kNN.png
212260569,all,noOutliers,random_undersampling_controlado,RBFNetwork_aprox,/kaggle/working/outputs/TESE_pruebas/run_20260902_145353/processed_data/reports/balanceo/matrices_confusion_balanceo/confusion_212260569_all_noOutliers_random_undersampling_controlado_RBFNetwork_aprox.csv,/kaggle/working/outputs/TESE_pruebas/run_20260902_145353/processed_data/reports/balanceo/matrices_confusion_balanceo/confusion_212260569_all_noOutliers_random_undersampling_controlado_RBFNetwork_aprox.png,balanceo/matrices_confusion_balanceo/confusion_212260569_all_noOutliers_random_undersampling_controlado_RBFNetwork_aprox.png
212260569,all,sinArtefactosConservador,sin_balanceo,SMO_SVM,/kaggle/working/outputs/TESE_pruebas/run_20260902_145353/processed_data/reports/balanceo/matrices_confusion_balanceo/confusion_212260569_all_sinArtefactosConservador_sin_balanceo_SMO_SVM.csv,/kaggle/working/outputs/TESE_pruebas/run_20260902_145353/processed_data/reports/balanceo/matrices_confusion_balanceo/confusion_212260569_all_sinArtefactosConservador_sin_balanceo_SMO_SVM.png,balanceo/matrices_confusion_balanceo/confusion_212260569_all_sinArtefactosConservador_sin_balanceo_SMO_SVM.png
212260569,all,sinArtefactosConservador,sin_balanceo,RandomForest,/kaggle/working/outputs/TESE_pruebas/run_20260902_145353/processed_data/reports/balanceo/matrices_confusion_balanceo/confusion_212260569_all_sinArtefactosConservador_sin_balanceo_RandomForest.csv,/kaggle/working/outputs/TESE_pruebas/run_20260902_145353/processed_data/reports/balanceo/matrices_confusion_balanceo/confusion_212260569_all_sinArtefactosConservador_sin_balanceo_RandomForest.png,balanceo/matrices_confusion_balanceo/confusion_212260569_all_sinArtefactosConservador_sin_balanceo_RandomForest.png
212260569,all,sinArtefactosConservador,sin_balanceo,MLP,/kaggle/working/outputs/TESE_pruebas/run_20260902_145353/processed_data/reports/balanceo/matrices_confusion_balanceo/confusion_212260569_all_sinArtefactosConservador_sin_balanceo_MLP.csv,/kaggle/working/outputs/TESE_pruebas/run_20260902_145353/processed_data/reports/balanceo/matrices_confusion_balanceo/confusion_212260569_all_sinArtefactosConservador_sin_balanceo_MLP.png,balanceo/matrices_confusion_balanceo/confusion_212260569_all_sinArtefactosConservador_sin_balanceo_MLP.png
212260569,all,sinArtefactosConservador,sin_balanceo,IBk_kNN,/kaggle/working/outputs/TESE_pruebas/run_20260902_145353/processed_data/reports/balanceo/matrices_confusion_balanceo/confusion_212260569_all_sinArtefactosConservador_sin_balanceo_IBk_kNN.csv,/kaggle/working/outputs/TESE_pruebas/run_20260902_145353/processed_data/reports/balanceo/matrices_confusion_balanceo/confusion_212260569_all_sinArtefactosConservador_sin_balanceo_IBk_kNN.png,balanceo/matrices_confusion_balanceo/confusion_212260569_all_sinArtefactosConservador_sin_balanceo_IBk_kNN.png
212260569,all,sinArtefactosConservador,sin_balanceo,RBFNetwork_aprox,/kaggle/working/outputs/TESE_pruebas/run_20260902_145353/processed_data/reports/balanceo/matrices_confusion_balanceo/confusion_212260569_all_sinArtefactosConservador_sin_balanceo_RBFNetwork_aprox.csv,/kaggle/working/outputs/TESE_pruebas/run_20260902_145353/processed_data/reports/balanceo/matrices_confusion_balanceo/confusion_212260569_all_sinArtefactosConservador_sin_balanceo_RBFNetwork_aprox.png,balanceo/matrices_confusion_balanceo/confusion_212260569_all_sinArtefactosConservador_sin_balanceo_RBFNetwork_aprox.png
212260569,all,sinArtefactosConservador,random_oversampling,SMO_SVM,/kaggle/working/outputs/TESE_pruebas/run_20260902_145353/processed_data/reports/balanceo/matrices_confusion_balanceo/confusion_212260569_all_sinArtefactosConservador_random_oversampling_SMO_SVM.csv,/kaggle/working/outputs/TESE_pruebas/run_20260902_145353/processed_data/reports/balanceo/matrices_confusion_balanceo/confusion_212260569_all_sinArtefactosConservador_random_oversampling_SMO_SVM.png,balanceo/matrices_confusion_balanceo/confusion_212260569_all_sinArtefactosConservador_random_oversampling_SMO_SVM.png
212260569,all,sinArtefactosConservador,random_oversampling,RandomForest,/kaggle/working/outputs/TESE_pruebas/run_20260902_145353/processed_data/reports/balanceo/matrices_confusion_balanceo/confusion_212260569_all_sinArtefactosConservador_random_oversampling_RandomForest.csv,/kaggle/working/outputs/TESE_pruebas/run_20260902_145353/processed_data/reports/balanceo/matrices_confusion_balanceo/confusion_212260569_all_sinArtefactosConservador_random_oversampling_RandomForest.png,balanceo/matrices_confusion_balanceo/confusion_212260569_all_sinArtefactosConservador_random_oversampling_RandomForest.png
212260569,all,sinArtefactosConservador,random_oversampling,MLP,/kaggle/working/outputs/TESE_pruebas/run_20260902_145353/processed_data/reports/balanceo/matrices_confusion_balanceo/confusion_212260569_all_sinArtefactosConservador_random_oversampling_MLP.csv,/kaggle/working/outputs/TESE_pruebas/run_20260902_145353/processed_data/reports/balanceo/matrices_confusion_balanceo/confusion_212260569_all_sinArtefactosConservador_random_oversampling_MLP.png,balanceo/matrices_confusion_balanceo/confusion_212260569_all_sinArtefactosConservador_random_oversampling_MLP.png
212260569,all,sinArtefactosConservador,random_oversampling,IBk_kNN,/kaggle/working/outputs/TESE_pruebas/run_20260902_145353/processed_data/reports/balanceo/matrices_confusion_balanceo/confusion_212260569_all_sinArtefactosConservador_random_oversampling_IBk_kNN.csv,/kaggle/working/outputs/TESE_pruebas/run_20260902_145353/processed_data/reports/balanceo/matrices_confusion_balanceo/confusion_212260569_all_sinArtefactosConservador_random_oversampling_IBk_kNN.png,balanceo/matrices_confusion_balanceo/confusion_212260569_all_sinArtefactosConservador_random_oversampling_IBk_kNN.png
212260569,all,sinArtefactosConservador,random_oversampling,RBFNetwork_aprox,/kaggle/working/outputs/TESE_pruebas/run_20260902_145353/processed_data/reports/balanceo/matrices_confusion_balanceo/confusion_212260569_all_sinArtefactosConservador_random_oversampling_RBFNetwork_aprox.csv,/kaggle/working/outputs/TESE_pruebas/run_20260902_145353/processed_data/reports/balanceo/matrices_confusion_balanceo/confusion_212260569_all_sinArtefactosConservador_random_oversampling_RBFNetwork_aprox.png,balanceo/matrices_confusion_balanceo/confusion_212260569_all_sinArtefactosConservador_random_oversampling_RBFNetwork_aprox.png
212260569,all,sinArtefactosConservador,class_weight_balanced,SMO_SVM,/kaggle/working/outputs/TESE_pruebas/run_20260902_145353/processed_data/reports/balanceo/matrices_confusion_balanceo/confusion_212260569_all_sinArtefactosConservador_class_weight_balanced_SMO_SVM.csv,/kaggle/working/outputs/TESE_pruebas/run_20260902_145353/processed_data/reports/balanceo/matrices_confusion_balanceo/confusion_212260569_all_sinArtefactosConservador_class_weight_balanced_SMO_SVM.png,balanceo/matrices_confusion_balanceo/confusion_212260569_all_sinArtefactosConservador_class_weight_balanced_SMO_SVM.png
212260569,all,sinArtefactosConservador,class_weight_balanced,RandomForest,/kaggle/working/outputs/TESE_pruebas/run_20260902_145353/processed_data/reports/balanceo/matrices_confusion_balanceo/confusion_212260569_all_sinArtefactosConservador_class_weight_balanced_RandomForest.csv,/kaggle/working/outputs/TESE_pruebas/run_20260902_145353/processed_data/reports/balanceo/matrices_confusion_balanceo/confusion_212260569_all_sinArtefactosConservador_class_weight_balanced_RandomForest.png,balanceo/matrices_confusion_balanceo/confusion_212260569_all_sinArtefactosConservador_class_weight_balanced_RandomForest.png
212260569,all,sinArtefactosConservador,class_weight_balanced,RBFNetwork_aprox,/kaggle/working/outputs/TESE_pruebas/run_20260902_145353/processed_data/reports/balanceo/matrices_confusion_balanceo/confusion_212260569_all_sinArtefactosConservador_class_weight_balanced_RBFNetwork_aprox.csv,/kaggle/working/outputs/TESE_pruebas/run_20260902_145353/processed_data/reports/balanceo/matrices_confusion_balanceo/confusion_212260569_all_sinArtefactosConservador_class_weight_balanced_RBFNetwork_aprox.png,balanceo/matrices_confusion_balanceo/confusion_212260569_all_sinArtefactosConservador_class_weight_balanced_RBFNetwork_aprox.png
212260569,all,sinArtefactosConservador,random_undersampling_controlado,SMO_SVM,/kaggle/working/outputs/TESE_pruebas/run_20260902_145353/processed_data/reports/balanceo/matrices_confusion_balanceo/confusion_212260569_all_sinArtefactosConservador_random_undersampling_controlado_SMO_SVM.csv,/kaggle/working/outputs/TESE_pruebas/run_20260902_145353/processed_data/reports/balanceo/matrices_confusion_balanceo/confusion_212260569_all_sinArtefactosConservador_random_undersampling_controlado_SMO_SVM.png,balanceo/matrices_confusion_balanceo/confusion_212260569_all_sinArtefactosConservador_random_undersampling_controlado_SMO_SVM.png
212260569,all,sinArtefactosConservador,random_undersampling_controlado,RandomForest,/kaggle/working/outputs/TESE_pruebas/run_20260902_145353/processed_data/reports/balanceo/matrices_confusion_balanceo/confusion_212260569_all_sinArtefactosConservador_random_undersampling_controlado_RandomForest.csv,/kaggle/working/outputs/TESE_pruebas/run_20260902_145353/processed_data/reports/balanceo/matrices_confusion_balanceo/confusion_212260569_all_sinArtefactosConservador_random_undersampling_controlado_RandomForest.png,balanceo/matrices_confusion_balanceo/confusion_212260569_all_sinArtefactosConservador_random_undersampling_controlado_RandomForest.png
212260569,all,sinArtefactosConservador,random_undersampling_controlado,MLP,/kaggle/working/outputs/TESE_pruebas/run_20260902_145353/processed_data/reports/balanceo/matrices_confusion_balanceo/confusion_212260569_all_sinArtefactosConservador_random_undersampling_controlado_MLP.csv,/kaggle/working/outputs/TESE_pruebas/run_20260902_145353/processed_data/reports/balanceo/matrices_confusion_balanceo/confusion_212260569_all_sinArtefactosConservador_random_undersampling_controlado_MLP.png,balanceo/matrices_confusion_balanceo/confusion_212260569_all_sinArtefactosConservador_random_undersampling_controlado_MLP.png
212260569,all,sinArtefactosConservador,random_undersampling_controlado,IBk_kNN,/kaggle/working/outputs/TESE_pruebas/run_20260902_145353/processed_data/reports/balanceo/matrices_confusion_balanceo/confusion_212260569_all_sinArtefactosConservador_random_undersampling_controlado_IBk_kNN.csv,/kaggle/working/outputs/TESE_pruebas/run_20260902_145353/processed_data/reports/balanceo/matrices_confusion_balanceo/confusion_212260569_all_sinArtefactosConservador_random_undersampling_controlado_IBk_kNN.png,balanceo/matrices_confusion_balanceo/confusion_212260569_all_sinArtefactosConservador_random_undersampling_controlado_IBk_kNN.png
212260569,all,sinArtefactosConservador,random_undersampling_controlado,RBFNetwork_aprox,/kaggle/working/outputs/TESE_pruebas/run_20260902_145353/processed_data/reports/balanceo/matrices_confusion_balanceo/confusion_212260569_all_sinArtefactosConservador_random_undersampling_controlado_RBFNetwork_aprox.csv,/kaggle/working/outputs/TESE_pruebas/run_20260902_145353/processed_data/reports/balanceo/matrices_confusion_balanceo/confusion_212260569_all_sinArtefactosConservador_random_undersampling_controlado_RBFNetwork_aprox.png,balanceo/matrices_confusion_balanceo/confusion_212260569_all_sinArtefactosConservador_random_undersampling_controlado_RBFNetwork_aprox.png
212260666,all,noOutliers,sin_balanceo,SMO_SVM,/kaggle/working/outputs/TESE_pruebas/run_20260902_145353/processed_data/reports/balanceo/matrices_confusion_balanceo/confusion_212260666_all_noOutliers_sin_balanceo_SMO_SVM.csv,/kaggle/working/outputs/TESE_pruebas/run_20260902_145353/processed_data/reports/balanceo/matrices_confusion_balanceo/confusion_212260666_all_noOutliers_sin_balanceo_SMO_SVM.png,balanceo/matrices_confusion_balanceo/confusion_212260666_all_noOutliers_sin_balanceo_SMO_SVM.png
212260666,all,noOutliers,sin_balanceo,RandomForest,/kaggle/working/outputs/TESE_pruebas/run_20260902_145353/processed_data/reports/balanceo/matrices_confusion_balanceo/confusion_212260666_all_noOutliers_sin_balanceo_RandomForest.csv,/kaggle/working/outputs/TESE_pruebas/run_20260902_145353/processed_data/reports/balanceo/matrices_confusion_balanceo/confusion_212260666_all_noOutliers_sin_balanceo_RandomForest.png,balanceo/matrices_confusion_balanceo/confusion_212260666_all_noOutliers_sin_balanceo_RandomForest.png
212260666,all,noOutliers,sin_balanceo,MLP,/kaggle/working/outputs/TESE_pruebas/run_20260902_145353/processed_data/reports/balanceo/matrices_confusion_balanceo/confusion_212260666_all_noOutliers_sin_balanceo_MLP.csv,/kaggle/working/outputs/TESE_pruebas/run_20260902_145353/processed_data/reports/balanceo/matrices_confusion_balanceo/confusion_212260666_all_noOutliers_sin_balanceo_MLP.png,balanceo/matrices_confusion_balanceo/confusion_212260666_all_noOutliers_sin_balanceo_MLP.png
212260666,all,noOutliers,sin_balanceo,IBk_kNN,/kaggle/working/outputs/TESE_pruebas/run_20260902_145353/processed_data/reports/balanceo/matrices_confusion_balanceo/confusion_212260666_all_noOutliers_sin_balanceo_IBk_kNN.csv,/kaggle/working/outputs/TESE_pruebas/run_20260902_145353/processed_data/reports/balanceo/matrices_confusion_balanceo/confusion_212260666_all_noOutliers_sin_balanceo_IBk_kNN.png,balanceo/matrices_confusion_balanceo/confusion_212260666_all_noOutliers_sin_balanceo_IBk_kNN.png
212260666,all,noOutliers,sin_balanceo,RBFNetwork_aprox,/kaggle/working/outputs/TESE_pruebas/run_20260902_145353/processed_data/reports/balanceo/matrices_confusion_balanceo/confusion_212260666_all_noOutliers_sin_balanceo_RBFNetwork_aprox.csv,/kaggle/working/outputs/TESE_pruebas/run_20260902_145353/processed_data/reports/balanceo/matrices_confusion_balanceo/confusion_212260666_all_noOutliers_sin_balanceo_RBFNetwork_aprox.png,balanceo/matrices_confusion_balanceo/confusion_212260666_all_noOutliers_sin_balanceo_RBFNetwork_aprox.png
212260666,all,noOutliers,random_oversampling,SMO_SVM,/kaggle/working/outputs/TESE_pruebas/run_20260902_145353/processed_data/reports/balanceo/matrices_confusion_balanceo/confusion_212260666_all_noOutliers_random_oversampling_SMO_SVM.csv,/kaggle/working/outputs/TESE_pruebas/run_20260902_145353/processed_data/reports/balanceo/matrices_confusion_balanceo/confusion_212260666_all_noOutliers_random_oversampling_SMO_SVM.png,balanceo/matrices_confusion_balanceo/confusion_212260666_all_noOutliers_random_oversampling_SMO_SVM.png
212260666,all,noOutliers,random_oversampling,RandomForest,/kaggle/working/outputs/TESE_pruebas/run_20260902_145353/processed_data/reports/balanceo/matrices_confusion_balanceo/confusion_212260666_all_noOutliers_random_oversampling_RandomForest.csv,/kaggle/working/outputs/TESE_pruebas/run_20260902_145353/processed_data/reports/balanceo/matrices_confusion_balanceo/confusion_212260666_all_noOutliers_random_oversampling_RandomForest.png,balanceo/matrices_confusion_balanceo/confusion_212260666_all_noOutliers_random_oversampling_RandomForest.png
212260666,all,noOutliers,random_oversampling,MLP,/kaggle/working/outputs/TESE_pruebas/run_20260902_145353/processed_data/reports/balanceo/matrices_confusion_balanceo/confusion_212260666_all_noOutliers_random_oversampling_MLP.csv,/kaggle/working/outputs/TESE_pruebas/run_20260902_145353/processed_data/reports/balanceo/matrices_confusion_balanceo/confusion_212260666_all_noOutliers_random_oversampling_MLP.png,balanceo/matrices_confusion_balanceo/confusion_212260666_all_noOutliers_random_oversampling_MLP.png
212260666,all,noOutliers,random_oversampling,IBk_kNN,/kaggle/working/outputs/TESE_pruebas/run_20260902_145353/processed_data/reports/balanceo/matrices_confusion_balanceo/confusion_212260666_all_noOutliers_random_oversampling_IBk_kNN.csv,/kaggle/working/outputs/TESE_pruebas/run_20260902_145353/processed_data/reports/balanceo/matrices_confusion_balanceo/confusion_212260666_all_noOutliers_random_oversampling_IBk_kNN.png,balanceo/matrices_confusion_balanceo/confusion_212260666_all_noOutliers_random_oversampling_IBk_kNN.png
212260666,all,noOutliers,random_oversampling,RBFNetwork_aprox,/kaggle/working/outputs/TESE_pruebas/run_20260902_145353/processed_data/reports/balanceo/matrices_confusion_balanceo/confusion_212260666_all_noOutliers_random_oversampling_RBFNetwork_aprox.csv,/kaggle/working/outputs/TESE_pruebas/run_20260902_145353/processed_data/reports/balanceo/matrices_confusion_balanceo/confusion_212260666_all_noOutliers_random_oversampling_RBFNetwork_aprox.png,balanceo/matrices_confusion_balanceo/confusion_212260666_all_noOutliers_random_oversampling_RBFNetwork_aprox.png
212260666,all,noOutliers,class_weight_balanced,SMO_SVM,/kaggle/working/outputs/TESE_pruebas/run_20260902_145353/processed_data/reports/balanceo/matrices_confusion_balanceo/confusion_212260666_all_noOutliers_class_weight_balanced_SMO_SVM.csv,/kaggle/working/outputs/TESE_pruebas/run_20260902_145353/processed_data/reports/balanceo/matrices_confusion_balanceo/confusion_212260666_all_noOutliers_class_weight_balanced_SMO_SVM.png,balanceo/matrices_confusion_balanceo/confusion_212260666_all_noOutliers_class_weight_balanced_SMO_SVM.png
212260666,all,noOutliers,class_weight_balanced,RandomForest,/kaggle/working/outputs/TESE_pruebas/run_20260902_145353/processed_data/reports/balanceo/matrices_confusion_balanceo/confusion_212260666_all_noOutliers_class_weight_balanced_RandomForest.csv,/kaggle/working/outputs/TESE_pruebas/run_20260902_145353/processed_data/reports/balanceo/matrices_confusion_balanceo/confusion_212260666_all_noOutliers_class_weight_balanced_RandomForest.png,balanceo/matrices_confusion_balanceo/confusion_212260666_all_noOutliers_class_weight_balanced_RandomForest.png
212260666,all,noOutliers,class_weight_balanced,RBFNetwork_aprox,/kaggle/working/outputs/TESE_pruebas/run_20260902_145353/processed_data/reports/balanceo/matrices_confusion_balanceo/confusion_212260666_all_noOutliers_class_weight_balanced_RBFNetwork_aprox.csv,/kaggle/working/outputs/TESE_pruebas/run_20260902_145353/processed_data/reports/balanceo/matrices_confusion_balanceo/confusion_212260666_all_noOutliers_class_weight_balanced_RBFNetwork_aprox.png,balanceo/matrices_confusion_balanceo/confusion_212260666_all_noOutliers_class_weight_balanced_RBFNetwork_aprox.png
212260666,all,noOutliers,smote,SMO_SVM,/kaggle/working/outputs/TESE_pruebas/run_20260902_145353/processed_data/reports/balanceo/matrices_confusion_balanceo/confusion_212260666_all_noOutliers_smote_SMO_SVM.csv,/kaggle/working/outputs/TESE_pruebas/run_20260902_145353/processed_data/reports/balanceo/matrices_confusion_balanceo/confusion_212260666_all_noOutliers_smote_SMO_SVM.png,balanceo/matrices_confusion_balanceo/confusion_212260666_all_noOutliers_smote_SMO_SVM.png
212260666,all,noOutliers,smote,RandomForest,/kaggle/working/outputs/TESE_pruebas/run_20260902_145353/processed_data/reports/balanceo/matrices_confusion_balanceo/confusion_212260666_all_noOutliers_smote_RandomForest.csv,/kaggle/working/outputs/TESE_pruebas/run_20260902_145353/processed_data/reports/balanceo/matrices_confusion_balanceo/confusion_212260666_all_noOutliers_smote_RandomForest.png,balanceo/matrices_confusion_balanceo/confusion_212260666_all_noOutliers_smote_RandomForest.png
212260666,all,noOutliers,smote,MLP,/kaggle/working/outputs/TESE_pruebas/run_20260902_145353/processed_data/reports/balanceo/matrices_confusion_balanceo/confusion_212260666_all_noOutliers_smote_MLP.csv,/kaggle/working/outputs/TESE_pruebas/run_20260902_145353/processed_data/reports/balanceo/matrices_confusion_balanceo/confusion_212260666_all_noOutliers_smote_MLP.png,balanceo/matrices_confusion_balanceo/confusion_212260666_all_noOutliers_smote_MLP.png
212260666,all,noOutliers,smote,IBk_kNN,/kaggle/working/outputs/TESE_pruebas/run_20260902_145353/processed_data/reports/balanceo/matrices_confusion_balanceo/confusion_212260666_all_noOutliers_smote_IBk_kNN.csv,/kaggle/working/outputs/TESE_pruebas/run_20260902_145353/processed_data/reports/balanceo/matrices_confusion_balanceo/confusion_212260666_all_noOutliers_smote_IBk_kNN.png,balanceo/matrices_confusion_balanceo/confusion_212260666_all_noOutliers_smote_IBk_kNN.png
212260666,all,noOutliers,smote,RBFNetwork_aprox,/kaggle/working/outputs/TESE_pruebas/run_20260902_145353/processed_data/reports/balanceo/matrices_confusion_balanceo/confusion_212260666_all_noOutliers_smote_RBFNetwork_aprox.csv,/kaggle/working/outputs/TESE_pruebas/run_20260902_145353/processed_data/reports/balanceo/matrices_confusion_balanceo/confusion_212260666_all_noOutliers_smote_RBFNetwork_aprox.png,balanceo/matrices_confusion_balanceo/confusion_212260666_all_noOutliers_smote_RBFNetwork_aprox.png
212260666,all,noOutliers,smote_tomek,SMO_SVM,/kaggle/working/outputs/TESE_pruebas/run_20260902_145353/processed_data/reports/balanceo/matrices_confusion_balanceo/confusion_212260666_all_noOutliers_smote_tomek_SMO_SVM.csv,/kaggle/working/outputs/TESE_pruebas/run_20260902_145353/processed_data/reports/balanceo/matrices_confusion_balanceo/confusion_212260666_all_noOutliers_smote_tomek_SMO_SVM.png,balanceo/matrices_confusion_balanceo/confusion_212260666_all_noOutliers_smote_tomek_SMO_SVM.png
212260666,all,noOutliers,smote_tomek,RandomForest,/kaggle/working/outputs/TESE_pruebas/run_20260902_145353/processed_data/reports/balanceo/matrices_confusion_balanceo/confusion_212260666_all_noOutliers_smote_tomek_RandomForest.csv,/kaggle/working/outputs/TESE_pruebas/run_20260902_145353/processed_data/reports/balanceo/matrices_confusion_balanceo/confusion_212260666_all_noOutliers_smote_tomek_RandomForest.png,balanceo/matrices_confusion_balanceo/confusion_212260666_all_noOutliers_smote_tomek_RandomForest.png
212260666,all,noOutliers,smote_tomek,MLP,/kaggle/working/outputs/TESE_pruebas/run_20260902_145353/processed_data/reports/balanceo/matrices_confusion_balanceo/confusion_212260666_all_noOutliers_smote_tomek_MLP.csv,/kaggle/working/outputs/TESE_pruebas/run_20260902_145353/processed_data/reports/balanceo/matrices_confusion_balanceo/confusion_212260666_all_noOutliers_smote_tomek_MLP.png,balanceo/matrices_confusion_balanceo/confusion_212260666_all_noOutliers_smote_tomek_MLP.png
212260666,all,noOutliers,smote_tomek,IBk_kNN,/kaggle/working/outputs/TESE_pruebas/run_20260902_145353/processed_data/reports/balanceo/matrices_confusion_balanceo/confusion_212260666_all_noOutliers_smote_tomek_IBk_kNN.csv,/kaggle/working/outputs/TESE_pruebas/run_20260902_145353/processed_data/reports/balanceo/matrices_confusion_balanceo/confusion_212260666_all_noOutliers_smote_tomek_IBk_kNN.png,balanceo/matrices_confusion_balanceo/confusion_212260666_all_noOutliers_smote_tomek_IBk_kNN.png
212260666,all,noOutliers,smote_tomek,RBFNetwork_aprox,/kaggle/working/outputs/TESE_pruebas/run_20260902_145353/processed_data/reports/balanceo/matrices_confusion_balanceo/confusion_212260666_all_noOutliers_smote_tomek_RBFNetwork_aprox.csv,/kaggle/working/outputs/TESE_pruebas/run_20260902_145353/processed_data/reports/balanceo/matrices_confusion_balanceo/confusion_212260666_all_noOutliers_smote_tomek_RBFNetwork_aprox.png,balanceo/matrices_confusion_balanceo/confusion_212260666_all_noOutliers_smote_tomek_RBFNetwork_aprox.png
212260666,all,noOutliers,random_undersampling_controlado,SMO_SVM,/kaggle/working/outputs/TESE_pruebas/run_20260902_145353/processed_data/reports/balanceo/matrices_confusion_balanceo/confusion_212260666_all_noOutliers_random_undersampling_controlado_SMO_SVM.csv,/kaggle/working/outputs/TESE_pruebas/run_20260902_145353/processed_data/reports/balanceo/matrices_confusion_balanceo/confusion_212260666_all_noOutliers_random_undersampling_controlado_SMO_SVM.png,balanceo/matrices_confusion_balanceo/confusion_212260666_all_noOutliers_random_undersampling_controlado_SMO_SVM.png
212260666,all,noOutliers,random_undersampling_controlado,RandomForest,/kaggle/working/outputs/TESE_pruebas/run_20260902_145353/processed_data/reports/balanceo/matrices_confusion_balanceo/confusion_212260666_all_noOutliers_random_undersampling_controlado_RandomForest.csv,/kaggle/working/outputs/TESE_pruebas/run_20260902_145353/processed_data/reports/balanceo/matrices_confusion_balanceo/confusion_212260666_all_noOutliers_random_undersampling_controlado_RandomForest.png,balanceo/matrices_confusion_balanceo/confusion_212260666_all_noOutliers_random_undersampling_controlado_RandomForest.png
212260666,all,noOutliers,random_undersampling_controlado,MLP,/kaggle/working/outputs/TESE_pruebas/run_20260902_145353/processed_data/reports/balanceo/matrices_confusion_balanceo/confusion_212260666_all_noOutliers_random_undersampling_controlado_MLP.csv,/kaggle/working/outputs/TESE_pruebas/run_20260902_145353/processed_data/reports/balanceo/matrices_confusion_balanceo/confusion_212260666_all_noOutliers_random_undersampling_controlado_MLP.png,balanceo/matrices_confusion_balanceo/confusion_212260666_all_noOutliers_random_undersampling_controlado_MLP.png
212260666,all,noOutliers,random_undersampling_controlado,IBk_kNN,/kaggle/working/outputs/TESE_pruebas/run_20260902_145353/processed_data/reports/balanceo/matrices_confusion_balanceo/confusion_212260666_all_noOutliers_random_undersampling_controlado_IBk_kNN.csv,/kaggle/working/outputs/TESE_pruebas/run_20260902_145353/processed_data/reports/balanceo/matrices_confusion_balanceo/confusion_212260666_all_noOutliers_random_undersampling_controlado_IBk_kNN.png,balanceo/matrices_confusion_balanceo/confusion_212260666_all_noOutliers_random_undersampling_controlado_IBk_kNN.png
212260666,all,noOutliers,random_undersampling_controlado,RBFNetwork_aprox,/kaggle/working/outputs/TESE_pruebas/run_20260902_145353/processed_data/reports/balanceo/matrices_confusion_balanceo/confusion_212260666_all_noOutliers_random_undersampling_controlado_RBFNetwork_aprox.csv,/kaggle/working/outputs/TESE_pruebas/run_20260902_145353/processed_data/reports/balanceo/matrices_confusion_balanceo/confusion_212260666_all_noOutliers_random_undersampling_controlado_RBFNetwork_aprox.png,balanceo/matrices_confusion_balanceo/confusion_212260666_all_noOutliers_random_undersampling_controlado_RBFNetwork_aprox.png
212260666,all,sinArtefactosConservador,sin_balanceo,SMO_SVM,/kaggle/working/outputs/TESE_pruebas/run_20260902_145353/processed_data/reports/balanceo/matrices_confusion_balanceo/confusion_212260666_all_sinArtefactosConservador_sin_balanceo_SMO_SVM.csv,/kaggle/working/outputs/TESE_pruebas/run_20260902_145353/processed_data/reports/balanceo/matrices_confusion_balanceo/confusion_212260666_all_sinArtefactosConservador_sin_balanceo_SMO_SVM.png,balanceo/matrices_confusion_balanceo/confusion_212260666_all_sinArtefactosConservador_sin_balanceo_SMO_SVM.png
212260666,all,sinArtefactosConservador,sin_balanceo,RandomForest,/kaggle/working/outputs/TESE_pruebas/run_20260902_145353/processed_data/reports/balanceo/matrices_confusion_balanceo/confusion_212260666_all_sinArtefactosConservador_sin_balanceo_RandomForest.csv,/kaggle/working/outputs/TESE_pruebas/run_20260902_145353/processed_data/reports/balanceo/matrices_confusion_balanceo/confusion_212260666_all_sinArtefactosConservador_sin_balanceo_RandomForest.png,balanceo/matrices_confusion_balanceo/confusion_212260666_all_sinArtefactosConservador_sin_balanceo_RandomForest.png
212260666,all,sinArtefactosConservador,sin_balanceo,MLP,/kaggle/working/outputs/TESE_pruebas/run_20260902_145353/processed_data/reports/balanceo/matrices_confusion_balanceo/confusion_212260666_all_sinArtefactosConservador_sin_balanceo_MLP.csv,/kaggle/working/outputs/TESE_pruebas/run_20260902_145353/processed_data/reports/balanceo/matrices_confusion_balanceo/confusion_212260666_all_sinArtefactosConservador_sin_balanceo_MLP.png,balanceo/matrices_confusion_balanceo/confusion_212260666_all_sinArtefactosConservador_sin_balanceo_MLP.png
212260666,all,sinArtefactosConservador,sin_balanceo,IBk_kNN,/kaggle/working/outputs/TESE_pruebas/run_20260902_145353/processed_data/reports/balanceo/matrices_confusion_balanceo/confusion_212260666_all_sinArtefactosConservador_sin_balanceo_IBk_kNN.csv,/kaggle/working/outputs/TESE_pruebas/run_20260902_145353/processed_data/reports/balanceo/matrices_confusion_balanceo/confusion_212260666_all_sinArtefactosConservador_sin_balanceo_IBk_kNN.png,balanceo/matrices_confusion_balanceo/confusion_212260666_all_sinArtefactosConservador_sin_balanceo_IBk_kNN.png
212260666,all,sinArtefactosConservador,sin_balanceo,RBFNetwork_aprox,/kaggle/working/outputs/TESE_pruebas/run_20260902_145353/processed_data/reports/balanceo/matrices_confusion_balanceo/confusion_212260666_all_sinArtefactosConservador_sin_balanceo_RBFNetwork_aprox.csv,/kaggle/working/outputs/TESE_pruebas/run_20260902_145353/processed_data/reports/balanceo/matrices_confusion_balanceo/confusion_212260666_all_sinArtefactosConservador_sin_balanceo_RBFNetwork_aprox.png,balanceo/matrices_confusion_balanceo/confusion_212260666_all_sinArtefactosConservador_sin_balanceo_RBFNetwork_aprox.png
212260666,all,sinArtefactosConservador,random_oversampling,SMO_SVM,/kaggle/working/outputs/TESE_pruebas/run_20260902_145353/processed_data/reports/balanceo/matrices_confusion_balanceo/confusion_212260666_all_sinArtefactosConservador_random_oversampling_SMO_SVM.csv,/kaggle/working/outputs/TESE_pruebas/run_20260902_145353/processed_data/reports/balanceo/matrices_confusion_balanceo/confusion_212260666_all_sinArtefactosConservador_random_oversampling_SMO_SVM.png,balanceo/matrices_confusion_balanceo/confusion_212260666_all_sinArtefactosConservador_random_oversampling_SMO_SVM.png
212260666,all,sinArtefactosConservador,random_oversampling,RandomForest,/kaggle/working/outputs/TESE_pruebas/run_20260902_145353/processed_data/reports/balanceo/matrices_confusion_balanceo/confusion_212260666_all_sinArtefactosConservador_random_oversampling_RandomForest.csv,/kaggle/working/outputs/TESE_pruebas/run_20260902_145353/processed_data/reports/balanceo/matrices_confusion_balanceo/confusion_212260666_all_sinArtefactosConservador_random_oversampling_RandomForest.png,balanceo/matrices_confusion_balanceo/confusion_212260666_all_sinArtefactosConservador_random_oversampling_RandomForest.png
212260666,all,sinArtefactosConservador,random_oversampling,MLP,/kaggle/working/outputs/TESE_pruebas/run_20260902_145353/processed_data/reports/balanceo/matrices_confusion_balanceo/confusion_212260666_all_sinArtefactosConservador_random_oversampling_MLP.csv,/kaggle/working/outputs/TESE_pruebas/run_20260902_145353/processed_data/reports/balanceo/matrices_confusion_balanceo/confusion_212260666_all_sinArtefactosConservador_random_oversampling_MLP.png,balanceo/matrices_confusion_balanceo/confusion_212260666_all_sinArtefactosConservador_random_oversampling_MLP.png
212260666,all,sinArtefactosConservador,random_oversampling,IBk_kNN,/kaggle/working/outputs/TESE_pruebas/run_20260902_145353/processed_data/reports/balanceo/matrices_confusion_balanceo/confusion_212260666_all_sinArtefactosConservador_random_oversampling_IBk_kNN.csv,/kaggle/working/outputs/TESE_pruebas/run_20260902_145353/processed_data/reports/balanceo/matrices_confusion_balanceo/confusion_212260666_all_sinArtefactosConservador_random_oversampling_IBk_kNN.png,balanceo/matrices_confusion_balanceo/confusion_212260666_all_sinArtefactosConservador_random_oversampling_IBk_kNN.png
212260666,all,sinArtefactosConservador,random_oversampling,RBFNetwork_aprox,/kaggle/working/outputs/TESE_pruebas/run_20260902_145353/processed_data/reports/balanceo/matrices_confusion_balanceo/confusion_212260666_all_sinArtefactosConservador_random_oversampling_RBFNetwork_aprox.csv,/kaggle/working/outputs/TESE_pruebas/run_20260902_145353/processed_data/reports/balanceo/matrices_confusion_balanceo/confusion_212260666_all_sinArtefactosConservador_random_oversampling_RBFNetwork_aprox.png,balanceo/matrices_confusion_balanceo/confusion_212260666_all_sinArtefactosConservador_random_oversampling_RBFNetwork_aprox.png
212260666,all,sinArtefactosConservador,class_weight_balanced,SMO_SVM,/kaggle/working/outputs/TESE_pruebas/run_20260902_145353/processed_data/reports/balanceo/matrices_confusion_balanceo/confusion_212260666_all_sinArtefactosConservador_class_weight_balanced_SMO_SVM.csv,/kaggle/working/outputs/TESE_pruebas/run_20260902_145353/processed_data/reports/balanceo/matrices_confusion_balanceo/confusion_212260666_all_sinArtefactosConservador_class_weight_balanced_SMO_SVM.png,balanceo/matrices_confusion_balanceo/confusion_212260666_all_sinArtefactosConservador_class_weight_balanced_SMO_SVM.png
212260666,all,sinArtefactosConservador,class_weight_balanced,RandomForest,/kaggle/working/outputs/TESE_pruebas/run_20260902_145353/processed_data/reports/balanceo/matrices_confusion_balanceo/confusion_212260666_all_sinArtefactosConservador_class_weight_balanced_RandomForest.csv,/kaggle/working/outputs/TESE_pruebas/run_20260902_145353/processed_data/reports/balanceo/matrices_confusion_balanceo/confusion_212260666_all_sinArtefactosConservador_class_weight_balanced_RandomForest.png,balanceo/matrices_confusion_balanceo/confusion_212260666_all_sinArtefactosConservador_class_weight_balanced_RandomForest.png
212260666,all,sinArtefactosConservador,class_weight_balanced,RBFNetwork_aprox,/kaggle/working/outputs/TESE_pruebas/run_20260902_145353/processed_data/reports/balanceo/matrices_confusion_balanceo/confusion_212260666_all_sinArtefactosConservador_class_weight_balanced_RBFNetwork_aprox.csv,/kaggle/working/outputs/TESE_pruebas/run_20260902_145353/processed_data/reports/balanceo/matrices_confusion_balanceo/confusion_212260666_all_sinArtefactosConservador_class_weight_balanced_RBFNetwork_aprox.png,balanceo/matrices_confusion_balanceo/confusion_212260666_all_sinArtefactosConservador_class_weight_balanced_RBFNetwork_aprox.png
212260666,all,sinArtefactosConservador,smote,SMO_SVM,/kaggle/working/outputs/TESE_pruebas/run_20260902_145353/processed_data/reports/balanceo/matrices_confusion_balanceo/confusion_212260666_all_sinArtefactosConservador_smote_SMO_SVM.csv,/kaggle/working/outputs/TESE_pruebas/run_20260902_145353/processed_data/reports/balanceo/matrices_confusion_balanceo/confusion_212260666_all_sinArtefactosConservador_smote_SMO_SVM.png,balanceo/matrices_confusion_balanceo/confusion_212260666_all_sinArtefactosConservador_smote_SMO_SVM.png
212260666,all,sinArtefactosConservador,smote,RandomForest,/kaggle/working/outputs/TESE_pruebas/run_20260902_145353/processed_data/reports/balanceo/matrices_confusion_balanceo/confusion_212260666_all_sinArtefactosConservador_smote_RandomForest.csv,/kaggle/working/outputs/TESE_pruebas/run_20260902_145353/processed_data/reports/balanceo/matrices_confusion_balanceo/confusion_212260666_all_sinArtefactosConservador_smote_RandomForest.png,balanceo/matrices_confusion_balanceo/confusion_212260666_all_sinArtefactosConservador_smote_RandomForest.png
212260666,all,sinArtefactosConservador,smote,MLP,/kaggle/working/outputs/TESE_pruebas/run_20260902_145353/processed_data/reports/balanceo/matrices_confusion_balanceo/confusion_212260666_all_sinArtefactosConservador_smote_MLP.csv,/kaggle/working/outputs/TESE_pruebas/run_20260902_145353/processed_data/reports/balanceo/matrices_confusion_balanceo/confusion_212260666_all_sinArtefactosConservador_smote_MLP.png,balanceo/matrices_confusion_balanceo/confusion_212260666_all_sinArtefactosConservador_smote_MLP.png
212260666,all,sinArtefactosConservador,smote,IBk_kNN,/kaggle/working/outputs/TESE_pruebas/run_20260902_145353/processed_data/reports/balanceo/matrices_confusion_balanceo/confusion_212260666_all_sinArtefactosConservador_smote_IBk_kNN.csv,/kaggle/working/outputs/TESE_pruebas/run_20260902_145353/processed_data/reports/balanceo/matrices_confusion_balanceo/confusion_212260666_all_sinArtefactosConservador_smote_IBk_kNN.png,balanceo/matrices_confusion_balanceo/confusion_212260666_all_sinArtefactosConservador_smote_IBk_kNN.png
212260666,all,sinArtefactosConservador,smote,RBFNetwork_aprox,/kaggle/working/outputs/TESE_pruebas/run_20260902_145353/processed_data/reports/balanceo/matrices_confusion_balanceo/confusion_212260666_all_sinArtefactosConservador_smote_RBFNetwork_aprox.csv,/kaggle/working/outputs/TESE_pruebas/run_20260902_145353/processed_data/reports/balanceo/matrices_confusion_balanceo/confusion_212260666_all_sinArtefactosConservador_smote_RBFNetwork_aprox.png,balanceo/matrices_confusion_balanceo/confusion_212260666_all_sinArtefactosConservador_smote_RBFNetwork_aprox.png
212260666,all,sinArtefactosConservador,smote_tomek,SMO_SVM,/kaggle/working/outputs/TESE_pruebas/run_20260902_145353/processed_data/reports/balanceo/matrices_confusion_balanceo/confusion_212260666_all_sinArtefactosConservador_smote_tomek_SMO_SVM.csv,/kaggle/working/outputs/TESE_pruebas/run_20260902_145353/processed_data/reports/balanceo/matrices_confusion_balanceo/confusion_212260666_all_sinArtefactosConservador_smote_tomek_SMO_SVM.png,balanceo/matrices_confusion_balanceo/confusion_212260666_all_sinArtefactosConservador_smote_tomek_SMO_SVM.png
212260666,all,sinArtefactosConservador,smote_tomek,RandomForest,/kaggle/working/outputs/TESE_pruebas/run_20260902_145353/processed_data/reports/balanceo/matrices_confusion_balanceo/confusion_212260666_all_sinArtefactosConservador_smote_tomek_RandomForest.csv,/kaggle/working/outputs/TESE_pruebas/run_20260902_145353/processed_data/reports/balanceo/matrices_confusion_balanceo/confusion_212260666_all_sinArtefactosConservador_smote_tomek_RandomForest.png,balanceo/matrices_confusion_balanceo/confusion_212260666_all_sinArtefactosConservador_smote_tomek_RandomForest.png
212260666,all,sinArtefactosConservador,smote_tomek,MLP,/kaggle/working/outputs/TESE_pruebas/run_20260902_145353/processed_data/reports/balanceo/matrices_confusion_balanceo/confusion_212260666_all_sinArtefactosConservador_smote_tomek_MLP.csv,/kaggle/working/outputs/TESE_pruebas/run_20260902_145353/processed_data/reports/balanceo/matrices_confusion_balanceo/confusion_212260666_all_sinArtefactosConservador_smote_tomek_MLP.png,balanceo/matrices_confusion_balanceo/confusion_212260666_all_sinArtefactosConservador_smote_tomek_MLP.png
212260666,all,sinArtefactosConservador,smote_tomek,IBk_kNN,/kaggle/working/outputs/TESE_pruebas/run_20260902_145353/processed_data/reports/balanceo/matrices_confusion_balanceo/confusion_212260666_all_sinArtefactosConservador_smote_tomek_IBk_kNN.csv,/kaggle/working/outputs/TESE_pruebas/run_20260902_145353/processed_data/reports/balanceo/matrices_confusion_balanceo/confusion_212260666_all_sinArtefactosConservador_smote_tomek_IBk_kNN.png,balanceo/matrices_confusion_balanceo/confusion_212260666_all_sinArtefactosConservador_smote_tomek_IBk_kNN.png
212260666,all,sinArtefactosConservador,smote_tomek,RBFNetwork_aprox,/kaggle/working/outputs/TESE_pruebas/run_20260902_145353/processed_data/reports/balanceo/matrices_confusion_balanceo/confusion_212260666_all_sinArtefactosConservador_smote_tomek_RBFNetwork_aprox.csv,/kaggle/working/outputs/TESE_pruebas/run_20260902_145353/processed_data/reports/balanceo/matrices_confusion_balanceo/confusion_212260666_all_sinArtefactosConservador_smote_tomek_RBFNetwork_aprox.png,balanceo/matrices_confusion_balanceo/confusion_212260666_all_sinArtefactosConservador_smote_tomek_RBFNetwork_aprox.png
212260666,all,sinArtefactosConservador,random_undersampling_controlado,SMO_SVM,/kaggle/working/outputs/TESE_pruebas/run_20260902_145353/processed_data/reports/balanceo/matrices_confusion_balanceo/confusion_212260666_all_sinArtefactosConservador_random_undersampling_controlado_SMO_SVM.csv,/kaggle/working/outputs/TESE_pruebas/run_20260902_145353/processed_data/reports/balanceo/matrices_confusion_balanceo/confusion_212260666_all_sinArtefactosConservador_random_undersampling_controlado_SMO_SVM.png,balanceo/matrices_confusion_balanceo/confusion_212260666_all_sinArtefactosConservador_random_undersampling_controlado_SMO_SVM.png
212260666,all,sinArtefactosConservador,random_undersampling_controlado,RandomForest,/kaggle/working/outputs/TESE_pruebas/run_20260902_145353/processed_data/reports/balanceo/matrices_confusion_balanceo/confusion_212260666_all_sinArtefactosConservador_random_undersampling_controlado_RandomForest.csv,/kaggle/working/outputs/TESE_pruebas/run_20260902_145353/processed_data/reports/balanceo/matrices_confusion_balanceo/confusion_212260666_all_sinArtefactosConservador_random_undersampling_controlado_RandomForest.png,balanceo/matrices_confusion_balanceo/confusion_212260666_all_sinArtefactosConservador_random_undersampling_controlado_RandomForest.png
212260666,all,sinArtefactosConservador,random_undersampling_controlado,MLP,/kaggle/working/outputs/TESE_pruebas/run_20260902_145353/processed_data/reports/balanceo/matrices_confusion_balanceo/confusion_212260666_all_sinArtefactosConservador_random_undersampling_controlado_MLP.csv,/kaggle/working/outputs/TESE_pruebas/run_20260902_145353/processed_data/reports/balanceo/matrices_confusion_balanceo/confusion_212260666_all_sinArtefactosConservador_random_undersampling_controlado_MLP.png,balanceo/matrices_confusion_balanceo/confusion_212260666_all_sinArtefactosConservador_random_undersampling_controlado_MLP.png
212260666,all,sinArtefactosConservador,random_undersampling_controlado,IBk_kNN,/kaggle/working/outputs/TESE_pruebas/run_20260902_145353/processed_data/reports/balanceo/matrices_confusion_balanceo/confusion_212260666_all_sinArtefactosConservador_random_undersampling_controlado_IBk_kNN.csv,/kaggle/working/outputs/TESE_pruebas/run_20260902_145353/processed_data/reports/balanceo/matrices_confusion_balanceo/confusion_212260666_all_sinArtefactosConservador_random_undersampling_controlado_IBk_kNN.png,balanceo/matrices_confusion_balanceo/confusion_212260666_all_sinArtefactosConservador_random_undersampling_controlado_IBk_kNN.png
212260666,all,sinArtefactosConservador,random_undersampling_controlado,RBFNetwork_aprox,/kaggle/working/outputs/TESE_pruebas/run_20260902_145353/processed_data/reports/balanceo/matrices_confusion_balanceo/confusion_212260666_all_sinArtefactosConservador_random_undersampling_controlado_RBFNetwork_aprox.csv,/kaggle/working/outputs/TESE_pruebas/run_20260902_145353/processed_data/reports/balanceo/matrices_confusion_balanceo/confusion_212260666_all_sinArtefactosConservador_random_undersampling_controlado_RBFNetwork_aprox.png,balanceo/matrices_confusion_balanceo/confusion_212260666_all_sinArtefactosConservador_random_undersampling_controlado_RBFNetwork_aprox.png
212260668,all,noOutliers,sin_balanceo,SMO_SVM,/kaggle/working/outputs/TESE_pruebas/run_20260902_145353/processed_data/reports/balanceo/matrices_confusion_balanceo/confusion_212260668_all_noOutliers_sin_balanceo_SMO_SVM.csv,/kaggle/working/outputs/TESE_pruebas/run_20260902_145353/processed_data/reports/balanceo/matrices_confusion_balanceo/confusion_212260668_all_noOutliers_sin_balanceo_SMO_SVM.png,balanceo/matrices_confusion_balanceo/confusion_212260668_all_noOutliers_sin_balanceo_SMO_SVM.png
212260668,all,noOutliers,sin_balanceo,RandomForest,/kaggle/working/outputs/TESE_pruebas/run_20260902_145353/processed_data/reports/balanceo/matrices_confusion_balanceo/confusion_212260668_all_noOutliers_sin_balanceo_RandomForest.csv,/kaggle/working/outputs/TESE_pruebas/run_20260902_145353/processed_data/reports/balanceo/matrices_confusion_balanceo/confusion_212260668_all_noOutliers_sin_balanceo_RandomForest.png,balanceo/matrices_confusion_balanceo/confusion_212260668_all_noOutliers_sin_balanceo_RandomForest.png
212260668,all,noOutliers,sin_balanceo,MLP,/kaggle/working/outputs/TESE_pruebas/run_20260902_145353/processed_data/reports/balanceo/matrices_confusion_balanceo/confusion_212260668_all_noOutliers_sin_balanceo_MLP.csv,/kaggle/working/outputs/TESE_pruebas/run_20260902_145353/processed_data/reports/balanceo/matrices_confusion_balanceo/confusion_212260668_all_noOutliers_sin_balanceo_MLP.png,balanceo/matrices_confusion_balanceo/confusion_212260668_all_noOutliers_sin_balanceo_MLP.png
212260668,all,noOutliers,sin_balanceo,IBk_kNN,/kaggle/working/outputs/TESE_pruebas/run_20260902_145353/processed_data/reports/balanceo/matrices_confusion_balanceo/confusion_212260668_all_noOutliers_sin_balanceo_IBk_kNN.csv,/kaggle/working/outputs/TESE_pruebas/run_20260902_145353/processed_data/reports/balanceo/matrices_confusion_balanceo/confusion_212260668_all_noOutliers_sin_balanceo_IBk_kNN.png,balanceo/matrices_confusion_balanceo/confusion_212260668_all_noOutliers_sin_balanceo_IBk_kNN.png
212260668,all,noOutliers,sin_balanceo,RBFNetwork_aprox,/kaggle/working/outputs/TESE_pruebas/run_20260902_145353/processed_data/reports/balanceo/matrices_confusion_balanceo/confusion_212260668_all_noOutliers_sin_balanceo_RBFNetwork_aprox.csv,/kaggle/working/outputs/TESE_pruebas/run_20260902_145353/processed_data/reports/balanceo/matrices_confusion_balanceo/confusion_212260668_all_noOutliers_sin_balanceo_RBFNetwork_aprox.png,balanceo/matrices_confusion_balanceo/confusion_212260668_all_noOutliers_sin_balanceo_RBFNetwork_aprox.png
212260668,all,noOutliers,random_oversampling,SMO_SVM,/kaggle/working/outputs/TESE_pruebas/run_20260902_145353/processed_data/reports/balanceo/matrices_confusion_balanceo/confusion_212260668_all_noOutliers_random_oversampling_SMO_SVM.csv,/kaggle/working/outputs/TESE_pruebas/run_20260902_145353/processed_data/reports/balanceo/matrices_confusion_balanceo/confusion_212260668_all_noOutliers_random_oversampling_SMO_SVM.png,balanceo/matrices_confusion_balanceo/confusion_212260668_all_noOutliers_random_oversampling_SMO_SVM.png
212260668,all,noOutliers,random_oversampling,RandomForest,/kaggle/working/outputs/TESE_pruebas/run_20260902_145353/processed_data/reports/balanceo/matrices_confusion_balanceo/confusion_212260668_all_noOutliers_random_oversampling_RandomForest.csv,/kaggle/working/outputs/TESE_pruebas/run_20260902_145353/processed_data/reports/balanceo/matrices_confusion_balanceo/confusion_212260668_all_noOutliers_random_oversampling_RandomForest.png,balanceo/matrices_confusion_balanceo/confusion_212260668_all_noOutliers_random_oversampling_RandomForest.png
212260668,all,noOutliers,random_oversampling,MLP,/kaggle/working/outputs/TESE_pruebas/run_20260902_145353/processed_data/reports/balanceo/matrices_confusion_balanceo/confusion_212260668_all_noOutliers_random_oversampling_MLP.csv,/kaggle/working/outputs/TESE_pruebas/run_20260902_145353/processed_data/reports/balanceo/matrices_confusion_balanceo/confusion_212260668_all_noOutliers_random_oversampling_MLP.png,balanceo/matrices_confusion_balanceo/confusion_212260668_all_noOutliers_random_oversampling_MLP.png
212260668,all,noOutliers,random_oversampling,IBk_kNN,/kaggle/working/outputs/TESE_pruebas/run_20260902_145353/processed_data/reports/balanceo/matrices_confusion_balanceo/confusion_212260668_all_noOutliers_random_oversampling_IBk_kNN.csv,/kaggle/working/outputs/TESE_pruebas/run_20260902_145353/processed_data/reports/balanceo/matrices_confusion_balanceo/confusion_212260668_all_noOutliers_random_oversampling_IBk_kNN.png,balanceo/matrices_confusion_balanceo/confusion_212260668_all_noOutliers_random_oversampling_IBk_kNN.png
212260668,all,noOutliers,random_oversampling,RBFNetwork_aprox,/kaggle/working/outputs/TESE_pruebas/run_20260902_145353/processed_data/reports/balanceo/matrices_confusion_balanceo/confusion_212260668_all_noOutliers_random_oversampling_RBFNetwork_aprox.csv,/kaggle/working/outputs/TESE_pruebas/run_20260902_145353/processed_data/reports/balanceo/matrices_confusion_balanceo/confusion_212260668_all_noOutliers_random_oversampling_RBFNetwork_aprox.png,balanceo/matrices_confusion_balanceo/confusion_212260668_all_noOutliers_random_oversampling_RBFNetwork_aprox.png
212260668,all,noOutliers,class_weight_balanced,SMO_SVM,/kaggle/working/outputs/TESE_pruebas/run_20260902_145353/processed_data/reports/balanceo/matrices_confusion_balanceo/confusion_212260668_all_noOutliers_class_weight_balanced_SMO_SVM.csv,/kaggle/working/outputs/TESE_pruebas/run_20260902_145353/processed_data/reports/balanceo/matrices_confusion_balanceo/confusion_212260668_all_noOutliers_class_weight_balanced_SMO_SVM.png,balanceo/matrices_confusion_balanceo/confusion_212260668_all_noOutliers_class_weight_balanced_SMO_SVM.png
212260668,all,noOutliers,class_weight_balanced,RandomForest,/kaggle/working/outputs/TESE_pruebas/run_20260902_145353/processed_data/reports/balanceo/matrices_confusion_balanceo/confusion_212260668_all_noOutliers_class_weight_balanced_RandomForest.csv,/kaggle/working/outputs/TESE_pruebas/run_20260902_145353/processed_data/reports/balanceo/matrices_confusion_balanceo/confusion_212260668_all_noOutliers_class_weight_balanced_RandomForest.png,balanceo/matrices_confusion_balanceo/confusion_212260668_all_noOutliers_class_weight_balanced_RandomForest.png
212260668,all,noOutliers,class_weight_balanced,RBFNetwork_aprox,/kaggle/working/outputs/TESE_pruebas/run_20260902_145353/processed_data/reports/balanceo/matrices_confusion_balanceo/confusion_212260668_all_noOutliers_class_weight_balanced_RBFNetwork_aprox.csv,/kaggle/working/outputs/TESE_pruebas/run_20260902_145353/processed_data/reports/balanceo/matrices_confusion_balanceo/confusion_212260668_all_noOutliers_class_weight_balanced_RBFNetwork_aprox.png,balanceo/matrices_confusion_balanceo/confusion_212260668_all_noOutliers_class_weight_balanced_RBFNetwork_aprox.png
212260668,all,noOutliers,smote,SMO_SVM,/kaggle/working/outputs/TESE_pruebas/run_20260902_145353/processed_data/reports/balanceo/matrices_confusion_balanceo/confusion_212260668_all_noOutliers_smote_SMO_SVM.csv,/kaggle/working/outputs/TESE_pruebas/run_20260902_145353/processed_data/reports/balanceo/matrices_confusion_balanceo/confusion_212260668_all_noOutliers_smote_SMO_SVM.png,balanceo/matrices_confusion_balanceo/confusion_212260668_all_noOutliers_smote_SMO_SVM.png
212260668,all,noOutliers,smote,RandomForest,/kaggle/working/outputs/TESE_pruebas/run_20260902_145353/processed_data/reports/balanceo/matrices_confusion_balanceo/confusion_212260668_all_noOutliers_smote_RandomForest.csv,/kaggle/working/outputs/TESE_pruebas/run_20260902_145353/processed_data/reports/balanceo/matrices_confusion_balanceo/confusion_212260668_all_noOutliers_smote_RandomForest.png,balanceo/matrices_confusion_balanceo/confusion_212260668_all_noOutliers_smote_RandomForest.png
212260668,all,noOutliers,smote,MLP,/kaggle/working/outputs/TESE_pruebas/run_20260902_145353/processed_data/reports/balanceo/matrices_confusion_balanceo/confusion_212260668_all_noOutliers_smote_MLP.csv,/kaggle/working/outputs/TESE_pruebas/run_20260902_145353/processed_data/reports/balanceo/matrices_confusion_balanceo/confusion_212260668_all_noOutliers_smote_MLP.png,balanceo/matrices_confusion_balanceo/confusion_212260668_all_noOutliers_smote_MLP.png
212260668,all,noOutliers,smote,IBk_kNN,/kaggle/working/outputs/TESE_pruebas/run_20260902_145353/processed_data/reports/balanceo/matrices_confusion_balanceo/confusion_212260668_all_noOutliers_smote_IBk_kNN.csv,/kaggle/working/outputs/TESE_pruebas/run_20260902_145353/processed_data/reports/balanceo/matrices_confusion_balanceo/confusion_212260668_all_noOutliers_smote_IBk_kNN.png,balanceo/matrices_confusion_balanceo/confusion_212260668_all_noOutliers_smote_IBk_kNN.png
212260668,all,noOutliers,smote,RBFNetwork_aprox,/kaggle/working/outputs/TESE_pruebas/run_20260902_145353/processed_data/reports/balanceo/matrices_confusion_balanceo/confusion_212260668_all_noOutliers_smote_RBFNetwork_aprox.csv,/kaggle/working/outputs/TESE_pruebas/run_20260902_145353/processed_data/reports/balanceo/matrices_confusion_balanceo/confusion_212260668_all_noOutliers_smote_RBFNetwork_aprox.png,balanceo/matrices_confusion_balanceo/confusion_212260668_all_noOutliers_smote_RBFNetwork_aprox.png
212260668,all,noOutliers,smote_tomek,SMO_SVM,/kaggle/working/outputs/TESE_pruebas/run_20260902_145353/processed_data/reports/balanceo/matrices_confusion_balanceo/confusion_212260668_all_noOutliers_smote_tomek_SMO_SVM.csv,/kaggle/working/outputs/TESE_pruebas/run_20260902_145353/processed_data/reports/balanceo/matrices_confusion_balanceo/confusion_212260668_all_noOutliers_smote_tomek_SMO_SVM.png,balanceo/matrices_confusion_balanceo/confusion_212260668_all_noOutliers_smote_tomek_SMO_SVM.png
212260668,all,noOutliers,smote_tomek,RandomForest,/kaggle/working/outputs/TESE_pruebas/run_20260902_145353/processed_data/reports/balanceo/matrices_confusion_balanceo/confusion_212260668_all_noOutliers_smote_tomek_RandomForest.csv,/kaggle/working/outputs/TESE_pruebas/run_20260902_145353/processed_data/reports/balanceo/matrices_confusion_balanceo/confusion_212260668_all_noOutliers_smote_tomek_RandomForest.png,balanceo/matrices_confusion_balanceo/confusion_212260668_all_noOutliers_smote_tomek_RandomForest.png
212260668,all,noOutliers,smote_tomek,MLP,/kaggle/working/outputs/TESE_pruebas/run_20260902_145353/processed_data/reports/balanceo/matrices_confusion_balanceo/confusion_212260668_all_noOutliers_smote_tomek_MLP.csv,/kaggle/working/outputs/TESE_pruebas/run_20260902_145353/processed_data/reports/balanceo/matrices_confusion_balanceo/confusion_212260668_all_noOutliers_smote_tomek_MLP.png,balanceo/matrices_confusion_balanceo/confusion_212260668_all_noOutliers_smote_tomek_MLP.png
212260668,all,noOutliers,smote_tomek,IBk_kNN,/kaggle/working/outputs/TESE_pruebas/run_20260902_145353/processed_data/reports/balanceo/matrices_confusion_balanceo/confusion_212260668_all_noOutliers_smote_tomek_IBk_kNN.csv,/kaggle/working/outputs/TESE_pruebas/run_20260902_145353/processed_data/reports/balanceo/matrices_confusion_balanceo/confusion_212260668_all_noOutliers_smote_tomek_IBk_kNN.png,balanceo/matrices_confusion_balanceo/confusion_212260668_all_noOutliers_smote_tomek_IBk_kNN.png
212260668,all,noOutliers,smote_tomek,RBFNetwork_aprox,/kaggle/working/outputs/TESE_pruebas/run_20260902_145353/processed_data/reports/balanceo/matrices_confusion_balanceo/confusion_212260668_all_noOutliers_smote_tomek_RBFNetwork_aprox.csv,/kaggle/working/outputs/TESE_pruebas/run_20260902_145353/processed_data/reports/balanceo/matrices_confusion_balanceo/confusion_212260668_all_noOutliers_smote_tomek_RBFNetwork_aprox.png,balanceo/matrices_confusion_balanceo/confusion_212260668_all_noOutliers_smote_tomek_RBFNetwork_aprox.png
212260668,all,noOutliers,random_undersampling_controlado,SMO_SVM,/kaggle/working/outputs/TESE_pruebas/run_20260902_145353/processed_data/reports/balanceo/matrices_confusion_balanceo/confusion_212260668_all_noOutliers_random_undersampling_controlado_SMO_SVM.csv,/kaggle/working/outputs/TESE_pruebas/run_20260902_145353/processed_data/reports/balanceo/matrices_confusion_balanceo/confusion_212260668_all_noOutliers_random_undersampling_controlado_SMO_SVM.png,balanceo/matrices_confusion_balanceo/confusion_212260668_all_noOutliers_random_undersampling_controlado_SMO_SVM.png
212260668,all,noOutliers,random_undersampling_controlado,RandomForest,/kaggle/working/outputs/TESE_pruebas/run_20260902_145353/processed_data/reports/balanceo/matrices_confusion_balanceo/confusion_212260668_all_noOutliers_random_undersampling_controlado_RandomForest.csv,/kaggle/working/outputs/TESE_pruebas/run_20260902_145353/processed_data/reports/balanceo/matrices_confusion_balanceo/confusion_212260668_all_noOutliers_random_undersampling_controlado_RandomForest.png,balanceo/matrices_confusion_balanceo/confusion_212260668_all_noOutliers_random_undersampling_controlado_RandomForest.png
212260668,all,noOutliers,random_undersampling_controlado,MLP,/kaggle/working/outputs/TESE_pruebas/run_20260902_145353/processed_data/reports/balanceo/matrices_confusion_balanceo/confusion_212260668_all_noOutliers_random_undersampling_controlado_MLP.csv,/kaggle/working/outputs/TESE_pruebas/run_20260902_145353/processed_data/reports/balanceo/matrices_confusion_balanceo/confusion_212260668_all_noOutliers_random_undersampling_controlado_MLP.png,balanceo/matrices_confusion_balanceo/confusion_212260668_all_noOutliers_random_undersampling_controlado_MLP.png
212260668,all,noOutliers,random_undersampling_controlado,IBk_kNN,/kaggle/working/outputs/TESE_pruebas/run_20260902_145353/processed_data/reports/balanceo/matrices_confusion_balanceo/confusion_212260668_all_noOutliers_random_undersampling_controlado_IBk_kNN.csv,/kaggle/working/outputs/TESE_pruebas/run_20260902_145353/processed_data/reports/balanceo/matrices_confusion_balanceo/confusion_212260668_all_noOutliers_random_undersampling_controlado_IBk_kNN.png,balanceo/matrices_confusion_balanceo/confusion_212260668_all_noOutliers_random_undersampling_controlado_IBk_kNN.png
212260668,all,noOutliers,random_undersampling_controlado,RBFNetwork_aprox,/kaggle/working/outputs/TESE_pruebas/run_20260902_145353/processed_data/reports/balanceo/matrices_confusion_balanceo/confusion_212260668_all_noOutliers_random_undersampling_controlado_RBFNetwork_aprox.csv,/kaggle/working/outputs/TESE_pruebas/run_20260902_145353/processed_data/reports/balanceo/matrices_confusion_balanceo/confusion_212260668_all_noOutliers_random_undersampling_controlado_RBFNetwork_aprox.png,balanceo/matrices_confusion_balanceo/confusion_212260668_all_noOutliers_random_undersampling_controlado_RBFNetwork_aprox.png
212260672,all,noOutliers,sin_balanceo,SMO_SVM,/kaggle/working/outputs/TESE_pruebas/run_20260902_145353/processed_data/reports/balanceo/matrices_confusion_balanceo/confusion_212260672_all_noOutliers_sin_balanceo_SMO_SVM.csv,/kaggle/working/outputs/TESE_pruebas/run_20260902_145353/processed_data/reports/balanceo/matrices_confusion_balanceo/confusion_212260672_all_noOutliers_sin_balanceo_SMO_SVM.png,balanceo/matrices_confusion_balanceo/confusion_212260672_all_noOutliers_sin_balanceo_SMO_SVM.png
212260672,all,noOutliers,sin_balanceo,RandomForest,/kaggle/working/outputs/TESE_pruebas/run_20260902_145353/processed_data/reports/balanceo/matrices_confusion_balanceo/confusion_212260672_all_noOutliers_sin_balanceo_RandomForest.csv,/kaggle/working/outputs/TESE_pruebas/run_20260902_145353/processed_data/reports/balanceo/matrices_confusion_balanceo/confusion_212260672_all_noOutliers_sin_balanceo_RandomForest.png,balanceo/matrices_confusion_balanceo/confusion_212260672_all_noOutliers_sin_balanceo_RandomForest.png
212260672,all,noOutliers,sin_balanceo,MLP,/kaggle/working/outputs/TESE_pruebas/run_20260902_145353/processed_data/reports/balanceo/matrices_confusion_balanceo/confusion_212260672_all_noOutliers_sin_balanceo_MLP.csv,/kaggle/working/outputs/TESE_pruebas/run_20260902_145353/processed_data/reports/balanceo/matrices_confusion_balanceo/confusion_212260672_all_noOutliers_sin_balanceo_MLP.png,balanceo/matrices_confusion_balanceo/confusion_212260672_all_noOutliers_sin_balanceo_MLP.png
212260672,all,noOutliers,sin_balanceo,IBk_kNN,/kaggle/working/outputs/TESE_pruebas/run_20260902_145353/processed_data/reports/balanceo/matrices_confusion_balanceo/confusion_212260672_all_noOutliers_sin_balanceo_IBk_kNN.csv,/kaggle/working/outputs/TESE_pruebas/run_20260902_145353/processed_data/reports/balanceo/matrices_confusion_balanceo/confusion_212260672_all_noOutliers_sin_balanceo_IBk_kNN.png,balanceo/matrices_confusion_balanceo/confusion_212260672_all_noOutliers_sin_balanceo_IBk_kNN.png
212260672,all,noOutliers,sin_balanceo,RBFNetwork_aprox,/kaggle/working/outputs/TESE_pruebas/run_20260902_145353/processed_data/reports/balanceo/matrices_confusion_balanceo/confusion_212260672_all_noOutliers_sin_balanceo_RBFNetwork_aprox.csv,/kaggle/working/outputs/TESE_pruebas/run_20260902_145353/processed_data/reports/balanceo/matrices_confusion_balanceo/confusion_212260672_all_noOutliers_sin_balanceo_RBFNetwork_aprox.png,balanceo/matrices_confusion_balanceo/confusion_212260672_all_noOutliers_sin_balanceo_RBFNetwork_aprox.png
212260672,all,noOutliers,random_oversampling,SMO_SVM,/kaggle/working/outputs/TESE_pruebas/run_20260902_145353/processed_data/reports/balanceo/matrices_confusion_balanceo/confusion_212260672_all_noOutliers_random_oversampling_SMO_SVM.csv,/kaggle/working/outputs/TESE_pruebas/run_20260902_145353/processed_data/reports/balanceo/matrices_confusion_balanceo/confusion_212260672_all_noOutliers_random_oversampling_SMO_SVM.png,balanceo/matrices_confusion_balanceo/confusion_212260672_all_noOutliers_random_oversampling_SMO_SVM.png
212260672,all,noOutliers,random_oversampling,RandomForest,/kaggle/working/outputs/TESE_pruebas/run_20260902_145353/processed_data/reports/balanceo/matrices_confusion_balanceo/confusion_212260672_all_noOutliers_random_oversampling_RandomForest.csv,/kaggle/working/outputs/TESE_pruebas/run_20260902_145353/processed_data/reports/balanceo/matrices_confusion_balanceo/confusion_212260672_all_noOutliers_random_oversampling_RandomForest.png,balanceo/matrices_confusion_balanceo/confusion_212260672_all_noOutliers_random_oversampling_RandomForest.png
212260672,all,noOutliers,random_oversampling,MLP,/kaggle/working/outputs/TESE_pruebas/run_20260902_145353/processed_data/reports/balanceo/matrices_confusion_balanceo/confusion_212260672_all_noOutliers_random_oversampling_MLP.csv,/kaggle/working/outputs/TESE_pruebas/run_20260902_145353/processed_data/reports/balanceo/matrices_confusion_balanceo/confusion_212260672_all_noOutliers_random_oversampling_MLP.png,balanceo/matrices_confusion_balanceo/confusion_212260672_all_noOutliers_random_oversampling_MLP.png
212260672,all,noOutliers,random_oversampling,IBk_kNN,/kaggle/working/outputs/TESE_pruebas/run_20260902_145353/processed_data/reports/balanceo/matrices_confusion_balanceo/confusion_212260672_all_noOutliers_random_oversampling_IBk_kNN.csv,/kaggle/working/outputs/TESE_pruebas/run_20260902_145353/processed_data/reports/balanceo/matrices_confusion_balanceo/confusion_212260672_all_noOutliers_random_oversampling_IBk_kNN.png,balanceo/matrices_confusion_balanceo/confusion_212260672_all_noOutliers_random_oversampling_IBk_kNN.png
212260672,all,noOutliers,random_oversampling,RBFNetwork_aprox,/kaggle/working/outputs/TESE_pruebas/run_20260902_145353/processed_data/reports/balanceo/matrices_confusion_balanceo/confusion_212260672_all_noOutliers_random_oversampling_RBFNetwork_aprox.csv,/kaggle/working/outputs/TESE_pruebas/run_20260902_145353/processed_data/reports/balanceo/matrices_confusion_balanceo/confusion_212260672_all_noOutliers_random_oversampling_RBFNetwork_aprox.png,balanceo/matrices_confusion_balanceo/confusion_212260672_all_noOutliers_random_oversampling_RBFNetwork_aprox.png
212260672,all,noOutliers,class_weight_balanced,SMO_SVM,/kaggle/working/outputs/TESE_pruebas/run_20260902_145353/processed_data/reports/balanceo/matrices_confusion_balanceo/confusion_212260672_all_noOutliers_class_weight_balanced_SMO_SVM.csv,/kaggle/working/outputs/TESE_pruebas/run_20260902_145353/processed_data/reports/balanceo/matrices_confusion_balanceo/confusion_212260672_all_noOutliers_class_weight_balanced_SMO_SVM.png,balanceo/matrices_confusion_balanceo/confusion_212260672_all_noOutliers_class_weight_balanced_SMO_SVM.png
212260672,all,noOutliers,class_weight_balanced,RandomForest,/kaggle/working/outputs/TESE_pruebas/run_20260902_145353/processed_data/reports/balanceo/matrices_confusion_balanceo/confusion_212260672_all_noOutliers_class_weight_balanced_RandomForest.csv,/kaggle/working/outputs/TESE_pruebas/run_20260902_145353/processed_data/reports/balanceo/matrices_confusion_balanceo/confusion_212260672_all_noOutliers_class_weight_balanced_RandomForest.png,balanceo/matrices_confusion_balanceo/confusion_212260672_all_noOutliers_class_weight_balanced_RandomForest.png
212260672,all,noOutliers,class_weight_balanced,RBFNetwork_aprox,/kaggle/working/outputs/TESE_pruebas/run_20260902_145353/processed_data/reports/balanceo/matrices_confusion_balanceo/confusion_212260672_all_noOutliers_class_weight_balanced_RBFNetwork_aprox.csv,/kaggle/working/outputs/TESE_pruebas/run_20260902_145353/processed_data/reports/balanceo/matrices_confusion_balanceo/confusion_212260672_all_noOutliers_class_weight_balanced_RBFNetwork_aprox.png,balanceo/matrices_confusion_balanceo/confusion_212260672_all_noOutliers_class_weight_balanced_RBFNetwork_aprox.png
212260672,all,noOutliers,random_undersampling_controlado,SMO_SVM,/kaggle/working/outputs/TESE_pruebas/run_20260902_145353/processed_data/reports/balanceo/matrices_confusion_balanceo/confusion_212260672_all_noOutliers_random_undersampling_controlado_SMO_SVM.csv,/kaggle/working/outputs/TESE_pruebas/run_20260902_145353/processed_data/reports/balanceo/matrices_confusion_balanceo/confusion_212260672_all_noOutliers_random_undersampling_controlado_SMO_SVM.png,balanceo/matrices_confusion_balanceo/confusion_212260672_all_noOutliers_random_undersampling_controlado_SMO_SVM.png
212260672,all,noOutliers,random_undersampling_controlado,RandomForest,/kaggle/working/outputs/TESE_pruebas/run_20260902_145353/processed_data/reports/balanceo/matrices_confusion_balanceo/confusion_212260672_all_noOutliers_random_undersampling_controlado_RandomForest.csv,/kaggle/working/outputs/TESE_pruebas/run_20260902_145353/processed_data/reports/balanceo/matrices_confusion_balanceo/confusion_212260672_all_noOutliers_random_undersampling_controlado_RandomForest.png,balanceo/matrices_confusion_balanceo/confusion_212260672_all_noOutliers_random_undersampling_controlado_RandomForest.png
212260672,all,noOutliers,random_undersampling_controlado,MLP,/kaggle/working/outputs/TESE_pruebas/run_20260902_145353/processed_data/reports/balanceo/matrices_confusion_balanceo/confusion_212260672_all_noOutliers_random_undersampling_controlado_MLP.csv,/kaggle/working/outputs/TESE_pruebas/run_20260902_145353/processed_data/reports/balanceo/matrices_confusion_balanceo/confusion_212260672_all_noOutliers_random_undersampling_controlado_MLP.png,balanceo/matrices_confusion_balanceo/confusion_212260672_all_noOutliers_random_undersampling_controlado_MLP.png
212260672,all,noOutliers,random_undersampling_controlado,IBk_kNN,/kaggle/working/outputs/TESE_pruebas/run_20260902_145353/processed_data/reports/balanceo/matrices_confusion_balanceo/confusion_212260672_all_noOutliers_random_undersampling_controlado_IBk_kNN.csv,/kaggle/working/outputs/TESE_pruebas/run_20260902_145353/processed_data/reports/balanceo/matrices_confusion_balanceo/confusion_212260672_all_noOutliers_random_undersampling_controlado_IBk_kNN.png,balanceo/matrices_confusion_balanceo/confusion_212260672_all_noOutliers_random_undersampling_controlado_IBk_kNN.png
212260672,all,noOutliers,random_undersampling_controlado,RBFNetwork_aprox,/kaggle/working/outputs/TESE_pruebas/run_20260902_145353/processed_data/reports/balanceo/matrices_confusion_balanceo/confusion_212260672_all_noOutliers_random_undersampling_controlado_RBFNetwork_aprox.csv,/kaggle/working/outputs/TESE_pruebas/run_20260902_145353/processed_data/reports/balanceo/matrices_confusion_balanceo/confusion_212260672_all_noOutliers_random_undersampling_controlado_RBFNetwork_aprox.png,balanceo/matrices_confusion_balanceo/confusion_212260672_all_noOutliers_random_undersampling_controlado_RBFNetwork_aprox.png
222260671,all,noOutliers,sin_balanceo,SMO_SVM,/kaggle/working/outputs/TESE_pruebas/run_20260902_145353/processed_data/reports/balanceo/matrices_confusion_balanceo/confusion_222260671_all_noOutliers_sin_balanceo_SMO_SVM.csv,/kaggle/working/outputs/TESE_pruebas/run_20260902_145353/processed_data/reports/balanceo/matrices_confusion_balanceo/confusion_222260671_all_noOutliers_sin_balanceo_SMO_SVM.png,balanceo/matrices_confusion_balanceo/confusion_222260671_all_noOutliers_sin_balanceo_SMO_SVM.png
222260671,all,noOutliers,sin_balanceo,RandomForest,/kaggle/working/outputs/TESE_pruebas/run_20260902_145353/processed_data/reports/balanceo/matrices_confusion_balanceo/confusion_222260671_all_noOutliers_sin_balanceo_RandomForest.csv,/kaggle/working/outputs/TESE_pruebas/run_20260902_145353/processed_data/reports/balanceo/matrices_confusion_balanceo/confusion_222260671_all_noOutliers_sin_balanceo_RandomForest.png,balanceo/matrices_confusion_balanceo/confusion_222260671_all_noOutliers_sin_balanceo_RandomForest.png
222260671,all,noOutliers,sin_balanceo,MLP,/kaggle/working/outputs/TESE_pruebas/run_20260902_145353/processed_data/reports/balanceo/matrices_confusion_balanceo/confusion_222260671_all_noOutliers_sin_balanceo_MLP.csv,/kaggle/working/outputs/TESE_pruebas/run_20260902_145353/processed_data/reports/balanceo/matrices_confusion_balanceo/confusion_222260671_all_noOutliers_sin_balanceo_MLP.png,balanceo/matrices_confusion_balanceo/confusion_222260671_all_noOutliers_sin_balanceo_MLP.png
222260671,all,noOutliers,sin_balanceo,IBk_kNN,/kaggle/working/outputs/TESE_pruebas/run_20260902_145353/processed_data/reports/balanceo/matrices_confusion_balanceo/confusion_222260671_all_noOutliers_sin_balanceo_IBk_kNN.csv,/kaggle/working/outputs/TESE_pruebas/run_20260902_145353/processed_data/reports/balanceo/matrices_confusion_balanceo/confusion_222260671_all_noOutliers_sin_balanceo_IBk_kNN.png,balanceo/matrices_confusion_balanceo/confusion_222260671_all_noOutliers_sin_balanceo_IBk_kNN.png
222260671,all,noOutliers,sin_balanceo,RBFNetwork_aprox,/kaggle/working/outputs/TESE_pruebas/run_20260902_145353/processed_data/reports/balanceo/matrices_confusion_balanceo/confusion_222260671_all_noOutliers_sin_balanceo_RBFNetwork_aprox.csv,/kaggle/working/outputs/TESE_pruebas/run_20260902_145353/processed_data/reports/balanceo/matrices_confusion_balanceo/confusion_222260671_all_noOutliers_sin_balanceo_RBFNetwork_aprox.png,balanceo/matrices_confusion_balanceo/confusion_222260671_all_noOutliers_sin_balanceo_RBFNetwork_aprox.png
222260671,all,noOutliers,random_oversampling,SMO_SVM,/kaggle/working/outputs/TESE_pruebas/run_20260902_145353/processed_data/reports/balanceo/matrices_confusion_balanceo/confusion_222260671_all_noOutliers_random_oversampling_SMO_SVM.csv,/kaggle/working/outputs/TESE_pruebas/run_20260902_145353/processed_data/reports/balanceo/matrices_confusion_balanceo/confusion_222260671_all_noOutliers_random_oversampling_SMO_SVM.png,balanceo/matrices_confusion_balanceo/confusion_222260671_all_noOutliers_random_oversampling_SMO_SVM.png
222260671,all,noOutliers,random_oversampling,RandomForest,/kaggle/working/outputs/TESE_pruebas/run_20260902_145353/processed_data/reports/balanceo/matrices_confusion_balanceo/confusion_222260671_all_noOutliers_random_oversampling_RandomForest.csv,/kaggle/working/outputs/TESE_pruebas/run_20260902_145353/processed_data/reports/balanceo/matrices_confusion_balanceo/confusion_222260671_all_noOutliers_random_oversampling_RandomForest.png,balanceo/matrices_confusion_balanceo/confusion_222260671_all_noOutliers_random_oversampling_RandomForest.png
222260671,all,noOutliers,random_oversampling,MLP,/kaggle/working/outputs/TESE_pruebas/run_20260902_145353/processed_data/reports/balanceo/matrices_confusion_balanceo/confusion_222260671_all_noOutliers_random_oversampling_MLP.csv,/kaggle/working/outputs/TESE_pruebas/run_20260902_145353/processed_data/reports/balanceo/matrices_confusion_balanceo/confusion_222260671_all_noOutliers_random_oversampling_MLP.png,balanceo/matrices_confusion_balanceo/confusion_222260671_all_noOutliers_random_oversampling_MLP.png
222260671,all,noOutliers,random_oversampling,IBk_kNN,/kaggle/working/outputs/TESE_pruebas/run_20260902_145353/processed_data/reports/balanceo/matrices_confusion_balanceo/confusion_222260671_all_noOutliers_random_oversampling_IBk_kNN.csv,/kaggle/working/outputs/TESE_pruebas/run_20260902_145353/processed_data/reports/balanceo/matrices_confusion_balanceo/confusion_222260671_all_noOutliers_random_oversampling_IBk_kNN.png,balanceo/matrices_confusion_balanceo/confusion_222260671_all_noOutliers_random_oversampling_IBk_kNN.png
222260671,all,noOutliers,random_oversampling,RBFNetwork_aprox,/kaggle/working/outputs/TESE_pruebas/run_20260902_145353/processed_data/reports/balanceo/matrices_confusion_balanceo/confusion_222260671_all_noOutliers_random_oversampling_RBFNetwork_aprox.csv,/kaggle/working/outputs/TESE_pruebas/run_20260902_145353/processed_data/reports/balanceo/matrices_confusion_balanceo/confusion_222260671_all_noOutliers_random_oversampling_RBFNetwork_aprox.png,balanceo/matrices_confusion_balanceo/confusion_222260671_all_noOutliers_random_oversampling_RBFNetwork_aprox.png
222260671,all,noOutliers,class_weight_balanced,SMO_SVM,/kaggle/working/outputs/TESE_pruebas/run_20260902_145353/processed_data/reports/balanceo/matrices_confusion_balanceo/confusion_222260671_all_noOutliers_class_weight_balanced_SMO_SVM.csv,/kaggle/working/outputs/TESE_pruebas/run_20260902_145353/processed_data/reports/balanceo/matrices_confusion_balanceo/confusion_222260671_all_noOutliers_class_weight_balanced_SMO_SVM.png,balanceo/matrices_confusion_balanceo/confusion_222260671_all_noOutliers_class_weight_balanced_SMO_SVM.png
222260671,all,noOutliers,class_weight_balanced,RandomForest,/kaggle/working/outputs/TESE_pruebas/run_20260902_145353/processed_data/reports/balanceo/matrices_confusion_balanceo/confusion_222260671_all_noOutliers_class_weight_balanced_RandomForest.csv,/kaggle/working/outputs/TESE_pruebas/run_20260902_145353/processed_data/reports/balanceo/matrices_confusion_balanceo/confusion_222260671_all_noOutliers_class_weight_balanced_RandomForest.png,balanceo/matrices_confusion_balanceo/confusion_222260671_all_noOutliers_class_weight_balanced_RandomForest.png
222260671,all,noOutliers,class_weight_balanced,RBFNetwork_aprox,/kaggle/working/outputs/TESE_pruebas/run_20260902_145353/processed_data/reports/balanceo/matrices_confusion_balanceo/confusion_222260671_all_noOutliers_class_weight_balanced_RBFNetwork_aprox.csv,/kaggle/working/outputs/TESE_pruebas/run_20260902_145353/processed_data/reports/balanceo/matrices_confusion_balanceo/confusion_222260671_all_noOutliers_class_weight_balanced_RBFNetwork_aprox.png,balanceo/matrices_confusion_balanceo/confusion_222260671_all_noOutliers_class_weight_balanced_RBFNetwork_aprox.png
222260671,all,noOutliers,smote,SMO_SVM,/kaggle/working/outputs/TESE_pruebas/run_20260902_145353/processed_data/reports/balanceo/matrices_confusion_balanceo/confusion_222260671_all_noOutliers_smote_SMO_SVM.csv,/kaggle/working/outputs/TESE_pruebas/run_20260902_145353/processed_data/reports/balanceo/matrices_confusion_balanceo/confusion_222260671_all_noOutliers_smote_SMO_SVM.png,balanceo/matrices_confusion_balanceo/confusion_222260671_all_noOutliers_smote_SMO_SVM.png
222260671,all,noOutliers,smote,RandomForest,/kaggle/working/outputs/TESE_pruebas/run_20260902_145353/processed_data/reports/balanceo/matrices_confusion_balanceo/confusion_222260671_all_noOutliers_smote_RandomForest.csv,/kaggle/working/outputs/TESE_pruebas/run_20260902_145353/processed_data/reports/balanceo/matrices_confusion_balanceo/confusion_222260671_all_noOutliers_smote_RandomForest.png,balanceo/matrices_confusion_balanceo/confusion_222260671_all_noOutliers_smote_RandomForest.png
222260671,all,noOutliers,smote,MLP,/kaggle/working/outputs/TESE_pruebas/run_20260902_145353/processed_data/reports/balanceo/matrices_confusion_balanceo/confusion_222260671_all_noOutliers_smote_MLP.csv,/kaggle/working/outputs/TESE_pruebas/run_20260902_145353/processed_data/reports/balanceo/matrices_confusion_balanceo/confusion_222260671_all_noOutliers_smote_MLP.png,balanceo/matrices_confusion_balanceo/confusion_222260671_all_noOutliers_smote_MLP.png
222260671,all,noOutliers,smote,IBk_kNN,/kaggle/working/outputs/TESE_pruebas/run_20260902_145353/processed_data/reports/balanceo/matrices_confusion_balanceo/confusion_222260671_all_noOutliers_smote_IBk_kNN.csv,/kaggle/working/outputs/TESE_pruebas/run_20260902_145353/processed_data/reports/balanceo/matrices_confusion_balanceo/confusion_222260671_all_noOutliers_smote_IBk_kNN.png,balanceo/matrices_confusion_balanceo/confusion_222260671_all_noOutliers_smote_IBk_kNN.png
222260671,all,noOutliers,smote,RBFNetwork_aprox,/kaggle/working/outputs/TESE_pruebas/run_20260902_145353/processed_data/reports/balanceo/matrices_confusion_balanceo/confusion_222260671_all_noOutliers_smote_RBFNetwork_aprox.csv,/kaggle/working/outputs/TESE_pruebas/run_20260902_145353/processed_data/reports/balanceo/matrices_confusion_balanceo/confusion_222260671_all_noOutliers_smote_RBFNetwork_aprox.png,balanceo/matrices_confusion_balanceo/confusion_222260671_all_noOutliers_smote_RBFNetwork_aprox.png
222260671,all,noOutliers,smote_tomek,SMO_SVM,/kaggle/working/outputs/TESE_pruebas/run_20260902_145353/processed_data/reports/balanceo/matrices_confusion_balanceo/confusion_222260671_all_noOutliers_smote_tomek_SMO_SVM.csv,/kaggle/working/outputs/TESE_pruebas/run_20260902_145353/processed_data/reports/balanceo/matrices_confusion_balanceo/confusion_222260671_all_noOutliers_smote_tomek_SMO_SVM.png,balanceo/matrices_confusion_balanceo/confusion_222260671_all_noOutliers_smote_tomek_SMO_SVM.png
222260671,all,noOutliers,smote_tomek,RandomForest,/kaggle/working/outputs/TESE_pruebas/run_20260902_145353/processed_data/reports/balanceo/matrices_confusion_balanceo/confusion_222260671_all_noOutliers_smote_tomek_RandomForest.csv,/kaggle/working/outputs/TESE_pruebas/run_20260902_145353/processed_data/reports/balanceo/matrices_confusion_balanceo/confusion_222260671_all_noOutliers_smote_tomek_RandomForest.png,balanceo/matrices_confusion_balanceo/confusion_222260671_all_noOutliers_smote_tomek_RandomForest.png
222260671,all,noOutliers,smote_tomek,MLP,/kaggle/working/outputs/TESE_pruebas/run_20260902_145353/processed_data/reports/balanceo/matrices_confusion_balanceo/confusion_222260671_all_noOutliers_smote_tomek_MLP.csv,/kaggle/working/outputs/TESE_pruebas/run_20260902_145353/processed_data/reports/balanceo/matrices_confusion_balanceo/confusion_222260671_all_noOutliers_smote_tomek_MLP.png,balanceo/matrices_confusion_balanceo/confusion_222260671_all_noOutliers_smote_tomek_MLP.png
222260671,all,noOutliers,smote_tomek,IBk_kNN,/kaggle/working/outputs/TESE_pruebas/run_20260902_145353/processed_data/reports/balanceo/matrices_confusion_balanceo/confusion_222260671_all_noOutliers_smote_tomek_IBk_kNN.csv,/kaggle/working/outputs/TESE_pruebas/run_20260902_145353/processed_data/reports/balanceo/matrices_confusion_balanceo/confusion_222260671_all_noOutliers_smote_tomek_IBk_kNN.png,balanceo/matrices_confusion_balanceo/confusion_222260671_all_noOutliers_smote_tomek_IBk_kNN.png
222260671,all,noOutliers,smote_tomek,RBFNetwork_aprox,/kaggle/working/outputs/TESE_pruebas/run_20260902_145353/processed_data/reports/balanceo/matrices_confusion_balanceo/confusion_222260671_all_noOutliers_smote_tomek_RBFNetwork_aprox.csv,/kaggle/working/outputs/TESE_pruebas/run_20260902_145353/processed_data/reports/balanceo/matrices_confusion_balanceo/confusion_222260671_all_noOutliers_smote_tomek_RBFNetwork_aprox.png,balanceo/matrices_confusion_balanceo/confusion_222260671_all_noOutliers_smote_tomek_RBFNetwork_aprox.png
222260671,all,noOutliers,random_undersampling_controlado,SMO_SVM,/kaggle/working/outputs/TESE_pruebas/run_20260902_145353/processed_data/reports/balanceo/matrices_confusion_balanceo/confusion_222260671_all_noOutliers_random_undersampling_controlado_SMO_SVM.csv,/kaggle/working/outputs/TESE_pruebas/run_20260902_145353/processed_data/reports/balanceo/matrices_confusion_balanceo/confusion_222260671_all_noOutliers_random_undersampling_controlado_SMO_SVM.png,balanceo/matrices_confusion_balanceo/confusion_222260671_all_noOutliers_random_undersampling_controlado_SMO_SVM.png
222260671,all,noOutliers,random_undersampling_controlado,RandomForest,/kaggle/working/outputs/TESE_pruebas/run_20260902_145353/processed_data/reports/balanceo/matrices_confusion_balanceo/confusion_222260671_all_noOutliers_random_undersampling_controlado_RandomForest.csv,/kaggle/working/outputs/TESE_pruebas/run_20260902_145353/processed_data/reports/balanceo/matrices_confusion_balanceo/confusion_222260671_all_noOutliers_random_undersampling_controlado_RandomForest.png,balanceo/matrices_confusion_balanceo/confusion_222260671_all_noOutliers_random_undersampling_controlado_RandomForest.png
222260671,all,noOutliers,random_undersampling_controlado,MLP,/kaggle/working/outputs/TESE_pruebas/run_20260902_145353/processed_data/reports/balanceo/matrices_confusion_balanceo/confusion_222260671_all_noOutliers_random_undersampling_controlado_MLP.csv,/kaggle/working/outputs/TESE_pruebas/run_20260902_145353/processed_data/reports/balanceo/matrices_confusion_balanceo/confusion_222260671_all_noOutliers_random_undersampling_controlado_MLP.png,balanceo/matrices_confusion_balanceo/confusion_222260671_all_noOutliers_random_undersampling_controlado_MLP.png
222260671,all,noOutliers,random_undersampling_controlado,IBk_kNN,/kaggle/working/outputs/TESE_pruebas/run_20260902_145353/processed_data/reports/balanceo/matrices_confusion_balanceo/confusion_222260671_all_noOutliers_random_undersampling_controlado_IBk_kNN.csv,/kaggle/working/outputs/TESE_pruebas/run_20260902_145353/processed_data/reports/balanceo/matrices_confusion_balanceo/confusion_222260671_all_noOutliers_random_undersampling_controlado_IBk_kNN.png,balanceo/matrices_confusion_balanceo/confusion_222260671_all_noOutliers_random_undersampling_controlado_IBk_kNN.png
222260671,all,noOutliers,random_undersampling_controlado,RBFNetwork_aprox,/kaggle/working/outputs/TESE_pruebas/run_20260902_145353/processed_data/reports/balanceo/matrices_confusion_balanceo/confusion_222260671_all_noOutliers_random_undersampling_controlado_RBFNetwork_aprox.csv,/kaggle/working/outputs/TESE_pruebas/run_20260902_145353/processed_data/reports/balanceo/matrices_confusion_balanceo/confusion_222260671_all_noOutliers_random_undersampling_controlado_RBFNetwork_aprox.png,balanceo/matrices_confusion_balanceo/confusion_222260671_all_noOutliers_random_undersampling_controlado_RBFNetwork_aprox.png
22260552,all,noOutliers,sin_balanceo,SMO_SVM,/kaggle/working/outputs/TESE_pruebas/run_20260902_145353/processed_data/reports/balanceo/matrices_confusion_balanceo/confusion_22260552_all_noOutliers_sin_balanceo_SMO_SVM.csv,/kaggle/working/outputs/TESE_pruebas/run_20260902_145353/processed_data/reports/balanceo/matrices_confusion_balanceo/confusion_22260552_all_noOutliers_sin_balanceo_SMO_SVM.png,balanceo/matrices_confusion_balanceo/confusion_22260552_all_noOutliers_sin_balanceo_SMO_SVM.png
22260552,all,noOutliers,sin_balanceo,RandomForest,/kaggle/working/outputs/TESE_pruebas/run_20260902_145353/processed_data/reports/balanceo/matrices_confusion_balanceo/confusion_22260552_all_noOutliers_sin_balanceo_RandomForest.csv,/kaggle/working/outputs/TESE_pruebas/run_20260902_145353/processed_data/reports/balanceo/matrices_confusion_balanceo/confusion_22260552_all_noOutliers_sin_balanceo_RandomForest.png,balanceo/matrices_confusion_balanceo/confusion_22260552_all_noOutliers_sin_balanceo_RandomForest.png
22260552,all,noOutliers,sin_balanceo,MLP,/kaggle/working/outputs/TESE_pruebas/run_20260902_145353/processed_data/reports/balanceo/matrices_confusion_balanceo/confusion_22260552_all_noOutliers_sin_balanceo_MLP.csv,/kaggle/working/outputs/TESE_pruebas/run_20260902_145353/processed_data/reports/balanceo/matrices_confusion_balanceo/confusion_22260552_all_noOutliers_sin_balanceo_MLP.png,balanceo/matrices_confusion_balanceo/confusion_22260552_all_noOutliers_sin_balanceo_MLP.png
22260552,all,noOutliers,sin_balanceo,IBk_kNN,/kaggle/working/outputs/TESE_pruebas/run_20260902_145353/processed_data/reports/balanceo/matrices_confusion_balanceo/confusion_22260552_all_noOutliers_sin_balanceo_IBk_kNN.csv,/kaggle/working/outputs/TESE_pruebas/run_20260902_145353/processed_data/reports/balanceo/matrices_confusion_balanceo/confusion_22260552_all_noOutliers_sin_balanceo_IBk_kNN.png,balanceo/matrices_confusion_balanceo/confusion_22260552_all_noOutliers_sin_balanceo_IBk_kNN.png
22260552,all,noOutliers,sin_balanceo,RBFNetwork_aprox,/kaggle/working/outputs/TESE_pruebas/run_20260902_145353/processed_data/reports/balanceo/matrices_confusion_balanceo/confusion_22260552_all_noOutliers_sin_balanceo_RBFNetwork_aprox.csv,/kaggle/working/outputs/TESE_pruebas/run_20260902_145353/processed_data/reports/balanceo/matrices_confusion_balanceo/confusion_22260552_all_noOutliers_sin_balanceo_RBFNetwork_aprox.png,balanceo/matrices_confusion_balanceo/confusion_22260552_all_noOutliers_sin_balanceo_RBFNetwork_aprox.png
22260552,all,noOutliers,random_oversampling,SMO_SVM,/kaggle/working/outputs/TESE_pruebas/run_20260902_145353/processed_data/reports/balanceo/matrices_confusion_balanceo/confusion_22260552_all_noOutliers_random_oversampling_SMO_SVM.csv,/kaggle/working/outputs/TESE_pruebas/run_20260902_145353/processed_data/reports/balanceo/matrices_confusion_balanceo/confusion_22260552_all_noOutliers_random_oversampling_SMO_SVM.png,balanceo/matrices_confusion_balanceo/confusion_22260552_all_noOutliers_random_oversampling_SMO_SVM.png
22260552,all,noOutliers,random_oversampling,RandomForest,/kaggle/working/outputs/TESE_pruebas/run_20260902_145353/processed_data/reports/balanceo/matrices_confusion_balanceo/confusion_22260552_all_noOutliers_random_oversampling_RandomForest.csv,/kaggle/working/outputs/TESE_pruebas/run_20260902_145353/processed_data/reports/balanceo/matrices_confusion_balanceo/confusion_22260552_all_noOutliers_random_oversampling_RandomForest.png,balanceo/matrices_confusion_balanceo/confusion_22260552_all_noOutliers_random_oversampling_RandomForest.png
22260552,all,noOutliers,random_oversampling,MLP,/kaggle/working/outputs/TESE_pruebas/run_20260902_145353/processed_data/reports/balanceo/matrices_confusion_balanceo/confusion_22260552_all_noOutliers_random_oversampling_MLP.csv,/kaggle/working/outputs/TESE_pruebas/run_20260902_145353/processed_data/reports/balanceo/matrices_confusion_balanceo/confusion_22260552_all_noOutliers_random_oversampling_MLP.png,balanceo/matrices_confusion_balanceo/confusion_22260552_all_noOutliers_random_oversampling_MLP.png
22260552,all,noOutliers,random_oversampling,IBk_kNN,/kaggle/working/outputs/TESE_pruebas/run_20260902_145353/processed_data/reports/balanceo/matrices_confusion_balanceo/confusion_22260552_all_noOutliers_random_oversampling_IBk_kNN.csv,/kaggle/working/outputs/TESE_pruebas/run_20260902_145353/processed_data/reports/balanceo/matrices_confusion_balanceo/confusion_22260552_all_noOutliers_random_oversampling_IBk_kNN.png,balanceo/matrices_confusion_balanceo/confusion_22260552_all_noOutliers_random_oversampling_IBk_kNN.png
22260552,all,noOutliers,random_oversampling,RBFNetwork_aprox,/kaggle/working/outputs/TESE_pruebas/run_20260902_145353/processed_data/reports/balanceo/matrices_confusion_balanceo/confusion_22260552_all_noOutliers_random_oversampling_RBFNetwork_aprox.csv,/kaggle/working/outputs/TESE_pruebas/run_20260902_145353/processed_data/reports/balanceo/matrices_confusion_balanceo/confusion_22260552_all_noOutliers_random_oversampling_RBFNetwork_aprox.png,balanceo/matrices_confusion_balanceo/confusion_22260552_all_noOutliers_random_oversampling_RBFNetwork_aprox.png
22260552,all,noOutliers,class_weight_balanced,SMO_SVM,/kaggle/working/outputs/TESE_pruebas/run_20260902_145353/processed_data/reports/balanceo/matrices_confusion_balanceo/confusion_22260552_all_noOutliers_class_weight_balanced_SMO_SVM.csv,/kaggle/working/outputs/TESE_pruebas/run_20260902_145353/processed_data/reports/balanceo/matrices_confusion_balanceo/confusion_22260552_all_noOutliers_class_weight_balanced_SMO_SVM.png,balanceo/matrices_confusion_balanceo/confusion_22260552_all_noOutliers_class_weight_balanced_SMO_SVM.png
22260552,all,noOutliers,class_weight_balanced,RandomForest,/kaggle/working/outputs/TESE_pruebas/run_20260902_145353/processed_data/reports/balanceo/matrices_confusion_balanceo/confusion_22260552_all_noOutliers_class_weight_balanced_RandomForest.csv,/kaggle/working/outputs/TESE_pruebas/run_20260902_145353/processed_data/reports/balanceo/matrices_confusion_balanceo/confusion_22260552_all_noOutliers_class_weight_balanced_RandomForest.png,balanceo/matrices_confusion_balanceo/confusion_22260552_all_noOutliers_class_weight_balanced_RandomForest.png
22260552,all,noOutliers,class_weight_balanced,RBFNetwork_aprox,/kaggle/working/outputs/TESE_pruebas/run_20260902_145353/processed_data/reports/balanceo/matrices_confusion_balanceo/confusion_22260552_all_noOutliers_class_weight_balanced_RBFNetwork_aprox.csv,/kaggle/working/outputs/TESE_pruebas/run_20260902_145353/processed_data/reports/balanceo/matrices_confusion_balanceo/confusion_22260552_all_noOutliers_class_weight_balanced_RBFNetwork_aprox.png,balanceo/matrices_confusion_balanceo/confusion_22260552_all_noOutliers_class_weight_balanced_RBFNetwork_aprox.png
22260552,all,noOutliers,smote,SMO_SVM,/kaggle/working/outputs/TESE_pruebas/run_20260902_145353/processed_data/reports/balanceo/matrices_confusion_balanceo/confusion_22260552_all_noOutliers_smote_SMO_SVM.csv,/kaggle/working/outputs/TESE_pruebas/run_20260902_145353/processed_data/reports/balanceo/matrices_confusion_balanceo/confusion_22260552_all_noOutliers_smote_SMO_SVM.png,balanceo/matrices_confusion_balanceo/confusion_22260552_all_noOutliers_smote_SMO_SVM.png
22260552,all,noOutliers,smote,RandomForest,/kaggle/working/outputs/TESE_pruebas/run_20260902_145353/processed_data/reports/balanceo/matrices_confusion_balanceo/confusion_22260552_all_noOutliers_smote_RandomForest.csv,/kaggle/working/outputs/TESE_pruebas/run_20260902_145353/processed_data/reports/balanceo/matrices_confusion_balanceo/confusion_22260552_all_noOutliers_smote_RandomForest.png,balanceo/matrices_confusion_balanceo/confusion_22260552_all_noOutliers_smote_RandomForest.png
22260552,all,noOutliers,smote,MLP,/kaggle/working/outputs/TESE_pruebas/run_20260902_145353/processed_data/reports/balanceo/matrices_confusion_balanceo/confusion_22260552_all_noOutliers_smote_MLP.csv,/kaggle/working/outputs/TESE_pruebas/run_20260902_145353/processed_data/reports/balanceo/matrices_confusion_balanceo/confusion_22260552_all_noOutliers_smote_MLP.png,balanceo/matrices_confusion_balanceo/confusion_22260552_all_noOutliers_smote_MLP.png
22260552,all,noOutliers,smote,IBk_kNN,/kaggle/working/outputs/TESE_pruebas/run_20260902_145353/processed_data/reports/balanceo/matrices_confusion_balanceo/confusion_22260552_all_noOutliers_smote_IBk_kNN.csv,/kaggle/working/outputs/TESE_pruebas/run_20260902_145353/processed_data/reports/balanceo/matrices_confusion_balanceo/confusion_22260552_all_noOutliers_smote_IBk_kNN.png,balanceo/matrices_confusion_balanceo/confusion_22260552_all_noOutliers_smote_IBk_kNN.png
22260552,all,noOutliers,smote,RBFNetwork_aprox,/kaggle/working/outputs/TESE_pruebas/run_20260902_145353/processed_data/reports/balanceo/matrices_confusion_balanceo/confusion_22260552_all_noOutliers_smote_RBFNetwork_aprox.csv,/kaggle/working/outputs/TESE_pruebas/run_20260902_145353/processed_data/reports/balanceo/matrices_confusion_balanceo/confusion_22260552_all_noOutliers_smote_RBFNetwork_aprox.png,balanceo/matrices_confusion_balanceo/confusion_22260552_all_noOutliers_smote_RBFNetwork_aprox.png
22260552,all,noOutliers,smote_tomek,SMO_SVM,/kaggle/working/outputs/TESE_pruebas/run_20260902_145353/processed_data/reports/balanceo/matrices_confusion_balanceo/confusion_22260552_all_noOutliers_smote_tomek_SMO_SVM.csv,/kaggle/working/outputs/TESE_pruebas/run_20260902_145353/processed_data/reports/balanceo/matrices_confusion_balanceo/confusion_22260552_all_noOutliers_smote_tomek_SMO_SVM.png,balanceo/matrices_confusion_balanceo/confusion_22260552_all_noOutliers_smote_tomek_SMO_SVM.png
22260552,all,noOutliers,smote_tomek,RandomForest,/kaggle/working/outputs/TESE_pruebas/run_20260902_145353/processed_data/reports/balanceo/matrices_confusion_balanceo/confusion_22260552_all_noOutliers_smote_tomek_RandomForest.csv,/kaggle/working/outputs/TESE_pruebas/run_20260902_145353/processed_data/reports/balanceo/matrices_confusion_balanceo/confusion_22260552_all_noOutliers_smote_tomek_RandomForest.png,balanceo/matrices_confusion_balanceo/confusion_22260552_all_noOutliers_smote_tomek_RandomForest.png
22260552,all,noOutliers,smote_tomek,MLP,/kaggle/working/outputs/TESE_pruebas/run_20260902_145353/processed_data/reports/balanceo/matrices_confusion_balanceo/confusion_22260552_all_noOutliers_smote_tomek_MLP.csv,/kaggle/working/outputs/TESE_pruebas/run_20260902_145353/processed_data/reports/balanceo/matrices_confusion_balanceo/confusion_22260552_all_noOutliers_smote_tomek_MLP.png,balanceo/matrices_confusion_balanceo/confusion_22260552_all_noOutliers_smote_tomek_MLP.png
22260552,all,noOutliers,smote_tomek,IBk_kNN,/kaggle/working/outputs/TESE_pruebas/run_20260902_145353/processed_data/reports/balanceo/matrices_confusion_balanceo/confusion_22260552_all_noOutliers_smote_tomek_IBk_kNN.csv,/kaggle/working/outputs/TESE_pruebas/run_20260902_145353/processed_data/reports/balanceo/matrices_confusion_balanceo/confusion_22260552_all_noOutliers_smote_tomek_IBk_kNN.png,balanceo/matrices_confusion_balanceo/confusion_22260552_all_noOutliers_smote_tomek_IBk_kNN.png
22260552,all,noOutliers,smote_tomek,RBFNetwork_aprox,/kaggle/working/outputs/TESE_pruebas/run_20260902_145353/processed_data/reports/balanceo/matrices_confusion_balanceo/confusion_22260552_all_noOutliers_smote_tomek_RBFNetwork_aprox.csv,/kaggle/working/outputs/TESE_pruebas/run_20260902_145353/processed_data/reports/balanceo/matrices_confusion_balanceo/confusion_22260552_all_noOutliers_smote_tomek_RBFNetwork_aprox.png,balanceo/matrices_confusion_balanceo/confusion_22260552_all_noOutliers_smote_tomek_RBFNetwork_aprox.png
22260552,all,noOutliers,random_undersampling_controlado,SMO_SVM,/kaggle/working/outputs/TESE_pruebas/run_20260902_145353/processed_data/reports/balanceo/matrices_confusion_balanceo/confusion_22260552_all_noOutliers_random_undersampling_controlado_SMO_SVM.csv,/kaggle/working/outputs/TESE_pruebas/run_20260902_145353/processed_data/reports/balanceo/matrices_confusion_balanceo/confusion_22260552_all_noOutliers_random_undersampling_controlado_SMO_SVM.png,balanceo/matrices_confusion_balanceo/confusion_22260552_all_noOutliers_random_undersampling_controlado_SMO_SVM.png
22260552,all,noOutliers,random_undersampling_controlado,RandomForest,/kaggle/working/outputs/TESE_pruebas/run_20260902_145353/processed_data/reports/balanceo/matrices_confusion_balanceo/confusion_22260552_all_noOutliers_random_undersampling_controlado_RandomForest.csv,/kaggle/working/outputs/TESE_pruebas/run_20260902_145353/processed_data/reports/balanceo/matrices_confusion_balanceo/confusion_22260552_all_noOutliers_random_undersampling_controlado_RandomForest.png,balanceo/matrices_confusion_balanceo/confusion_22260552_all_noOutliers_random_undersampling_controlado_RandomForest.png
22260552,all,noOutliers,random_undersampling_controlado,MLP,/kaggle/working/outputs/TESE_pruebas/run_20260902_145353/processed_data/reports/balanceo/matrices_confusion_balanceo/confusion_22260552_all_noOutliers_random_undersampling_controlado_MLP.csv,/kaggle/working/outputs/TESE_pruebas/run_20260902_145353/processed_data/reports/balanceo/matrices_confusion_balanceo/confusion_22260552_all_noOutliers_random_undersampling_controlado_MLP.png,balanceo/matrices_confusion_balanceo/confusion_22260552_all_noOutliers_random_undersampling_controlado_MLP.png
22260552,all,noOutliers,random_undersampling_controlado,IBk_kNN,/kaggle/working/outputs/TESE_pruebas/run_20260902_145353/processed_data/reports/balanceo/matrices_confusion_balanceo/confusion_22260552_all_noOutliers_random_undersampling_controlado_IBk_kNN.csv,/kaggle/working/outputs/TESE_pruebas/run_20260902_145353/processed_data/reports/balanceo/matrices_confusion_balanceo/confusion_22260552_all_noOutliers_random_undersampling_controlado_IBk_kNN.png,balanceo/matrices_confusion_balanceo/confusion_22260552_all_noOutliers_random_undersampling_controlado_IBk_kNN.png
22260552,all,noOutliers,random_undersampling_controlado,RBFNetwork_aprox,/kaggle/working/outputs/TESE_pruebas/run_20260902_145353/processed_data/reports/balanceo/matrices_confusion_balanceo/confusion_22260552_all_noOutliers_random_undersampling_controlado_RBFNetwork_aprox.csv,/kaggle/working/outputs/TESE_pruebas/run_20260902_145353/processed_data/reports/balanceo/matrices_confusion_balanceo/confusion_22260552_all_noOutliers_random_undersampling_controlado_RBFNetwork_aprox.png,balanceo/matrices_confusion_balanceo/confusion_22260552_all_noOutliers_random_undersampling_controlado_RBFNetwork_aprox.png
22260552,all,sinArtefactosConservador,sin_balanceo,SMO_SVM,/kaggle/working/outputs/TESE_pruebas/run_20260902_145353/processed_data/reports/balanceo/matrices_confusion_balanceo/confusion_22260552_all_sinArtefactosConservador_sin_balanceo_SMO_SVM.csv,/kaggle/working/outputs/TESE_pruebas/run_20260902_145353/processed_data/reports/balanceo/matrices_confusion_balanceo/confusion_22260552_all_sinArtefactosConservador_sin_balanceo_SMO_SVM.png,balanceo/matrices_confusion_balanceo/confusion_22260552_all_sinArtefactosConservador_sin_balanceo_SMO_SVM.png
22260552,all,sinArtefactosConservador,sin_balanceo,RandomForest,/kaggle/working/outputs/TESE_pruebas/run_20260902_145353/processed_data/reports/balanceo/matrices_confusion_balanceo/confusion_22260552_all_sinArtefactosConservador_sin_balanceo_RandomForest.csv,/kaggle/working/outputs/TESE_pruebas/run_20260902_145353/processed_data/reports/balanceo/matrices_confusion_balanceo/confusion_22260552_all_sinArtefactosConservador_sin_balanceo_RandomForest.png,balanceo/matrices_confusion_balanceo/confusion_22260552_all_sinArtefactosConservador_sin_balanceo_RandomForest.png
22260552,all,sinArtefactosConservador,sin_balanceo,MLP,/kaggle/working/outputs/TESE_pruebas/run_20260902_145353/processed_data/reports/balanceo/matrices_confusion_balanceo/confusion_22260552_all_sinArtefactosConservador_sin_balanceo_MLP.csv,/kaggle/working/outputs/TESE_pruebas/run_20260902_145353/processed_data/reports/balanceo/matrices_confusion_balanceo/confusion_22260552_all_sinArtefactosConservador_sin_balanceo_MLP.png,balanceo/matrices_confusion_balanceo/confusion_22260552_all_sinArtefactosConservador_sin_balanceo_MLP.png
22260552,all,sinArtefactosConservador,sin_balanceo,IBk_kNN,/kaggle/working/outputs/TESE_pruebas/run_20260902_145353/processed_data/reports/balanceo/matrices_confusion_balanceo/confusion_22260552_all_sinArtefactosConservador_sin_balanceo_IBk_kNN.csv,/kaggle/working/outputs/TESE_pruebas/run_20260902_145353/processed_data/reports/balanceo/matrices_confusion_balanceo/confusion_22260552_all_sinArtefactosConservador_sin_balanceo_IBk_kNN.png,balanceo/matrices_confusion_balanceo/confusion_22260552_all_sinArtefactosConservador_sin_balanceo_IBk_kNN.png
22260552,all,sinArtefactosConservador,sin_balanceo,RBFNetwork_aprox,/kaggle/working/outputs/TESE_pruebas/run_20260902_145353/processed_data/reports/balanceo/matrices_confusion_balanceo/confusion_22260552_all_sinArtefactosConservador_sin_balanceo_RBFNetwork_aprox.csv,/kaggle/working/outputs/TESE_pruebas/run_20260902_145353/processed_data/reports/balanceo/matrices_confusion_balanceo/confusion_22260552_all_sinArtefactosConservador_sin_balanceo_RBFNetwork_aprox.png,balanceo/matrices_confusion_balanceo/confusion_22260552_all_sinArtefactosConservador_sin_balanceo_RBFNetwork_aprox.png
22260552,all,sinArtefactosConservador,random_oversampling,SMO_SVM,/kaggle/working/outputs/TESE_pruebas/run_20260902_145353/processed_data/reports/balanceo/matrices_confusion_balanceo/confusion_22260552_all_sinArtefactosConservador_random_oversampling_SMO_SVM.csv,/kaggle/working/outputs/TESE_pruebas/run_20260902_145353/processed_data/reports/balanceo/matrices_confusion_balanceo/confusion_22260552_all_sinArtefactosConservador_random_oversampling_SMO_SVM.png,balanceo/matrices_confusion_balanceo/confusion_22260552_all_sinArtefactosConservador_random_oversampling_SMO_SVM.png
22260552,all,sinArtefactosConservador,random_oversampling,RandomForest,/kaggle/working/outputs/TESE_pruebas/run_20260902_145353/processed_data/reports/balanceo/matrices_confusion_balanceo/confusion_22260552_all_sinArtefactosConservador_random_oversampling_RandomForest.csv,/kaggle/working/outputs/TESE_pruebas/run_20260902_145353/processed_data/reports/balanceo/matrices_confusion_balanceo/confusion_22260552_all_sinArtefactosConservador_random_oversampling_RandomForest.png,balanceo/matrices_confusion_balanceo/confusion_22260552_all_sinArtefactosConservador_random_oversampling_RandomForest.png
22260552,all,sinArtefactosConservador,random_oversampling,MLP,/kaggle/working/outputs/TESE_pruebas/run_20260902_145353/processed_data/reports/balanceo/matrices_confusion_balanceo/confusion_22260552_all_sinArtefactosConservador_random_oversampling_MLP.csv,/kaggle/working/outputs/TESE_pruebas/run_20260902_145353/processed_data/reports/balanceo/matrices_confusion_balanceo/confusion_22260552_all_sinArtefactosConservador_random_oversampling_MLP.png,balanceo/matrices_confusion_balanceo/confusion_22260552_all_sinArtefactosConservador_random_oversampling_MLP.png
22260552,all,sinArtefactosConservador,random_oversampling,IBk_kNN,/kaggle/working/outputs/TESE_pruebas/run_20260902_145353/processed_data/reports/balanceo/matrices_confusion_balanceo/confusion_22260552_all_sinArtefactosConservador_random_oversampling_IBk_kNN.csv,/kaggle/working/outputs/TESE_pruebas/run_20260902_145353/processed_data/reports/balanceo/matrices_confusion_balanceo/confusion_22260552_all_sinArtefactosConservador_random_oversampling_IBk_kNN.png,balanceo/matrices_confusion_balanceo/confusion_22260552_all_sinArtefactosConservador_random_oversampling_IBk_kNN.png
22260552,all,sinArtefactosConservador,random_oversampling,RBFNetwork_aprox,/kaggle/working/outputs/TESE_pruebas/run_20260902_145353/processed_data/reports/balanceo/matrices_confusion_balanceo/confusion_22260552_all_sinArtefactosConservador_random_oversampling_RBFNetwork_aprox.csv,/kaggle/working/outputs/TESE_pruebas/run_20260902_145353/processed_data/reports/balanceo/matrices_confusion_balanceo/confusion_22260552_all_sinArtefactosConservador_random_oversampling_RBFNetwork_aprox.png,balanceo/matrices_confusion_balanceo/confusion_22260552_all_sinArtefactosConservador_random_oversampling_RBFNetwork_aprox.png
22260552,all,sinArtefactosConservador,class_weight_balanced,SMO_SVM,/kaggle/working/outputs/TESE_pruebas/run_20260902_145353/processed_data/reports/balanceo/matrices_confusion_balanceo/confusion_22260552_all_sinArtefactosConservador_class_weight_balanced_SMO_SVM.csv,/kaggle/working/outputs/TESE_pruebas/run_20260902_145353/processed_data/reports/balanceo/matrices_confusion_balanceo/confusion_22260552_all_sinArtefactosConservador_class_weight_balanced_SMO_SVM.png,balanceo/matrices_confusion_balanceo/confusion_22260552_all_sinArtefactosConservador_class_weight_balanced_SMO_SVM.png
22260552,all,sinArtefactosConservador,class_weight_balanced,RandomForest,/kaggle/working/outputs/TESE_pruebas/run_20260902_145353/processed_data/reports/balanceo/matrices_confusion_balanceo/confusion_22260552_all_sinArtefactosConservador_class_weight_balanced_RandomForest.csv,/kaggle/working/outputs/TESE_pruebas/run_20260902_145353/processed_data/reports/balanceo/matrices_confusion_balanceo/confusion_22260552_all_sinArtefactosConservador_class_weight_balanced_RandomForest.png,balanceo/matrices_confusion_balanceo/confusion_22260552_all_sinArtefactosConservador_class_weight_balanced_RandomForest.png
22260552,all,sinArtefactosConservador,class_weight_balanced,RBFNetwork_aprox,/kaggle/working/outputs/TESE_pruebas/run_20260902_145353/processed_data/reports/balanceo/matrices_confusion_balanceo/confusion_22260552_all_sinArtefactosConservador_class_weight_balanced_RBFNetwork_aprox.csv,/kaggle/working/outputs/TESE_pruebas/run_20260902_145353/processed_data/reports/balanceo/matrices_confusion_balanceo/confusion_22260552_all_sinArtefactosConservador_class_weight_balanced_RBFNetwork_aprox.png,balanceo/matrices_confusion_balanceo/confusion_22260552_all_sinArtefactosConservador_class_weight_balanced_RBFNetwork_aprox.png
22260552,all,sinArtefactosConservador,smote,SMO_SVM,/kaggle/working/outputs/TESE_pruebas/run_20260902_145353/processed_data/reports/balanceo/matrices_confusion_balanceo/confusion_22260552_all_sinArtefactosConservador_smote_SMO_SVM.csv,/kaggle/working/outputs/TESE_pruebas/run_20260902_145353/processed_data/reports/balanceo/matrices_confusion_balanceo/confusion_22260552_all_sinArtefactosConservador_smote_SMO_SVM.png,balanceo/matrices_confusion_balanceo/confusion_22260552_all_sinArtefactosConservador_smote_SMO_SVM.png
22260552,all,sinArtefactosConservador,smote,RandomForest,/kaggle/working/outputs/TESE_pruebas/run_20260902_145353/processed_data/reports/balanceo/matrices_confusion_balanceo/confusion_22260552_all_sinArtefactosConservador_smote_RandomForest.csv,/kaggle/working/outputs/TESE_pruebas/run_20260902_145353/processed_data/reports/balanceo/matrices_confusion_balanceo/confusion_22260552_all_sinArtefactosConservador_smote_RandomForest.png,balanceo/matrices_confusion_balanceo/confusion_22260552_all_sinArtefactosConservador_smote_RandomForest.png
22260552,all,sinArtefactosConservador,smote,MLP,/kaggle/working/outputs/TESE_pruebas/run_20260902_145353/processed_data/reports/balanceo/matrices_confusion_balanceo/confusion_22260552_all_sinArtefactosConservador_smote_MLP.csv,/kaggle/working/outputs/TESE_pruebas/run_20260902_145353/processed_data/reports/balanceo/matrices_confusion_balanceo/confusion_22260552_all_sinArtefactosConservador_smote_MLP.png,balanceo/matrices_confusion_balanceo/confusion_22260552_all_sinArtefactosConservador_smote_MLP.png
22260552,all,sinArtefactosConservador,smote,IBk_kNN,/kaggle/working/outputs/TESE_pruebas/run_20260902_145353/processed_data/reports/balanceo/matrices_confusion_balanceo/confusion_22260552_all_sinArtefactosConservador_smote_IBk_kNN.csv,/kaggle/working/outputs/TESE_pruebas/run_20260902_145353/processed_data/reports/balanceo/matrices_confusion_balanceo/confusion_22260552_all_sinArtefactosConservador_smote_IBk_kNN.png,balanceo/matrices_confusion_balanceo/confusion_22260552_all_sinArtefactosConservador_smote_IBk_kNN.png
22260552,all,sinArtefactosConservador,smote,RBFNetwork_aprox,/kaggle/working/outputs/TESE_pruebas/run_20260902_145353/processed_data/reports/balanceo/matrices_confusion_balanceo/confusion_22260552_all_sinArtefactosConservador_smote_RBFNetwork_aprox.csv,/kaggle/working/outputs/TESE_pruebas/run_20260902_145353/processed_data/reports/balanceo/matrices_confusion_balanceo/confusion_22260552_all_sinArtefactosConservador_smote_RBFNetwork_aprox.png,balanceo/matrices_confusion_balanceo/confusion_22260552_all_sinArtefactosConservador_smote_RBFNetwork_aprox.png
22260552,all,sinArtefactosConservador,smote_tomek,SMO_SVM,/kaggle/working/outputs/TESE_pruebas/run_20260902_145353/processed_data/reports/balanceo/matrices_confusion_balanceo/confusion_22260552_all_sinArtefactosConservador_smote_tomek_SMO_SVM.csv,/kaggle/working/outputs/TESE_pruebas/run_20260902_145353/processed_data/reports/balanceo/matrices_confusion_balanceo/confusion_22260552_all_sinArtefactosConservador_smote_tomek_SMO_SVM.png,balanceo/matrices_confusion_balanceo/confusion_22260552_all_sinArtefactosConservador_smote_tomek_SMO_SVM.png
22260552,all,sinArtefactosConservador,smote_tomek,RandomForest,/kaggle/working/outputs/TESE_pruebas/run_20260902_145353/processed_data/reports/balanceo/matrices_confusion_balanceo/confusion_22260552_all_sinArtefactosConservador_smote_tomek_RandomForest.csv,/kaggle/working/outputs/TESE_pruebas/run_20260902_145353/processed_data/reports/balanceo/matrices_confusion_balanceo/confusion_22260552_all_sinArtefactosConservador_smote_tomek_RandomForest.png,balanceo/matrices_confusion_balanceo/confusion_22260552_all_sinArtefactosConservador_smote_tomek_RandomForest.png
22260552,all,sinArtefactosConservador,smote_tomek,MLP,/kaggle/working/outputs/TESE_pruebas/run_20260902_145353/processed_data/reports/balanceo/matrices_confusion_balanceo/confusion_22260552_all_sinArtefactosConservador_smote_tomek_MLP.csv,/kaggle/working/outputs/TESE_pruebas/run_20260902_145353/processed_data/reports/balanceo/matrices_confusion_balanceo/confusion_22260552_all_sinArtefactosConservador_smote_tomek_MLP.png,balanceo/matrices_confusion_balanceo/confusion_22260552_all_sinArtefactosConservador_smote_tomek_MLP.png
22260552,all,sinArtefactosConservador,smote_tomek,IBk_kNN,/kaggle/working/outputs/TESE_pruebas/run_20260902_145353/processed_data/reports/balanceo/matrices_confusion_balanceo/confusion_22260552_all_sinArtefactosConservador_smote_tomek_IBk_kNN.csv,/kaggle/working/outputs/TESE_pruebas/run_20260902_145353/processed_data/reports/balanceo/matrices_confusion_balanceo/confusion_22260552_all_sinArtefactosConservador_smote_tomek_IBk_kNN.png,balanceo/matrices_confusion_balanceo/confusion_22260552_all_sinArtefactosConservador_smote_tomek_IBk_kNN.png
22260552,all,sinArtefactosConservador,smote_tomek,RBFNetwork_aprox,/kaggle/working/outputs/TESE_pruebas/run_20260902_145353/processed_data/reports/balanceo/matrices_confusion_balanceo/confusion_22260552_all_sinArtefactosConservador_smote_tomek_RBFNetwork_aprox.csv,/kaggle/working/outputs/TESE_pruebas/run_20260902_145353/processed_data/reports/balanceo/matrices_confusion_balanceo/confusion_22260552_all_sinArtefactosConservador_smote_tomek_RBFNetwork_aprox.png,balanceo/matrices_confusion_balanceo/confusion_22260552_all_sinArtefactosConservador_smote_tomek_RBFNetwork_aprox.png
22260552,all,sinArtefactosConservador,random_undersampling_controlado,SMO_SVM,/kaggle/working/outputs/TESE_pruebas/run_20260902_145353/processed_data/reports/balanceo/matrices_confusion_balanceo/confusion_22260552_all_sinArtefactosConservador_random_undersampling_controlado_SMO_SVM.csv,/kaggle/working/outputs/TESE_pruebas/run_20260902_145353/processed_data/reports/balanceo/matrices_confusion_balanceo/confusion_22260552_all_sinArtefactosConservador_random_undersampling_controlado_SMO_SVM.png,balanceo/matrices_confusion_balanceo/confusion_22260552_all_sinArtefactosConservador_random_undersampling_controlado_SMO_SVM.png
22260552,all,sinArtefactosConservador,random_undersampling_controlado,RandomForest,/kaggle/working/outputs/TESE_pruebas/run_20260902_145353/processed_data/reports/balanceo/matrices_confusion_balanceo/confusion_22260552_all_sinArtefactosConservador_random_undersampling_controlado_RandomForest.csv,/kaggle/working/outputs/TESE_pruebas/run_20260902_145353/processed_data/reports/balanceo/matrices_confusion_balanceo/confusion_22260552_all_sinArtefactosConservador_random_undersampling_controlado_RandomForest.png,balanceo/matrices_confusion_balanceo/confusion_22260552_all_sinArtefactosConservador_random_undersampling_controlado_RandomForest.png
22260552,all,sinArtefactosConservador,random_undersampling_controlado,MLP,/kaggle/working/outputs/TESE_pruebas/run_20260902_145353/processed_data/reports/balanceo/matrices_confusion_balanceo/confusion_22260552_all_sinArtefactosConservador_random_undersampling_controlado_MLP.csv,/kaggle/working/outputs/TESE_pruebas/run_20260902_145353/processed_data/reports/balanceo/matrices_confusion_balanceo/confusion_22260552_all_sinArtefactosConservador_random_undersampling_controlado_MLP.png,balanceo/matrices_confusion_balanceo/confusion_22260552_all_sinArtefactosConservador_random_undersampling_controlado_MLP.png
22260552,all,sinArtefactosConservador,random_undersampling_controlado,IBk_kNN,/kaggle/working/outputs/TESE_pruebas/run_20260902_145353/processed_data/reports/balanceo/matrices_confusion_balanceo/confusion_22260552_all_sinArtefactosConservador_random_undersampling_controlado_IBk_kNN.csv,/kaggle/working/outputs/TESE_pruebas/run_20260902_145353/processed_data/reports/balanceo/matrices_confusion_balanceo/confusion_22260552_all_sinArtefactosConservador_random_undersampling_controlado_IBk_kNN.png,balanceo/matrices_confusion_balanceo/confusion_22260552_all_sinArtefactosConservador_random_undersampling_controlado_IBk_kNN.png
22260552,all,sinArtefactosConservador,random_undersampling_controlado,RBFNetwork_aprox,/kaggle/working/outputs/TESE_pruebas/run_20260902_145353/processed_data/reports/balanceo/matrices_confusion_balanceo/confusion_22260552_all_sinArtefactosConservador_random_undersampling_controlado_RBFNetwork_aprox.csv,/kaggle/working/outputs/TESE_pruebas/run_20260902_145353/processed_data/reports/balanceo/matrices_confusion_balanceo/confusion_22260552_all_sinArtefactosConservador_random_undersampling_controlado_RBFNetwork_aprox.png,balanceo/matrices_confusion_balanceo/confusion_22260552_all_sinArtefactosConservador_random_undersampling_controlado_RBFNetwork_aprox.png
231260558,all,noOutliers,sin_balanceo,SMO_SVM,/kaggle/working/outputs/TESE_pruebas/run_20260902_145353/processed_data/reports/balanceo/matrices_confusion_balanceo/confusion_231260558_all_noOutliers_sin_balanceo_SMO_SVM.csv,/kaggle/working/outputs/TESE_pruebas/run_20260902_145353/processed_data/reports/balanceo/matrices_confusion_balanceo/confusion_231260558_all_noOutliers_sin_balanceo_SMO_SVM.png,balanceo/matrices_confusion_balanceo/confusion_231260558_all_noOutliers_sin_balanceo_SMO_SVM.png
231260558,all,noOutliers,sin_balanceo,RandomForest,/kaggle/working/outputs/TESE_pruebas/run_20260902_145353/processed_data/reports/balanceo/matrices_confusion_balanceo/confusion_231260558_all_noOutliers_sin_balanceo_RandomForest.csv,/kaggle/working/outputs/TESE_pruebas/run_20260902_145353/processed_data/reports/balanceo/matrices_confusion_balanceo/confusion_231260558_all_noOutliers_sin_balanceo_RandomForest.png,balanceo/matrices_confusion_balanceo/confusion_231260558_all_noOutliers_sin_balanceo_RandomForest.png
231260558,all,noOutliers,sin_balanceo,MLP,/kaggle/working/outputs/TESE_pruebas/run_20260902_145353/processed_data/reports/balanceo/matrices_confusion_balanceo/confusion_231260558_all_noOutliers_sin_balanceo_MLP.csv,/kaggle/working/outputs/TESE_pruebas/run_20260902_145353/processed_data/reports/balanceo/matrices_confusion_balanceo/confusion_231260558_all_noOutliers_sin_balanceo_MLP.png,balanceo/matrices_confusion_balanceo/confusion_231260558_all_noOutliers_sin_balanceo_MLP.png
231260558,all,noOutliers,sin_balanceo,IBk_kNN,/kaggle/working/outputs/TESE_pruebas/run_20260902_145353/processed_data/reports/balanceo/matrices_confusion_balanceo/confusion_231260558_all_noOutliers_sin_balanceo_IBk_kNN.csv,/kaggle/working/outputs/TESE_pruebas/run_20260902_145353/processed_data/reports/balanceo/matrices_confusion_balanceo/confusion_231260558_all_noOutliers_sin_balanceo_IBk_kNN.png,balanceo/matrices_confusion_balanceo/confusion_231260558_all_noOutliers_sin_balanceo_IBk_kNN.png
231260558,all,noOutliers,sin_balanceo,RBFNetwork_aprox,/kaggle/working/outputs/TESE_pruebas/run_20260902_145353/processed_data/reports/balanceo/matrices_confusion_balanceo/confusion_231260558_all_noOutliers_sin_balanceo_RBFNetwork_aprox.csv,/kaggle/working/outputs/TESE_pruebas/run_20260902_145353/processed_data/reports/balanceo/matrices_confusion_balanceo/confusion_231260558_all_noOutliers_sin_balanceo_RBFNetwork_aprox.png,balanceo/matrices_confusion_balanceo/confusion_231260558_all_noOutliers_sin_balanceo_RBFNetwork_aprox.png
231260558,all,noOutliers,random_oversampling,SMO_SVM,/kaggle/working/outputs/TESE_pruebas/run_20260902_145353/processed_data/reports/balanceo/matrices_confusion_balanceo/confusion_231260558_all_noOutliers_random_oversampling_SMO_SVM.csv,/kaggle/working/outputs/TESE_pruebas/run_20260902_145353/processed_data/reports/balanceo/matrices_confusion_balanceo/confusion_231260558_all_noOutliers_random_oversampling_SMO_SVM.png,balanceo/matrices_confusion_balanceo/confusion_231260558_all_noOutliers_random_oversampling_SMO_SVM.png
231260558,all,noOutliers,random_oversampling,RandomForest,/kaggle/working/outputs/TESE_pruebas/run_20260902_145353/processed_data/reports/balanceo/matrices_confusion_balanceo/confusion_231260558_all_noOutliers_random_oversampling_RandomForest.csv,/kaggle/working/outputs/TESE_pruebas/run_20260902_145353/processed_data/reports/balanceo/matrices_confusion_balanceo/confusion_231260558_all_noOutliers_random_oversampling_RandomForest.png,balanceo/matrices_confusion_balanceo/confusion_231260558_all_noOutliers_random_oversampling_RandomForest.png
231260558,all,noOutliers,random_oversampling,MLP,/kaggle/working/outputs/TESE_pruebas/run_20260902_145353/processed_data/reports/balanceo/matrices_confusion_balanceo/confusion_231260558_all_noOutliers_random_oversampling_MLP.csv,/kaggle/working/outputs/TESE_pruebas/run_20260902_145353/processed_data/reports/balanceo/matrices_confusion_balanceo/confusion_231260558_all_noOutliers_random_oversampling_MLP.png,balanceo/matrices_confusion_balanceo/confusion_231260558_all_noOutliers_random_oversampling_MLP.png
231260558,all,noOutliers,random_oversampling,IBk_kNN,/kaggle/working/outputs/TESE_pruebas/run_20260902_145353/processed_data/reports/balanceo/matrices_confusion_balanceo/confusion_231260558_all_noOutliers_random_oversampling_IBk_kNN.csv,/kaggle/working/outputs/TESE_pruebas/run_20260902_145353/processed_data/reports/balanceo/matrices_confusion_balanceo/confusion_231260558_all_noOutliers_random_oversampling_IBk_kNN.png,balanceo/matrices_confusion_balanceo/confusion_231260558_all_noOutliers_random_oversampling_IBk_kNN.png
231260558,all,noOutliers,random_oversampling,RBFNetwork_aprox,/kaggle/working/outputs/TESE_pruebas/run_20260902_145353/processed_data/reports/balanceo/matrices_confusion_balanceo/confusion_231260558_all_noOutliers_random_oversampling_RBFNetwork_aprox.csv,/kaggle/working/outputs/TESE_pruebas/run_20260902_145353/processed_data/reports/balanceo/matrices_confusion_balanceo/confusion_231260558_all_noOutliers_random_oversampling_RBFNetwork_aprox.png,balanceo/matrices_confusion_balanceo/confusion_231260558_all_noOutliers_random_oversampling_RBFNetwork_aprox.png
231260558,all,noOutliers,class_weight_balanced,SMO_SVM,/kaggle/working/outputs/TESE_pruebas/run_20260902_145353/processed_data/reports/balanceo/matrices_confusion_balanceo/confusion_231260558_all_noOutliers_class_weight_balanced_SMO_SVM.csv,/kaggle/working/outputs/TESE_pruebas/run_20260902_145353/processed_data/reports/balanceo/matrices_confusion_balanceo/confusion_231260558_all_noOutliers_class_weight_balanced_SMO_SVM.png,balanceo/matrices_confusion_balanceo/confusion_231260558_all_noOutliers_class_weight_balanced_SMO_SVM.png
231260558,all,noOutliers,class_weight_balanced,RandomForest,/kaggle/working/outputs/TESE_pruebas/run_20260902_145353/processed_data/reports/balanceo/matrices_confusion_balanceo/confusion_231260558_all_noOutliers_class_weight_balanced_RandomForest.csv,/kaggle/working/outputs/TESE_pruebas/run_20260902_145353/processed_data/reports/balanceo/matrices_confusion_balanceo/confusion_231260558_all_noOutliers_class_weight_balanced_RandomForest.png,balanceo/matrices_confusion_balanceo/confusion_231260558_all_noOutliers_class_weight_balanced_RandomForest.png
231260558,all,noOutliers,class_weight_balanced,RBFNetwork_aprox,/kaggle/working/outputs/TESE_pruebas/run_20260902_145353/processed_data/reports/balanceo/matrices_confusion_balanceo/confusion_231260558_all_noOutliers_class_weight_balanced_RBFNetwork_aprox.csv,/kaggle/working/outputs/TESE_pruebas/run_20260902_145353/processed_data/reports/balanceo/matrices_confusion_balanceo/confusion_231260558_all_noOutliers_class_weight_balanced_RBFNetwork_aprox.png,balanceo/matrices_confusion_balanceo/confusion_231260558_all_noOutliers_class_weight_balanced_RBFNetwork_aprox.png
231260558,all,noOutliers,smote,SMO_SVM,/kaggle/working/outputs/TESE_pruebas/run_20260902_145353/processed_data/reports/balanceo/matrices_confusion_balanceo/confusion_231260558_all_noOutliers_smote_SMO_SVM.csv,/kaggle/working/outputs/TESE_pruebas/run_20260902_145353/processed_data/reports/balanceo/matrices_confusion_balanceo/confusion_231260558_all_noOutliers_smote_SMO_SVM.png,balanceo/matrices_confusion_balanceo/confusion_231260558_all_noOutliers_smote_SMO_SVM.png
231260558,all,noOutliers,smote,RandomForest,/kaggle/working/outputs/TESE_pruebas/run_20260902_145353/processed_data/reports/balanceo/matrices_confusion_balanceo/confusion_231260558_all_noOutliers_smote_RandomForest.csv,/kaggle/working/outputs/TESE_pruebas/run_20260902_145353/processed_data/reports/balanceo/matrices_confusion_balanceo/confusion_231260558_all_noOutliers_smote_RandomForest.png,balanceo/matrices_confusion_balanceo/confusion_231260558_all_noOutliers_smote_RandomForest.png
231260558,all,noOutliers,smote,MLP,/kaggle/working/outputs/TESE_pruebas/run_20260902_145353/processed_data/reports/balanceo/matrices_confusion_balanceo/confusion_231260558_all_noOutliers_smote_MLP.csv,/kaggle/working/outputs/TESE_pruebas/run_20260902_145353/processed_data/reports/balanceo/matrices_confusion_balanceo/confusion_231260558_all_noOutliers_smote_MLP.png,balanceo/matrices_confusion_balanceo/confusion_231260558_all_noOutliers_smote_MLP.png
231260558,all,noOutliers,smote,IBk_kNN,/kaggle/working/outputs/TESE_pruebas/run_20260902_145353/processed_data/reports/balanceo/matrices_confusion_balanceo/confusion_231260558_all_noOutliers_smote_IBk_kNN.csv,/kaggle/working/outputs/TESE_pruebas/run_20260902_145353/processed_data/reports/balanceo/matrices_confusion_balanceo/confusion_231260558_all_noOutliers_smote_IBk_kNN.png,balanceo/matrices_confusion_balanceo/confusion_231260558_all_noOutliers_smote_IBk_kNN.png
231260558,all,noOutliers,smote,RBFNetwork_aprox,/kaggle/working/outputs/TESE_pruebas/run_20260902_145353/processed_data/reports/balanceo/matrices_confusion_balanceo/confusion_231260558_all_noOutliers_smote_RBFNetwork_aprox.csv,/kaggle/working/outputs/TESE_pruebas/run_20260902_145353/processed_data/reports/balanceo/matrices_confusion_balanceo/confusion_231260558_all_noOutliers_smote_RBFNetwork_aprox.png,balanceo/matrices_confusion_balanceo/confusion_231260558_all_noOutliers_smote_RBFNetwork_aprox.png
231260558,all,noOutliers,smote_tomek,SMO_SVM,/kaggle/working/outputs/TESE_pruebas/run_20260902_145353/processed_data/reports/balanceo/matrices_confusion_balanceo/confusion_231260558_all_noOutliers_smote_tomek_SMO_SVM.csv,/kaggle/working/outputs/TESE_pruebas/run_20260902_145353/processed_data/reports/balanceo/matrices_confusion_balanceo/confusion_231260558_all_noOutliers_smote_tomek_SMO_SVM.png,balanceo/matrices_confusion_balanceo/confusion_231260558_all_noOutliers_smote_tomek_SMO_SVM.png
231260558,all,noOutliers,smote_tomek,RandomForest,/kaggle/working/outputs/TESE_pruebas/run_20260902_145353/processed_data/reports/balanceo/matrices_confusion_balanceo/confusion_231260558_all_noOutliers_smote_tomek_RandomForest.csv,/kaggle/working/outputs/TESE_pruebas/run_20260902_145353/processed_data/reports/balanceo/matrices_confusion_balanceo/confusion_231260558_all_noOutliers_smote_tomek_RandomForest.png,balanceo/matrices_confusion_balanceo/confusion_231260558_all_noOutliers_smote_tomek_RandomForest.png
231260558,all,noOutliers,smote_tomek,MLP,/kaggle/working/outputs/TESE_pruebas/run_20260902_145353/processed_data/reports/balanceo/matrices_confusion_balanceo/confusion_231260558_all_noOutliers_smote_tomek_MLP.csv,/kaggle/working/outputs/TESE_pruebas/run_20260902_145353/processed_data/reports/balanceo/matrices_confusion_balanceo/confusion_231260558_all_noOutliers_smote_tomek_MLP.png,balanceo/matrices_confusion_balanceo/confusion_231260558_all_noOutliers_smote_tomek_MLP.png
231260558,all,noOutliers,smote_tomek,IBk_kNN,/kaggle/working/outputs/TESE_pruebas/run_20260902_145353/processed_data/reports/balanceo/matrices_confusion_balanceo/confusion_231260558_all_noOutliers_smote_tomek_IBk_kNN.csv,/kaggle/working/outputs/TESE_pruebas/run_20260902_145353/processed_data/reports/balanceo/matrices_confusion_balanceo/confusion_231260558_all_noOutliers_smote_tomek_IBk_kNN.png,balanceo/matrices_confusion_balanceo/confusion_231260558_all_noOutliers_smote_tomek_IBk_kNN.png
231260558,all,noOutliers,smote_tomek,RBFNetwork_aprox,/kaggle/working/outputs/TESE_pruebas/run_20260902_145353/processed_data/reports/balanceo/matrices_confusion_balanceo/confusion_231260558_all_noOutliers_smote_tomek_RBFNetwork_aprox.csv,/kaggle/working/outputs/TESE_pruebas/run_20260902_145353/processed_data/reports/balanceo/matrices_confusion_balanceo/confusion_231260558_all_noOutliers_smote_tomek_RBFNetwork_aprox.png,balanceo/matrices_confusion_balanceo/confusion_231260558_all_noOutliers_smote_tomek_RBFNetwork_aprox.png
231260558,all,noOutliers,random_undersampling_controlado,SMO_SVM,/kaggle/working/outputs/TESE_pruebas/run_20260902_145353/processed_data/reports/balanceo/matrices_confusion_balanceo/confusion_231260558_all_noOutliers_random_undersampling_controlado_SMO_SVM.csv,/kaggle/working/outputs/TESE_pruebas/run_20260902_145353/processed_data/reports/balanceo/matrices_confusion_balanceo/confusion_231260558_all_noOutliers_random_undersampling_controlado_SMO_SVM.png,balanceo/matrices_confusion_balanceo/confusion_231260558_all_noOutliers_random_undersampling_controlado_SMO_SVM.png
231260558,all,noOutliers,random_undersampling_controlado,RandomForest,/kaggle/working/outputs/TESE_pruebas/run_20260902_145353/processed_data/reports/balanceo/matrices_confusion_balanceo/confusion_231260558_all_noOutliers_random_undersampling_controlado_RandomForest.csv,/kaggle/working/outputs/TESE_pruebas/run_20260902_145353/processed_data/reports/balanceo/matrices_confusion_balanceo/confusion_231260558_all_noOutliers_random_undersampling_controlado_RandomForest.png,balanceo/matrices_confusion_balanceo/confusion_231260558_all_noOutliers_random_undersampling_controlado_RandomForest.png
231260558,all,noOutliers,random_undersampling_controlado,MLP,/kaggle/working/outputs/TESE_pruebas/run_20260902_145353/processed_data/reports/balanceo/matrices_confusion_balanceo/confusion_231260558_all_noOutliers_random_undersampling_controlado_MLP.csv,/kaggle/working/outputs/TESE_pruebas/run_20260902_145353/processed_data/reports/balanceo/matrices_confusion_balanceo/confusion_231260558_all_noOutliers_random_undersampling_controlado_MLP.png,balanceo/matrices_confusion_balanceo/confusion_231260558_all_noOutliers_random_undersampling_controlado_MLP.png
231260558,all,noOutliers,random_undersampling_controlado,IBk_kNN,/kaggle/working/outputs/TESE_pruebas/run_20260902_145353/processed_data/reports/balanceo/matrices_confusion_balanceo/confusion_231260558_all_noOutliers_random_undersampling_controlado_IBk_kNN.csv,/kaggle/working/outputs/TESE_pruebas/run_20260902_145353/processed_data/reports/balanceo/matrices_confusion_balanceo/confusion_231260558_all_noOutliers_random_undersampling_controlado_IBk_kNN.png,balanceo/matrices_confusion_balanceo/confusion_231260558_all_noOutliers_random_undersampling_controlado_IBk_kNN.png
231260558,all,noOutliers,random_undersampling_controlado,RBFNetwork_aprox,/kaggle/working/outputs/TESE_pruebas/run_20260902_145353/processed_data/reports/balanceo/matrices_confusion_balanceo/confusion_231260558_all_noOutliers_random_undersampling_controlado_RBFNetwork_aprox.csv,/kaggle/working/outputs/TESE_pruebas/run_20260902_145353/processed_data/reports/balanceo/matrices_confusion_balanceo/confusion_231260558_all_noOutliers_random_undersampling_controlado_RBFNetwork_aprox.png,balanceo/matrices_confusion_balanceo/confusion_231260558_all_noOutliers_random_undersampling_controlado_RBFNetwork_aprox.png
252260554,all,noOutliers,sin_balanceo,SMO_SVM,/kaggle/working/outputs/TESE_pruebas/run_20260902_145353/processed_data/reports/balanceo/matrices_confusion_balanceo/confusion_252260554_all_noOutliers_sin_balanceo_SMO_SVM.csv,/kaggle/working/outputs/TESE_pruebas/run_20260902_145353/processed_data/reports/balanceo/matrices_confusion_balanceo/confusion_252260554_all_noOutliers_sin_balanceo_SMO_SVM.png,balanceo/matrices_confusion_balanceo/confusion_252260554_all_noOutliers_sin_balanceo_SMO_SVM.png
252260554,all,noOutliers,sin_balanceo,RandomForest,/kaggle/working/outputs/TESE_pruebas/run_20260902_145353/processed_data/reports/balanceo/matrices_confusion_balanceo/confusion_252260554_all_noOutliers_sin_balanceo_RandomForest.csv,/kaggle/working/outputs/TESE_pruebas/run_20260902_145353/processed_data/reports/balanceo/matrices_confusion_balanceo/confusion_252260554_all_noOutliers_sin_balanceo_RandomForest.png,balanceo/matrices_confusion_balanceo/confusion_252260554_all_noOutliers_sin_balanceo_RandomForest.png
252260554,all,noOutliers,sin_balanceo,MLP,/kaggle/working/outputs/TESE_pruebas/run_20260902_145353/processed_data/reports/balanceo/matrices_confusion_balanceo/confusion_252260554_all_noOutliers_sin_balanceo_MLP.csv,/kaggle/working/outputs/TESE_pruebas/run_20260902_145353/processed_data/reports/balanceo/matrices_confusion_balanceo/confusion_252260554_all_noOutliers_sin_balanceo_MLP.png,balanceo/matrices_confusion_balanceo/confusion_252260554_all_noOutliers_sin_balanceo_MLP.png
252260554,all,noOutliers,sin_balanceo,IBk_kNN,/kaggle/working/outputs/TESE_pruebas/run_20260902_145353/processed_data/reports/balanceo/matrices_confusion_balanceo/confusion_252260554_all_noOutliers_sin_balanceo_IBk_kNN.csv,/kaggle/working/outputs/TESE_pruebas/run_20260902_145353/processed_data/reports/balanceo/matrices_confusion_balanceo/confusion_252260554_all_noOutliers_sin_balanceo_IBk_kNN.png,balanceo/matrices_confusion_balanceo/confusion_252260554_all_noOutliers_sin_balanceo_IBk_kNN.png
252260554,all,noOutliers,sin_balanceo,RBFNetwork_aprox,/kaggle/working/outputs/TESE_pruebas/run_20260902_145353/processed_data/reports/balanceo/matrices_confusion_balanceo/confusion_252260554_all_noOutliers_sin_balanceo_RBFNetwork_aprox.csv,/kaggle/working/outputs/TESE_pruebas/run_20260902_145353/processed_data/reports/balanceo/matrices_confusion_balanceo/confusion_252260554_all_noOutliers_sin_balanceo_RBFNetwork_aprox.png,balanceo/matrices_confusion_balanceo/confusion_252260554_all_noOutliers_sin_balanceo_RBFNetwork_aprox.png
252260554,all,noOutliers,random_oversampling,SMO_SVM,/kaggle/working/outputs/TESE_pruebas/run_20260902_145353/processed_data/reports/balanceo/matrices_confusion_balanceo/confusion_252260554_all_noOutliers_random_oversampling_SMO_SVM.csv,/kaggle/working/outputs/TESE_pruebas/run_20260902_145353/processed_data/reports/balanceo/matrices_confusion_balanceo/confusion_252260554_all_noOutliers_random_oversampling_SMO_SVM.png,balanceo/matrices_confusion_balanceo/confusion_252260554_all_noOutliers_random_oversampling_SMO_SVM.png
252260554,all,noOutliers,random_oversampling,RandomForest,/kaggle/working/outputs/TESE_pruebas/run_20260902_145353/processed_data/reports/balanceo/matrices_confusion_balanceo/confusion_252260554_all_noOutliers_random_oversampling_RandomForest.csv,/kaggle/working/outputs/TESE_pruebas/run_20260902_145353/processed_data/reports/balanceo/matrices_confusion_balanceo/confusion_252260554_all_noOutliers_random_oversampling_RandomForest.png,balanceo/matrices_confusion_balanceo/confusion_252260554_all_noOutliers_random_oversampling_RandomForest.png
252260554,all,noOutliers,random_oversampling,MLP,/kaggle/working/outputs/TESE_pruebas/run_20260902_145353/processed_data/reports/balanceo/matrices_confusion_balanceo/confusion_252260554_all_noOutliers_random_oversampling_MLP.csv,/kaggle/working/outputs/TESE_pruebas/run_20260902_145353/processed_data/reports/balanceo/matrices_confusion_balanceo/confusion_252260554_all_noOutliers_random_oversampling_MLP.png,balanceo/matrices_confusion_balanceo/confusion_252260554_all_noOutliers_random_oversampling_MLP.png
252260554,all,noOutliers,random_oversampling,IBk_kNN,/kaggle/working/outputs/TESE_pruebas/run_20260902_145353/processed_data/reports/balanceo/matrices_confusion_balanceo/confusion_252260554_all_noOutliers_random_oversampling_IBk_kNN.csv,/kaggle/working/outputs/TESE_pruebas/run_20260902_145353/processed_data/reports/balanceo/matrices_confusion_balanceo/confusion_252260554_all_noOutliers_random_oversampling_IBk_kNN.png,balanceo/matrices_confusion_balanceo/confusion_252260554_all_noOutliers_random_oversampling_IBk_kNN.png
252260554,all,noOutliers,random_oversampling,RBFNetwork_aprox,/kaggle/working/outputs/TESE_pruebas/run_20260902_145353/processed_data/reports/balanceo/matrices_confusion_balanceo/confusion_252260554_all_noOutliers_random_oversampling_RBFNetwork_aprox.csv,/kaggle/working/outputs/TESE_pruebas/run_20260902_145353/processed_data/reports/balanceo/matrices_confusion_balanceo/confusion_252260554_all_noOutliers_random_oversampling_RBFNetwork_aprox.png,balanceo/matrices_confusion_balanceo/confusion_252260554_all_noOutliers_random_oversampling_RBFNetwork_aprox.png
252260554,all,noOutliers,class_weight_balanced,SMO_SVM,/kaggle/working/outputs/TESE_pruebas/run_20260902_145353/processed_data/reports/balanceo/matrices_confusion_balanceo/confusion_252260554_all_noOutliers_class_weight_balanced_SMO_SVM.csv,/kaggle/working/outputs/TESE_pruebas/run_20260902_145353/processed_data/reports/balanceo/matrices_confusion_balanceo/confusion_252260554_all_noOutliers_class_weight_balanced_SMO_SVM.png,balanceo/matrices_confusion_balanceo/confusion_252260554_all_noOutliers_class_weight_balanced_SMO_SVM.png
252260554,all,noOutliers,class_weight_balanced,RandomForest,/kaggle/working/outputs/TESE_pruebas/run_20260902_145353/processed_data/reports/balanceo/matrices_confusion_balanceo/confusion_252260554_all_noOutliers_class_weight_balanced_RandomForest.csv,/kaggle/working/outputs/TESE_pruebas/run_20260902_145353/processed_data/reports/balanceo/matrices_confusion_balanceo/confusion_252260554_all_noOutliers_class_weight_balanced_RandomForest.png,balanceo/matrices_confusion_balanceo/confusion_252260554_all_noOutliers_class_weight_balanced_RandomForest.png
252260554,all,noOutliers,class_weight_balanced,RBFNetwork_aprox,/kaggle/working/outputs/TESE_pruebas/run_20260902_145353/processed_data/reports/balanceo/matrices_confusion_balanceo/confusion_252260554_all_noOutliers_class_weight_balanced_RBFNetwork_aprox.csv,/kaggle/working/outputs/TESE_pruebas/run_20260902_145353/processed_data/reports/balanceo/matrices_confusion_balanceo/confusion_252260554_all_noOutliers_class_weight_balanced_RBFNetwork_aprox.png,balanceo/matrices_confusion_balanceo/confusion_252260554_all_noOutliers_class_weight_balanced_RBFNetwork_aprox.png
252260554,all,noOutliers,smote,SMO_SVM,/kaggle/working/outputs/TESE_pruebas/run_20260902_145353/processed_data/reports/balanceo/matrices_confusion_balanceo/confusion_252260554_all_noOutliers_smote_SMO_SVM.csv,/kaggle/working/outputs/TESE_pruebas/run_20260902_145353/processed_data/reports/balanceo/matrices_confusion_balanceo/confusion_252260554_all_noOutliers_smote_SMO_SVM.png,balanceo/matrices_confusion_balanceo/confusion_252260554_all_noOutliers_smote_SMO_SVM.png
252260554,all,noOutliers,smote,RandomForest,/kaggle/working/outputs/TESE_pruebas/run_20260902_145353/processed_data/reports/balanceo/matrices_confusion_balanceo/confusion_252260554_all_noOutliers_smote_RandomForest.csv,/kaggle/working/outputs/TESE_pruebas/run_20260902_145353/processed_data/reports/balanceo/matrices_confusion_balanceo/confusion_252260554_all_noOutliers_smote_RandomForest.png,balanceo/matrices_confusion_balanceo/confusion_252260554_all_noOutliers_smote_RandomForest.png
252260554,all,noOutliers,smote,MLP,/kaggle/working/outputs/TESE_pruebas/run_20260902_145353/processed_data/reports/balanceo/matrices_confusion_balanceo/confusion_252260554_all_noOutliers_smote_MLP.csv,/kaggle/working/outputs/TESE_pruebas/run_20260902_145353/processed_data/reports/balanceo/matrices_confusion_balanceo/confusion_252260554_all_noOutliers_smote_MLP.png,balanceo/matrices_confusion_balanceo/confusion_252260554_all_noOutliers_smote_MLP.png
252260554,all,noOutliers,smote,IBk_kNN,/kaggle/working/outputs/TESE_pruebas/run_20260902_145353/processed_data/reports/balanceo/matrices_confusion_balanceo/confusion_252260554_all_noOutliers_smote_IBk_kNN.csv,/kaggle/working/outputs/TESE_pruebas/run_20260902_145353/processed_data/reports/balanceo/matrices_confusion_balanceo/confusion_252260554_all_noOutliers_smote_IBk_kNN.png,balanceo/matrices_confusion_balanceo/confusion_252260554_all_noOutliers_smote_IBk_kNN.png
252260554,all,noOutliers,smote,RBFNetwork_aprox,/kaggle/working/outputs/TESE_pruebas/run_20260902_145353/processed_data/reports/balanceo/matrices_confusion_balanceo/confusion_252260554_all_noOutliers_smote_RBFNetwork_aprox.csv,/kaggle/working/outputs/TESE_pruebas/run_20260902_145353/processed_data/reports/balanceo/matrices_confusion_balanceo/confusion_252260554_all_noOutliers_smote_RBFNetwork_aprox.png,balanceo/matrices_confusion_balanceo/confusion_252260554_all_noOutliers_smote_RBFNetwork_aprox.png
252260554,all,noOutliers,smote_tomek,SMO_SVM,/kaggle/working/outputs/TESE_pruebas/run_20260902_145353/processed_data/reports/balanceo/matrices_confusion_balanceo/confusion_252260554_all_noOutliers_smote_tomek_SMO_SVM.csv,/kaggle/working/outputs/TESE_pruebas/run_20260902_145353/processed_data/reports/balanceo/matrices_confusion_balanceo/confusion_252260554_all_noOutliers_smote_tomek_SMO_SVM.png,balanceo/matrices_confusion_balanceo/confusion_252260554_all_noOutliers_smote_tomek_SMO_SVM.png
252260554,all,noOutliers,smote_tomek,RandomForest,/kaggle/working/outputs/TESE_pruebas/run_20260902_145353/processed_data/reports/balanceo/matrices_confusion_balanceo/confusion_252260554_all_noOutliers_smote_tomek_RandomForest.csv,/kaggle/working/outputs/TESE_pruebas/run_20260902_145353/processed_data/reports/balanceo/matrices_confusion_balanceo/confusion_252260554_all_noOutliers_smote_tomek_RandomForest.png,balanceo/matrices_confusion_balanceo/confusion_252260554_all_noOutliers_smote_tomek_RandomForest.png
252260554,all,noOutliers,smote_tomek,MLP,/kaggle/working/outputs/TESE_pruebas/run_20260902_145353/processed_data/reports/balanceo/matrices_confusion_balanceo/confusion_252260554_all_noOutliers_smote_tomek_MLP.csv,/kaggle/working/outputs/TESE_pruebas/run_20260902_145353/processed_data/reports/balanceo/matrices_confusion_balanceo/confusion_252260554_all_noOutliers_smote_tomek_MLP.png,balanceo/matrices_confusion_balanceo/confusion_252260554_all_noOutliers_smote_tomek_MLP.png
252260554,all,noOutliers,smote_tomek,IBk_kNN,/kaggle/working/outputs/TESE_pruebas/run_20260902_145353/processed_data/reports/balanceo/matrices_confusion_balanceo/confusion_252260554_all_noOutliers_smote_tomek_IBk_kNN.csv,/kaggle/working/outputs/TESE_pruebas/run_20260902_145353/processed_data/reports/balanceo/matrices_confusion_balanceo/confusion_252260554_all_noOutliers_smote_tomek_IBk_kNN.png,balanceo/matrices_confusion_balanceo/confusion_252260554_all_noOutliers_smote_tomek_IBk_kNN.png
252260554,all,noOutliers,smote_tomek,RBFNetwork_aprox,/kaggle/working/outputs/TESE_pruebas/run_20260902_145353/processed_data/reports/balanceo/matrices_confusion_balanceo/confusion_252260554_all_noOutliers_smote_tomek_RBFNetwork_aprox.csv,/kaggle/working/outputs/TESE_pruebas/run_20260902_145353/processed_data/reports/balanceo/matrices_confusion_balanceo/confusion_252260554_all_noOutliers_smote_tomek_RBFNetwork_aprox.png,balanceo/matrices_confusion_balanceo/confusion_252260554_all_noOutliers_smote_tomek_RBFNetwork_aprox.png
252260554,all,noOutliers,random_undersampling_controlado,SMO_SVM,/kaggle/working/outputs/TESE_pruebas/run_20260902_145353/processed_data/reports/balanceo/matrices_confusion_balanceo/confusion_252260554_all_noOutliers_random_undersampling_controlado_SMO_SVM.csv,/kaggle/working/outputs/TESE_pruebas/run_20260902_145353/processed_data/reports/balanceo/matrices_confusion_balanceo/confusion_252260554_all_noOutliers_random_undersampling_controlado_SMO_SVM.png,balanceo/matrices_confusion_balanceo/confusion_252260554_all_noOutliers_random_undersampling_controlado_SMO_SVM.png
252260554,all,noOutliers,random_undersampling_controlado,RandomForest,/kaggle/working/outputs/TESE_pruebas/run_20260902_145353/processed_data/reports/balanceo/matrices_confusion_balanceo/confusion_252260554_all_noOutliers_random_undersampling_controlado_RandomForest.csv,/kaggle/working/outputs/TESE_pruebas/run_20260902_145353/processed_data/reports/balanceo/matrices_confusion_balanceo/confusion_252260554_all_noOutliers_random_undersampling_controlado_RandomForest.png,balanceo/matrices_confusion_balanceo/confusion_252260554_all_noOutliers_random_undersampling_controlado_RandomForest.png
252260554,all,noOutliers,random_undersampling_controlado,MLP,/kaggle/working/outputs/TESE_pruebas/run_20260902_145353/processed_data/reports/balanceo/matrices_confusion_balanceo/confusion_252260554_all_noOutliers_random_undersampling_controlado_MLP.csv,/kaggle/working/outputs/TESE_pruebas/run_20260902_145353/processed_data/reports/balanceo/matrices_confusion_balanceo/confusion_252260554_all_noOutliers_random_undersampling_controlado_MLP.png,balanceo/matrices_confusion_balanceo/confusion_252260554_all_noOutliers_random_undersampling_controlado_MLP.png
252260554,all,noOutliers,random_undersampling_controlado,IBk_kNN,/kaggle/working/outputs/TESE_pruebas/run_20260902_145353/processed_data/reports/balanceo/matrices_confusion_balanceo/confusion_252260554_all_noOutliers_random_undersampling_controlado_IBk_kNN.csv,/kaggle/working/outputs/TESE_pruebas/run_20260902_145353/processed_data/reports/balanceo/matrices_confusion_balanceo/confusion_252260554_all_noOutliers_random_undersampling_controlado_IBk_kNN.png,balanceo/matrices_confusion_balanceo/confusion_252260554_all_noOutliers_random_undersampling_controlado_IBk_kNN.png
252260554,all,noOutliers,random_undersampling_controlado,RBFNetwork_aprox,/kaggle/working/outputs/TESE_pruebas/run_20260902_145353/processed_data/reports/balanceo/matrices_confusion_balanceo/confusion_252260554_all_noOutliers_random_undersampling_controlado_RBFNetwork_aprox.csv,/kaggle/working/outputs/TESE_pruebas/run_20260902_145353/processed_data/reports/balanceo/matrices_confusion_balanceo/confusion_252260554_all_noOutliers_random_undersampling_controlado_RBFNetwork_aprox.png,balanceo/matrices_confusion_balanceo/confusion_252260554_all_noOutliers_random_undersampling_controlado_RBFNetwork_aprox.png
252260554,all,sinArtefactosConservador,sin_balanceo,SMO_SVM,/kaggle/working/outputs/TESE_pruebas/run_20260902_145353/processed_data/reports/balanceo/matrices_confusion_balanceo/confusion_252260554_all_sinArtefactosConservador_sin_balanceo_SMO_SVM.csv,/kaggle/working/outputs/TESE_pruebas/run_20260902_145353/processed_data/reports/balanceo/matrices_confusion_balanceo/confusion_252260554_all_sinArtefactosConservador_sin_balanceo_SMO_SVM.png,balanceo/matrices_confusion_balanceo/confusion_252260554_all_sinArtefactosConservador_sin_balanceo_SMO_SVM.png
252260554,all,sinArtefactosConservador,sin_balanceo,RandomForest,/kaggle/working/outputs/TESE_pruebas/run_20260902_145353/processed_data/reports/balanceo/matrices_confusion_balanceo/confusion_252260554_all_sinArtefactosConservador_sin_balanceo_RandomForest.csv,/kaggle/working/outputs/TESE_pruebas/run_20260902_145353/processed_data/reports/balanceo/matrices_confusion_balanceo/confusion_252260554_all_sinArtefactosConservador_sin_balanceo_RandomForest.png,balanceo/matrices_confusion_balanceo/confusion_252260554_all_sinArtefactosConservador_sin_balanceo_RandomForest.png
252260554,all,sinArtefactosConservador,sin_balanceo,MLP,/kaggle/working/outputs/TESE_pruebas/run_20260902_145353/processed_data/reports/balanceo/matrices_confusion_balanceo/confusion_252260554_all_sinArtefactosConservador_sin_balanceo_MLP.csv,/kaggle/working/outputs/TESE_pruebas/run_20260902_145353/processed_data/reports/balanceo/matrices_confusion_balanceo/confusion_252260554_all_sinArtefactosConservador_sin_balanceo_MLP.png,balanceo/matrices_confusion_balanceo/confusion_252260554_all_sinArtefactosConservador_sin_balanceo_MLP.png
252260554,all,sinArtefactosConservador,sin_balanceo,IBk_kNN,/kaggle/working/outputs/TESE_pruebas/run_20260902_145353/processed_data/reports/balanceo/matrices_confusion_balanceo/confusion_252260554_all_sinArtefactosConservador_sin_balanceo_IBk_kNN.csv,/kaggle/working/outputs/TESE_pruebas/run_20260902_145353/processed_data/reports/balanceo/matrices_confusion_balanceo/confusion_252260554_all_sinArtefactosConservador_sin_balanceo_IBk_kNN.png,balanceo/matrices_confusion_balanceo/confusion_252260554_all_sinArtefactosConservador_sin_balanceo_IBk_kNN.png
252260554,all,sinArtefactosConservador,sin_balanceo,RBFNetwork_aprox,/kaggle/working/outputs/TESE_pruebas/run_20260902_145353/processed_data/reports/balanceo/matrices_confusion_balanceo/confusion_252260554_all_sinArtefactosConservador_sin_balanceo_RBFNetwork_aprox.csv,/kaggle/working/outputs/TESE_pruebas/run_20260902_145353/processed_data/reports/balanceo/matrices_confusion_balanceo/confusion_252260554_all_sinArtefactosConservador_sin_balanceo_RBFNetwork_aprox.png,balanceo/matrices_confusion_balanceo/confusion_252260554_all_sinArtefactosConservador_sin_balanceo_RBFNetwork_aprox.png
252260554,all,sinArtefactosConservador,random_oversampling,SMO_SVM,/kaggle/working/outputs/TESE_pruebas/run_20260902_145353/processed_data/reports/balanceo/matrices_confusion_balanceo/confusion_252260554_all_sinArtefactosConservador_random_oversampling_SMO_SVM.csv,/kaggle/working/outputs/TESE_pruebas/run_20260902_145353/processed_data/reports/balanceo/matrices_confusion_balanceo/confusion_252260554_all_sinArtefactosConservador_random_oversampling_SMO_SVM.png,balanceo/matrices_confusion_balanceo/confusion_252260554_all_sinArtefactosConservador_random_oversampling_SMO_SVM.png
252260554,all,sinArtefactosConservador,random_oversampling,RandomForest,/kaggle/working/outputs/TESE_pruebas/run_20260902_145353/processed_data/reports/balanceo/matrices_confusion_balanceo/confusion_252260554_all_sinArtefactosConservador_random_oversampling_RandomForest.csv,/kaggle/working/outputs/TESE_pruebas/run_20260902_145353/processed_data/reports/balanceo/matrices_confusion_balanceo/confusion_252260554_all_sinArtefactosConservador_random_oversampling_RandomForest.png,balanceo/matrices_confusion_balanceo/confusion_252260554_all_sinArtefactosConservador_random_oversampling_RandomForest.png
252260554,all,sinArtefactosConservador,random_oversampling,MLP,/kaggle/working/outputs/TESE_pruebas/run_20260902_145353/processed_data/reports/balanceo/matrices_confusion_balanceo/confusion_252260554_all_sinArtefactosConservador_random_oversampling_MLP.csv,/kaggle/working/outputs/TESE_pruebas/run_20260902_145353/processed_data/reports/balanceo/matrices_confusion_balanceo/confusion_252260554_all_sinArtefactosConservador_random_oversampling_MLP.png,balanceo/matrices_confusion_balanceo/confusion_252260554_all_sinArtefactosConservador_random_oversampling_MLP.png
252260554,all,sinArtefactosConservador,random_oversampling,IBk_kNN,/kaggle/working/outputs/TESE_pruebas/run_20260902_145353/processed_data/reports/balanceo/matrices_confusion_balanceo/confusion_252260554_all_sinArtefactosConservador_random_oversampling_IBk_kNN.csv,/kaggle/working/outputs/TESE_pruebas/run_20260902_145353/processed_data/reports/balanceo/matrices_confusion_balanceo/confusion_252260554_all_sinArtefactosConservador_random_oversampling_IBk_kNN.png,balanceo/matrices_confusion_balanceo/confusion_252260554_all_sinArtefactosConservador_random_oversampling_IBk_kNN.png
252260554,all,sinArtefactosConservador,random_oversampling,RBFNetwork_aprox,/kaggle/working/outputs/TESE_pruebas/run_20260902_145353/processed_data/reports/balanceo/matrices_confusion_balanceo/confusion_252260554_all_sinArtefactosConservador_random_oversampling_RBFNetwork_aprox.csv,/kaggle/working/outputs/TESE_pruebas/run_20260902_145353/processed_data/reports/balanceo/matrices_confusion_balanceo/confusion_252260554_all_sinArtefactosConservador_random_oversampling_RBFNetwork_aprox.png,balanceo/matrices_confusion_balanceo/confusion_252260554_all_sinArtefactosConservador_random_oversampling_RBFNetwork_aprox.png
252260554,all,sinArtefactosConservador,class_weight_balanced,SMO_SVM,/kaggle/working/outputs/TESE_pruebas/run_20260902_145353/processed_data/reports/balanceo/matrices_confusion_balanceo/confusion_252260554_all_sinArtefactosConservador_class_weight_balanced_SMO_SVM.csv,/kaggle/working/outputs/TESE_pruebas/run_20260902_145353/processed_data/reports/balanceo/matrices_confusion_balanceo/confusion_252260554_all_sinArtefactosConservador_class_weight_balanced_SMO_SVM.png,balanceo/matrices_confusion_balanceo/confusion_252260554_all_sinArtefactosConservador_class_weight_balanced_SMO_SVM.png
252260554,all,sinArtefactosConservador,class_weight_balanced,RandomForest,/kaggle/working/outputs/TESE_pruebas/run_20260902_145353/processed_data/reports/balanceo/matrices_confusion_balanceo/confusion_252260554_all_sinArtefactosConservador_class_weight_balanced_RandomForest.csv,/kaggle/working/outputs/TESE_pruebas/run_20260902_145353/processed_data/reports/balanceo/matrices_confusion_balanceo/confusion_252260554_all_sinArtefactosConservador_class_weight_balanced_RandomForest.png,balanceo/matrices_confusion_balanceo/confusion_252260554_all_sinArtefactosConservador_class_weight_balanced_RandomForest.png
252260554,all,sinArtefactosConservador,class_weight_balanced,RBFNetwork_aprox,/kaggle/working/outputs/TESE_pruebas/run_20260902_145353/processed_data/reports/balanceo/matrices_confusion_balanceo/confusion_252260554_all_sinArtefactosConservador_class_weight_balanced_RBFNetwork_aprox.csv,/kaggle/working/outputs/TESE_pruebas/run_20260902_145353/processed_data/reports/balanceo/matrices_confusion_balanceo/confusion_252260554_all_sinArtefactosConservador_class_weight_balanced_RBFNetwork_aprox.png,balanceo/matrices_confusion_balanceo/confusion_252260554_all_sinArtefactosConservador_class_weight_balanced_RBFNetwork_aprox.png
252260554,all,sinArtefactosConservador,smote,SMO_SVM,/kaggle/working/outputs/TESE_pruebas/run_20260902_145353/processed_data/reports/balanceo/matrices_confusion_balanceo/confusion_252260554_all_sinArtefactosConservador_smote_SMO_SVM.csv,/kaggle/working/outputs/TESE_pruebas/run_20260902_145353/processed_data/reports/balanceo/matrices_confusion_balanceo/confusion_252260554_all_sinArtefactosConservador_smote_SMO_SVM.png,balanceo/matrices_confusion_balanceo/confusion_252260554_all_sinArtefactosConservador_smote_SMO_SVM.png
252260554,all,sinArtefactosConservador,smote,RandomForest,/kaggle/working/outputs/TESE_pruebas/run_20260902_145353/processed_data/reports/balanceo/matrices_confusion_balanceo/confusion_252260554_all_sinArtefactosConservador_smote_RandomForest.csv,/kaggle/working/outputs/TESE_pruebas/run_20260902_145353/processed_data/reports/balanceo/matrices_confusion_balanceo/confusion_252260554_all_sinArtefactosConservador_smote_RandomForest.png,balanceo/matrices_confusion_balanceo/confusion_252260554_all_sinArtefactosConservador_smote_RandomForest.png
252260554,all,sinArtefactosConservador,smote,MLP,/kaggle/working/outputs/TESE_pruebas/run_20260902_145353/processed_data/reports/balanceo/matrices_confusion_balanceo/confusion_252260554_all_sinArtefactosConservador_smote_MLP.csv,/kaggle/working/outputs/TESE_pruebas/run_20260902_145353/processed_data/reports/balanceo/matrices_confusion_balanceo/confusion_252260554_all_sinArtefactosConservador_smote_MLP.png,balanceo/matrices_confusion_balanceo/confusion_252260554_all_sinArtefactosConservador_smote_MLP.png
252260554,all,sinArtefactosConservador,smote,IBk_kNN,/kaggle/working/outputs/TESE_pruebas/run_20260902_145353/processed_data/reports/balanceo/matrices_confusion_balanceo/confusion_252260554_all_sinArtefactosConservador_smote_IBk_kNN.csv,/kaggle/working/outputs/TESE_pruebas/run_20260902_145353/processed_data/reports/balanceo/matrices_confusion_balanceo/confusion_252260554_all_sinArtefactosConservador_smote_IBk_kNN.png,balanceo/matrices_confusion_balanceo/confusion_252260554_all_sinArtefactosConservador_smote_IBk_kNN.png
252260554,all,sinArtefactosConservador,smote,RBFNetwork_aprox,/kaggle/working/outputs/TESE_pruebas/run_20260902_145353/processed_data/reports/balanceo/matrices_confusion_balanceo/confusion_252260554_all_sinArtefactosConservador_smote_RBFNetwork_aprox.csv,/kaggle/working/outputs/TESE_pruebas/run_20260902_145353/processed_data/reports/balanceo/matrices_confusion_balanceo/confusion_252260554_all_sinArtefactosConservador_smote_RBFNetwork_aprox.png,balanceo/matrices_confusion_balanceo/confusion_252260554_all_sinArtefactosConservador_smote_RBFNetwork_aprox.png
252260554,all,sinArtefactosConservador,smote_tomek,SMO_SVM,/kaggle/working/outputs/TESE_pruebas/run_20260902_145353/processed_data/reports/balanceo/matrices_confusion_balanceo/confusion_252260554_all_sinArtefactosConservador_smote_tomek_SMO_SVM.csv,/kaggle/working/outputs/TESE_pruebas/run_20260902_145353/processed_data/reports/balanceo/matrices_confusion_balanceo/confusion_252260554_all_sinArtefactosConservador_smote_tomek_SMO_SVM.png,balanceo/matrices_confusion_balanceo/confusion_252260554_all_sinArtefactosConservador_smote_tomek_SMO_SVM.png
252260554,all,sinArtefactosConservador,smote_tomek,RandomForest,/kaggle/working/outputs/TESE_pruebas/run_20260902_145353/processed_data/reports/balanceo/matrices_confusion_balanceo/confusion_252260554_all_sinArtefactosConservador_smote_tomek_RandomForest.csv,/kaggle/working/outputs/TESE_pruebas/run_20260902_145353/processed_data/reports/balanceo/matrices_confusion_balanceo/confusion_252260554_all_sinArtefactosConservador_smote_tomek_RandomForest.png,balanceo/matrices_confusion_balanceo/confusion_252260554_all_sinArtefactosConservador_smote_tomek_RandomForest.png
252260554,all,sinArtefactosConservador,smote_tomek,MLP,/kaggle/working/outputs/TESE_pruebas/run_20260902_145353/processed_data/reports/balanceo/matrices_confusion_balanceo/confusion_252260554_all_sinArtefactosConservador_smote_tomek_MLP.csv,/kaggle/working/outputs/TESE_pruebas/run_20260902_145353/processed_data/reports/balanceo/matrices_confusion_balanceo/confusion_252260554_all_sinArtefactosConservador_smote_tomek_MLP.png,balanceo/matrices_confusion_balanceo/confusion_252260554_all_sinArtefactosConservador_smote_tomek_MLP.png
252260554,all,sinArtefactosConservador,smote_tomek,IBk_kNN,/kaggle/working/outputs/TESE_pruebas/run_20260902_145353/processed_data/reports/balanceo/matrices_confusion_balanceo/confusion_252260554_all_sinArtefactosConservador_smote_tomek_IBk_kNN.csv,/kaggle/working/outputs/TESE_pruebas/run_20260902_145353/processed_data/reports/balanceo/matrices_confusion_balanceo/confusion_252260554_all_sinArtefactosConservador_smote_tomek_IBk_kNN.png,balanceo/matrices_confusion_balanceo/confusion_252260554_all_sinArtefactosConservador_smote_tomek_IBk_kNN.png
252260554,all,sinArtefactosConservador,smote_tomek,RBFNetwork_aprox,/kaggle/working/outputs/TESE_pruebas/run_20260902_145353/processed_data/reports/balanceo/matrices_confusion_balanceo/confusion_252260554_all_sinArtefactosConservador_smote_tomek_RBFNetwork_aprox.csv,/kaggle/working/outputs/TESE_pruebas/run_20260902_145353/processed_data/reports/balanceo/matrices_confusion_balanceo/confusion_252260554_all_sinArtefactosConservador_smote_tomek_RBFNetwork_aprox.png,balanceo/matrices_confusion_balanceo/confusion_252260554_all_sinArtefactosConservador_smote_tomek_RBFNetwork_aprox.png
252260554,all,sinArtefactosConservador,random_undersampling_controlado,SMO_SVM,/kaggle/working/outputs/TESE_pruebas/run_20260902_145353/processed_data/reports/balanceo/matrices_confusion_balanceo/confusion_252260554_all_sinArtefactosConservador_random_undersampling_controlado_SMO_SVM.csv,/kaggle/working/outputs/TESE_pruebas/run_20260902_145353/processed_data/reports/balanceo/matrices_confusion_balanceo/confusion_252260554_all_sinArtefactosConservador_random_undersampling_controlado_SMO_SVM.png,balanceo/matrices_confusion_balanceo/confusion_252260554_all_sinArtefactosConservador_random_undersampling_controlado_SMO_SVM.png
252260554,all,sinArtefactosConservador,random_undersampling_controlado,RandomForest,/kaggle/working/outputs/TESE_pruebas/run_20260902_145353/processed_data/reports/balanceo/matrices_confusion_balanceo/confusion_252260554_all_sinArtefactosConservador_random_undersampling_controlado_RandomForest.csv,/kaggle/working/outputs/TESE_pruebas/run_20260902_145353/processed_data/reports/balanceo/matrices_confusion_balanceo/confusion_252260554_all_sinArtefactosConservador_random_undersampling_controlado_RandomForest.png,balanceo/matrices_confusion_balanceo/confusion_252260554_all_sinArtefactosConservador_random_undersampling_controlado_RandomForest.png
252260554,all,sinArtefactosConservador,random_undersampling_controlado,MLP,/kaggle/working/outputs/TESE_pruebas/run_20260902_145353/processed_data/reports/balanceo/matrices_confusion_balanceo/confusion_252260554_all_sinArtefactosConservador_random_undersampling_controlado_MLP.csv,/kaggle/working/outputs/TESE_pruebas/run_20260902_145353/processed_data/reports/balanceo/matrices_confusion_balanceo/confusion_252260554_all_sinArtefactosConservador_random_undersampling_controlado_MLP.png,balanceo/matrices_confusion_balanceo/confusion_252260554_all_sinArtefactosConservador_random_undersampling_controlado_MLP.png
252260554,all,sinArtefactosConservador,random_undersampling_controlado,IBk_kNN,/kaggle/working/outputs/TESE_pruebas/run_20260902_145353/processed_data/reports/balanceo/matrices_confusion_balanceo/confusion_252260554_all_sinArtefactosConservador_random_undersampling_controlado_IBk_kNN.csv,/kaggle/working/outputs/TESE_pruebas/run_20260902_145353/processed_data/reports/balanceo/matrices_confusion_balanceo/confusion_252260554_all_sinArtefactosConservador_random_undersampling_controlado_IBk_kNN.png,balanceo/matrices_confusion_balanceo/confusion_252260554_all_sinArtefactosConservador_random_undersampling_controlado_IBk_kNN.png
252260554,all,sinArtefactosConservador,random_undersampling_controlado,RBFNetwork_aprox,/kaggle/working/outputs/TESE_pruebas/run_20260902_145353/processed_data/reports/balanceo/matrices_confusion_balanceo/confusion_252260554_all_sinArtefactosConservador_random_undersampling_controlado_RBFNetwork_aprox.csv,/kaggle/working/outputs/TESE_pruebas/run_20260902_145353/processed_data/reports/balanceo/matrices_confusion_balanceo/confusion_252260554_all_sinArtefactosConservador_random_undersampling_controlado_RBFNetwork_aprox.png,balanceo/matrices_confusion_balanceo/confusion_252260554_all_sinArtefactosConservador_random_undersampling_controlado_RBFNetwork_aprox.png
252260556,all,noOutliers,sin_balanceo,SMO_SVM,/kaggle/working/outputs/TESE_pruebas/run_20260902_145353/processed_data/reports/balanceo/matrices_confusion_balanceo/confusion_252260556_all_noOutliers_sin_balanceo_SMO_SVM.csv,/kaggle/working/outputs/TESE_pruebas/run_20260902_145353/processed_data/reports/balanceo/matrices_confusion_balanceo/confusion_252260556_all_noOutliers_sin_balanceo_SMO_SVM.png,balanceo/matrices_confusion_balanceo/confusion_252260556_all_noOutliers_sin_balanceo_SMO_SVM.png
252260556,all,noOutliers,sin_balanceo,RandomForest,/kaggle/working/outputs/TESE_pruebas/run_20260902_145353/processed_data/reports/balanceo/matrices_confusion_balanceo/confusion_252260556_all_noOutliers_sin_balanceo_RandomForest.csv,/kaggle/working/outputs/TESE_pruebas/run_20260902_145353/processed_data/reports/balanceo/matrices_confusion_balanceo/confusion_252260556_all_noOutliers_sin_balanceo_RandomForest.png,balanceo/matrices_confusion_balanceo/confusion_252260556_all_noOutliers_sin_balanceo_RandomForest.png
252260556,all,noOutliers,sin_balanceo,MLP,/kaggle/working/outputs/TESE_pruebas/run_20260902_145353/processed_data/reports/balanceo/matrices_confusion_balanceo/confusion_252260556_all_noOutliers_sin_balanceo_MLP.csv,/kaggle/working/outputs/TESE_pruebas/run_20260902_145353/processed_data/reports/balanceo/matrices_confusion_balanceo/confusion_252260556_all_noOutliers_sin_balanceo_MLP.png,balanceo/matrices_confusion_balanceo/confusion_252260556_all_noOutliers_sin_balanceo_MLP.png
252260556,all,noOutliers,sin_balanceo,IBk_kNN,/kaggle/working/outputs/TESE_pruebas/run_20260902_145353/processed_data/reports/balanceo/matrices_confusion_balanceo/confusion_252260556_all_noOutliers_sin_balanceo_IBk_kNN.csv,/kaggle/working/outputs/TESE_pruebas/run_20260902_145353/processed_data/reports/balanceo/matrices_confusion_balanceo/confusion_252260556_all_noOutliers_sin_balanceo_IBk_kNN.png,balanceo/matrices_confusion_balanceo/confusion_252260556_all_noOutliers_sin_balanceo_IBk_kNN.png
252260556,all,noOutliers,sin_balanceo,RBFNetwork_aprox,/kaggle/working/outputs/TESE_pruebas/run_20260902_145353/processed_data/reports/balanceo/matrices_confusion_balanceo/confusion_252260556_all_noOutliers_sin_balanceo_RBFNetwork_aprox.csv,/kaggle/working/outputs/TESE_pruebas/run_20260902_145353/processed_data/reports/balanceo/matrices_confusion_balanceo/confusion_252260556_all_noOutliers_sin_balanceo_RBFNetwork_aprox.png,balanceo/matrices_confusion_balanceo/confusion_252260556_all_noOutliers_sin_balanceo_RBFNetwork_aprox.png
252260556,all,noOutliers,random_oversampling,SMO_SVM,/kaggle/working/outputs/TESE_pruebas/run_20260902_145353/processed_data/reports/balanceo/matrices_confusion_balanceo/confusion_252260556_all_noOutliers_random_oversampling_SMO_SVM.csv,/kaggle/working/outputs/TESE_pruebas/run_20260902_145353/processed_data/reports/balanceo/matrices_confusion_balanceo/confusion_252260556_all_noOutliers_random_oversampling_SMO_SVM.png,balanceo/matrices_confusion_balanceo/confusion_252260556_all_noOutliers_random_oversampling_SMO_SVM.png
252260556,all,noOutliers,random_oversampling,RandomForest,/kaggle/working/outputs/TESE_pruebas/run_20260902_145353/processed_data/reports/balanceo/matrices_confusion_balanceo/confusion_252260556_all_noOutliers_random_oversampling_RandomForest.csv,/kaggle/working/outputs/TESE_pruebas/run_20260902_145353/processed_data/reports/balanceo/matrices_confusion_balanceo/confusion_252260556_all_noOutliers_random_oversampling_RandomForest.png,balanceo/matrices_confusion_balanceo/confusion_252260556_all_noOutliers_random_oversampling_RandomForest.png
252260556,all,noOutliers,random_oversampling,MLP,/kaggle/working/outputs/TESE_pruebas/run_20260902_145353/processed_data/reports/balanceo/matrices_confusion_balanceo/confusion_252260556_all_noOutliers_random_oversampling_MLP.csv,/kaggle/working/outputs/TESE_pruebas/run_20260902_145353/processed_data/reports/balanceo/matrices_confusion_balanceo/confusion_252260556_all_noOutliers_random_oversampling_MLP.png,balanceo/matrices_confusion_balanceo/confusion_252260556_all_noOutliers_random_oversampling_MLP.png
252260556,all,noOutliers,random_oversampling,IBk_kNN,/kaggle/working/outputs/TESE_pruebas/run_20260902_145353/processed_data/reports/balanceo/matrices_confusion_balanceo/confusion_252260556_all_noOutliers_random_oversampling_IBk_kNN.csv,/kaggle/working/outputs/TESE_pruebas/run_20260902_145353/processed_data/reports/balanceo/matrices_confusion_balanceo/confusion_252260556_all_noOutliers_random_oversampling_IBk_kNN.png,balanceo/matrices_confusion_balanceo/confusion_252260556_all_noOutliers_random_oversampling_IBk_kNN.png
252260556,all,noOutliers,random_oversampling,RBFNetwork_aprox,/kaggle/working/outputs/TESE_pruebas/run_20260902_145353/processed_data/reports/balanceo/matrices_confusion_balanceo/confusion_252260556_all_noOutliers_random_oversampling_RBFNetwork_aprox.csv,/kaggle/working/outputs/TESE_pruebas/run_20260902_145353/processed_data/reports/balanceo/matrices_confusion_balanceo/confusion_252260556_all_noOutliers_random_oversampling_RBFNetwork_aprox.png,balanceo/matrices_confusion_balanceo/confusion_252260556_all_noOutliers_random_oversampling_RBFNetwork_aprox.png
252260556,all,noOutliers,class_weight_balanced,SMO_SVM,/kaggle/working/outputs/TESE_pruebas/run_20260902_145353/processed_data/reports/balanceo/matrices_confusion_balanceo/confusion_252260556_all_noOutliers_class_weight_balanced_SMO_SVM.csv,/kaggle/working/outputs/TESE_pruebas/run_20260902_145353/processed_data/reports/balanceo/matrices_confusion_balanceo/confusion_252260556_all_noOutliers_class_weight_balanced_SMO_SVM.png,balanceo/matrices_confusion_balanceo/confusion_252260556_all_noOutliers_class_weight_balanced_SMO_SVM.png
252260556,all,noOutliers,class_weight_balanced,RandomForest,/kaggle/working/outputs/TESE_pruebas/run_20260902_145353/processed_data/reports/balanceo/matrices_confusion_balanceo/confusion_252260556_all_noOutliers_class_weight_balanced_RandomForest.csv,/kaggle/working/outputs/TESE_pruebas/run_20260902_145353/processed_data/reports/balanceo/matrices_confusion_balanceo/confusion_252260556_all_noOutliers_class_weight_balanced_RandomForest.png,balanceo/matrices_confusion_balanceo/confusion_252260556_all_noOutliers_class_weight_balanced_RandomForest.png
252260556,all,noOutliers,class_weight_balanced,RBFNetwork_aprox,/kaggle/working/outputs/TESE_pruebas/run_20260902_145353/processed_data/reports/balanceo/matrices_confusion_balanceo/confusion_252260556_all_noOutliers_class_weight_balanced_RBFNetwork_aprox.csv,/kaggle/working/outputs/TESE_pruebas/run_20260902_145353/processed_data/reports/balanceo/matrices_confusion_balanceo/confusion_252260556_all_noOutliers_class_weight_balanced_RBFNetwork_aprox.png,balanceo/matrices_confusion_balanceo/confusion_252260556_all_noOutliers_class_weight_balanced_RBFNetwork_aprox.png
252260556,all,noOutliers,smote,SMO_SVM,/kaggle/working/outputs/TESE_pruebas/run_20260902_145353/processed_data/reports/balanceo/matrices_confusion_balanceo/confusion_252260556_all_noOutliers_smote_SMO_SVM.csv,/kaggle/working/outputs/TESE_pruebas/run_20260902_145353/processed_data/reports/balanceo/matrices_confusion_balanceo/confusion_252260556_all_noOutliers_smote_SMO_SVM.png,balanceo/matrices_confusion_balanceo/confusion_252260556_all_noOutliers_smote_SMO_SVM.png
252260556,all,noOutliers,smote,RandomForest,/kaggle/working/outputs/TESE_pruebas/run_20260902_145353/processed_data/reports/balanceo/matrices_confusion_balanceo/confusion_252260556_all_noOutliers_smote_RandomForest.csv,/kaggle/working/outputs/TESE_pruebas/run_20260902_145353/processed_data/reports/balanceo/matrices_confusion_balanceo/confusion_252260556_all_noOutliers_smote_RandomForest.png,balanceo/matrices_confusion_balanceo/confusion_252260556_all_noOutliers_smote_RandomForest.png
252260556,all,noOutliers,smote,MLP,/kaggle/working/outputs/TESE_pruebas/run_20260902_145353/processed_data/reports/balanceo/matrices_confusion_balanceo/confusion_252260556_all_noOutliers_smote_MLP.csv,/kaggle/working/outputs/TESE_pruebas/run_20260902_145353/processed_data/reports/balanceo/matrices_confusion_balanceo/confusion_252260556_all_noOutliers_smote_MLP.png,balanceo/matrices_confusion_balanceo/confusion_252260556_all_noOutliers_smote_MLP.png
252260556,all,noOutliers,smote,IBk_kNN,/kaggle/working/outputs/TESE_pruebas/run_20260902_145353/processed_data/reports/balanceo/matrices_confusion_balanceo/confusion_252260556_all_noOutliers_smote_IBk_kNN.csv,/kaggle/working/outputs/TESE_pruebas/run_20260902_145353/processed_data/reports/balanceo/matrices_confusion_balanceo/confusion_252260556_all_noOutliers_smote_IBk_kNN.png,balanceo/matrices_confusion_balanceo/confusion_252260556_all_noOutliers_smote_IBk_kNN.png
252260556,all,noOutliers,smote,RBFNetwork_aprox,/kaggle/working/outputs/TESE_pruebas/run_20260902_145353/processed_data/reports/balanceo/matrices_confusion_balanceo/confusion_252260556_all_noOutliers_smote_RBFNetwork_aprox.csv,/kaggle/working/outputs/TESE_pruebas/run_20260902_145353/processed_data/reports/balanceo/matrices_confusion_balanceo/confusion_252260556_all_noOutliers_smote_RBFNetwork_aprox.png,balanceo/matrices_confusion_balanceo/confusion_252260556_all_noOutliers_smote_RBFNetwork_aprox.png
252260556,all,noOutliers,smote_tomek,SMO_SVM,/kaggle/working/outputs/TESE_pruebas/run_20260902_145353/processed_data/reports/balanceo/matrices_confusion_balanceo/confusion_252260556_all_noOutliers_smote_tomek_SMO_SVM.csv,/kaggle/working/outputs/TESE_pruebas/run_20260902_145353/processed_data/reports/balanceo/matrices_confusion_balanceo/confusion_252260556_all_noOutliers_smote_tomek_SMO_SVM.png,balanceo/matrices_confusion_balanceo/confusion_252260556_all_noOutliers_smote_tomek_SMO_SVM.png
252260556,all,noOutliers,smote_tomek,RandomForest,/kaggle/working/outputs/TESE_pruebas/run_20260902_145353/processed_data/reports/balanceo/matrices_confusion_balanceo/confusion_252260556_all_noOutliers_smote_tomek_RandomForest.csv,/kaggle/working/outputs/TESE_pruebas/run_20260902_145353/processed_data/reports/balanceo/matrices_confusion_balanceo/confusion_252260556_all_noOutliers_smote_tomek_RandomForest.png,balanceo/matrices_confusion_balanceo/confusion_252260556_all_noOutliers_smote_tomek_RandomForest.png
252260556,all,noOutliers,smote_tomek,MLP,/kaggle/working/outputs/TESE_pruebas/run_20260902_145353/processed_data/reports/balanceo/matrices_confusion_balanceo/confusion_252260556_all_noOutliers_smote_tomek_MLP.csv,/kaggle/working/outputs/TESE_pruebas/run_20260902_145353/processed_data/reports/balanceo/matrices_confusion_balanceo/confusion_252260556_all_noOutliers_smote_tomek_MLP.png,balanceo/matrices_confusion_balanceo/confusion_252260556_all_noOutliers_smote_tomek_MLP.png
252260556,all,noOutliers,smote_tomek,IBk_kNN,/kaggle/working/outputs/TESE_pruebas/run_20260902_145353/processed_data/reports/balanceo/matrices_confusion_balanceo/confusion_252260556_all_noOutliers_smote_tomek_IBk_kNN.csv,/kaggle/working/outputs/TESE_pruebas/run_20260902_145353/processed_data/reports/balanceo/matrices_confusion_balanceo/confusion_252260556_all_noOutliers_smote_tomek_IBk_kNN.png,balanceo/matrices_confusion_balanceo/confusion_252260556_all_noOutliers_smote_tomek_IBk_kNN.png
252260556,all,noOutliers,smote_tomek,RBFNetwork_aprox,/kaggle/working/outputs/TESE_pruebas/run_20260902_145353/processed_data/reports/balanceo/matrices_confusion_balanceo/confusion_252260556_all_noOutliers_smote_tomek_RBFNetwork_aprox.csv,/kaggle/working/outputs/TESE_pruebas/run_20260902_145353/processed_data/reports/balanceo/matrices_confusion_balanceo/confusion_252260556_all_noOutliers_smote_tomek_RBFNetwork_aprox.png,balanceo/matrices_confusion_balanceo/confusion_252260556_all_noOutliers_smote_tomek_RBFNetwork_aprox.png
252260556,all,noOutliers,random_undersampling_controlado,SMO_SVM,/kaggle/working/outputs/TESE_pruebas/run_20260902_145353/processed_data/reports/balanceo/matrices_confusion_balanceo/confusion_252260556_all_noOutliers_random_undersampling_controlado_SMO_SVM.csv,/kaggle/working/outputs/TESE_pruebas/run_20260902_145353/processed_data/reports/balanceo/matrices_confusion_balanceo/confusion_252260556_all_noOutliers_random_undersampling_controlado_SMO_SVM.png,balanceo/matrices_confusion_balanceo/confusion_252260556_all_noOutliers_random_undersampling_controlado_SMO_SVM.png
252260556,all,noOutliers,random_undersampling_controlado,RandomForest,/kaggle/working/outputs/TESE_pruebas/run_20260902_145353/processed_data/reports/balanceo/matrices_confusion_balanceo/confusion_252260556_all_noOutliers_random_undersampling_controlado_RandomForest.csv,/kaggle/working/outputs/TESE_pruebas/run_20260902_145353/processed_data/reports/balanceo/matrices_confusion_balanceo/confusion_252260556_all_noOutliers_random_undersampling_controlado_RandomForest.png,balanceo/matrices_confusion_balanceo/confusion_252260556_all_noOutliers_random_undersampling_controlado_RandomForest.png
252260556,all,noOutliers,random_undersampling_controlado,MLP,/kaggle/working/outputs/TESE_pruebas/run_20260902_145353/processed_data/reports/balanceo/matrices_confusion_balanceo/confusion_252260556_all_noOutliers_random_undersampling_controlado_MLP.csv,/kaggle/working/outputs/TESE_pruebas/run_20260902_145353/processed_data/reports/balanceo/matrices_confusion_balanceo/confusion_252260556_all_noOutliers_random_undersampling_controlado_MLP.png,balanceo/matrices_confusion_balanceo/confusion_252260556_all_noOutliers_random_undersampling_controlado_MLP.png
252260556,all,noOutliers,random_undersampling_controlado,IBk_kNN,/kaggle/working/outputs/TESE_pruebas/run_20260902_145353/processed_data/reports/balanceo/matrices_confusion_balanceo/confusion_252260556_all_noOutliers_random_undersampling_controlado_IBk_kNN.csv,/kaggle/working/outputs/TESE_pruebas/run_20260902_145353/processed_data/reports/balanceo/matrices_confusion_balanceo/confusion_252260556_all_noOutliers_random_undersampling_controlado_IBk_kNN.png,balanceo/matrices_confusion_balanceo/confusion_252260556_all_noOutliers_random_undersampling_controlado_IBk_kNN.png
252260556,all,noOutliers,random_undersampling_controlado,RBFNetwork_aprox,/kaggle/working/outputs/TESE_pruebas/run_20260902_145353/processed_data/reports/balanceo/matrices_confusion_balanceo/confusion_252260556_all_noOutliers_random_undersampling_controlado_RBFNetwork_aprox.csv,/kaggle/working/outputs/TESE_pruebas/run_20260902_145353/processed_data/reports/balanceo/matrices_confusion_balanceo/confusion_252260556_all_noOutliers_random_undersampling_controlado_RBFNetwork_aprox.png,balanceo/matrices_confusion_balanceo/confusion_252260556_all_noOutliers_random_undersampling_controlado_RBFNetwork_aprox.png
252260556,all,sinArtefactosConservador,sin_balanceo,SMO_SVM,/kaggle/working/outputs/TESE_pruebas/run_20260902_145353/processed_data/reports/balanceo/matrices_confusion_balanceo/confusion_252260556_all_sinArtefactosConservador_sin_balanceo_SMO_SVM.csv,/kaggle/working/outputs/TESE_pruebas/run_20260902_145353/processed_data/reports/balanceo/matrices_confusion_balanceo/confusion_252260556_all_sinArtefactosConservador_sin_balanceo_SMO_SVM.png,balanceo/matrices_confusion_balanceo/confusion_252260556_all_sinArtefactosConservador_sin_balanceo_SMO_SVM.png
252260556,all,sinArtefactosConservador,sin_balanceo,RandomForest,/kaggle/working/outputs/TESE_pruebas/run_20260902_145353/processed_data/reports/balanceo/matrices_confusion_balanceo/confusion_252260556_all_sinArtefactosConservador_sin_balanceo_RandomForest.csv,/kaggle/working/outputs/TESE_pruebas/run_20260902_145353/processed_data/reports/balanceo/matrices_confusion_balanceo/confusion_252260556_all_sinArtefactosConservador_sin_balanceo_RandomForest.png,balanceo/matrices_confusion_balanceo/confusion_252260556_all_sinArtefactosConservador_sin_balanceo_RandomForest.png
252260556,all,sinArtefactosConservador,sin_balanceo,MLP,/kaggle/working/outputs/TESE_pruebas/run_20260902_145353/processed_data/reports/balanceo/matrices_confusion_balanceo/confusion_252260556_all_sinArtefactosConservador_sin_balanceo_MLP.csv,/kaggle/working/outputs/TESE_pruebas/run_20260902_145353/processed_data/reports/balanceo/matrices_confusion_balanceo/confusion_252260556_all_sinArtefactosConservador_sin_balanceo_MLP.png,balanceo/matrices_confusion_balanceo/confusion_252260556_all_sinArtefactosConservador_sin_balanceo_MLP.png
252260556,all,sinArtefactosConservador,sin_balanceo,IBk_kNN,/kaggle/working/outputs/TESE_pruebas/run_20260902_145353/processed_data/reports/balanceo/matrices_confusion_balanceo/confusion_252260556_all_sinArtefactosConservador_sin_balanceo_IBk_kNN.csv,/kaggle/working/outputs/TESE_pruebas/run_20260902_145353/processed_data/reports/balanceo/matrices_confusion_balanceo/confusion_252260556_all_sinArtefactosConservador_sin_balanceo_IBk_kNN.png,balanceo/matrices_confusion_balanceo/confusion_252260556_all_sinArtefactosConservador_sin_balanceo_IBk_kNN.png
252260556,all,sinArtefactosConservador,sin_balanceo,RBFNetwork_aprox,/kaggle/working/outputs/TESE_pruebas/run_20260902_145353/processed_data/reports/balanceo/matrices_confusion_balanceo/confusion_252260556_all_sinArtefactosConservador_sin_balanceo_RBFNetwork_aprox.csv,/kaggle/working/outputs/TESE_pruebas/run_20260902_145353/processed_data/reports/balanceo/matrices_confusion_balanceo/confusion_252260556_all_sinArtefactosConservador_sin_balanceo_RBFNetwork_aprox.png,balanceo/matrices_confusion_balanceo/confusion_252260556_all_sinArtefactosConservador_sin_balanceo_RBFNetwork_aprox.png
252260556,all,sinArtefactosConservador,random_oversampling,SMO_SVM,/kaggle/working/outputs/TESE_pruebas/run_20260902_145353/processed_data/reports/balanceo/matrices_confusion_balanceo/confusion_252260556_all_sinArtefactosConservador_random_oversampling_SMO_SVM.csv,/kaggle/working/outputs/TESE_pruebas/run_20260902_145353/processed_data/reports/balanceo/matrices_confusion_balanceo/confusion_252260556_all_sinArtefactosConservador_random_oversampling_SMO_SVM.png,balanceo/matrices_confusion_balanceo/confusion_252260556_all_sinArtefactosConservador_random_oversampling_SMO_SVM.png
252260556,all,sinArtefactosConservador,random_oversampling,RandomForest,/kaggle/working/outputs/TESE_pruebas/run_20260902_145353/processed_data/reports/balanceo/matrices_confusion_balanceo/confusion_252260556_all_sinArtefactosConservador_random_oversampling_RandomForest.csv,/kaggle/working/outputs/TESE_pruebas/run_20260902_145353/processed_data/reports/balanceo/matrices_confusion_balanceo/confusion_252260556_all_sinArtefactosConservador_random_oversampling_RandomForest.png,balanceo/matrices_confusion_balanceo/confusion_252260556_all_sinArtefactosConservador_random_oversampling_RandomForest.png
252260556,all,sinArtefactosConservador,random_oversampling,MLP,/kaggle/working/outputs/TESE_pruebas/run_20260902_145353/processed_data/reports/balanceo/matrices_confusion_balanceo/confusion_252260556_all_sinArtefactosConservador_random_oversampling_MLP.csv,/kaggle/working/outputs/TESE_pruebas/run_20260902_145353/processed_data/reports/balanceo/matrices_confusion_balanceo/confusion_252260556_all_sinArtefactosConservador_random_oversampling_MLP.png,balanceo/matrices_confusion_balanceo/confusion_252260556_all_sinArtefactosConservador_random_oversampling_MLP.png
252260556,all,sinArtefactosConservador,random_oversampling,IBk_kNN,/kaggle/working/outputs/TESE_pruebas/run_20260902_145353/processed_data/reports/balanceo/matrices_confusion_balanceo/confusion_252260556_all_sinArtefactosConservador_random_oversampling_IBk_kNN.csv,/kaggle/working/outputs/TESE_pruebas/run_20260902_145353/processed_data/reports/balanceo/matrices_confusion_balanceo/confusion_252260556_all_sinArtefactosConservador_random_oversampling_IBk_kNN.png,balanceo/matrices_confusion_balanceo/confusion_252260556_all_sinArtefactosConservador_random_oversampling_IBk_kNN.png
252260556,all,sinArtefactosConservador,random_oversampling,RBFNetwork_aprox,/kaggle/working/outputs/TESE_pruebas/run_20260902_145353/processed_data/reports/balanceo/matrices_confusion_balanceo/confusion_252260556_all_sinArtefactosConservador_random_oversampling_RBFNetwork_aprox.csv,/kaggle/working/outputs/TESE_pruebas/run_20260902_145353/processed_data/reports/balanceo/matrices_confusion_balanceo/confusion_252260556_all_sinArtefactosConservador_random_oversampling_RBFNetwork_aprox.png,balanceo/matrices_confusion_balanceo/confusion_252260556_all_sinArtefactosConservador_random_oversampling_RBFNetwork_aprox.png
252260556,all,sinArtefactosConservador,class_weight_balanced,SMO_SVM,/kaggle/working/outputs/TESE_pruebas/run_20260902_145353/processed_data/reports/balanceo/matrices_confusion_balanceo/confusion_252260556_all_sinArtefactosConservador_class_weight_balanced_SMO_SVM.csv,/kaggle/working/outputs/TESE_pruebas/run_20260902_145353/processed_data/reports/balanceo/matrices_confusion_balanceo/confusion_252260556_all_sinArtefactosConservador_class_weight_balanced_SMO_SVM.png,balanceo/matrices_confusion_balanceo/confusion_252260556_all_sinArtefactosConservador_class_weight_balanced_SMO_SVM.png
252260556,all,sinArtefactosConservador,class_weight_balanced,RandomForest,/kaggle/working/outputs/TESE_pruebas/run_20260902_145353/processed_data/reports/balanceo/matrices_confusion_balanceo/confusion_252260556_all_sinArtefactosConservador_class_weight_balanced_RandomForest.csv,/kaggle/working/outputs/TESE_pruebas/run_20260902_145353/processed_data/reports/balanceo/matrices_confusion_balanceo/confusion_252260556_all_sinArtefactosConservador_class_weight_balanced_RandomForest.png,balanceo/matrices_confusion_balanceo/confusion_252260556_all_sinArtefactosConservador_class_weight_balanced_RandomForest.png
252260556,all,sinArtefactosConservador,class_weight_balanced,RBFNetwork_aprox,/kaggle/working/outputs/TESE_pruebas/run_20260902_145353/processed_data/reports/balanceo/matrices_confusion_balanceo/confusion_252260556_all_sinArtefactosConservador_class_weight_balanced_RBFNetwork_aprox.csv,/kaggle/working/outputs/TESE_pruebas/run_20260902_145353/processed_data/reports/balanceo/matrices_confusion_balanceo/confusion_252260556_all_sinArtefactosConservador_class_weight_balanced_RBFNetwork_aprox.png,balanceo/matrices_confusion_balanceo/confusion_252260556_all_sinArtefactosConservador_class_weight_balanced_RBFNetwork_aprox.png
252260556,all,sinArtefactosConservador,smote,SMO_SVM,/kaggle/working/outputs/TESE_pruebas/run_20260902_145353/processed_data/reports/balanceo/matrices_confusion_balanceo/confusion_252260556_all_sinArtefactosConservador_smote_SMO_SVM.csv,/kaggle/working/outputs/TESE_pruebas/run_20260902_145353/processed_data/reports/balanceo/matrices_confusion_balanceo/confusion_252260556_all_sinArtefactosConservador_smote_SMO_SVM.png,balanceo/matrices_confusion_balanceo/confusion_252260556_all_sinArtefactosConservador_smote_SMO_SVM.png
252260556,all,sinArtefactosConservador,smote,RandomForest,/kaggle/working/outputs/TESE_pruebas/run_20260902_145353/processed_data/reports/balanceo/matrices_confusion_balanceo/confusion_252260556_all_sinArtefactosConservador_smote_RandomForest.csv,/kaggle/working/outputs/TESE_pruebas/run_20260902_145353/processed_data/reports/balanceo/matrices_confusion_balanceo/confusion_252260556_all_sinArtefactosConservador_smote_RandomForest.png,balanceo/matrices_confusion_balanceo/confusion_252260556_all_sinArtefactosConservador_smote_RandomForest.png
252260556,all,sinArtefactosConservador,smote,MLP,/kaggle/working/outputs/TESE_pruebas/run_20260902_145353/processed_data/reports/balanceo/matrices_confusion_balanceo/confusion_252260556_all_sinArtefactosConservador_smote_MLP.csv,/kaggle/working/outputs/TESE_pruebas/run_20260902_145353/processed_data/reports/balanceo/matrices_confusion_balanceo/confusion_252260556_all_sinArtefactosConservador_smote_MLP.png,balanceo/matrices_confusion_balanceo/confusion_252260556_all_sinArtefactosConservador_smote_MLP.png
252260556,all,sinArtefactosConservador,smote,IBk_kNN,/kaggle/working/outputs/TESE_pruebas/run_20260902_145353/processed_data/reports/balanceo/matrices_confusion_balanceo/confusion_252260556_all_sinArtefactosConservador_smote_IBk_kNN.csv,/kaggle/working/outputs/TESE_pruebas/run_20260902_145353/processed_data/reports/balanceo/matrices_confusion_balanceo/confusion_252260556_all_sinArtefactosConservador_smote_IBk_kNN.png,balanceo/matrices_confusion_balanceo/confusion_252260556_all_sinArtefactosConservador_smote_IBk_kNN.png
252260556,all,sinArtefactosConservador,smote,RBFNetwork_aprox,/kaggle/working/outputs/TESE_pruebas/run_20260902_145353/processed_data/reports/balanceo/matrices_confusion_balanceo/confusion_252260556_all_sinArtefactosConservador_smote_RBFNetwork_aprox.csv,/kaggle/working/outputs/TESE_pruebas/run_20260902_145353/processed_data/reports/balanceo/matrices_confusion_balanceo/confusion_252260556_all_sinArtefactosConservador_smote_RBFNetwork_aprox.png,balanceo/matrices_confusion_balanceo/confusion_252260556_all_sinArtefactosConservador_smote_RBFNetwork_aprox.png
252260556,all,sinArtefactosConservador,smote_tomek,SMO_SVM,/kaggle/working/outputs/TESE_pruebas/run_20260902_145353/processed_data/reports/balanceo/matrices_confusion_balanceo/confusion_252260556_all_sinArtefactosConservador_smote_tomek_SMO_SVM.csv,/kaggle/working/outputs/TESE_pruebas/run_20260902_145353/processed_data/reports/balanceo/matrices_confusion_balanceo/confusion_252260556_all_sinArtefactosConservador_smote_tomek_SMO_SVM.png,balanceo/matrices_confusion_balanceo/confusion_252260556_all_sinArtefactosConservador_smote_tomek_SMO_SVM.png
252260556,all,sinArtefactosConservador,smote_tomek,RandomForest,/kaggle/working/outputs/TESE_pruebas/run_20260902_145353/processed_data/reports/balanceo/matrices_confusion_balanceo/confusion_252260556_all_sinArtefactosConservador_smote_tomek_RandomForest.csv,/kaggle/working/outputs/TESE_pruebas/run_20260902_145353/processed_data/reports/balanceo/matrices_confusion_balanceo/confusion_252260556_all_sinArtefactosConservador_smote_tomek_RandomForest.png,balanceo/matrices_confusion_balanceo/confusion_252260556_all_sinArtefactosConservador_smote_tomek_RandomForest.png
252260556,all,sinArtefactosConservador,smote_tomek,MLP,/kaggle/working/outputs/TESE_pruebas/run_20260902_145353/processed_data/reports/balanceo/matrices_confusion_balanceo/confusion_252260556_all_sinArtefactosConservador_smote_tomek_MLP.csv,/kaggle/working/outputs/TESE_pruebas/run_20260902_145353/processed_data/reports/balanceo/matrices_confusion_balanceo/confusion_252260556_all_sinArtefactosConservador_smote_tomek_MLP.png,balanceo/matrices_confusion_balanceo/confusion_252260556_all_sinArtefactosConservador_smote_tomek_MLP.png
252260556,all,sinArtefactosConservador,smote_tomek,IBk_kNN,/kaggle/working/outputs/TESE_pruebas/run_20260902_145353/processed_data/reports/balanceo/matrices_confusion_balanceo/confusion_252260556_all_sinArtefactosConservador_smote_tomek_IBk_kNN.csv,/kaggle/working/outputs/TESE_pruebas/run_20260902_145353/processed_data/reports/balanceo/matrices_confusion_balanceo/confusion_252260556_all_sinArtefactosConservador_smote_tomek_IBk_kNN.png,balanceo/matrices_confusion_balanceo/confusion_252260556_all_sinArtefactosConservador_smote_tomek_IBk_kNN.png
252260556,all,sinArtefactosConservador,smote_tomek,RBFNetwork_aprox,/kaggle/working/outputs/TESE_pruebas/run_20260902_145353/processed_data/reports/balanceo/matrices_confusion_balanceo/confusion_252260556_all_sinArtefactosConservador_smote_tomek_RBFNetwork_aprox.csv,/kaggle/working/outputs/TESE_pruebas/run_20260902_145353/processed_data/reports/balanceo/matrices_confusion_balanceo/confusion_252260556_all_sinArtefactosConservador_smote_tomek_RBFNetwork_aprox.png,balanceo/matrices_confusion_balanceo/confusion_252260556_all_sinArtefactosConservador_smote_tomek_RBFNetwork_aprox.png
252260556,all,sinArtefactosConservador,random_undersampling_controlado,SMO_SVM,/kaggle/working/outputs/TESE_pruebas/run_20260902_145353/processed_data/reports/balanceo/matrices_confusion_balanceo/confusion_252260556_all_sinArtefactosConservador_random_undersampling_controlado_SMO_SVM.csv,/kaggle/working/outputs/TESE_pruebas/run_20260902_145353/processed_data/reports/balanceo/matrices_confusion_balanceo/confusion_252260556_all_sinArtefactosConservador_random_undersampling_controlado_SMO_SVM.png,balanceo/matrices_confusion_balanceo/confusion_252260556_all_sinArtefactosConservador_random_undersampling_controlado_SMO_SVM.png
252260556,all,sinArtefactosConservador,random_undersampling_controlado,RandomForest,/kaggle/working/outputs/TESE_pruebas/run_20260902_145353/processed_data/reports/balanceo/matrices_confusion_balanceo/confusion_252260556_all_sinArtefactosConservador_random_undersampling_controlado_RandomForest.csv,/kaggle/working/outputs/TESE_pruebas/run_20260902_145353/processed_data/reports/balanceo/matrices_confusion_balanceo/confusion_252260556_all_sinArtefactosConservador_random_undersampling_controlado_RandomForest.png,balanceo/matrices_confusion_balanceo/confusion_252260556_all_sinArtefactosConservador_random_undersampling_controlado_RandomForest.png
252260556,all,sinArtefactosConservador,random_undersampling_controlado,MLP,/kaggle/working/outputs/TESE_pruebas/run_20260902_145353/processed_data/reports/balanceo/matrices_confusion_balanceo/confusion_252260556_all_sinArtefactosConservador_random_undersampling_controlado_MLP.csv,/kaggle/working/outputs/TESE_pruebas/run_20260902_145353/processed_data/reports/balanceo/matrices_confusion_balanceo/confusion_252260556_all_sinArtefactosConservador_random_undersampling_controlado_MLP.png,balanceo/matrices_confusion_balanceo/confusion_252260556_all_sinArtefactosConservador_random_undersampling_controlado_MLP.png
252260556,all,sinArtefactosConservador,random_undersampling_controlado,IBk_kNN,/kaggle/working/outputs/TESE_pruebas/run_20260902_145353/processed_data/reports/balanceo/matrices_confusion_balanceo/confusion_252260556_all_sinArtefactosConservador_random_undersampling_controlado_IBk_kNN.csv,/kaggle/working/outputs/TESE_pruebas/run_20260902_145353/processed_data/reports/balanceo/matrices_confusion_balanceo/confusion_252260556_all_sinArtefactosConservador_random_undersampling_controlado_IBk_kNN.png,balanceo/matrices_confusion_balanceo/confusion_252260556_all_sinArtefactosConservador_random_undersampling_controlado_IBk_kNN.png
252260556,all,sinArtefactosConservador,random_undersampling_controlado,RBFNetwork_aprox,/kaggle/working/outputs/TESE_pruebas/run_20260902_145353/processed_data/reports/balanceo/matrices_confusion_balanceo/confusion_252260556_all_sinArtefactosConservador_random_undersampling_controlado_RBFNetwork_aprox.csv,/kaggle/working/outputs/TESE_pruebas/run_20260902_145353/processed_data/reports/balanceo/matrices_confusion_balanceo/confusion_252260556_all_sinArtefactosConservador_random_undersampling_controlado_RBFNetwork_aprox.png,balanceo/matrices_confusion_balanceo/confusion_252260556_all_sinArtefactosConservador_random_undersampling_controlado_RBFNetwork_aprox.png
252260556,all,sinArtefactosEstricto,sin_balanceo,SMO_SVM,/kaggle/working/outputs/TESE_pruebas/run_20260902_145353/processed_data/reports/balanceo/matrices_confusion_balanceo/confusion_252260556_all_sinArtefactosEstricto_sin_balanceo_SMO_SVM.csv,/kaggle/working/outputs/TESE_pruebas/run_20260902_145353/processed_data/reports/balanceo/matrices_confusion_balanceo/confusion_252260556_all_sinArtefactosEstricto_sin_balanceo_SMO_SVM.png,balanceo/matrices_confusion_balanceo/confusion_252260556_all_sinArtefactosEstricto_sin_balanceo_SMO_SVM.png
252260556,all,sinArtefactosEstricto,sin_balanceo,RandomForest,/kaggle/working/outputs/TESE_pruebas/run_20260902_145353/processed_data/reports/balanceo/matrices_confusion_balanceo/confusion_252260556_all_sinArtefactosEstricto_sin_balanceo_RandomForest.csv,/kaggle/working/outputs/TESE_pruebas/run_20260902_145353/processed_data/reports/balanceo/matrices_confusion_balanceo/confusion_252260556_all_sinArtefactosEstricto_sin_balanceo_RandomForest.png,balanceo/matrices_confusion_balanceo/confusion_252260556_all_sinArtefactosEstricto_sin_balanceo_RandomForest.png
252260556,all,sinArtefactosEstricto,sin_balanceo,MLP,/kaggle/working/outputs/TESE_pruebas/run_20260902_145353/processed_data/reports/balanceo/matrices_confusion_balanceo/confusion_252260556_all_sinArtefactosEstricto_sin_balanceo_MLP.csv,/kaggle/working/outputs/TESE_pruebas/run_20260902_145353/processed_data/reports/balanceo/matrices_confusion_balanceo/confusion_252260556_all_sinArtefactosEstricto_sin_balanceo_MLP.png,balanceo/matrices_confusion_balanceo/confusion_252260556_all_sinArtefactosEstricto_sin_balanceo_MLP.png
252260556,all,sinArtefactosEstricto,sin_balanceo,IBk_kNN,/kaggle/working/outputs/TESE_pruebas/run_20260902_145353/processed_data/reports/balanceo/matrices_confusion_balanceo/confusion_252260556_all_sinArtefactosEstricto_sin_balanceo_IBk_kNN.csv,/kaggle/working/outputs/TESE_pruebas/run_20260902_145353/processed_data/reports/balanceo/matrices_confusion_balanceo/confusion_252260556_all_sinArtefactosEstricto_sin_balanceo_IBk_kNN.png,balanceo/matrices_confusion_balanceo/confusion_252260556_all_sinArtefactosEstricto_sin_balanceo_IBk_kNN.png
252260556,all,sinArtefactosEstricto,sin_balanceo,RBFNetwork_aprox,/kaggle/working/outputs/TESE_pruebas/run_20260902_145353/processed_data/reports/balanceo/matrices_confusion_balanceo/confusion_252260556_all_sinArtefactosEstricto_sin_balanceo_RBFNetwork_aprox.csv,/kaggle/working/outputs/TESE_pruebas/run_20260902_145353/processed_data/reports/balanceo/matrices_confusion_balanceo/confusion_252260556_all_sinArtefactosEstricto_sin_balanceo_RBFNetwork_aprox.png,balanceo/matrices_confusion_balanceo/confusion_252260556_all_sinArtefactosEstricto_sin_balanceo_RBFNetwork_aprox.png
252260556,all,sinArtefactosEstricto,random_oversampling,SMO_SVM,/kaggle/working/outputs/TESE_pruebas/run_20260902_145353/processed_data/reports/balanceo/matrices_confusion_balanceo/confusion_252260556_all_sinArtefactosEstricto_random_oversampling_SMO_SVM.csv,/kaggle/working/outputs/TESE_pruebas/run_20260902_145353/processed_data/reports/balanceo/matrices_confusion_balanceo/confusion_252260556_all_sinArtefactosEstricto_random_oversampling_SMO_SVM.png,balanceo/matrices_confusion_balanceo/confusion_252260556_all_sinArtefactosEstricto_random_oversampling_SMO_SVM.png
252260556,all,sinArtefactosEstricto,random_oversampling,RandomForest,/kaggle/working/outputs/TESE_pruebas/run_20260902_145353/processed_data/reports/balanceo/matrices_confusion_balanceo/confusion_252260556_all_sinArtefactosEstricto_random_oversampling_RandomForest.csv,/kaggle/working/outputs/TESE_pruebas/run_20260902_145353/processed_data/reports/balanceo/matrices_confusion_balanceo/confusion_252260556_all_sinArtefactosEstricto_random_oversampling_RandomForest.png,balanceo/matrices_confusion_balanceo/confusion_252260556_all_sinArtefactosEstricto_random_oversampling_RandomForest.png
252260556,all,sinArtefactosEstricto,random_oversampling,MLP,/kaggle/working/outputs/TESE_pruebas/run_20260902_145353/processed_data/reports/balanceo/matrices_confusion_balanceo/confusion_252260556_all_sinArtefactosEstricto_random_oversampling_MLP.csv,/kaggle/working/outputs/TESE_pruebas/run_20260902_145353/processed_data/reports/balanceo/matrices_confusion_balanceo/confusion_252260556_all_sinArtefactosEstricto_random_oversampling_MLP.png,balanceo/matrices_confusion_balanceo/confusion_252260556_all_sinArtefactosEstricto_random_oversampling_MLP.png
252260556,all,sinArtefactosEstricto,random_oversampling,IBk_kNN,/kaggle/working/outputs/TESE_pruebas/run_20260902_145353/processed_data/reports/balanceo/matrices_confusion_balanceo/confusion_252260556_all_sinArtefactosEstricto_random_oversampling_IBk_kNN.csv,/kaggle/working/outputs/TESE_pruebas/run_20260902_145353/processed_data/reports/balanceo/matrices_confusion_balanceo/confusion_252260556_all_sinArtefactosEstricto_random_oversampling_IBk_kNN.png,balanceo/matrices_confusion_balanceo/confusion_252260556_all_sinArtefactosEstricto_random_oversampling_IBk_kNN.png
252260556,all,sinArtefactosEstricto,random_oversampling,RBFNetwork_aprox,/kaggle/working/outputs/TESE_pruebas/run_20260902_145353/processed_data/reports/balanceo/matrices_confusion_balanceo/confusion_252260556_all_sinArtefactosEstricto_random_oversampling_RBFNetwork_aprox.csv,/kaggle/working/outputs/TESE_pruebas/run_20260902_145353/processed_data/reports/balanceo/matrices_confusion_balanceo/confusion_252260556_all_sinArtefactosEstricto_random_oversampling_RBFNetwork_aprox.png,balanceo/matrices_confusion_balanceo/confusion_252260556_all_sinArtefactosEstricto_random_oversampling_RBFNetwork_aprox.png
252260556,all,sinArtefactosEstricto,class_weight_balanced,SMO_SVM,/kaggle/working/outputs/TESE_pruebas/run_20260902_145353/processed_data/reports/balanceo/matrices_confusion_balanceo/confusion_252260556_all_sinArtefactosEstricto_class_weight_balanced_SMO_SVM.csv,/kaggle/working/outputs/TESE_pruebas/run_20260902_145353/processed_data/reports/balanceo/matrices_confusion_balanceo/confusion_252260556_all_sinArtefactosEstricto_class_weight_balanced_SMO_SVM.png,balanceo/matrices_confusion_balanceo/confusion_252260556_all_sinArtefactosEstricto_class_weight_balanced_SMO_SVM.png
252260556,all,sinArtefactosEstricto,class_weight_balanced,RandomForest,/kaggle/working/outputs/TESE_pruebas/run_20260902_145353/processed_data/reports/balanceo/matrices_confusion_balanceo/confusion_252260556_all_sinArtefactosEstricto_class_weight_balanced_RandomForest.csv,/kaggle/working/outputs/TESE_pruebas/run_20260902_145353/processed_data/reports/balanceo/matrices_confusion_balanceo/confusion_252260556_all_sinArtefactosEstricto_class_weight_balanced_RandomForest.png,balanceo/matrices_confusion_balanceo/confusion_252260556_all_sinArtefactosEstricto_class_weight_balanced_RandomForest.png
252260556,all,sinArtefactosEstricto,class_weight_balanced,RBFNetwork_aprox,/kaggle/working/outputs/TESE_pruebas/run_20260902_145353/processed_data/reports/balanceo/matrices_confusion_balanceo/confusion_252260556_all_sinArtefactosEstricto_class_weight_balanced_RBFNetwork_aprox.csv,/kaggle/working/outputs/TESE_pruebas/run_20260902_145353/processed_data/reports/balanceo/matrices_confusion_balanceo/confusion_252260556_all_sinArtefactosEstricto_class_weight_balanced_RBFNetwork_aprox.png,balanceo/matrices_confusion_balanceo/confusion_252260556_all_sinArtefactosEstricto_class_weight_balanced_RBFNetwork_aprox.png
252260556,all,sinArtefactosEstricto,smote,SMO_SVM,/kaggle/working/outputs/TESE_pruebas/run_20260902_145353/processed_data/reports/balanceo/matrices_confusion_balanceo/confusion_252260556_all_sinArtefactosEstricto_smote_SMO_SVM.csv,/kaggle/working/outputs/TESE_pruebas/run_20260902_145353/processed_data/reports/balanceo/matrices_confusion_balanceo/confusion_252260556_all_sinArtefactosEstricto_smote_SMO_SVM.png,balanceo/matrices_confusion_balanceo/confusion_252260556_all_sinArtefactosEstricto_smote_SMO_SVM.png
252260556,all,sinArtefactosEstricto,smote,RandomForest,/kaggle/working/outputs/TESE_pruebas/run_20260902_145353/processed_data/reports/balanceo/matrices_confusion_balanceo/confusion_252260556_all_sinArtefactosEstricto_smote_RandomForest.csv,/kaggle/working/outputs/TESE_pruebas/run_20260902_145353/processed_data/reports/balanceo/matrices_confusion_balanceo/confusion_252260556_all_sinArtefactosEstricto_smote_RandomForest.png,balanceo/matrices_confusion_balanceo/confusion_252260556_all_sinArtefactosEstricto_smote_RandomForest.png
252260556,all,sinArtefactosEstricto,smote,MLP,/kaggle/working/outputs/TESE_pruebas/run_20260902_145353/processed_data/reports/balanceo/matrices_confusion_balanceo/confusion_252260556_all_sinArtefactosEstricto_smote_MLP.csv,/kaggle/working/outputs/TESE_pruebas/run_20260902_145353/processed_data/reports/balanceo/matrices_confusion_balanceo/confusion_252260556_all_sinArtefactosEstricto_smote_MLP.png,balanceo/matrices_confusion_balanceo/confusion_252260556_all_sinArtefactosEstricto_smote_MLP.png
252260556,all,sinArtefactosEstricto,smote,IBk_kNN,/kaggle/working/outputs/TESE_pruebas/run_20260902_145353/processed_data/reports/balanceo/matrices_confusion_balanceo/confusion_252260556_all_sinArtefactosEstricto_smote_IBk_kNN.csv,/kaggle/working/outputs/TESE_pruebas/run_20260902_145353/processed_data/reports/balanceo/matrices_confusion_balanceo/confusion_252260556_all_sinArtefactosEstricto_smote_IBk_kNN.png,balanceo/matrices_confusion_balanceo/confusion_252260556_all_sinArtefactosEstricto_smote_IBk_kNN.png
252260556,all,sinArtefactosEstricto,smote,RBFNetwork_aprox,/kaggle/working/outputs/TESE_pruebas/run_20260902_145353/processed_data/reports/balanceo/matrices_confusion_balanceo/confusion_252260556_all_sinArtefactosEstricto_smote_RBFNetwork_aprox.csv,/kaggle/working/outputs/TESE_pruebas/run_20260902_145353/processed_data/reports/balanceo/matrices_confusion_balanceo/confusion_252260556_all_sinArtefactosEstricto_smote_RBFNetwork_aprox.png,balanceo/matrices_confusion_balanceo/confusion_252260556_all_sinArtefactosEstricto_smote_RBFNetwork_aprox.png
252260556,all,sinArtefactosEstricto,smote_tomek,SMO_SVM,/kaggle/working/outputs/TESE_pruebas/run_20260902_145353/processed_data/reports/balanceo/matrices_confusion_balanceo/confusion_252260556_all_sinArtefactosEstricto_smote_tomek_SMO_SVM.csv,/kaggle/working/outputs/TESE_pruebas/run_20260902_145353/processed_data/reports/balanceo/matrices_confusion_balanceo/confusion_252260556_all_sinArtefactosEstricto_smote_tomek_SMO_SVM.png,balanceo/matrices_confusion_balanceo/confusion_252260556_all_sinArtefactosEstricto_smote_tomek_SMO_SVM.png
252260556,all,sinArtefactosEstricto,smote_tomek,RandomForest,/kaggle/working/outputs/TESE_pruebas/run_20260902_145353/processed_data/reports/balanceo/matrices_confusion_balanceo/confusion_252260556_all_sinArtefactosEstricto_smote_tomek_RandomForest.csv,/kaggle/working/outputs/TESE_pruebas/run_20260902_145353/processed_data/reports/balanceo/matrices_confusion_balanceo/confusion_252260556_all_sinArtefactosEstricto_smote_tomek_RandomForest.png,balanceo/matrices_confusion_balanceo/confusion_252260556_all_sinArtefactosEstricto_smote_tomek_RandomForest.png
252260556,all,sinArtefactosEstricto,smote_tomek,MLP,/kaggle/working/outputs/TESE_pruebas/run_20260902_145353/processed_data/reports/balanceo/matrices_confusion_balanceo/confusion_252260556_all_sinArtefactosEstricto_smote_tomek_MLP.csv,/kaggle/working/outputs/TESE_pruebas/run_20260902_145353/processed_data/reports/balanceo/matrices_confusion_balanceo/confusion_252260556_all_sinArtefactosEstricto_smote_tomek_MLP.png,balanceo/matrices_confusion_balanceo/confusion_252260556_all_sinArtefactosEstricto_smote_tomek_MLP.png
252260556,all,sinArtefactosEstricto,smote_tomek,IBk_kNN,/kaggle/working/outputs/TESE_pruebas/run_20260902_145353/processed_data/reports/balanceo/matrices_confusion_balanceo/confusion_252260556_all_sinArtefactosEstricto_smote_tomek_IBk_kNN.csv,/kaggle/working/outputs/TESE_pruebas/run_20260902_145353/processed_data/reports/balanceo/matrices_confusion_balanceo/confusion_252260556_all_sinArtefactosEstricto_smote_tomek_IBk_kNN.png,balanceo/matrices_confusion_balanceo/confusion_252260556_all_sinArtefactosEstricto_smote_tomek_IBk_kNN.png
252260556,all,sinArtefactosEstricto,smote_tomek,RBFNetwork_aprox,/kaggle/working/outputs/TESE_pruebas/run_20260902_145353/processed_data/reports/balanceo/matrices_confusion_balanceo/confusion_252260556_all_sinArtefactosEstricto_smote_tomek_RBFNetwork_aprox.csv,/kaggle/working/outputs/TESE_pruebas/run_20260902_145353/processed_data/reports/balanceo/matrices_confusion_balanceo/confusion_252260556_all_sinArtefactosEstricto_smote_tomek_RBFNetwork_aprox.png,balanceo/matrices_confusion_balanceo/confusion_252260556_all_sinArtefactosEstricto_smote_tomek_RBFNetwork_aprox.png
252260556,all,sinArtefactosEstricto,random_undersampling_controlado,SMO_SVM,/kaggle/working/outputs/TESE_pruebas/run_20260902_145353/processed_data/reports/balanceo/matrices_confusion_balanceo/confusion_252260556_all_sinArtefactosEstricto_random_undersampling_controlado_SMO_SVM.csv,/kaggle/working/outputs/TESE_pruebas/run_20260902_145353/processed_data/reports/balanceo/matrices_confusion_balanceo/confusion_252260556_all_sinArtefactosEstricto_random_undersampling_controlado_SMO_SVM.png,balanceo/matrices_confusion_balanceo/confusion_252260556_all_sinArtefactosEstricto_random_undersampling_controlado_SMO_SVM.png
252260556,all,sinArtefactosEstricto,random_undersampling_controlado,RandomForest,/kaggle/working/outputs/TESE_pruebas/run_20260902_145353/processed_data/reports/balanceo/matrices_confusion_balanceo/confusion_252260556_all_sinArtefactosEstricto_random_undersampling_controlado_RandomForest.csv,/kaggle/working/outputs/TESE_pruebas/run_20260902_145353/processed_data/reports/balanceo/matrices_confusion_balanceo/confusion_252260556_all_sinArtefactosEstricto_random_undersampling_controlado_RandomForest.png,balanceo/matrices_confusion_balanceo/confusion_252260556_all_sinArtefactosEstricto_random_undersampling_controlado_RandomForest.png
252260556,all,sinArtefactosEstricto,random_undersampling_controlado,MLP,/kaggle/working/outputs/TESE_pruebas/run_20260902_145353/processed_data/reports/balanceo/matrices_confusion_balanceo/confusion_252260556_all_sinArtefactosEstricto_random_undersampling_controlado_MLP.csv,/kaggle/working/outputs/TESE_pruebas/run_20260902_145353/processed_data/reports/balanceo/matrices_confusion_balanceo/confusion_252260556_all_sinArtefactosEstricto_random_undersampling_controlado_MLP.png,balanceo/matrices_confusion_balanceo/confusion_252260556_all_sinArtefactosEstricto_random_undersampling_controlado_MLP.png
252260556,all,sinArtefactosEstricto,random_undersampling_controlado,IBk_kNN,/kaggle/working/outputs/TESE_pruebas/run_20260902_145353/processed_data/reports/balanceo/matrices_confusion_balanceo/confusion_252260556_all_sinArtefactosEstricto_random_undersampling_controlado_IBk_kNN.csv,/kaggle/working/outputs/TESE_pruebas/run_20260902_145353/processed_data/reports/balanceo/matrices_confusion_balanceo/confusion_252260556_all_sinArtefactosEstricto_random_undersampling_controlado_IBk_kNN.png,balanceo/matrices_confusion_balanceo/confusion_252260556_all_sinArtefactosEstricto_random_undersampling_controlado_IBk_kNN.png
252260556,all,sinArtefactosEstricto,random_undersampling_controlado,RBFNetwork_aprox,/kaggle/working/outputs/TESE_pruebas/run_20260902_145353/processed_data/reports/balanceo/matrices_confusion_balanceo/confusion_252260556_all_sinArtefactosEstricto_random_undersampling_controlado_RBFNetwork_aprox.csv,/kaggle/working/outputs/TESE_pruebas/run_20260902_145353/processed_data/reports/balanceo/matrices_confusion_balanceo/confusion_252260556_all_sinArtefactosEstricto_random_undersampling_controlado_RBFNetwork_aprox.png,balanceo/matrices_confusion_balanceo/confusion_252260556_all_sinArtefactosEstricto_random_undersampling_controlado_RBFNetwork_aprox.png
252260670,all,noOutliers,sin_balanceo,SMO_SVM,/kaggle/working/outputs/TESE_pruebas/run_20260902_145353/processed_data/reports/balanceo/matrices_confusion_balanceo/confusion_252260670_all_noOutliers_sin_balanceo_SMO_SVM.csv,/kaggle/working/outputs/TESE_pruebas/run_20260902_145353/processed_data/reports/balanceo/matrices_confusion_balanceo/confusion_252260670_all_noOutliers_sin_balanceo_SMO_SVM.png,balanceo/matrices_confusion_balanceo/confusion_252260670_all_noOutliers_sin_balanceo_SMO_SVM.png
252260670,all,noOutliers,sin_balanceo,RandomForest,/kaggle/working/outputs/TESE_pruebas/run_20260902_145353/processed_data/reports/balanceo/matrices_confusion_balanceo/confusion_252260670_all_noOutliers_sin_balanceo_RandomForest.csv,/kaggle/working/outputs/TESE_pruebas/run_20260902_145353/processed_data/reports/balanceo/matrices_confusion_balanceo/confusion_252260670_all_noOutliers_sin_balanceo_RandomForest.png,balanceo/matrices_confusion_balanceo/confusion_252260670_all_noOutliers_sin_balanceo_RandomForest.png
252260670,all,noOutliers,sin_balanceo,MLP,/kaggle/working/outputs/TESE_pruebas/run_20260902_145353/processed_data/reports/balanceo/matrices_confusion_balanceo/confusion_252260670_all_noOutliers_sin_balanceo_MLP.csv,/kaggle/working/outputs/TESE_pruebas/run_20260902_145353/processed_data/reports/balanceo/matrices_confusion_balanceo/confusion_252260670_all_noOutliers_sin_balanceo_MLP.png,balanceo/matrices_confusion_balanceo/confusion_252260670_all_noOutliers_sin_balanceo_MLP.png
252260670,all,noOutliers,sin_balanceo,IBk_kNN,/kaggle/working/outputs/TESE_pruebas/run_20260902_145353/processed_data/reports/balanceo/matrices_confusion_balanceo/confusion_252260670_all_noOutliers_sin_balanceo_IBk_kNN.csv,/kaggle/working/outputs/TESE_pruebas/run_20260902_145353/processed_data/reports/balanceo/matrices_confusion_balanceo/confusion_252260670_all_noOutliers_sin_balanceo_IBk_kNN.png,balanceo/matrices_confusion_balanceo/confusion_252260670_all_noOutliers_sin_balanceo_IBk_kNN.png
252260670,all,noOutliers,sin_balanceo,RBFNetwork_aprox,/kaggle/working/outputs/TESE_pruebas/run_20260902_145353/processed_data/reports/balanceo/matrices_confusion_balanceo/confusion_252260670_all_noOutliers_sin_balanceo_RBFNetwork_aprox.csv,/kaggle/working/outputs/TESE_pruebas/run_20260902_145353/processed_data/reports/balanceo/matrices_confusion_balanceo/confusion_252260670_all_noOutliers_sin_balanceo_RBFNetwork_aprox.png,balanceo/matrices_confusion_balanceo/confusion_252260670_all_noOutliers_sin_balanceo_RBFNetwork_aprox.png
252260670,all,noOutliers,random_oversampling,SMO_SVM,/kaggle/working/outputs/TESE_pruebas/run_20260902_145353/processed_data/reports/balanceo/matrices_confusion_balanceo/confusion_252260670_all_noOutliers_random_oversampling_SMO_SVM.csv,/kaggle/working/outputs/TESE_pruebas/run_20260902_145353/processed_data/reports/balanceo/matrices_confusion_balanceo/confusion_252260670_all_noOutliers_random_oversampling_SMO_SVM.png,balanceo/matrices_confusion_balanceo/confusion_252260670_all_noOutliers_random_oversampling_SMO_SVM.png
252260670,all,noOutliers,random_oversampling,RandomForest,/kaggle/working/outputs/TESE_pruebas/run_20260902_145353/processed_data/reports/balanceo/matrices_confusion_balanceo/confusion_252260670_all_noOutliers_random_oversampling_RandomForest.csv,/kaggle/working/outputs/TESE_pruebas/run_20260902_145353/processed_data/reports/balanceo/matrices_confusion_balanceo/confusion_252260670_all_noOutliers_random_oversampling_RandomForest.png,balanceo/matrices_confusion_balanceo/confusion_252260670_all_noOutliers_random_oversampling_RandomForest.png
252260670,all,noOutliers,random_oversampling,MLP,/kaggle/working/outputs/TESE_pruebas/run_20260902_145353/processed_data/reports/balanceo/matrices_confusion_balanceo/confusion_252260670_all_noOutliers_random_oversampling_MLP.csv,/kaggle/working/outputs/TESE_pruebas/run_20260902_145353/processed_data/reports/balanceo/matrices_confusion_balanceo/confusion_252260670_all_noOutliers_random_oversampling_MLP.png,balanceo/matrices_confusion_balanceo/confusion_252260670_all_noOutliers_random_oversampling_MLP.png
252260670,all,noOutliers,random_oversampling,IBk_kNN,/kaggle/working/outputs/TESE_pruebas/run_20260902_145353/processed_data/reports/balanceo/matrices_confusion_balanceo/confusion_252260670_all_noOutliers_random_oversampling_IBk_kNN.csv,/kaggle/working/outputs/TESE_pruebas/run_20260902_145353/processed_data/reports/balanceo/matrices_confusion_balanceo/confusion_252260670_all_noOutliers_random_oversampling_IBk_kNN.png,balanceo/matrices_confusion_balanceo/confusion_252260670_all_noOutliers_random_oversampling_IBk_kNN.png
252260670,all,noOutliers,random_oversampling,RBFNetwork_aprox,/kaggle/working/outputs/TESE_pruebas/run_20260902_145353/processed_data/reports/balanceo/matrices_confusion_balanceo/confusion_252260670_all_noOutliers_random_oversampling_RBFNetwork_aprox.csv,/kaggle/working/outputs/TESE_pruebas/run_20260902_145353/processed_data/reports/balanceo/matrices_confusion_balanceo/confusion_252260670_all_noOutliers_random_oversampling_RBFNetwork_aprox.png,balanceo/matrices_confusion_balanceo/confusion_252260670_all_noOutliers_random_oversampling_RBFNetwork_aprox.png
252260670,all,noOutliers,class_weight_balanced,SMO_SVM,/kaggle/working/outputs/TESE_pruebas/run_20260902_145353/processed_data/reports/balanceo/matrices_confusion_balanceo/confusion_252260670_all_noOutliers_class_weight_balanced_SMO_SVM.csv,/kaggle/working/outputs/TESE_pruebas/run_20260902_145353/processed_data/reports/balanceo/matrices_confusion_balanceo/confusion_252260670_all_noOutliers_class_weight_balanced_SMO_SVM.png,balanceo/matrices_confusion_balanceo/confusion_252260670_all_noOutliers_class_weight_balanced_SMO_SVM.png
252260670,all,noOutliers,class_weight_balanced,RandomForest,/kaggle/working/outputs/TESE_pruebas/run_20260902_145353/processed_data/reports/balanceo/matrices_confusion_balanceo/confusion_252260670_all_noOutliers_class_weight_balanced_RandomForest.csv,/kaggle/working/outputs/TESE_pruebas/run_20260902_145353/processed_data/reports/balanceo/matrices_confusion_balanceo/confusion_252260670_all_noOutliers_class_weight_balanced_RandomForest.png,balanceo/matrices_confusion_balanceo/confusion_252260670_all_noOutliers_class_weight_balanced_RandomForest.png
252260670,all,noOutliers,class_weight_balanced,RBFNetwork_aprox,/kaggle/working/outputs/TESE_pruebas/run_20260902_145353/processed_data/reports/balanceo/matrices_confusion_balanceo/confusion_252260670_all_noOutliers_class_weight_balanced_RBFNetwork_aprox.csv,/kaggle/working/outputs/TESE_pruebas/run_20260902_145353/processed_data/reports/balanceo/matrices_confusion_balanceo/confusion_252260670_all_noOutliers_class_weight_balanced_RBFNetwork_aprox.png,balanceo/matrices_confusion_balanceo/confusion_252260670_all_noOutliers_class_weight_balanced_RBFNetwork_aprox.png
252260670,all,noOutliers,random_undersampling_controlado,SMO_SVM,/kaggle/working/outputs/TESE_pruebas/run_20260902_145353/processed_data/reports/balanceo/matrices_confusion_balanceo/confusion_252260670_all_noOutliers_random_undersampling_controlado_SMO_SVM.csv,/kaggle/working/outputs/TESE_pruebas/run_20260902_145353/processed_data/reports/balanceo/matrices_confusion_balanceo/confusion_252260670_all_noOutliers_random_undersampling_controlado_SMO_SVM.png,balanceo/matrices_confusion_balanceo/confusion_252260670_all_noOutliers_random_undersampling_controlado_SMO_SVM.png
252260670,all,noOutliers,random_undersampling_controlado,RandomForest,/kaggle/working/outputs/TESE_pruebas/run_20260902_145353/processed_data/reports/balanceo/matrices_confusion_balanceo/confusion_252260670_all_noOutliers_random_undersampling_controlado_RandomForest.csv,/kaggle/working/outputs/TESE_pruebas/run_20260902_145353/processed_data/reports/balanceo/matrices_confusion_balanceo/confusion_252260670_all_noOutliers_random_undersampling_controlado_RandomForest.png,balanceo/matrices_confusion_balanceo/confusion_252260670_all_noOutliers_random_undersampling_controlado_RandomForest.png
252260670,all,noOutliers,random_undersampling_controlado,MLP,/kaggle/working/outputs/TESE_pruebas/run_20260902_145353/processed_data/reports/balanceo/matrices_confusion_balanceo/confusion_252260670_all_noOutliers_random_undersampling_controlado_MLP.csv,/kaggle/working/outputs/TESE_pruebas/run_20260902_145353/processed_data/reports/balanceo/matrices_confusion_balanceo/confusion_252260670_all_noOutliers_random_undersampling_controlado_MLP.png,balanceo/matrices_confusion_balanceo/confusion_252260670_all_noOutliers_random_undersampling_controlado_MLP.png
252260670,all,noOutliers,random_undersampling_controlado,IBk_kNN,/kaggle/working/outputs/TESE_pruebas/run_20260902_145353/processed_data/reports/balanceo/matrices_confusion_balanceo/confusion_252260670_all_noOutliers_random_undersampling_controlado_IBk_kNN.csv,/kaggle/working/outputs/TESE_pruebas/run_20260902_145353/processed_data/reports/balanceo/matrices_confusion_balanceo/confusion_252260670_all_noOutliers_random_undersampling_controlado_IBk_kNN.png,balanceo/matrices_confusion_balanceo/confusion_252260670_all_noOutliers_random_undersampling_controlado_IBk_kNN.png
252260670,all,noOutliers,random_undersampling_controlado,RBFNetwork_aprox,/kaggle/working/outputs/TESE_pruebas/run_20260902_145353/processed_data/reports/balanceo/matrices_confusion_balanceo/confusion_252260670_all_noOutliers_random_undersampling_controlado_RBFNetwork_aprox.csv,/kaggle/working/outputs/TESE_pruebas/run_20260902_145353/processed_data/reports/balanceo/matrices_confusion_balanceo/confusion_252260670_all_noOutliers_random_undersampling_controlado_RBFNetwork_aprox.png,balanceo/matrices_confusion_balanceo/confusion_252260670_all_noOutliers_random_undersampling_controlado_RBFNetwork_aprox.png
cano,all,noOutliers,sin_balanceo,SMO_SVM,/kaggle/working/outputs/TESE_pruebas/run_20260902_145353/processed_data/reports/balanceo/matrices_confusion_balanceo/confusion_cano_all_noOutliers_sin_balanceo_SMO_SVM.csv,/kaggle/working/outputs/TESE_pruebas/run_20260902_145353/processed_data/reports/balanceo/matrices_confusion_balanceo/confusion_cano_all_noOutliers_sin_balanceo_SMO_SVM.png,balanceo/matrices_confusion_balanceo/confusion_cano_all_noOutliers_sin_balanceo_SMO_SVM.png
cano,all,noOutliers,sin_balanceo,RandomForest,/kaggle/working/outputs/TESE_pruebas/run_20260902_145353/processed_data/reports/balanceo/matrices_confusion_balanceo/confusion_cano_all_noOutliers_sin_balanceo_RandomForest.csv,/kaggle/working/outputs/TESE_pruebas/run_20260902_145353/processed_data/reports/balanceo/matrices_confusion_balanceo/confusion_cano_all_noOutliers_sin_balanceo_RandomForest.png,balanceo/matrices_confusion_balanceo/confusion_cano_all_noOutliers_sin_balanceo_RandomForest.png
cano,all,noOutliers,sin_balanceo,MLP,/kaggle/working/outputs/TESE_pruebas/run_20260902_145353/processed_data/reports/balanceo/matrices_confusion_balanceo/confusion_cano_all_noOutliers_sin_balanceo_MLP.csv,/kaggle/working/outputs/TESE_pruebas/run_20260902_145353/processed_data/reports/balanceo/matrices_confusion_balanceo/confusion_cano_all_noOutliers_sin_balanceo_MLP.png,balanceo/matrices_confusion_balanceo/confusion_cano_all_noOutliers_sin_balanceo_MLP.png
cano,all,noOutliers,sin_balanceo,IBk_kNN,/kaggle/working/outputs/TESE_pruebas/run_20260902_145353/processed_data/reports/balanceo/matrices_confusion_balanceo/confusion_cano_all_noOutliers_sin_balanceo_IBk_kNN.csv,/kaggle/working/outputs/TESE_pruebas/run_20260902_145353/processed_data/reports/balanceo/matrices_confusion_balanceo/confusion_cano_all_noOutliers_sin_balanceo_IBk_kNN.png,balanceo/matrices_confusion_balanceo/confusion_cano_all_noOutliers_sin_balanceo_IBk_kNN.png
cano,all,noOutliers,sin_balanceo,RBFNetwork_aprox,/kaggle/working/outputs/TESE_pruebas/run_20260902_145353/processed_data/reports/balanceo/matrices_confusion_balanceo/confusion_cano_all_noOutliers_sin_balanceo_RBFNetwork_aprox.csv,/kaggle/working/outputs/TESE_pruebas/run_20260902_145353/processed_data/reports/balanceo/matrices_confusion_balanceo/confusion_cano_all_noOutliers_sin_balanceo_RBFNetwork_aprox.png,balanceo/matrices_confusion_balanceo/confusion_cano_all_noOutliers_sin_balanceo_RBFNetwork_aprox.png
cano,all,noOutliers,random_oversampling,SMO_SVM,/kaggle/working/outputs/TESE_pruebas/run_20260902_145353/processed_data/reports/balanceo/matrices_confusion_balanceo/confusion_cano_all_noOutliers_random_oversampling_SMO_SVM.csv,/kaggle/working/outputs/TESE_pruebas/run_20260902_145353/processed_data/reports/balanceo/matrices_confusion_balanceo/confusion_cano_all_noOutliers_random_oversampling_SMO_SVM.png,balanceo/matrices_confusion_balanceo/confusion_cano_all_noOutliers_random_oversampling_SMO_SVM.png
cano,all,noOutliers,random_oversampling,RandomForest,/kaggle/working/outputs/TESE_pruebas/run_20260902_145353/processed_data/reports/balanceo/matrices_confusion_balanceo/confusion_cano_all_noOutliers_random_oversampling_RandomForest.csv,/kaggle/working/outputs/TESE_pruebas/run_20260902_145353/processed_data/reports/balanceo/matrices_confusion_balanceo/confusion_cano_all_noOutliers_random_oversampling_RandomForest.png,balanceo/matrices_confusion_balanceo/confusion_cano_all_noOutliers_random_oversampling_RandomForest.png
cano,all,noOutliers,random_oversampling,MLP,/kaggle/working/outputs/TESE_pruebas/run_20260902_145353/processed_data/reports/balanceo/matrices_confusion_balanceo/confusion_cano_all_noOutliers_random_oversampling_MLP.csv,/kaggle/working/outputs/TESE_pruebas/run_20260902_145353/processed_data/reports/balanceo/matrices_confusion_balanceo/confusion_cano_all_noOutliers_random_oversampling_MLP.png,balanceo/matrices_confusion_balanceo/confusion_cano_all_noOutliers_random_oversampling_MLP.png
cano,all,noOutliers,random_oversampling,IBk_kNN,/kaggle/working/outputs/TESE_pruebas/run_20260902_145353/processed_data/reports/balanceo/matrices_confusion_balanceo/confusion_cano_all_noOutliers_random_oversampling_IBk_kNN.csv,/kaggle/working/outputs/TESE_pruebas/run_20260902_145353/processed_data/reports/balanceo/matrices_confusion_balanceo/confusion_cano_all_noOutliers_random_oversampling_IBk_kNN.png,balanceo/matrices_confusion_balanceo/confusion_cano_all_noOutliers_random_oversampling_IBk_kNN.png
cano,all,noOutliers,random_oversampling,RBFNetwork_aprox,/kaggle/working/outputs/TESE_pruebas/run_20260902_145353/processed_data/reports/balanceo/matrices_confusion_balanceo/confusion_cano_all_noOutliers_random_oversampling_RBFNetwork_aprox.csv,/kaggle/working/outputs/TESE_pruebas/run_20260902_145353/processed_data/reports/balanceo/matrices_confusion_balanceo/confusion_cano_all_noOutliers_random_oversampling_RBFNetwork_aprox.png,balanceo/matrices_confusion_balanceo/confusion_cano_all_noOutliers_random_oversampling_RBFNetwork_aprox.png
cano,all,noOutliers,class_weight_balanced,SMO_SVM,/kaggle/working/outputs/TESE_pruebas/run_20260902_145353/processed_data/reports/balanceo/matrices_confusion_balanceo/confusion_cano_all_noOutliers_class_weight_balanced_SMO_SVM.csv,/kaggle/working/outputs/TESE_pruebas/run_20260902_145353/processed_data/reports/balanceo/matrices_confusion_balanceo/confusion_cano_all_noOutliers_class_weight_balanced_SMO_SVM.png,balanceo/matrices_confusion_balanceo/confusion_cano_all_noOutliers_class_weight_balanced_SMO_SVM.png
cano,all,noOutliers,class_weight_balanced,RandomForest,/kaggle/working/outputs/TESE_pruebas/run_20260902_145353/processed_data/reports/balanceo/matrices_confusion_balanceo/confusion_cano_all_noOutliers_class_weight_balanced_RandomForest.csv,/kaggle/working/outputs/TESE_pruebas/run_20260902_145353/processed_data/reports/balanceo/matrices_confusion_balanceo/confusion_cano_all_noOutliers_class_weight_balanced_RandomForest.png,balanceo/matrices_confusion_balanceo/confusion_cano_all_noOutliers_class_weight_balanced_RandomForest.png
cano,all,noOutliers,class_weight_balanced,RBFNetwork_aprox,/kaggle/working/outputs/TESE_pruebas/run_20260902_145353/processed_data/reports/balanceo/matrices_confusion_balanceo/confusion_cano_all_noOutliers_class_weight_balanced_RBFNetwork_aprox.csv,/kaggle/working/outputs/TESE_pruebas/run_20260902_145353/processed_data/reports/balanceo/matrices_confusion_balanceo/confusion_cano_all_noOutliers_class_weight_balanced_RBFNetwork_aprox.png,balanceo/matrices_confusion_balanceo/confusion_cano_all_noOutliers_class_weight_balanced_RBFNetwork_aprox.png
cano,all,noOutliers,smote,SMO_SVM,/kaggle/working/outputs/TESE_pruebas/run_20260902_145353/processed_data/reports/balanceo/matrices_confusion_balanceo/confusion_cano_all_noOutliers_smote_SMO_SVM.csv,/kaggle/working/outputs/TESE_pruebas/run_20260902_145353/processed_data/reports/balanceo/matrices_confusion_balanceo/confusion_cano_all_noOutliers_smote_SMO_SVM.png,balanceo/matrices_confusion_balanceo/confusion_cano_all_noOutliers_smote_SMO_SVM.png
cano,all,noOutliers,smote,RandomForest,/kaggle/working/outputs/TESE_pruebas/run_20260902_145353/processed_data/reports/balanceo/matrices_confusion_balanceo/confusion_cano_all_noOutliers_smote_RandomForest.csv,/kaggle/working/outputs/TESE_pruebas/run_20260902_145353/processed_data/reports/balanceo/matrices_confusion_balanceo/confusion_cano_all_noOutliers_smote_RandomForest.png,balanceo/matrices_confusion_balanceo/confusion_cano_all_noOutliers_smote_RandomForest.png
cano,all,noOutliers,smote,MLP,/kaggle/working/outputs/TESE_pruebas/run_20260902_145353/processed_data/reports/balanceo/matrices_confusion_balanceo/confusion_cano_all_noOutliers_smote_MLP.csv,/kaggle/working/outputs/TESE_pruebas/run_20260902_145353/processed_data/reports/balanceo/matrices_confusion_balanceo/confusion_cano_all_noOutliers_smote_MLP.png,balanceo/matrices_confusion_balanceo/confusion_cano_all_noOutliers_smote_MLP.png
cano,all,noOutliers,smote,IBk_kNN,/kaggle/working/outputs/TESE_pruebas/run_20260902_145353/processed_data/reports/balanceo/matrices_confusion_balanceo/confusion_cano_all_noOutliers_smote_IBk_kNN.csv,/kaggle/working/outputs/TESE_pruebas/run_20260902_145353/processed_data/reports/balanceo/matrices_confusion_balanceo/confusion_cano_all_noOutliers_smote_IBk_kNN.png,balanceo/matrices_confusion_balanceo/confusion_cano_all_noOutliers_smote_IBk_kNN.png
cano,all,noOutliers,smote,RBFNetwork_aprox,/kaggle/working/outputs/TESE_pruebas/run_20260902_145353/processed_data/reports/balanceo/matrices_confusion_balanceo/confusion_cano_all_noOutliers_smote_RBFNetwork_aprox.csv,/kaggle/working/outputs/TESE_pruebas/run_20260902_145353/processed_data/reports/balanceo/matrices_confusion_balanceo/confusion_cano_all_noOutliers_smote_RBFNetwork_aprox.png,balanceo/matrices_confusion_balanceo/confusion_cano_all_noOutliers_smote_RBFNetwork_aprox.png
cano,all,noOutliers,smote_tomek,SMO_SVM,/kaggle/working/outputs/TESE_pruebas/run_20260902_145353/processed_data/reports/balanceo/matrices_confusion_balanceo/confusion_cano_all_noOutliers_smote_tomek_SMO_SVM.csv,/kaggle/working/outputs/TESE_pruebas/run_20260902_145353/processed_data/reports/balanceo/matrices_confusion_balanceo/confusion_cano_all_noOutliers_smote_tomek_SMO_SVM.png,balanceo/matrices_confusion_balanceo/confusion_cano_all_noOutliers_smote_tomek_SMO_SVM.png
cano,all,noOutliers,smote_tomek,RandomForest,/kaggle/working/outputs/TESE_pruebas/run_20260902_145353/processed_data/reports/balanceo/matrices_confusion_balanceo/confusion_cano_all_noOutliers_smote_tomek_RandomForest.csv,/kaggle/working/outputs/TESE_pruebas/run_20260902_145353/processed_data/reports/balanceo/matrices_confusion_balanceo/confusion_cano_all_noOutliers_smote_tomek_RandomForest.png,balanceo/matrices_confusion_balanceo/confusion_cano_all_noOutliers_smote_tomek_RandomForest.png
cano,all,noOutliers,smote_tomek,MLP,/kaggle/working/outputs/TESE_pruebas/run_20260902_145353/processed_data/reports/balanceo/matrices_confusion_balanceo/confusion_cano_all_noOutliers_smote_tomek_MLP.csv,/kaggle/working/outputs/TESE_pruebas/run_20260902_145353/processed_data/reports/balanceo/matrices_confusion_balanceo/confusion_cano_all_noOutliers_smote_tomek_MLP.png,balanceo/matrices_confusion_balanceo/confusion_cano_all_noOutliers_smote_tomek_MLP.png
cano,all,noOutliers,smote_tomek,IBk_kNN,/kaggle/working/outputs/TESE_pruebas/run_20260902_145353/processed_data/reports/balanceo/matrices_confusion_balanceo/confusion_cano_all_noOutliers_smote_tomek_IBk_kNN.csv,/kaggle/working/outputs/TESE_pruebas/run_20260902_145353/processed_data/reports/balanceo/matrices_confusion_balanceo/confusion_cano_all_noOutliers_smote_tomek_IBk_kNN.png,balanceo/matrices_confusion_balanceo/confusion_cano_all_noOutliers_smote_tomek_IBk_kNN.png
cano,all,noOutliers,smote_tomek,RBFNetwork_aprox,/kaggle/working/outputs/TESE_pruebas/run_20260902_145353/processed_data/reports/balanceo/matrices_confusion_balanceo/confusion_cano_all_noOutliers_smote_tomek_RBFNetwork_aprox.csv,/kaggle/working/outputs/TESE_pruebas/run_20260902_145353/processed_data/reports/balanceo/matrices_confusion_balanceo/confusion_cano_all_noOutliers_smote_tomek_RBFNetwork_aprox.png,balanceo/matrices_confusion_balanceo/confusion_cano_all_noOutliers_smote_tomek_RBFNetwork_aprox.png
cano,all,noOutliers,random_undersampling_controlado,SMO_SVM,/kaggle/working/outputs/TESE_pruebas/run_20260902_145353/processed_data/reports/balanceo/matrices_confusion_balanceo/confusion_cano_all_noOutliers_random_undersampling_controlado_SMO_SVM.csv,/kaggle/working/outputs/TESE_pruebas/run_20260902_145353/processed_data/reports/balanceo/matrices_confusion_balanceo/confusion_cano_all_noOutliers_random_undersampling_controlado_SMO_SVM.png,balanceo/matrices_confusion_balanceo/confusion_cano_all_noOutliers_random_undersampling_controlado_SMO_SVM.png
cano,all,noOutliers,random_undersampling_controlado,RandomForest,/kaggle/working/outputs/TESE_pruebas/run_20260902_145353/processed_data/reports/balanceo/matrices_confusion_balanceo/confusion_cano_all_noOutliers_random_undersampling_controlado_RandomForest.csv,/kaggle/working/outputs/TESE_pruebas/run_20260902_145353/processed_data/reports/balanceo/matrices_confusion_balanceo/confusion_cano_all_noOutliers_random_undersampling_controlado_RandomForest.png,balanceo/matrices_confusion_balanceo/confusion_cano_all_noOutliers_random_undersampling_controlado_RandomForest.png
cano,all,noOutliers,random_undersampling_controlado,MLP,/kaggle/working/outputs/TESE_pruebas/run_20260902_145353/processed_data/reports/balanceo/matrices_confusion_balanceo/confusion_cano_all_noOutliers_random_undersampling_controlado_MLP.csv,/kaggle/working/outputs/TESE_pruebas/run_20260902_145353/processed_data/reports/balanceo/matrices_confusion_balanceo/confusion_cano_all_noOutliers_random_undersampling_controlado_MLP.png,balanceo/matrices_confusion_balanceo/confusion_cano_all_noOutliers_random_undersampling_controlado_MLP.png
cano,all,noOutliers,random_undersampling_controlado,IBk_kNN,/kaggle/working/outputs/TESE_pruebas/run_20260902_145353/processed_data/reports/balanceo/matrices_confusion_balanceo/confusion_cano_all_noOutliers_random_undersampling_controlado_IBk_kNN.csv,/kaggle/working/outputs/TESE_pruebas/run_20260902_145353/processed_data/reports/balanceo/matrices_confusion_balanceo/confusion_cano_all_noOutliers_random_undersampling_controlado_IBk_kNN.png,balanceo/matrices_confusion_balanceo/confusion_cano_all_noOutliers_random_undersampling_controlado_IBk_kNN.png
cano,all,noOutliers,random_undersampling_controlado,RBFNetwork_aprox,/kaggle/working/outputs/TESE_pruebas/run_20260902_145353/processed_data/reports/balanceo/matrices_confusion_balanceo/confusion_cano_all_noOutliers_random_undersampling_controlado_RBFNetwork_aprox.csv,/kaggle/working/outputs/TESE_pruebas/run_20260902_145353/processed_data/reports/balanceo/matrices_confusion_balanceo/confusion_cano_all_noOutliers_random_undersampling_controlado_RBFNetwork_aprox.png,balanceo/matrices_confusion_balanceo/confusion_cano_all_noOutliers_random_undersampling_controlado_RBFNetwork_aprox.png
cano,all,sinArtefactosConservador,sin_balanceo,SMO_SVM,/kaggle/working/outputs/TESE_pruebas/run_20260902_145353/processed_data/reports/balanceo/matrices_confusion_balanceo/confusion_cano_all_sinArtefactosConservador_sin_balanceo_SMO_SVM.csv,/kaggle/working/outputs/TESE_pruebas/run_20260902_145353/processed_data/reports/balanceo/matrices_confusion_balanceo/confusion_cano_all_sinArtefactosConservador_sin_balanceo_SMO_SVM.png,balanceo/matrices_confusion_balanceo/confusion_cano_all_sinArtefactosConservador_sin_balanceo_SMO_SVM.png
cano,all,sinArtefactosConservador,sin_balanceo,RandomForest,/kaggle/working/outputs/TESE_pruebas/run_20260902_145353/processed_data/reports/balanceo/matrices_confusion_balanceo/confusion_cano_all_sinArtefactosConservador_sin_balanceo_RandomForest.csv,/kaggle/working/outputs/TESE_pruebas/run_20260902_145353/processed_data/reports/balanceo/matrices_confusion_balanceo/confusion_cano_all_sinArtefactosConservador_sin_balanceo_RandomForest.png,balanceo/matrices_confusion_balanceo/confusion_cano_all_sinArtefactosConservador_sin_balanceo_RandomForest.png
cano,all,sinArtefactosConservador,sin_balanceo,MLP,/kaggle/working/outputs/TESE_pruebas/run_20260902_145353/processed_data/reports/balanceo/matrices_confusion_balanceo/confusion_cano_all_sinArtefactosConservador_sin_balanceo_MLP.csv,/kaggle/working/outputs/TESE_pruebas/run_20260902_145353/processed_data/reports/balanceo/matrices_confusion_balanceo/confusion_cano_all_sinArtefactosConservador_sin_balanceo_MLP.png,balanceo/matrices_confusion_balanceo/confusion_cano_all_sinArtefactosConservador_sin_balanceo_MLP.png
cano,all,sinArtefactosConservador,sin_balanceo,IBk_kNN,/kaggle/working/outputs/TESE_pruebas/run_20260902_145353/processed_data/reports/balanceo/matrices_confusion_balanceo/confusion_cano_all_sinArtefactosConservador_sin_balanceo_IBk_kNN.csv,/kaggle/working/outputs/TESE_pruebas/run_20260902_145353/processed_data/reports/balanceo/matrices_confusion_balanceo/confusion_cano_all_sinArtefactosConservador_sin_balanceo_IBk_kNN.png,balanceo/matrices_confusion_balanceo/confusion_cano_all_sinArtefactosConservador_sin_balanceo_IBk_kNN.png
cano,all,sinArtefactosConservador,sin_balanceo,RBFNetwork_aprox,/kaggle/working/outputs/TESE_pruebas/run_20260902_145353/processed_data/reports/balanceo/matrices_confusion_balanceo/confusion_cano_all_sinArtefactosConservador_sin_balanceo_RBFNetwork_aprox.csv,/kaggle/working/outputs/TESE_pruebas/run_20260902_145353/processed_data/reports/balanceo/matrices_confusion_balanceo/confusion_cano_all_sinArtefactosConservador_sin_balanceo_RBFNetwork_aprox.png,balanceo/matrices_confusion_balanceo/confusion_cano_all_sinArtefactosConservador_sin_balanceo_RBFNetwork_aprox.png
cano,all,sinArtefactosConservador,random_oversampling,SMO_SVM,/kaggle/working/outputs/TESE_pruebas/run_20260902_145353/processed_data/reports/balanceo/matrices_confusion_balanceo/confusion_cano_all_sinArtefactosConservador_random_oversampling_SMO_SVM.csv,/kaggle/working/outputs/TESE_pruebas/run_20260902_145353/processed_data/reports/balanceo/matrices_confusion_balanceo/confusion_cano_all_sinArtefactosConservador_random_oversampling_SMO_SVM.png,balanceo/matrices_confusion_balanceo/confusion_cano_all_sinArtefactosConservador_random_oversampling_SMO_SVM.png
cano,all,sinArtefactosConservador,random_oversampling,RandomForest,/kaggle/working/outputs/TESE_pruebas/run_20260902_145353/processed_data/reports/balanceo/matrices_confusion_balanceo/confusion_cano_all_sinArtefactosConservador_random_oversampling_RandomForest.csv,/kaggle/working/outputs/TESE_pruebas/run_20260902_145353/processed_data/reports/balanceo/matrices_confusion_balanceo/confusion_cano_all_sinArtefactosConservador_random_oversampling_RandomForest.png,balanceo/matrices_confusion_balanceo/confusion_cano_all_sinArtefactosConservador_random_oversampling_RandomForest.png
cano,all,sinArtefactosConservador,random_oversampling,MLP,/kaggle/working/outputs/TESE_pruebas/run_20260902_145353/processed_data/reports/balanceo/matrices_confusion_balanceo/confusion_cano_all_sinArtefactosConservador_random_oversampling_MLP.csv,/kaggle/working/outputs/TESE_pruebas/run_20260902_145353/processed_data/reports/balanceo/matrices_confusion_balanceo/confusion_cano_all_sinArtefactosConservador_random_oversampling_MLP.png,balanceo/matrices_confusion_balanceo/confusion_cano_all_sinArtefactosConservador_random_oversampling_MLP.png
cano,all,sinArtefactosConservador,random_oversampling,IBk_kNN,/kaggle/working/outputs/TESE_pruebas/run_20260902_145353/processed_data/reports/balanceo/matrices_confusion_balanceo/confusion_cano_all_sinArtefactosConservador_random_oversampling_IBk_kNN.csv,/kaggle/working/outputs/TESE_pruebas/run_20260902_145353/processed_data/reports/balanceo/matrices_confusion_balanceo/confusion_cano_all_sinArtefactosConservador_random_oversampling_IBk_kNN.png,balanceo/matrices_confusion_balanceo/confusion_cano_all_sinArtefactosConservador_random_oversampling_IBk_kNN.png
cano,all,sinArtefactosConservador,random_oversampling,RBFNetwork_aprox,/kaggle/working/outputs/TESE_pruebas/run_20260902_145353/processed_data/reports/balanceo/matrices_confusion_balanceo/confusion_cano_all_sinArtefactosConservador_random_oversampling_RBFNetwork_aprox.csv,/kaggle/working/outputs/TESE_pruebas/run_20260902_145353/processed_data/reports/balanceo/matrices_confusion_balanceo/confusion_cano_all_sinArtefactosConservador_random_oversampling_RBFNetwork_aprox.png,balanceo/matrices_confusion_balanceo/confusion_cano_all_sinArtefactosConservador_random_oversampling_RBFNetwork_aprox.png
cano,all,sinArtefactosConservador,class_weight_balanced,SMO_SVM,/kaggle/working/outputs/TESE_pruebas/run_20260902_145353/processed_data/reports/balanceo/matrices_confusion_balanceo/confusion_cano_all_sinArtefactosConservador_class_weight_balanced_SMO_SVM.csv,/kaggle/working/outputs/TESE_pruebas/run_20260902_145353/processed_data/reports/balanceo/matrices_confusion_balanceo/confusion_cano_all_sinArtefactosConservador_class_weight_balanced_SMO_SVM.png,balanceo/matrices_confusion_balanceo/confusion_cano_all_sinArtefactosConservador_class_weight_balanced_SMO_SVM.png
cano,all,sinArtefactosConservador,class_weight_balanced,RandomForest,/kaggle/working/outputs/TESE_pruebas/run_20260902_145353/processed_data/reports/balanceo/matrices_confusion_balanceo/confusion_cano_all_sinArtefactosConservador_class_weight_balanced_RandomForest.csv,/kaggle/working/outputs/TESE_pruebas/run_20260902_145353/processed_data/reports/balanceo/matrices_confusion_balanceo/confusion_cano_all_sinArtefactosConservador_class_weight_balanced_RandomForest.png,balanceo/matrices_confusion_balanceo/confusion_cano_all_sinArtefactosConservador_class_weight_balanced_RandomForest.png
cano,all,sinArtefactosConservador,class_weight_balanced,RBFNetwork_aprox,/kaggle/working/outputs/TESE_pruebas/run_20260902_145353/processed_data/reports/balanceo/matrices_confusion_balanceo/confusion_cano_all_sinArtefactosConservador_class_weight_balanced_RBFNetwork_aprox.csv,/kaggle/working/outputs/TESE_pruebas/run_20260902_145353/processed_data/reports/balanceo/matrices_confusion_balanceo/confusion_cano_all_sinArtefactosConservador_class_weight_balanced_RBFNetwork_aprox.png,balanceo/matrices_confusion_balanceo/confusion_cano_all_sinArtefactosConservador_class_weight_balanced_RBFNetwork_aprox.png
cano,all,sinArtefactosConservador,smote,SMO_SVM,/kaggle/working/outputs/TESE_pruebas/run_20260902_145353/processed_data/reports/balanceo/matrices_confusion_balanceo/confusion_cano_all_sinArtefactosConservador_smote_SMO_SVM.csv,/kaggle/working/outputs/TESE_pruebas/run_20260902_145353/processed_data/reports/balanceo/matrices_confusion_balanceo/confusion_cano_all_sinArtefactosConservador_smote_SMO_SVM.png,balanceo/matrices_confusion_balanceo/confusion_cano_all_sinArtefactosConservador_smote_SMO_SVM.png
cano,all,sinArtefactosConservador,smote,RandomForest,/kaggle/working/outputs/TESE_pruebas/run_20260902_145353/processed_data/reports/balanceo/matrices_confusion_balanceo/confusion_cano_all_sinArtefactosConservador_smote_RandomForest.csv,/kaggle/working/outputs/TESE_pruebas/run_20260902_145353/processed_data/reports/balanceo/matrices_confusion_balanceo/confusion_cano_all_sinArtefactosConservador_smote_RandomForest.png,balanceo/matrices_confusion_balanceo/confusion_cano_all_sinArtefactosConservador_smote_RandomForest.png
cano,all,sinArtefactosConservador,smote,MLP,/kaggle/working/outputs/TESE_pruebas/run_20260902_145353/processed_data/reports/balanceo/matrices_confusion_balanceo/confusion_cano_all_sinArtefactosConservador_smote_MLP.csv,/kaggle/working/outputs/TESE_pruebas/run_20260902_145353/processed_data/reports/balanceo/matrices_confusion_balanceo/confusion_cano_all_sinArtefactosConservador_smote_MLP.png,balanceo/matrices_confusion_balanceo/confusion_cano_all_sinArtefactosConservador_smote_MLP.png
cano,all,sinArtefactosConservador,smote,IBk_kNN,/kaggle/working/outputs/TESE_pruebas/run_20260902_145353/processed_data/reports/balanceo/matrices_confusion_balanceo/confusion_cano_all_sinArtefactosConservador_smote_IBk_kNN.csv,/kaggle/working/outputs/TESE_pruebas/run_20260902_145353/processed_data/reports/balanceo/matrices_confusion_balanceo/confusion_cano_all_sinArtefactosConservador_smote_IBk_kNN.png,balanceo/matrices_confusion_balanceo/confusion_cano_all_sinArtefactosConservador_smote_IBk_kNN.png
cano,all,sinArtefactosConservador,smote,RBFNetwork_aprox,/kaggle/working/outputs/TESE_pruebas/run_20260902_145353/processed_data/reports/balanceo/matrices_confusion_balanceo/confusion_cano_all_sinArtefactosConservador_smote_RBFNetwork_aprox.csv,/kaggle/working/outputs/TESE_pruebas/run_20260902_145353/processed_data/reports/balanceo/matrices_confusion_balanceo/confusion_cano_all_sinArtefactosConservador_smote_RBFNetwork_aprox.png,balanceo/matrices_confusion_balanceo/confusion_cano_all_sinArtefactosConservador_smote_RBFNetwork_aprox.png
cano,all,sinArtefactosConservador,smote_tomek,SMO_SVM,/kaggle/working/outputs/TESE_pruebas/run_20260902_145353/processed_data/reports/balanceo/matrices_confusion_balanceo/confusion_cano_all_sinArtefactosConservador_smote_tomek_SMO_SVM.csv,/kaggle/working/outputs/TESE_pruebas/run_20260902_145353/processed_data/reports/balanceo/matrices_confusion_balanceo/confusion_cano_all_sinArtefactosConservador_smote_tomek_SMO_SVM.png,balanceo/matrices_confusion_balanceo/confusion_cano_all_sinArtefactosConservador_smote_tomek_SMO_SVM.png
cano,all,sinArtefactosConservador,smote_tomek,RandomForest,/kaggle/working/outputs/TESE_pruebas/run_20260902_145353/processed_data/reports/balanceo/matrices_confusion_balanceo/confusion_cano_all_sinArtefactosConservador_smote_tomek_RandomForest.csv,/kaggle/working/outputs/TESE_pruebas/run_20260902_145353/processed_data/reports/balanceo/matrices_confusion_balanceo/confusion_cano_all_sinArtefactosConservador_smote_tomek_RandomForest.png,balanceo/matrices_confusion_balanceo/confusion_cano_all_sinArtefactosConservador_smote_tomek_RandomForest.png
cano,all,sinArtefactosConservador,smote_tomek,MLP,/kaggle/working/outputs/TESE_pruebas/run_20260902_145353/processed_data/reports/balanceo/matrices_confusion_balanceo/confusion_cano_all_sinArtefactosConservador_smote_tomek_MLP.csv,/kaggle/working/outputs/TESE_pruebas/run_20260902_145353/processed_data/reports/balanceo/matrices_confusion_balanceo/confusion_cano_all_sinArtefactosConservador_smote_tomek_MLP.png,balanceo/matrices_confusion_balanceo/confusion_cano_all_sinArtefactosConservador_smote_tomek_MLP.png
cano,all,sinArtefactosConservador,smote_tomek,IBk_kNN,/kaggle/working/outputs/TESE_pruebas/run_20260902_145353/processed_data/reports/balanceo/matrices_confusion_balanceo/confusion_cano_all_sinArtefactosConservador_smote_tomek_IBk_kNN.csv,/kaggle/working/outputs/TESE_pruebas/run_20260902_145353/processed_data/reports/balanceo/matrices_confusion_balanceo/confusion_cano_all_sinArtefactosConservador_smote_tomek_IBk_kNN.png,balanceo/matrices_confusion_balanceo/confusion_cano_all_sinArtefactosConservador_smote_tomek_IBk_kNN.png
cano,all,sinArtefactosConservador,smote_tomek,RBFNetwork_aprox,/kaggle/working/outputs/TESE_pruebas/run_20260902_145353/processed_data/reports/balanceo/matrices_confusion_balanceo/confusion_cano_all_sinArtefactosConservador_smote_tomek_RBFNetwork_aprox.csv,/kaggle/working/outputs/TESE_pruebas/run_20260902_145353/processed_data/reports/balanceo/matrices_confusion_balanceo/confusion_cano_all_sinArtefactosConservador_smote_tomek_RBFNetwork_aprox.png,balanceo/matrices_confusion_balanceo/confusion_cano_all_sinArtefactosConservador_smote_tomek_RBFNetwork_aprox.png
cano,all,sinArtefactosConservador,random_undersampling_controlado,SMO_SVM,/kaggle/working/outputs/TESE_pruebas/run_20260902_145353/processed_data/reports/balanceo/matrices_confusion_balanceo/confusion_cano_all_sinArtefactosConservador_random_undersampling_controlado_SMO_SVM.csv,/kaggle/working/outputs/TESE_pruebas/run_20260902_145353/processed_data/reports/balanceo/matrices_confusion_balanceo/confusion_cano_all_sinArtefactosConservador_random_undersampling_controlado_SMO_SVM.png,balanceo/matrices_confusion_balanceo/confusion_cano_all_sinArtefactosConservador_random_undersampling_controlado_SMO_SVM.png
cano,all,sinArtefactosConservador,random_undersampling_controlado,RandomForest,/kaggle/working/outputs/TESE_pruebas/run_20260902_145353/processed_data/reports/balanceo/matrices_confusion_balanceo/confusion_cano_all_sinArtefactosConservador_random_undersampling_controlado_RandomForest.csv,/kaggle/working/outputs/TESE_pruebas/run_20260902_145353/processed_data/reports/balanceo/matrices_confusion_balanceo/confusion_cano_all_sinArtefactosConservador_random_undersampling_controlado_RandomForest.png,balanceo/matrices_confusion_balanceo/confusion_cano_all_sinArtefactosConservador_random_undersampling_controlado_RandomForest.png
cano,all,sinArtefactosConservador,random_undersampling_controlado,MLP,/kaggle/working/outputs/TESE_pruebas/run_20260902_145353/processed_data/reports/balanceo/matrices_confusion_balanceo/confusion_cano_all_sinArtefactosConservador_random_undersampling_controlado_MLP.csv,/kaggle/working/outputs/TESE_pruebas/run_20260902_145353/processed_data/reports/balanceo/matrices_confusion_balanceo/confusion_cano_all_sinArtefactosConservador_random_undersampling_controlado_MLP.png,balanceo/matrices_confusion_balanceo/confusion_cano_all_sinArtefactosConservador_random_undersampling_controlado_MLP.png
cano,all,sinArtefactosConservador,random_undersampling_controlado,IBk_kNN,/kaggle/working/outputs/TESE_pruebas/run_20260902_145353/processed_data/reports/balanceo/matrices_confusion_balanceo/confusion_cano_all_sinArtefactosConservador_random_undersampling_controlado_IBk_kNN.csv,/kaggle/working/outputs/TESE_pruebas/run_20260902_145353/processed_data/reports/balanceo/matrices_confusion_balanceo/confusion_cano_all_sinArtefactosConservador_random_undersampling_controlado_IBk_kNN.png,balanceo/matrices_confusion_balanceo/confusion_cano_all_sinArtefactosConservador_random_undersampling_controlado_IBk_kNN.png
cano,all,sinArtefactosConservador,random_undersampling_controlado,RBFNetwork_aprox,/kaggle/working/outputs/TESE_pruebas/run_20260902_145353/processed_data/reports/balanceo/matrices_confusion_balanceo/confusion_cano_all_sinArtefactosConservador_random_undersampling_controlado_RBFNetwork_aprox.csv,/kaggle/working/outputs/TESE_pruebas/run_20260902_145353/processed_data/reports/balanceo/matrices_confusion_balanceo/confusion_cano_all_sinArtefactosConservador_random_undersampling_controlado_RBFNetwork_aprox.png,balanceo/matrices_confusion_balanceo/confusion_cano_all_sinArtefactosConservador_random_undersampling_controlado_RBFNetwork_aprox.png
villanueva,all,noOutliers,sin_balanceo,SMO_SVM,/kaggle/working/outputs/TESE_pruebas/run_20260902_145353/processed_data/reports/balanceo/matrices_confusion_balanceo/confusion_villanueva_all_noOutliers_sin_balanceo_SMO_SVM.csv,/kaggle/working/outputs/TESE_pruebas/run_20260902_145353/processed_data/reports/balanceo/matrices_confusion_balanceo/confusion_villanueva_all_noOutliers_sin_balanceo_SMO_SVM.png,balanceo/matrices_confusion_balanceo/confusion_villanueva_all_noOutliers_sin_balanceo_SMO_SVM.png
villanueva,all,noOutliers,sin_balanceo,RandomForest,/kaggle/working/outputs/TESE_pruebas/run_20260902_145353/processed_data/reports/balanceo/matrices_confusion_balanceo/confusion_villanueva_all_noOutliers_sin_balanceo_RandomForest.csv,/kaggle/working/outputs/TESE_pruebas/run_20260902_145353/processed_data/reports/balanceo/matrices_confusion_balanceo/confusion_villanueva_all_noOutliers_sin_balanceo_RandomForest.png,balanceo/matrices_confusion_balanceo/confusion_villanueva_all_noOutliers_sin_balanceo_RandomForest.png
villanueva,all,noOutliers,sin_balanceo,MLP,/kaggle/working/outputs/TESE_pruebas/run_20260902_145353/processed_data/reports/balanceo/matrices_confusion_balanceo/confusion_villanueva_all_noOutliers_sin_balanceo_MLP.csv,/kaggle/working/outputs/TESE_pruebas/run_20260902_145353/processed_data/reports/balanceo/matrices_confusion_balanceo/confusion_villanueva_all_noOutliers_sin_balanceo_MLP.png,balanceo/matrices_confusion_balanceo/confusion_villanueva_all_noOutliers_sin_balanceo_MLP.png
villanueva,all,noOutliers,sin_balanceo,IBk_kNN,/kaggle/working/outputs/TESE_pruebas/run_20260902_145353/processed_data/reports/balanceo/matrices_confusion_balanceo/confusion_villanueva_all_noOutliers_sin_balanceo_IBk_kNN.csv,/kaggle/working/outputs/TESE_pruebas/run_20260902_145353/processed_data/reports/balanceo/matrices_confusion_balanceo/confusion_villanueva_all_noOutliers_sin_balanceo_IBk_kNN.png,balanceo/matrices_confusion_balanceo/confusion_villanueva_all_noOutliers_sin_balanceo_IBk_kNN.png
villanueva,all,noOutliers,sin_balanceo,RBFNetwork_aprox,/kaggle/working/outputs/TESE_pruebas/run_20260902_145353/processed_data/reports/balanceo/matrices_confusion_balanceo/confusion_villanueva_all_noOutliers_sin_balanceo_RBFNetwork_aprox.csv,/kaggle/working/outputs/TESE_pruebas/run_20260902_145353/processed_data/reports/balanceo/matrices_confusion_balanceo/confusion_villanueva_all_noOutliers_sin_balanceo_RBFNetwork_aprox.png,balanceo/matrices_confusion_balanceo/confusion_villanueva_all_noOutliers_sin_balanceo_RBFNetwork_aprox.png
villanueva,all,noOutliers,random_oversampling,SMO_SVM,/kaggle/working/outputs/TESE_pruebas/run_20260902_145353/processed_data/reports/balanceo/matrices_confusion_balanceo/confusion_villanueva_all_noOutliers_random_oversampling_SMO_SVM.csv,/kaggle/working/outputs/TESE_pruebas/run_20260902_145353/processed_data/reports/balanceo/matrices_confusion_balanceo/confusion_villanueva_all_noOutliers_random_oversampling_SMO_SVM.png,balanceo/matrices_confusion_balanceo/confusion_villanueva_all_noOutliers_random_oversampling_SMO_SVM.png
villanueva,all,noOutliers,random_oversampling,RandomForest,/kaggle/working/outputs/TESE_pruebas/run_20260902_145353/processed_data/reports/balanceo/matrices_confusion_balanceo/confusion_villanueva_all_noOutliers_random_oversampling_RandomForest.csv,/kaggle/working/outputs/TESE_pruebas/run_20260902_145353/processed_data/reports/balanceo/matrices_confusion_balanceo/confusion_villanueva_all_noOutliers_random_oversampling_RandomForest.png,balanceo/matrices_confusion_balanceo/confusion_villanueva_all_noOutliers_random_oversampling_RandomForest.png
villanueva,all,noOutliers,random_oversampling,MLP,/kaggle/working/outputs/TESE_pruebas/run_20260902_145353/processed_data/reports/balanceo/matrices_confusion_balanceo/confusion_villanueva_all_noOutliers_random_oversampling_MLP.csv,/kaggle/working/outputs/TESE_pruebas/run_20260902_145353/processed_data/reports/balanceo/matrices_confusion_balanceo/confusion_villanueva_all_noOutliers_random_oversampling_MLP.png,balanceo/matrices_confusion_balanceo/confusion_villanueva_all_noOutliers_random_oversampling_MLP.png
villanueva,all,noOutliers,random_oversampling,IBk_kNN,/kaggle/working/outputs/TESE_pruebas/run_20260902_145353/processed_data/reports/balanceo/matrices_confusion_balanceo/confusion_villanueva_all_noOutliers_random_oversampling_IBk_kNN.csv,/kaggle/working/outputs/TESE_pruebas/run_20260902_145353/processed_data/reports/balanceo/matrices_confusion_balanceo/confusion_villanueva_all_noOutliers_random_oversampling_IBk_kNN.png,balanceo/matrices_confusion_balanceo/confusion_villanueva_all_noOutliers_random_oversampling_IBk_kNN.png
villanueva,all,noOutliers,random_oversampling,RBFNetwork_aprox,/kaggle/working/outputs/TESE_pruebas/run_20260902_145353/processed_data/reports/balanceo/matrices_confusion_balanceo/confusion_villanueva_all_noOutliers_random_oversampling_RBFNetwork_aprox.csv,/kaggle/working/outputs/TESE_pruebas/run_20260902_145353/processed_data/reports/balanceo/matrices_confusion_balanceo/confusion_villanueva_all_noOutliers_random_oversampling_RBFNetwork_aprox.png,balanceo/matrices_confusion_balanceo/confusion_villanueva_all_noOutliers_random_oversampling_RBFNetwork_aprox.png
villanueva,all,noOutliers,class_weight_balanced,SMO_SVM,/kaggle/working/outputs/TESE_pruebas/run_20260902_145353/processed_data/reports/balanceo/matrices_confusion_balanceo/confusion_villanueva_all_noOutliers_class_weight_balanced_SMO_SVM.csv,/kaggle/working/outputs/TESE_pruebas/run_20260902_145353/processed_data/reports/balanceo/matrices_confusion_balanceo/confusion_villanueva_all_noOutliers_class_weight_balanced_SMO_SVM.png,balanceo/matrices_confusion_balanceo/confusion_villanueva_all_noOutliers_class_weight_balanced_SMO_SVM.png
villanueva,all,noOutliers,class_weight_balanced,RandomForest,/kaggle/working/outputs/TESE_pruebas/run_20260902_145353/processed_data/reports/balanceo/matrices_confusion_balanceo/confusion_villanueva_all_noOutliers_class_weight_balanced_RandomForest.csv,/kaggle/working/outputs/TESE_pruebas/run_20260902_145353/processed_data/reports/balanceo/matrices_confusion_balanceo/confusion_villanueva_all_noOutliers_class_weight_balanced_RandomForest.png,balanceo/matrices_confusion_balanceo/confusion_villanueva_all_noOutliers_class_weight_balanced_RandomForest.png
villanueva,all,noOutliers,class_weight_balanced,RBFNetwork_aprox,/kaggle/working/outputs/TESE_pruebas/run_20260902_145353/processed_data/reports/balanceo/matrices_confusion_balanceo/confusion_villanueva_all_noOutliers_class_weight_balanced_RBFNetwork_aprox.csv,/kaggle/working/outputs/TESE_pruebas/run_20260902_145353/processed_data/reports/balanceo/matrices_confusion_balanceo/confusion_villanueva_all_noOutliers_class_weight_balanced_RBFNetwork_aprox.png,balanceo/matrices_confusion_balanceo/confusion_villanueva_all_noOutliers_class_weight_balanced_RBFNetwork_aprox.png
villanueva,all,noOutliers,smote,SMO_SVM,/kaggle/working/outputs/TESE_pruebas/run_20260902_145353/processed_data/reports/balanceo/matrices_confusion_balanceo/confusion_villanueva_all_noOutliers_smote_SMO_SVM.csv,/kaggle/working/outputs/TESE_pruebas/run_20260902_145353/processed_data/reports/balanceo/matrices_confusion_balanceo/confusion_villanueva_all_noOutliers_smote_SMO_SVM.png,balanceo/matrices_confusion_balanceo/confusion_villanueva_all_noOutliers_smote_SMO_SVM.png
villanueva,all,noOutliers,smote,RandomForest,/kaggle/working/outputs/TESE_pruebas/run_20260902_145353/processed_data/reports/balanceo/matrices_confusion_balanceo/confusion_villanueva_all_noOutliers_smote_RandomForest.csv,/kaggle/working/outputs/TESE_pruebas/run_20260902_145353/processed_data/reports/balanceo/matrices_confusion_balanceo/confusion_villanueva_all_noOutliers_smote_RandomForest.png,balanceo/matrices_confusion_balanceo/confusion_villanueva_all_noOutliers_smote_RandomForest.png
villanueva,all,noOutliers,smote,MLP,/kaggle/working/outputs/TESE_pruebas/run_20260902_145353/processed_data/reports/balanceo/matrices_confusion_balanceo/confusion_villanueva_all_noOutliers_smote_MLP.csv,/kaggle/working/outputs/TESE_pruebas/run_20260902_145353/processed_data/reports/balanceo/matrices_confusion_balanceo/confusion_villanueva_all_noOutliers_smote_MLP.png,balanceo/matrices_confusion_balanceo/confusion_villanueva_all_noOutliers_smote_MLP.png
villanueva,all,noOutliers,smote,IBk_kNN,/kaggle/working/outputs/TESE_pruebas/run_20260902_145353/processed_data/reports/balanceo/matrices_confusion_balanceo/confusion_villanueva_all_noOutliers_smote_IBk_kNN.csv,/kaggle/working/outputs/TESE_pruebas/run_20260902_145353/processed_data/reports/balanceo/matrices_confusion_balanceo/confusion_villanueva_all_noOutliers_smote_IBk_kNN.png,balanceo/matrices_confusion_balanceo/confusion_villanueva_all_noOutliers_smote_IBk_kNN.png
villanueva,all,noOutliers,smote,RBFNetwork_aprox,/kaggle/working/outputs/TESE_pruebas/run_20260902_145353/processed_data/reports/balanceo/matrices_confusion_balanceo/confusion_villanueva_all_noOutliers_smote_RBFNetwork_aprox.csv,/kaggle/working/outputs/TESE_pruebas/run_20260902_145353/processed_data/reports/balanceo/matrices_confusion_balanceo/confusion_villanueva_all_noOutliers_smote_RBFNetwork_aprox.png,balanceo/matrices_confusion_balanceo/confusion_villanueva_all_noOutliers_smote_RBFNetwork_aprox.png
villanueva,all,noOutliers,smote_tomek,SMO_SVM,/kaggle/working/outputs/TESE_pruebas/run_20260902_145353/processed_data/reports/balanceo/matrices_confusion_balanceo/confusion_villanueva_all_noOutliers_smote_tomek_SMO_SVM.csv,/kaggle/working/outputs/TESE_pruebas/run_20260902_145353/processed_data/reports/balanceo/matrices_confusion_balanceo/confusion_villanueva_all_noOutliers_smote_tomek_SMO_SVM.png,balanceo/matrices_confusion_balanceo/confusion_villanueva_all_noOutliers_smote_tomek_SMO_SVM.png
villanueva,all,noOutliers,smote_tomek,RandomForest,/kaggle/working/outputs/TESE_pruebas/run_20260902_145353/processed_data/reports/balanceo/matrices_confusion_balanceo/confusion_villanueva_all_noOutliers_smote_tomek_RandomForest.csv,/kaggle/working/outputs/TESE_pruebas/run_20260902_145353/processed_data/reports/balanceo/matrices_confusion_balanceo/confusion_villanueva_all_noOutliers_smote_tomek_RandomForest.png,balanceo/matrices_confusion_balanceo/confusion_villanueva_all_noOutliers_smote_tomek_RandomForest.png
villanueva,all,noOutliers,smote_tomek,MLP,/kaggle/working/outputs/TESE_pruebas/run_20260902_145353/processed_data/reports/balanceo/matrices_confusion_balanceo/confusion_villanueva_all_noOutliers_smote_tomek_MLP.csv,/kaggle/working/outputs/TESE_pruebas/run_20260902_145353/processed_data/reports/balanceo/matrices_confusion_balanceo/confusion_villanueva_all_noOutliers_smote_tomek_MLP.png,balanceo/matrices_confusion_balanceo/confusion_villanueva_all_noOutliers_smote_tomek_MLP.png
villanueva,all,noOutliers,smote_tomek,IBk_kNN,/kaggle/working/outputs/TESE_pruebas/run_20260902_145353/processed_data/reports/balanceo/matrices_confusion_balanceo/confusion_villanueva_all_noOutliers_smote_tomek_IBk_kNN.csv,/kaggle/working/outputs/TESE_pruebas/run_20260902_145353/processed_data/reports/balanceo/matrices_confusion_balanceo/confusion_villanueva_all_noOutliers_smote_tomek_IBk_kNN.png,balanceo/matrices_confusion_balanceo/confusion_villanueva_all_noOutliers_smote_tomek_IBk_kNN.png
villanueva,all,noOutliers,smote_tomek,RBFNetwork_aprox,/kaggle/working/outputs/TESE_pruebas/run_20260902_145353/processed_data/reports/balanceo/matrices_confusion_balanceo/confusion_villanueva_all_noOutliers_smote_tomek_RBFNetwork_aprox.csv,/kaggle/working/outputs/TESE_pruebas/run_20260902_145353/processed_data/reports/balanceo/matrices_confusion_balanceo/confusion_villanueva_all_noOutliers_smote_tomek_RBFNetwork_aprox.png,balanceo/matrices_confusion_balanceo/confusion_villanueva_all_noOutliers_smote_tomek_RBFNetwork_aprox.png
villanueva,all,noOutliers,random_undersampling_controlado,SMO_SVM,/kaggle/working/outputs/TESE_pruebas/run_20260902_145353/processed_data/reports/balanceo/matrices_confusion_balanceo/confusion_villanueva_all_noOutliers_random_undersampling_controlado_SMO_SVM.csv,/kaggle/working/outputs/TESE_pruebas/run_20260902_145353/processed_data/reports/balanceo/matrices_confusion_balanceo/confusion_villanueva_all_noOutliers_random_undersampling_controlado_SMO_SVM.png,balanceo/matrices_confusion_balanceo/confusion_villanueva_all_noOutliers_random_undersampling_controlado_SMO_SVM.png
villanueva,all,noOutliers,random_undersampling_controlado,RandomForest,/kaggle/working/outputs/TESE_pruebas/run_20260902_145353/processed_data/reports/balanceo/matrices_confusion_balanceo/confusion_villanueva_all_noOutliers_random_undersampling_controlado_RandomForest.csv,/kaggle/working/outputs/TESE_pruebas/run_20260902_145353/processed_data/reports/balanceo/matrices_confusion_balanceo/confusion_villanueva_all_noOutliers_random_undersampling_controlado_RandomForest.png,balanceo/matrices_confusion_balanceo/confusion_villanueva_all_noOutliers_random_undersampling_controlado_RandomForest.png
villanueva,all,noOutliers,random_undersampling_controlado,MLP,/kaggle/working/outputs/TESE_pruebas/run_20260902_145353/processed_data/reports/balanceo/matrices_confusion_balanceo/confusion_villanueva_all_noOutliers_random_undersampling_controlado_MLP.csv,/kaggle/working/outputs/TESE_pruebas/run_20260902_145353/processed_data/reports/balanceo/matrices_confusion_balanceo/confusion_villanueva_all_noOutliers_random_undersampling_controlado_MLP.png,balanceo/matrices_confusion_balanceo/confusion_villanueva_all_noOutliers_random_undersampling_controlado_MLP.png
villanueva,all,noOutliers,random_undersampling_controlado,IBk_kNN,/kaggle/working/outputs/TESE_pruebas/run_20260902_145353/processed_data/reports/balanceo/matrices_confusion_balanceo/confusion_villanueva_all_noOutliers_random_undersampling_controlado_IBk_kNN.csv,/kaggle/working/outputs/TESE_pruebas/run_20260902_145353/processed_data/reports/balanceo/matrices_confusion_balanceo/confusion_villanueva_all_noOutliers_random_undersampling_controlado_IBk_kNN.png,balanceo/matrices_confusion_balanceo/confusion_villanueva_all_noOutliers_random_undersampling_controlado_IBk_kNN.png
villanueva,all,noOutliers,random_undersampling_controlado,RBFNetwork_aprox,/kaggle/working/outputs/TESE_pruebas/run_20260902_145353/processed_data/reports/balanceo/matrices_confusion_balanceo/confusion_villanueva_all_noOutliers_random_undersampling_controlado_RBFNetwork_aprox.csv,/kaggle/working/outputs/TESE_pruebas/run_20260902_145353/processed_data/reports/balanceo/matrices_confusion_balanceo/confusion_villanueva_all_noOutliers_random_undersampling_controlado_RBFNetwork_aprox.png,balanceo/matrices_confusion_balanceo/confusion_villanueva_all_noOutliers_random_undersampling_controlado_RBFNetwork_aprox.png
