sujeto,movimiento,variante_limpieza,estrategia_balanceo,modelo,clase,recall,precision,soporte,minoritaria
211260561,all,noOutliers,sin_balanceo,SMO_SVM,left,0.8448,0.7967,232,False
211260561,all,noOutliers,sin_balanceo,SMO_SVM,pull,0.3621,0.4773,58,True
211260561,all,noOutliers,sin_balanceo,SMO_SVM,push,0.7917,0.7308,144,False
211260561,all,noOutliers,sin_balanceo,SMO_SVM,right,0.4783,0.5789,69,False
211260561,all,noOutliers,sin_balanceo,RandomForest,left,0.8879,0.7228,232,False
211260561,all,noOutliers,sin_balanceo,RandomForest,pull,0.1552,0.4091,58,True
211260561,all,noOutliers,sin_balanceo,RandomForest,push,0.7708,0.6099,144,False
211260561,all,noOutliers,sin_balanceo,RandomForest,right,0.1014,0.5,69,False
211260561,all,noOutliers,sin_balanceo,MLP,left,0.8793,0.8193,232,False
211260561,all,noOutliers,sin_balanceo,MLP,pull,0.3621,0.4667,58,True
211260561,all,noOutliers,sin_balanceo,MLP,push,0.8194,0.7516,144,False
211260561,all,noOutliers,sin_balanceo,MLP,right,0.4928,0.6538,69,False
211260561,all,noOutliers,sin_balanceo,IBk_kNN,left,0.8017,0.7686,232,False
211260561,all,noOutliers,sin_balanceo,IBk_kNN,pull,0.3621,0.5385,58,True
211260561,all,noOutliers,sin_balanceo,IBk_kNN,push,0.7431,0.6687,144,False
211260561,all,noOutliers,sin_balanceo,IBk_kNN,right,0.4493,0.5,69,False
211260561,all,noOutliers,sin_balanceo,RBFNetwork_aprox,left,0.9181,0.75,232,False
211260561,all,noOutliers,sin_balanceo,RBFNetwork_aprox,pull,0.1207,0.35,58,True
211260561,all,noOutliers,sin_balanceo,RBFNetwork_aprox,push,0.7639,0.6707,144,False
211260561,all,noOutliers,sin_balanceo,RBFNetwork_aprox,right,0.3623,0.7143,69,False
211260561,all,noOutliers,random_oversampling,SMO_SVM,left,0.8233,0.7925,232,False
211260561,all,noOutliers,random_oversampling,SMO_SVM,pull,0.3276,0.4419,58,True
211260561,all,noOutliers,random_oversampling,SMO_SVM,push,0.8194,0.7375,144,False
211260561,all,noOutliers,random_oversampling,SMO_SVM,right,0.4928,0.5763,69,False
211260561,all,noOutliers,random_oversampling,RandomForest,left,0.8707,0.7509,232,False
211260561,all,noOutliers,random_oversampling,RandomForest,pull,0.1207,0.3889,58,True
211260561,all,noOutliers,random_oversampling,RandomForest,push,0.8264,0.633,144,False
211260561,all,noOutliers,random_oversampling,RandomForest,right,0.1449,0.3571,69,False
211260561,all,noOutliers,random_oversampling,MLP,left,0.8707,0.8596,232,False
211260561,all,noOutliers,random_oversampling,MLP,pull,0.3966,0.4894,58,True
211260561,all,noOutliers,random_oversampling,MLP,push,0.8472,0.7625,144,False
211260561,all,noOutliers,random_oversampling,MLP,right,0.6087,0.6885,69,False
211260561,all,noOutliers,random_oversampling,IBk_kNN,left,0.7888,0.7625,232,False
211260561,all,noOutliers,random_oversampling,IBk_kNN,pull,0.3448,0.5,58,True
211260561,all,noOutliers,random_oversampling,IBk_kNN,push,0.7361,0.6543,144,False
211260561,all,noOutliers,random_oversampling,IBk_kNN,right,0.4203,0.4754,69,False
211260561,all,noOutliers,random_oversampling,RBFNetwork_aprox,left,0.875,0.7546,232,False
211260561,all,noOutliers,random_oversampling,RBFNetwork_aprox,pull,0.2414,0.5185,58,True
211260561,all,noOutliers,random_oversampling,RBFNetwork_aprox,push,0.7847,0.7063,144,False
211260561,all,noOutliers,random_oversampling,RBFNetwork_aprox,right,0.4203,0.617,69,False
211260561,all,noOutliers,class_weight_balanced,SMO_SVM,left,0.8405,0.7959,232,False
211260561,all,noOutliers,class_weight_balanced,SMO_SVM,pull,0.3621,0.4773,58,True
211260561,all,noOutliers,class_weight_balanced,SMO_SVM,push,0.7917,0.7308,144,False
211260561,all,noOutliers,class_weight_balanced,SMO_SVM,right,0.4783,0.569,69,False
211260561,all,noOutliers,class_weight_balanced,RandomForest,left,0.8922,0.7017,232,False
211260561,all,noOutliers,class_weight_balanced,RandomForest,pull,0.069,0.4,58,True
211260561,all,noOutliers,class_weight_balanced,RandomForest,push,0.7639,0.6215,144,False
211260561,all,noOutliers,class_weight_balanced,RandomForest,right,0.1014,0.3333,69,False
211260561,all,noOutliers,class_weight_balanced,RBFNetwork_aprox,left,0.8621,0.7722,232,False
211260561,all,noOutliers,class_weight_balanced,RBFNetwork_aprox,pull,0.3103,0.4737,58,True
211260561,all,noOutliers,class_weight_balanced,RBFNetwork_aprox,push,0.7569,0.6987,144,False
211260561,all,noOutliers,class_weight_balanced,RBFNetwork_aprox,right,0.4348,0.6,69,False
211260561,all,noOutliers,smote,SMO_SVM,left,0.8233,0.7893,232,False
211260561,all,noOutliers,smote,SMO_SVM,pull,0.3448,0.4545,58,True
211260561,all,noOutliers,smote,SMO_SVM,push,0.7986,0.7278,144,False
211260561,all,noOutliers,smote,SMO_SVM,right,0.4928,0.5763,69,False
211260561,all,noOutliers,smote,RandomForest,left,0.8707,0.7537,232,False
211260561,all,noOutliers,smote,RandomForest,pull,0.1379,0.381,58,True
211260561,all,noOutliers,smote,RandomForest,push,0.8333,0.6452,144,False
211260561,all,noOutliers,smote,RandomForest,right,0.1739,0.4286,69,False
211260561,all,noOutliers,smote,MLP,left,0.875,0.8602,232,False
211260561,all,noOutliers,smote,MLP,pull,0.4655,0.5192,58,True
211260561,all,noOutliers,smote,MLP,push,0.8264,0.7677,144,False
211260561,all,noOutliers,smote,MLP,right,0.6087,0.7,69,False
211260561,all,noOutliers,smote,IBk_kNN,left,0.6853,0.8785,232,False
211260561,all,noOutliers,smote,IBk_kNN,pull,0.4655,0.4355,58,True
211260561,all,noOutliers,smote,IBk_kNN,push,0.7708,0.681,144,False
211260561,all,noOutliers,smote,IBk_kNN,right,0.5797,0.4124,69,False
211260561,all,noOutliers,smote,RBFNetwork_aprox,left,0.9009,0.7656,232,False
211260561,all,noOutliers,smote,RBFNetwork_aprox,pull,0.2586,0.5556,58,True
211260561,all,noOutliers,smote,RBFNetwork_aprox,push,0.8056,0.7389,144,False
211260561,all,noOutliers,smote,RBFNetwork_aprox,right,0.4493,0.6739,69,False
211260561,all,noOutliers,smote_tomek,SMO_SVM,left,0.8233,0.7893,232,False
211260561,all,noOutliers,smote_tomek,SMO_SVM,pull,0.3448,0.4545,58,True
211260561,all,noOutliers,smote_tomek,SMO_SVM,push,0.7986,0.7278,144,False
211260561,all,noOutliers,smote_tomek,SMO_SVM,right,0.4928,0.5763,69,False
211260561,all,noOutliers,smote_tomek,RandomForest,left,0.8707,0.7537,232,False
211260561,all,noOutliers,smote_tomek,RandomForest,pull,0.1379,0.381,58,True
211260561,all,noOutliers,smote_tomek,RandomForest,push,0.8333,0.6452,144,False
211260561,all,noOutliers,smote_tomek,RandomForest,right,0.1739,0.4286,69,False
211260561,all,noOutliers,smote_tomek,MLP,left,0.875,0.8602,232,False
211260561,all,noOutliers,smote_tomek,MLP,pull,0.4655,0.5192,58,True
211260561,all,noOutliers,smote_tomek,MLP,push,0.8264,0.7677,144,False
211260561,all,noOutliers,smote_tomek,MLP,right,0.6087,0.7,69,False
211260561,all,noOutliers,smote_tomek,IBk_kNN,left,0.6853,0.8785,232,False
211260561,all,noOutliers,smote_tomek,IBk_kNN,pull,0.4655,0.4355,58,True
211260561,all,noOutliers,smote_tomek,IBk_kNN,push,0.7708,0.681,144,False
211260561,all,noOutliers,smote_tomek,IBk_kNN,right,0.5797,0.4124,69,False
211260561,all,noOutliers,smote_tomek,RBFNetwork_aprox,left,0.9009,0.7656,232,False
211260561,all,noOutliers,smote_tomek,RBFNetwork_aprox,pull,0.2586,0.5556,58,True
211260561,all,noOutliers,smote_tomek,RBFNetwork_aprox,push,0.8056,0.7389,144,False
211260561,all,noOutliers,smote_tomek,RBFNetwork_aprox,right,0.4493,0.6739,69,False
211260561,all,noOutliers,random_undersampling_controlado,SMO_SVM,left,0.8103,0.8103,232,False
211260561,all,noOutliers,random_undersampling_controlado,SMO_SVM,pull,0.4828,0.5,58,True
211260561,all,noOutliers,random_undersampling_controlado,SMO_SVM,push,0.7431,0.7431,144,False
211260561,all,noOutliers,random_undersampling_controlado,SMO_SVM,right,0.5072,0.493,69,False
211260561,all,noOutliers,random_undersampling_controlado,RandomForest,left,0.7759,0.7531,232,False
211260561,all,noOutliers,random_undersampling_controlado,RandomForest,pull,0.1552,0.2812,58,True
211260561,all,noOutliers,random_undersampling_controlado,RandomForest,push,0.75,0.5934,144,False
211260561,all,noOutliers,random_undersampling_controlado,RandomForest,right,0.2464,0.34,69,False
211260561,all,noOutliers,random_undersampling_controlado,MLP,left,0.819,0.8676,232,False
211260561,all,noOutliers,random_undersampling_controlado,MLP,pull,0.4655,0.5294,58,True
211260561,all,noOutliers,random_undersampling_controlado,MLP,push,0.8472,0.7625,144,False
211260561,all,noOutliers,random_undersampling_controlado,MLP,right,0.5942,0.5616,69,False
211260561,all,noOutliers,random_undersampling_controlado,IBk_kNN,left,0.7414,0.8,232,False
211260561,all,noOutliers,random_undersampling_controlado,IBk_kNN,pull,0.4828,0.5385,58,True
211260561,all,noOutliers,random_undersampling_controlado,IBk_kNN,push,0.7569,0.7032,144,False
211260561,all,noOutliers,random_undersampling_controlado,IBk_kNN,right,0.4783,0.4074,69,False
211260561,all,noOutliers,random_undersampling_controlado,RBFNetwork_aprox,left,0.8448,0.7341,232,False
211260561,all,noOutliers,random_undersampling_controlado,RBFNetwork_aprox,pull,0.2069,0.4444,58,True
211260561,all,noOutliers,random_undersampling_controlado,RBFNetwork_aprox,push,0.7292,0.6562,144,False
211260561,all,noOutliers,random_undersampling_controlado,RBFNetwork_aprox,right,0.3768,0.5306,69,False
211260561,all,sinArtefactosConservador,sin_balanceo,SMO_SVM,left,0.7233,0.6765,159,False
211260561,all,sinArtefactosConservador,sin_balanceo,SMO_SVM,pull,0.4681,0.3793,47,True
211260561,all,sinArtefactosConservador,sin_balanceo,SMO_SVM,push,0.6172,0.7315,128,False
211260561,all,sinArtefactosConservador,sin_balanceo,SMO_SVM,right,0.4928,0.5075,69,False
211260561,all,sinArtefactosConservador,sin_balanceo,RandomForest,left,0.7862,0.6158,159,False
211260561,all,sinArtefactosConservador,sin_balanceo,RandomForest,pull,0.1489,0.2593,47,True
211260561,all,sinArtefactosConservador,sin_balanceo,RandomForest,push,0.6953,0.6224,128,False
211260561,all,sinArtefactosConservador,sin_balanceo,RandomForest,right,0.1304,0.3,69,False
211260561,all,sinArtefactosConservador,sin_balanceo,MLP,left,0.7296,0.7342,159,False
211260561,all,sinArtefactosConservador,sin_balanceo,MLP,pull,0.3191,0.4839,47,True
211260561,all,sinArtefactosConservador,sin_balanceo,MLP,push,0.8359,0.6903,128,False
211260561,all,sinArtefactosConservador,sin_balanceo,MLP,right,0.4493,0.5254,69,False
211260561,all,sinArtefactosConservador,sin_balanceo,IBk_kNN,left,0.7987,0.6828,159,False
211260561,all,sinArtefactosConservador,sin_balanceo,IBk_kNN,pull,0.4043,0.5278,47,True
211260561,all,sinArtefactosConservador,sin_balanceo,IBk_kNN,push,0.6484,0.6587,128,False
211260561,all,sinArtefactosConservador,sin_balanceo,IBk_kNN,right,0.4203,0.5273,69,False
211260561,all,sinArtefactosConservador,sin_balanceo,RBFNetwork_aprox,left,0.8616,0.6884,159,False
211260561,all,sinArtefactosConservador,sin_balanceo,RBFNetwork_aprox,pull,0.1489,0.3182,47,True
211260561,all,sinArtefactosConservador,sin_balanceo,RBFNetwork_aprox,push,0.7969,0.6623,128,False
211260561,all,sinArtefactosConservador,sin_balanceo,RBFNetwork_aprox,right,0.2319,0.5714,69,False
211260561,all,sinArtefactosConservador,random_oversampling,SMO_SVM,left,0.7296,0.6824,159,False
211260561,all,sinArtefactosConservador,random_oversampling,SMO_SVM,pull,0.4894,0.3898,47,True
211260561,all,sinArtefactosConservador,random_oversampling,SMO_SVM,push,0.625,0.7273,128,False
211260561,all,sinArtefactosConservador,random_oversampling,SMO_SVM,right,0.4783,0.5156,69,False
211260561,all,sinArtefactosConservador,random_oversampling,RandomForest,left,0.8302,0.7097,159,False
211260561,all,sinArtefactosConservador,random_oversampling,RandomForest,pull,0.1915,0.36,47,True
211260561,all,sinArtefactosConservador,random_oversampling,RandomForest,push,0.7891,0.6433,128,False
211260561,all,sinArtefactosConservador,random_oversampling,RandomForest,right,0.2609,0.5143,69,False
211260561,all,sinArtefactosConservador,random_oversampling,MLP,left,0.7107,0.7584,159,False
211260561,all,sinArtefactosConservador,random_oversampling,MLP,pull,0.4043,0.5,47,True
211260561,all,sinArtefactosConservador,random_oversampling,MLP,push,0.8359,0.6948,128,False
211260561,all,sinArtefactosConservador,random_oversampling,MLP,right,0.4928,0.5484,69,False
211260561,all,sinArtefactosConservador,random_oversampling,IBk_kNN,left,0.805,0.6882,159,False
211260561,all,sinArtefactosConservador,random_oversampling,IBk_kNN,pull,0.383,0.5143,47,True
211260561,all,sinArtefactosConservador,random_oversampling,IBk_kNN,push,0.6484,0.664,128,False
211260561,all,sinArtefactosConservador,random_oversampling,IBk_kNN,right,0.4493,0.5439,69,False
211260561,all,sinArtefactosConservador,random_oversampling,RBFNetwork_aprox,left,0.8365,0.7151,159,False
211260561,all,sinArtefactosConservador,random_oversampling,RBFNetwork_aprox,pull,0.2553,0.3636,47,True
211260561,all,sinArtefactosConservador,random_oversampling,RBFNetwork_aprox,push,0.7812,0.6803,128,False
211260561,all,sinArtefactosConservador,random_oversampling,RBFNetwork_aprox,right,0.3768,0.7027,69,False
211260561,all,sinArtefactosConservador,class_weight_balanced,SMO_SVM,left,0.7233,0.6765,159,False
211260561,all,sinArtefactosConservador,class_weight_balanced,SMO_SVM,pull,0.4681,0.3793,47,True
211260561,all,sinArtefactosConservador,class_weight_balanced,SMO_SVM,push,0.6172,0.7315,128,False
211260561,all,sinArtefactosConservador,class_weight_balanced,SMO_SVM,right,0.4928,0.5075,69,False
211260561,all,sinArtefactosConservador,class_weight_balanced,RandomForest,left,0.8113,0.6232,159,False
211260561,all,sinArtefactosConservador,class_weight_balanced,RandomForest,pull,0.1277,0.25,47,True
211260561,all,sinArtefactosConservador,class_weight_balanced,RandomForest,push,0.7109,0.6364,128,False
211260561,all,sinArtefactosConservador,class_weight_balanced,RandomForest,right,0.1449,0.3448,69,False
211260561,all,sinArtefactosConservador,class_weight_balanced,RBFNetwork_aprox,left,0.8239,0.7238,159,False
211260561,all,sinArtefactosConservador,class_weight_balanced,RBFNetwork_aprox,pull,0.2766,0.3714,47,True
211260561,all,sinArtefactosConservador,class_weight_balanced,RBFNetwork_aprox,push,0.75,0.6761,128,False
211260561,all,sinArtefactosConservador,class_weight_balanced,RBFNetwork_aprox,right,0.3913,0.6,69,False
211260561,all,sinArtefactosConservador,smote,SMO_SVM,left,0.7358,0.6842,159,False
211260561,all,sinArtefactosConservador,smote,SMO_SVM,pull,0.4681,0.3929,47,True
211260561,all,sinArtefactosConservador,smote,SMO_SVM,push,0.6406,0.7321,128,False
211260561,all,sinArtefactosConservador,smote,SMO_SVM,right,0.4928,0.5312,69,False
211260561,all,sinArtefactosConservador,smote,RandomForest,left,0.7987,0.6447,159,False
211260561,all,sinArtefactosConservador,smote,RandomForest,pull,0.234,0.3056,47,True
211260561,all,sinArtefactosConservador,smote,RandomForest,push,0.6562,0.6512,128,False
211260561,all,sinArtefactosConservador,smote,RandomForest,right,0.2174,0.3659,69,False
211260561,all,sinArtefactosConservador,smote,MLP,left,0.7233,0.7468,159,False
211260561,all,sinArtefactosConservador,smote,MLP,pull,0.4255,0.5556,47,True
211260561,all,sinArtefactosConservador,smote,MLP,push,0.8438,0.7105,128,False
211260561,all,sinArtefactosConservador,smote,MLP,right,0.4638,0.5246,69,False
211260561,all,sinArtefactosConservador,smote,IBk_kNN,left,0.7044,0.7568,159,False
211260561,all,sinArtefactosConservador,smote,IBk_kNN,pull,0.4681,0.4231,47,True
211260561,all,sinArtefactosConservador,smote,IBk_kNN,push,0.6875,0.704,128,False
211260561,all,sinArtefactosConservador,smote,IBk_kNN,right,0.5217,0.4615,69,False
211260561,all,sinArtefactosConservador,smote,RBFNetwork_aprox,left,0.8365,0.6751,159,False
211260561,all,sinArtefactosConservador,smote,RBFNetwork_aprox,pull,0.2766,0.4815,47,True
211260561,all,sinArtefactosConservador,smote,RBFNetwork_aprox,push,0.7969,0.7034,128,False
211260561,all,sinArtefactosConservador,smote,RBFNetwork_aprox,right,0.2899,0.5882,69,False
211260561,all,sinArtefactosConservador,smote_tomek,SMO_SVM,left,0.7358,0.6842,159,False
211260561,all,sinArtefactosConservador,smote_tomek,SMO_SVM,pull,0.4681,0.3929,47,True
211260561,all,sinArtefactosConservador,smote_tomek,SMO_SVM,push,0.6406,0.7321,128,False
211260561,all,sinArtefactosConservador,smote_tomek,SMO_SVM,right,0.4928,0.5312,69,False
211260561,all,sinArtefactosConservador,smote_tomek,RandomForest,left,0.7987,0.6447,159,False
211260561,all,sinArtefactosConservador,smote_tomek,RandomForest,pull,0.234,0.3056,47,True
211260561,all,sinArtefactosConservador,smote_tomek,RandomForest,push,0.6562,0.6512,128,False
211260561,all,sinArtefactosConservador,smote_tomek,RandomForest,right,0.2174,0.3659,69,False
211260561,all,sinArtefactosConservador,smote_tomek,MLP,left,0.7233,0.7468,159,False
211260561,all,sinArtefactosConservador,smote_tomek,MLP,pull,0.4255,0.5556,47,True
211260561,all,sinArtefactosConservador,smote_tomek,MLP,push,0.8438,0.7105,128,False
211260561,all,sinArtefactosConservador,smote_tomek,MLP,right,0.4638,0.5246,69,False
211260561,all,sinArtefactosConservador,smote_tomek,IBk_kNN,left,0.7044,0.7568,159,False
211260561,all,sinArtefactosConservador,smote_tomek,IBk_kNN,pull,0.4681,0.4231,47,True
211260561,all,sinArtefactosConservador,smote_tomek,IBk_kNN,push,0.6875,0.704,128,False
211260561,all,sinArtefactosConservador,smote_tomek,IBk_kNN,right,0.5217,0.4615,69,False
211260561,all,sinArtefactosConservador,smote_tomek,RBFNetwork_aprox,left,0.8365,0.6751,159,False
211260561,all,sinArtefactosConservador,smote_tomek,RBFNetwork_aprox,pull,0.2766,0.4815,47,True
211260561,all,sinArtefactosConservador,smote_tomek,RBFNetwork_aprox,push,0.7969,0.7034,128,False
211260561,all,sinArtefactosConservador,smote_tomek,RBFNetwork_aprox,right,0.2899,0.5882,69,False
211260561,all,sinArtefactosConservador,random_undersampling_controlado,SMO_SVM,left,0.6981,0.7161,159,False
211260561,all,sinArtefactosConservador,random_undersampling_controlado,SMO_SVM,pull,0.4894,0.3333,47,True
211260561,all,sinArtefactosConservador,random_undersampling_controlado,SMO_SVM,push,0.6406,0.7523,128,False
211260561,all,sinArtefactosConservador,random_undersampling_controlado,SMO_SVM,right,0.4928,0.4857,69,False
211260561,all,sinArtefactosConservador,random_undersampling_controlado,RandomForest,left,0.7736,0.6613,159,False
211260561,all,sinArtefactosConservador,random_undersampling_controlado,RandomForest,pull,0.2128,0.4348,47,True
211260561,all,sinArtefactosConservador,random_undersampling_controlado,RandomForest,push,0.7188,0.6013,128,False
211260561,all,sinArtefactosConservador,random_undersampling_controlado,RandomForest,right,0.2754,0.4634,69,False
211260561,all,sinArtefactosConservador,random_undersampling_controlado,MLP,left,0.6792,0.7248,159,False
211260561,all,sinArtefactosConservador,random_undersampling_controlado,MLP,pull,0.4255,0.5263,47,True
211260561,all,sinArtefactosConservador,random_undersampling_controlado,MLP,push,0.8203,0.6863,128,False
211260561,all,sinArtefactosConservador,random_undersampling_controlado,MLP,right,0.4493,0.4921,69,False
211260561,all,sinArtefactosConservador,random_undersampling_controlado,IBk_kNN,left,0.761,0.6836,159,False
211260561,all,sinArtefactosConservador,random_undersampling_controlado,IBk_kNN,pull,0.4255,0.4762,47,True
211260561,all,sinArtefactosConservador,random_undersampling_controlado,IBk_kNN,push,0.6328,0.6328,128,False
211260561,all,sinArtefactosConservador,random_undersampling_controlado,IBk_kNN,right,0.4203,0.5179,69,False
211260561,all,sinArtefactosConservador,random_undersampling_controlado,RBFNetwork_aprox,left,0.8176,0.6701,159,False
211260561,all,sinArtefactosConservador,random_undersampling_controlado,RBFNetwork_aprox,pull,0.2766,0.4062,47,True
211260561,all,sinArtefactosConservador,random_undersampling_controlado,RBFNetwork_aprox,push,0.7266,0.6992,128,False
211260561,all,sinArtefactosConservador,random_undersampling_controlado,RBFNetwork_aprox,right,0.3768,0.5909,69,False
211260561,all,sinArtefactosEstricto,sin_balanceo,SMO_SVM,left,0.8167,0.7903,120,False
211260561,all,sinArtefactosEstricto,sin_balanceo,SMO_SVM,pull,0.5938,0.4634,32,True
211260561,all,sinArtefactosEstricto,sin_balanceo,SMO_SVM,push,0.6667,0.6667,84,False
211260561,all,sinArtefactosEstricto,sin_balanceo,SMO_SVM,right,0.5345,0.6889,58,False
211260561,all,sinArtefactosEstricto,sin_balanceo,RandomForest,left,0.7667,0.6571,120,False
211260561,all,sinArtefactosEstricto,sin_balanceo,RandomForest,pull,0.3125,0.625,32,True
211260561,all,sinArtefactosEstricto,sin_balanceo,RandomForest,push,0.75,0.6364,84,False
211260561,all,sinArtefactosEstricto,sin_balanceo,RandomForest,right,0.2931,0.4359,58,False
211260561,all,sinArtefactosEstricto,sin_balanceo,MLP,left,0.7917,0.7661,120,False
211260561,all,sinArtefactosEstricto,sin_balanceo,MLP,pull,0.5938,0.6129,32,True
211260561,all,sinArtefactosEstricto,sin_balanceo,MLP,push,0.6905,0.6517,84,False
211260561,all,sinArtefactosEstricto,sin_balanceo,MLP,right,0.5345,0.62,58,False
211260561,all,sinArtefactosEstricto,sin_balanceo,IBk_kNN,left,0.8333,0.7937,120,False
211260561,all,sinArtefactosEstricto,sin_balanceo,IBk_kNN,pull,0.625,0.8333,32,True
211260561,all,sinArtefactosEstricto,sin_balanceo,IBk_kNN,push,0.75,0.6774,84,False
211260561,all,sinArtefactosEstricto,sin_balanceo,IBk_kNN,right,0.3621,0.4118,58,False
211260561,all,sinArtefactosEstricto,sin_balanceo,RBFNetwork_aprox,left,0.8917,0.7086,120,False
211260561,all,sinArtefactosEstricto,sin_balanceo,RBFNetwork_aprox,pull,0.1562,0.5,32,True
211260561,all,sinArtefactosEstricto,sin_balanceo,RBFNetwork_aprox,push,0.7857,0.66,84,False
211260561,all,sinArtefactosEstricto,sin_balanceo,RBFNetwork_aprox,right,0.3966,0.697,58,False
211260561,all,sinArtefactosEstricto,random_oversampling,SMO_SVM,left,0.8167,0.7717,120,False
211260561,all,sinArtefactosEstricto,random_oversampling,SMO_SVM,pull,0.5625,0.4615,32,True
211260561,all,sinArtefactosEstricto,random_oversampling,SMO_SVM,push,0.6667,0.6829,84,False
211260561,all,sinArtefactosEstricto,random_oversampling,SMO_SVM,right,0.5345,0.6739,58,False
211260561,all,sinArtefactosEstricto,random_oversampling,RandomForest,left,0.8083,0.669,120,False
211260561,all,sinArtefactosEstricto,random_oversampling,RandomForest,pull,0.5,0.5926,32,True
211260561,all,sinArtefactosEstricto,random_oversampling,RandomForest,push,0.6786,0.6552,84,False
211260561,all,sinArtefactosEstricto,random_oversampling,RandomForest,right,0.3793,0.6286,58,False
211260561,all,sinArtefactosEstricto,random_oversampling,MLP,left,0.7917,0.7724,120,False
211260561,all,sinArtefactosEstricto,random_oversampling,MLP,pull,0.5938,0.5588,32,True
211260561,all,sinArtefactosEstricto,random_oversampling,MLP,push,0.6905,0.6374,84,False
211260561,all,sinArtefactosEstricto,random_oversampling,MLP,right,0.5172,0.6522,58,False
211260561,all,sinArtefactosEstricto,random_oversampling,IBk_kNN,left,0.825,0.7857,120,False
211260561,all,sinArtefactosEstricto,random_oversampling,IBk_kNN,pull,0.5938,0.7917,32,True
211260561,all,sinArtefactosEstricto,random_oversampling,IBk_kNN,push,0.7619,0.6737,84,False
211260561,all,sinArtefactosEstricto,random_oversampling,IBk_kNN,right,0.3621,0.4286,58,False
211260561,all,sinArtefactosEstricto,random_oversampling,RBFNetwork_aprox,left,0.8167,0.7101,120,False
211260561,all,sinArtefactosEstricto,random_oversampling,RBFNetwork_aprox,pull,0.4375,0.5833,32,True
211260561,all,sinArtefactosEstricto,random_oversampling,RBFNetwork_aprox,push,0.7619,0.6667,84,False
211260561,all,sinArtefactosEstricto,random_oversampling,RBFNetwork_aprox,right,0.431,0.6944,58,False
211260561,all,sinArtefactosEstricto,class_weight_balanced,SMO_SVM,left,0.8167,0.7903,120,False
211260561,all,sinArtefactosEstricto,class_weight_balanced,SMO_SVM,pull,0.5938,0.4634,32,True
211260561,all,sinArtefactosEstricto,class_weight_balanced,SMO_SVM,push,0.6667,0.6667,84,False
211260561,all,sinArtefactosEstricto,class_weight_balanced,SMO_SVM,right,0.5345,0.6889,58,False
211260561,all,sinArtefactosEstricto,class_weight_balanced,RandomForest,left,0.8083,0.6599,120,False
211260561,all,sinArtefactosEstricto,class_weight_balanced,RandomForest,pull,0.4062,0.7222,32,True
211260561,all,sinArtefactosEstricto,class_weight_balanced,RandomForest,push,0.7857,0.7021,84,False
211260561,all,sinArtefactosEstricto,class_weight_balanced,RandomForest,right,0.3621,0.6,58,False
211260561,all,sinArtefactosEstricto,class_weight_balanced,RBFNetwork_aprox,left,0.8083,0.7132,120,False
211260561,all,sinArtefactosEstricto,class_weight_balanced,RBFNetwork_aprox,pull,0.4375,0.6087,32,True
211260561,all,sinArtefactosEstricto,class_weight_balanced,RBFNetwork_aprox,push,0.75,0.6495,84,False
211260561,all,sinArtefactosEstricto,class_weight_balanced,RBFNetwork_aprox,right,0.4138,0.6316,58,False
211260561,all,sinArtefactosEstricto,smote,SMO_SVM,left,0.8167,0.7656,120,False
211260561,all,sinArtefactosEstricto,smote,SMO_SVM,pull,0.5625,0.4615,32,True
211260561,all,sinArtefactosEstricto,smote,SMO_SVM,push,0.6667,0.6829,84,False
211260561,all,sinArtefactosEstricto,smote,SMO_SVM,right,0.5345,0.6889,58,False
211260561,all,sinArtefactosEstricto,smote,RandomForest,left,0.7417,0.6642,120,False
211260561,all,sinArtefactosEstricto,smote,RandomForest,pull,0.5938,0.5429,32,True
211260561,all,sinArtefactosEstricto,smote,RandomForest,push,0.7619,0.7111,84,False
211260561,all,sinArtefactosEstricto,smote,RandomForest,right,0.3448,0.5714,58,False
211260561,all,sinArtefactosEstricto,smote,MLP,left,0.8,0.7742,120,False
211260561,all,sinArtefactosEstricto,smote,MLP,pull,0.5938,0.5588,32,True
211260561,all,sinArtefactosEstricto,smote,MLP,push,0.7024,0.6413,84,False
211260561,all,sinArtefactosEstricto,smote,MLP,right,0.5172,0.6818,58,False
211260561,all,sinArtefactosEstricto,smote,IBk_kNN,left,0.6917,0.8384,120,False
211260561,all,sinArtefactosEstricto,smote,IBk_kNN,pull,0.6562,0.5,32,True
211260561,all,sinArtefactosEstricto,smote,IBk_kNN,push,0.75,0.6774,84,False
211260561,all,sinArtefactosEstricto,smote,IBk_kNN,right,0.4655,0.45,58,False
211260561,all,sinArtefactosEstricto,smote,RBFNetwork_aprox,left,0.8333,0.7092,120,False
211260561,all,sinArtefactosEstricto,smote,RBFNetwork_aprox,pull,0.4375,0.5385,32,True
211260561,all,sinArtefactosEstricto,smote,RBFNetwork_aprox,push,0.7143,0.6593,84,False
211260561,all,sinArtefactosEstricto,smote,RBFNetwork_aprox,right,0.431,0.6944,58,False
211260561,all,sinArtefactosEstricto,smote_tomek,SMO_SVM,left,0.8167,0.7717,120,False
211260561,all,sinArtefactosEstricto,smote_tomek,SMO_SVM,pull,0.5625,0.45,32,True
211260561,all,sinArtefactosEstricto,smote_tomek,SMO_SVM,push,0.6667,0.6829,84,False
211260561,all,sinArtefactosEstricto,smote_tomek,SMO_SVM,right,0.5345,0.6889,58,False
211260561,all,sinArtefactosEstricto,smote_tomek,RandomForest,left,0.7667,0.6667,120,False
211260561,all,sinArtefactosEstricto,smote_tomek,RandomForest,pull,0.5625,0.6,32,True
211260561,all,sinArtefactosEstricto,smote_tomek,RandomForest,push,0.7381,0.7126,84,False
211260561,all,sinArtefactosEstricto,smote_tomek,RandomForest,right,0.3793,0.5641,58,False
211260561,all,sinArtefactosEstricto,smote_tomek,MLP,left,0.775,0.7623,120,False
211260561,all,sinArtefactosEstricto,smote_tomek,MLP,pull,0.5938,0.5588,32,True
211260561,all,sinArtefactosEstricto,smote_tomek,MLP,push,0.7024,0.6413,84,False
211260561,all,sinArtefactosEstricto,smote_tomek,MLP,right,0.5172,0.6522,58,False
211260561,all,sinArtefactosEstricto,smote_tomek,IBk_kNN,left,0.675,0.8351,120,False
211260561,all,sinArtefactosEstricto,smote_tomek,IBk_kNN,pull,0.6562,0.5,32,True
211260561,all,sinArtefactosEstricto,smote_tomek,IBk_kNN,push,0.75,0.6632,84,False
211260561,all,sinArtefactosEstricto,smote_tomek,IBk_kNN,right,0.4655,0.45,58,False
211260561,all,sinArtefactosEstricto,smote_tomek,RBFNetwork_aprox,left,0.8333,0.7042,120,False
211260561,all,sinArtefactosEstricto,smote_tomek,RBFNetwork_aprox,pull,0.4375,0.5385,32,True
211260561,all,sinArtefactosEstricto,smote_tomek,RBFNetwork_aprox,push,0.7143,0.6593,84,False
211260561,all,sinArtefactosEstricto,smote_tomek,RBFNetwork_aprox,right,0.431,0.7143,58,False
211260561,all,sinArtefactosEstricto,random_undersampling_controlado,SMO_SVM,left,0.7083,0.7456,120,False
211260561,all,sinArtefactosEstricto,random_undersampling_controlado,SMO_SVM,pull,0.5938,0.4419,32,True
211260561,all,sinArtefactosEstricto,random_undersampling_controlado,SMO_SVM,push,0.6786,0.6404,84,False
211260561,all,sinArtefactosEstricto,random_undersampling_controlado,SMO_SVM,right,0.5345,0.6458,58,False
211260561,all,sinArtefactosEstricto,random_undersampling_controlado,RandomForest,left,0.6917,0.7345,120,False
211260561,all,sinArtefactosEstricto,random_undersampling_controlado,RandomForest,pull,0.375,0.5714,32,True
211260561,all,sinArtefactosEstricto,random_undersampling_controlado,RandomForest,push,0.8095,0.6239,84,False
211260561,all,sinArtefactosEstricto,random_undersampling_controlado,RandomForest,right,0.5345,0.6078,58,False
211260561,all,sinArtefactosEstricto,random_undersampling_controlado,MLP,left,0.675,0.7714,120,False
211260561,all,sinArtefactosEstricto,random_undersampling_controlado,MLP,pull,0.5938,0.475,32,True
211260561,all,sinArtefactosEstricto,random_undersampling_controlado,MLP,push,0.7381,0.5962,84,False
211260561,all,sinArtefactosEstricto,random_undersampling_controlado,MLP,right,0.4828,0.6222,58,False
211260561,all,sinArtefactosEstricto,random_undersampling_controlado,IBk_kNN,left,0.7,0.8235,120,False
211260561,all,sinArtefactosEstricto,random_undersampling_controlado,IBk_kNN,pull,0.625,0.8,32,True
211260561,all,sinArtefactosEstricto,random_undersampling_controlado,IBk_kNN,push,0.7262,0.581,84,False
211260561,all,sinArtefactosEstricto,random_undersampling_controlado,IBk_kNN,right,0.4483,0.4194,58,False
211260561,all,sinArtefactosEstricto,random_undersampling_controlado,RBFNetwork_aprox,left,0.725,0.685,120,False
211260561,all,sinArtefactosEstricto,random_undersampling_controlado,RBFNetwork_aprox,pull,0.125,0.3636,32,True
211260561,all,sinArtefactosEstricto,random_undersampling_controlado,RBFNetwork_aprox,push,0.7857,0.5841,84,False
211260561,all,sinArtefactosEstricto,random_undersampling_controlado,RBFNetwork_aprox,right,0.4138,0.5581,58,False
212260563,all,noOutliers,sin_balanceo,SMO_SVM,left,0.9474,0.9474,57,False
212260563,all,noOutliers,sin_balanceo,SMO_SVM,pull,0.9655,0.9333,29,False
212260563,all,noOutliers,sin_balanceo,SMO_SVM,push,0.0,0.0,3,True
212260563,all,noOutliers,sin_balanceo,SMO_SVM,right,0.9767,0.9333,43,False
212260563,all,noOutliers,sin_balanceo,RandomForest,left,0.9649,0.9167,57,False
212260563,all,noOutliers,sin_balanceo,RandomForest,pull,0.8966,0.9286,29,False
212260563,all,noOutliers,sin_balanceo,RandomForest,push,0.0,0.0,3,True
212260563,all,noOutliers,sin_balanceo,RandomForest,right,0.9767,0.9545,43,False
212260563,all,noOutliers,sin_balanceo,MLP,left,0.9474,0.9818,57,False
212260563,all,noOutliers,sin_balanceo,MLP,pull,1.0,0.9062,29,False
212260563,all,noOutliers,sin_balanceo,MLP,push,0.0,0.0,3,True
212260563,all,noOutliers,sin_balanceo,MLP,right,0.9767,0.9333,43,False
212260563,all,noOutliers,sin_balanceo,IBk_kNN,left,0.9298,1.0,57,False
212260563,all,noOutliers,sin_balanceo,IBk_kNN,pull,1.0,0.8788,29,False
212260563,all,noOutliers,sin_balanceo,IBk_kNN,push,0.0,0.0,3,True
212260563,all,noOutliers,sin_balanceo,IBk_kNN,right,1.0,0.9348,43,False
212260563,all,noOutliers,sin_balanceo,RBFNetwork_aprox,left,0.9474,0.9,57,False
212260563,all,noOutliers,sin_balanceo,RBFNetwork_aprox,pull,0.8276,0.8,29,False
212260563,all,noOutliers,sin_balanceo,RBFNetwork_aprox,push,0.0,0.0,3,True
212260563,all,noOutliers,sin_balanceo,RBFNetwork_aprox,right,0.8837,0.9048,43,False
212260563,all,noOutliers,random_oversampling,SMO_SVM,left,0.9474,0.9818,57,False
212260563,all,noOutliers,random_oversampling,SMO_SVM,pull,0.9655,0.9333,29,False
212260563,all,noOutliers,random_oversampling,SMO_SVM,push,0.3333,1.0,3,True
212260563,all,noOutliers,random_oversampling,SMO_SVM,right,1.0,0.9348,43,False
212260563,all,noOutliers,random_oversampling,RandomForest,left,0.9649,0.9483,57,False
212260563,all,noOutliers,random_oversampling,RandomForest,pull,0.9655,0.9333,29,False
212260563,all,noOutliers,random_oversampling,RandomForest,push,0.0,0.0,3,True
212260563,all,noOutliers,random_oversampling,RandomForest,right,0.9767,0.9545,43,False
212260563,all,noOutliers,random_oversampling,MLP,left,0.9474,0.9818,57,False
212260563,all,noOutliers,random_oversampling,MLP,pull,1.0,0.9062,29,False
212260563,all,noOutliers,random_oversampling,MLP,push,0.0,0.0,3,True
212260563,all,noOutliers,random_oversampling,MLP,right,0.9767,0.9333,43,False
212260563,all,noOutliers,random_oversampling,IBk_kNN,left,0.9298,1.0,57,False
212260563,all,noOutliers,random_oversampling,IBk_kNN,pull,1.0,0.8788,29,False
212260563,all,noOutliers,random_oversampling,IBk_kNN,push,0.0,0.0,3,True
212260563,all,noOutliers,random_oversampling,IBk_kNN,right,1.0,0.9348,43,False
212260563,all,noOutliers,random_oversampling,RBFNetwork_aprox,left,0.9298,0.8833,57,False
212260563,all,noOutliers,random_oversampling,RBFNetwork_aprox,pull,0.8621,0.7812,29,False
212260563,all,noOutliers,random_oversampling,RBFNetwork_aprox,push,0.0,0.0,3,True
212260563,all,noOutliers,random_oversampling,RBFNetwork_aprox,right,0.8837,0.95,43,False
212260563,all,noOutliers,class_weight_balanced,SMO_SVM,left,0.9474,0.9643,57,False
212260563,all,noOutliers,class_weight_balanced,SMO_SVM,pull,0.9655,0.9333,29,False
212260563,all,noOutliers,class_weight_balanced,SMO_SVM,push,0.0,0.0,3,True
212260563,all,noOutliers,class_weight_balanced,SMO_SVM,right,1.0,0.9348,43,False
212260563,all,noOutliers,class_weight_balanced,RandomForest,left,0.9649,0.9016,57,False
212260563,all,noOutliers,class_weight_balanced,RandomForest,pull,0.8966,0.9286,29,False
212260563,all,noOutliers,class_weight_balanced,RandomForest,push,0.0,0.0,3,True
212260563,all,noOutliers,class_weight_balanced,RandomForest,right,0.9535,0.9535,43,False
212260563,all,noOutliers,class_weight_balanced,RBFNetwork_aprox,left,0.8596,0.9074,57,False
212260563,all,noOutliers,class_weight_balanced,RBFNetwork_aprox,pull,0.8621,0.7576,29,False
212260563,all,noOutliers,class_weight_balanced,RBFNetwork_aprox,push,0.0,0.0,3,True
212260563,all,noOutliers,class_weight_balanced,RBFNetwork_aprox,right,0.907,0.8667,43,False
212260563,all,noOutliers,random_undersampling_controlado,SMO_SVM,left,0.6491,0.881,57,False
212260563,all,noOutliers,random_undersampling_controlado,SMO_SVM,pull,0.7931,0.697,29,False
212260563,all,noOutliers,random_undersampling_controlado,SMO_SVM,push,1.0,0.5,3,True
212260563,all,noOutliers,random_undersampling_controlado,SMO_SVM,right,0.8837,0.7451,43,False
212260563,all,noOutliers,random_undersampling_controlado,RandomForest,left,0.5263,0.8108,57,False
212260563,all,noOutliers,random_undersampling_controlado,RandomForest,pull,0.7931,0.7931,29,False
212260563,all,noOutliers,random_undersampling_controlado,RandomForest,push,0.0,0.0,3,True
212260563,all,noOutliers,random_undersampling_controlado,RandomForest,right,0.907,0.5909,43,False
212260563,all,noOutliers,random_undersampling_controlado,MLP,left,0.6316,0.8571,57,False
212260563,all,noOutliers,random_undersampling_controlado,MLP,pull,0.8966,0.7647,29,False
212260563,all,noOutliers,random_undersampling_controlado,MLP,push,0.6667,1.0,3,True
212260563,all,noOutliers,random_undersampling_controlado,MLP,right,0.8837,0.7037,43,False
212260563,all,noOutliers,random_undersampling_controlado,IBk_kNN,left,0.7368,0.875,57,False
212260563,all,noOutliers,random_undersampling_controlado,IBk_kNN,pull,0.8621,0.6944,29,False
212260563,all,noOutliers,random_undersampling_controlado,IBk_kNN,push,0.6667,0.6667,3,True
212260563,all,noOutliers,random_undersampling_controlado,IBk_kNN,right,0.8605,0.8222,43,False
212260563,all,noOutliers,random_undersampling_controlado,RBFNetwork_aprox,left,0.5614,0.8,57,False
212260563,all,noOutliers,random_undersampling_controlado,RBFNetwork_aprox,pull,0.6897,0.6061,29,False
212260563,all,noOutliers,random_undersampling_controlado,RBFNetwork_aprox,push,0.0,0.0,3,True
212260563,all,noOutliers,random_undersampling_controlado,RBFNetwork_aprox,right,0.7442,0.5424,43,False
212260567,all,noOutliers,sin_balanceo,SMO_SVM,left,1.0,0.9762,41,False
212260567,all,noOutliers,sin_balanceo,SMO_SVM,pull,0.9833,0.9365,60,False
212260567,all,noOutliers,sin_balanceo,SMO_SVM,push,0.8947,1.0,19,False
212260567,all,noOutliers,sin_balanceo,SMO_SVM,right,0.3333,1.0,3,True
212260567,all,noOutliers,sin_balanceo,RandomForest,left,0.9756,0.8511,41,False
212260567,all,noOutliers,sin_balanceo,RandomForest,pull,0.9167,0.9167,60,False
212260567,all,noOutliers,sin_balanceo,RandomForest,push,0.8421,1.0,19,False
212260567,all,noOutliers,sin_balanceo,RandomForest,right,0.0,0.0,3,True
212260567,all,noOutliers,sin_balanceo,MLP,left,1.0,0.9318,41,False
212260567,all,noOutliers,sin_balanceo,MLP,pull,0.9667,0.9667,60,False
212260567,all,noOutliers,sin_balanceo,MLP,push,0.8947,0.9444,19,False
212260567,all,noOutliers,sin_balanceo,MLP,right,0.3333,1.0,3,True
212260567,all,noOutliers,sin_balanceo,IBk_kNN,left,0.9512,0.975,41,False
212260567,all,noOutliers,sin_balanceo,IBk_kNN,pull,1.0,0.9231,60,False
212260567,all,noOutliers,sin_balanceo,IBk_kNN,push,0.8947,1.0,19,False
212260567,all,noOutliers,sin_balanceo,IBk_kNN,right,0.3333,1.0,3,True
212260567,all,noOutliers,sin_balanceo,RBFNetwork_aprox,left,0.878,0.9,41,False
212260567,all,noOutliers,sin_balanceo,RBFNetwork_aprox,pull,0.9333,0.8,60,False
212260567,all,noOutliers,sin_balanceo,RBFNetwork_aprox,push,0.6842,1.0,19,False
212260567,all,noOutliers,sin_balanceo,RBFNetwork_aprox,right,0.0,0.0,3,True
212260567,all,noOutliers,random_oversampling,SMO_SVM,left,1.0,0.9535,41,False
212260567,all,noOutliers,random_oversampling,SMO_SVM,pull,0.9833,0.9219,60,False
212260567,all,noOutliers,random_oversampling,SMO_SVM,push,0.7895,1.0,19,False
212260567,all,noOutliers,random_oversampling,SMO_SVM,right,0.3333,1.0,3,True
212260567,all,noOutliers,random_oversampling,RandomForest,left,0.9756,0.8696,41,False
212260567,all,noOutliers,random_oversampling,RandomForest,pull,0.9167,0.9322,60,False
212260567,all,noOutliers,random_oversampling,RandomForest,push,0.8421,1.0,19,False
212260567,all,noOutliers,random_oversampling,RandomForest,right,0.3333,0.5,3,True
212260567,all,noOutliers,random_oversampling,MLP,left,1.0,0.9535,41,False
212260567,all,noOutliers,random_oversampling,MLP,pull,0.95,0.95,60,False
212260567,all,noOutliers,random_oversampling,MLP,push,0.8947,0.8947,19,False
212260567,all,noOutliers,random_oversampling,MLP,right,0.3333,1.0,3,True
212260567,all,noOutliers,random_oversampling,IBk_kNN,left,0.9512,0.975,41,False
212260567,all,noOutliers,random_oversampling,IBk_kNN,pull,1.0,0.9375,60,False
212260567,all,noOutliers,random_oversampling,IBk_kNN,push,0.8947,1.0,19,False
212260567,all,noOutliers,random_oversampling,IBk_kNN,right,0.6667,1.0,3,True
212260567,all,noOutliers,random_oversampling,RBFNetwork_aprox,left,0.9024,0.9487,41,False
212260567,all,noOutliers,random_oversampling,RBFNetwork_aprox,pull,0.9167,0.873,60,False
212260567,all,noOutliers,random_oversampling,RBFNetwork_aprox,push,0.8947,0.85,19,False
212260567,all,noOutliers,random_oversampling,RBFNetwork_aprox,right,0.3333,1.0,3,True
212260567,all,noOutliers,class_weight_balanced,SMO_SVM,left,1.0,0.9535,41,False
212260567,all,noOutliers,class_weight_balanced,SMO_SVM,pull,0.9667,0.9206,60,False
212260567,all,noOutliers,class_weight_balanced,SMO_SVM,push,0.7895,0.9375,19,False
212260567,all,noOutliers,class_weight_balanced,SMO_SVM,right,0.3333,1.0,3,True
212260567,all,noOutliers,class_weight_balanced,RandomForest,left,1.0,0.8542,41,False
212260567,all,noOutliers,class_weight_balanced,RandomForest,pull,0.9167,0.9167,60,False
212260567,all,noOutliers,class_weight_balanced,RandomForest,push,0.7895,1.0,19,False
212260567,all,noOutliers,class_weight_balanced,RandomForest,right,0.0,0.0,3,True
212260567,all,noOutliers,class_weight_balanced,RBFNetwork_aprox,left,0.878,0.9,41,False
212260567,all,noOutliers,class_weight_balanced,RBFNetwork_aprox,pull,0.8833,0.8548,60,False
212260567,all,noOutliers,class_weight_balanced,RBFNetwork_aprox,push,0.8947,0.85,19,False
212260567,all,noOutliers,class_weight_balanced,RBFNetwork_aprox,right,0.3333,1.0,3,True
212260567,all,noOutliers,random_undersampling_controlado,SMO_SVM,left,0.7317,0.8108,41,False
212260567,all,noOutliers,random_undersampling_controlado,SMO_SVM,pull,0.4167,0.8065,60,False
212260567,all,noOutliers,random_undersampling_controlado,SMO_SVM,push,0.6842,0.6842,19,False
212260567,all,noOutliers,random_undersampling_controlado,SMO_SVM,right,1.0,0.0833,3,True
212260567,all,noOutliers,random_undersampling_controlado,RandomForest,left,0.9024,0.8409,41,False
212260567,all,noOutliers,random_undersampling_controlado,RandomForest,pull,0.5,0.7895,60,False
212260567,all,noOutliers,random_undersampling_controlado,RandomForest,push,0.7368,0.5833,19,False
212260567,all,noOutliers,random_undersampling_controlado,RandomForest,right,0.3333,0.0588,3,True
212260567,all,noOutliers,random_undersampling_controlado,MLP,left,0.7073,0.7632,41,False
212260567,all,noOutliers,random_undersampling_controlado,MLP,pull,0.4833,0.8286,60,False
212260567,all,noOutliers,random_undersampling_controlado,MLP,push,0.7368,0.6087,19,False
212260567,all,noOutliers,random_undersampling_controlado,MLP,right,0.3333,0.037,3,True
212260567,all,noOutliers,random_undersampling_controlado,IBk_kNN,left,0.8293,0.8293,41,False
212260567,all,noOutliers,random_undersampling_controlado,IBk_kNN,pull,0.5667,0.7727,60,False
212260567,all,noOutliers,random_undersampling_controlado,IBk_kNN,push,0.6842,0.7647,19,False
212260567,all,noOutliers,random_undersampling_controlado,IBk_kNN,right,0.6667,0.0952,3,True
212260567,all,noOutliers,random_undersampling_controlado,RBFNetwork_aprox,left,0.8293,0.4857,41,False
212260567,all,noOutliers,random_undersampling_controlado,RBFNetwork_aprox,pull,0.4833,0.6744,60,False
212260567,all,noOutliers,random_undersampling_controlado,RBFNetwork_aprox,push,0.4737,1.0,19,False
212260567,all,noOutliers,random_undersampling_controlado,RBFNetwork_aprox,right,0.3333,1.0,3,True
212260569,all,noOutliers,sin_balanceo,SMO_SVM,left,0.9315,0.8193,73,False
212260569,all,noOutliers,sin_balanceo,SMO_SVM,pull,0.2632,0.625,19,True
212260569,all,noOutliers,sin_balanceo,SMO_SVM,push,0.9439,0.9352,107,False
212260569,all,noOutliers,sin_balanceo,RandomForest,left,0.8082,0.7973,73,False
212260569,all,noOutliers,sin_balanceo,RandomForest,pull,0.0,0.0,19,True
212260569,all,noOutliers,sin_balanceo,RandomForest,push,0.8692,0.7686,107,False
212260569,all,noOutliers,sin_balanceo,MLP,left,0.9041,0.7253,73,False
212260569,all,noOutliers,sin_balanceo,MLP,pull,0.1579,0.5,19,True
212260569,all,noOutliers,sin_balanceo,MLP,push,0.8692,0.9118,107,False
212260569,all,noOutliers,sin_balanceo,IBk_kNN,left,0.6986,0.6892,73,False
212260569,all,noOutliers,sin_balanceo,IBk_kNN,pull,0.2632,0.3125,19,True
212260569,all,noOutliers,sin_balanceo,IBk_kNN,push,0.8411,0.8257,107,False
212260569,all,noOutliers,sin_balanceo,RBFNetwork_aprox,left,0.9315,0.68,73,False
212260569,all,noOutliers,sin_balanceo,RBFNetwork_aprox,pull,0.0526,1.0,19,True
212260569,all,noOutliers,sin_balanceo,RBFNetwork_aprox,push,0.8224,0.898,107,False
212260569,all,noOutliers,random_oversampling,SMO_SVM,left,0.9452,0.8214,73,False
212260569,all,noOutliers,random_oversampling,SMO_SVM,pull,0.3158,0.75,19,True
212260569,all,noOutliers,random_oversampling,SMO_SVM,push,0.9439,0.9439,107,False
212260569,all,noOutliers,random_oversampling,RandomForest,left,0.7945,0.8406,73,False
212260569,all,noOutliers,random_oversampling,RandomForest,pull,0.1053,0.3333,19,True
212260569,all,noOutliers,random_oversampling,RandomForest,push,0.9065,0.7823,107,False
212260569,all,noOutliers,random_oversampling,MLP,left,0.9178,0.7204,73,False
212260569,all,noOutliers,random_oversampling,MLP,pull,0.2632,0.7143,19,True
212260569,all,noOutliers,random_oversampling,MLP,push,0.8598,0.9293,107,False
212260569,all,noOutliers,random_oversampling,IBk_kNN,left,0.726,0.7067,73,False
212260569,all,noOutliers,random_oversampling,IBk_kNN,pull,0.2105,0.3333,19,True
212260569,all,noOutliers,random_oversampling,IBk_kNN,push,0.8318,0.7946,107,False
212260569,all,noOutliers,random_oversampling,RBFNetwork_aprox,left,0.9452,0.6765,73,False
212260569,all,noOutliers,random_oversampling,RBFNetwork_aprox,pull,0.2105,0.8,19,True
212260569,all,noOutliers,random_oversampling,RBFNetwork_aprox,push,0.8037,0.9348,107,False
212260569,all,noOutliers,class_weight_balanced,SMO_SVM,left,0.9315,0.8193,73,False
212260569,all,noOutliers,class_weight_balanced,SMO_SVM,pull,0.2632,0.625,19,True
212260569,all,noOutliers,class_weight_balanced,SMO_SVM,push,0.9439,0.9352,107,False
212260569,all,noOutliers,class_weight_balanced,RandomForest,left,0.7534,0.7857,73,False
212260569,all,noOutliers,class_weight_balanced,RandomForest,pull,0.0,0.0,19,True
212260569,all,noOutliers,class_weight_balanced,RandomForest,push,0.8972,0.7619,107,False
212260569,all,noOutliers,class_weight_balanced,RBFNetwork_aprox,left,0.9452,0.6389,73,False
212260569,all,noOutliers,class_weight_balanced,RBFNetwork_aprox,pull,0.2105,0.6667,19,True
212260569,all,noOutliers,class_weight_balanced,RBFNetwork_aprox,push,0.7477,0.9412,107,False
212260569,all,noOutliers,random_undersampling_controlado,SMO_SVM,left,0.7123,0.8,73,False
212260569,all,noOutliers,random_undersampling_controlado,SMO_SVM,pull,0.4737,0.3103,19,True
212260569,all,noOutliers,random_undersampling_controlado,SMO_SVM,push,0.8318,0.8476,107,False
212260569,all,noOutliers,random_undersampling_controlado,RandomForest,left,0.8356,0.6162,73,False
212260569,all,noOutliers,random_undersampling_controlado,RandomForest,pull,0.0526,0.5,19,True
212260569,all,noOutliers,random_undersampling_controlado,RandomForest,push,0.729,0.7959,107,False
212260569,all,noOutliers,random_undersampling_controlado,MLP,left,0.7808,0.7215,73,False
212260569,all,noOutliers,random_undersampling_controlado,MLP,pull,0.3158,0.4286,19,True
212260569,all,noOutliers,random_undersampling_controlado,MLP,push,0.8505,0.8585,107,False
212260569,all,noOutliers,random_undersampling_controlado,IBk_kNN,left,0.5753,0.6364,73,False
212260569,all,noOutliers,random_undersampling_controlado,IBk_kNN,pull,0.4737,0.2571,19,True
212260569,all,noOutliers,random_undersampling_controlado,IBk_kNN,push,0.7103,0.7755,107,False
212260569,all,noOutliers,random_undersampling_controlado,RBFNetwork_aprox,left,0.8356,0.5922,73,False
212260569,all,noOutliers,random_undersampling_controlado,RBFNetwork_aprox,pull,0.0526,1.0,19,True
212260569,all,noOutliers,random_undersampling_controlado,RBFNetwork_aprox,push,0.6822,0.7684,107,False
212260569,all,sinArtefactosConservador,sin_balanceo,SMO_SVM,left,0.84,0.8571,50,False
212260569,all,sinArtefactosConservador,sin_balanceo,SMO_SVM,pull,0.4615,0.8571,13,True
212260569,all,sinArtefactosConservador,sin_balanceo,SMO_SVM,push,0.9552,0.8649,67,False
212260569,all,sinArtefactosConservador,sin_balanceo,RandomForest,left,0.86,0.8113,50,False
212260569,all,sinArtefactosConservador,sin_balanceo,RandomForest,pull,0.0769,1.0,13,True
212260569,all,sinArtefactosConservador,sin_balanceo,RandomForest,push,0.9403,0.8289,67,False
212260569,all,sinArtefactosConservador,sin_balanceo,MLP,left,0.84,0.8235,50,False
212260569,all,sinArtefactosConservador,sin_balanceo,MLP,pull,0.3077,0.5714,13,True
212260569,all,sinArtefactosConservador,sin_balanceo,MLP,push,0.9403,0.875,67,False
212260569,all,sinArtefactosConservador,sin_balanceo,IBk_kNN,left,0.88,0.8,50,False
212260569,all,sinArtefactosConservador,sin_balanceo,IBk_kNN,pull,0.4615,0.75,13,True
212260569,all,sinArtefactosConservador,sin_balanceo,IBk_kNN,push,0.8955,0.8955,67,False
212260569,all,sinArtefactosConservador,sin_balanceo,RBFNetwork_aprox,left,0.88,0.7213,50,False
212260569,all,sinArtefactosConservador,sin_balanceo,RBFNetwork_aprox,pull,0.0769,1.0,13,True
212260569,all,sinArtefactosConservador,sin_balanceo,RBFNetwork_aprox,push,0.8507,0.8382,67,False
212260569,all,sinArtefactosConservador,random_oversampling,SMO_SVM,left,0.86,0.86,50,False
212260569,all,sinArtefactosConservador,random_oversampling,SMO_SVM,pull,0.3846,0.8333,13,True
212260569,all,sinArtefactosConservador,random_oversampling,SMO_SVM,push,0.9552,0.8649,67,False
212260569,all,sinArtefactosConservador,random_oversampling,RandomForest,left,0.88,0.8148,50,False
212260569,all,sinArtefactosConservador,random_oversampling,RandomForest,pull,0.3846,1.0,13,True
212260569,all,sinArtefactosConservador,random_oversampling,RandomForest,push,0.9254,0.8732,67,False
212260569,all,sinArtefactosConservador,random_oversampling,MLP,left,0.88,0.8627,50,False
212260569,all,sinArtefactosConservador,random_oversampling,MLP,pull,0.3846,0.7143,13,True
212260569,all,sinArtefactosConservador,random_oversampling,MLP,push,0.9701,0.9028,67,False
212260569,all,sinArtefactosConservador,random_oversampling,IBk_kNN,left,0.88,0.7857,50,False
212260569,all,sinArtefactosConservador,random_oversampling,IBk_kNN,pull,0.3846,0.7143,13,True
212260569,all,sinArtefactosConservador,random_oversampling,IBk_kNN,push,0.8955,0.8955,67,False
212260569,all,sinArtefactosConservador,random_oversampling,RBFNetwork_aprox,left,0.86,0.7167,50,False
212260569,all,sinArtefactosConservador,random_oversampling,RBFNetwork_aprox,pull,0.3077,1.0,13,True
212260569,all,sinArtefactosConservador,random_oversampling,RBFNetwork_aprox,push,0.8507,0.8636,67,False
212260569,all,sinArtefactosConservador,class_weight_balanced,SMO_SVM,left,0.84,0.8571,50,False
212260569,all,sinArtefactosConservador,class_weight_balanced,SMO_SVM,pull,0.4615,0.8571,13,True
212260569,all,sinArtefactosConservador,class_weight_balanced,SMO_SVM,push,0.9552,0.8649,67,False
212260569,all,sinArtefactosConservador,class_weight_balanced,RandomForest,left,0.86,0.8269,50,False
212260569,all,sinArtefactosConservador,class_weight_balanced,RandomForest,pull,0.1538,1.0,13,True
212260569,all,sinArtefactosConservador,class_weight_balanced,RandomForest,push,0.9403,0.8289,67,False
212260569,all,sinArtefactosConservador,class_weight_balanced,RBFNetwork_aprox,left,0.88,0.7097,50,False
212260569,all,sinArtefactosConservador,class_weight_balanced,RBFNetwork_aprox,pull,0.3846,1.0,13,True
212260569,all,sinArtefactosConservador,class_weight_balanced,RBFNetwork_aprox,push,0.8358,0.8889,67,False
212260569,all,sinArtefactosConservador,random_undersampling_controlado,SMO_SVM,left,0.86,0.7288,50,False
212260569,all,sinArtefactosConservador,random_undersampling_controlado,SMO_SVM,pull,0.4615,0.24,13,True
212260569,all,sinArtefactosConservador,random_undersampling_controlado,SMO_SVM,push,0.6866,1.0,67,False
212260569,all,sinArtefactosConservador,random_undersampling_controlado,RandomForest,left,0.74,0.6491,50,False
212260569,all,sinArtefactosConservador,random_undersampling_controlado,RandomForest,pull,0.3077,0.2353,13,True
212260569,all,sinArtefactosConservador,random_undersampling_controlado,RandomForest,push,0.7015,0.8393,67,False
212260569,all,sinArtefactosConservador,random_undersampling_controlado,MLP,left,0.82,0.7193,50,False
212260569,all,sinArtefactosConservador,random_undersampling_controlado,MLP,pull,0.4615,0.2222,13,True
212260569,all,sinArtefactosConservador,random_undersampling_controlado,MLP,push,0.6716,0.9783,67,False
212260569,all,sinArtefactosConservador,random_undersampling_controlado,IBk_kNN,left,0.74,0.6607,50,False
212260569,all,sinArtefactosConservador,random_undersampling_controlado,IBk_kNN,pull,0.4615,0.2222,13,True
212260569,all,sinArtefactosConservador,random_undersampling_controlado,IBk_kNN,push,0.6269,0.8936,67,False
212260569,all,sinArtefactosConservador,random_undersampling_controlado,RBFNetwork_aprox,left,0.9,0.5357,50,False
212260569,all,sinArtefactosConservador,random_undersampling_controlado,RBFNetwork_aprox,pull,0.1538,1.0,13,True
212260569,all,sinArtefactosConservador,random_undersampling_controlado,RBFNetwork_aprox,push,0.5821,0.8864,67,False
212260666,all,noOutliers,sin_balanceo,SMO_SVM,left,0.4375,0.7,16,True
212260666,all,noOutliers,sin_balanceo,SMO_SVM,pull,0.8644,0.816,118,False
212260666,all,noOutliers,sin_balanceo,SMO_SVM,push,0.4138,0.48,29,False
212260666,all,noOutliers,sin_balanceo,SMO_SVM,right,0.7222,0.6667,36,False
212260666,all,noOutliers,sin_balanceo,RandomForest,left,0.25,0.6667,16,True
212260666,all,noOutliers,sin_balanceo,RandomForest,pull,0.9576,0.729,118,False
212260666,all,noOutliers,sin_balanceo,RandomForest,push,0.069,0.6667,29,False
212260666,all,noOutliers,sin_balanceo,RandomForest,right,0.5833,0.6,36,False
212260666,all,noOutliers,sin_balanceo,MLP,left,0.4375,0.7778,16,True
212260666,all,noOutliers,sin_balanceo,MLP,pull,0.8644,0.7234,118,False
212260666,all,noOutliers,sin_balanceo,MLP,push,0.2069,0.6667,29,False
212260666,all,noOutliers,sin_balanceo,MLP,right,0.5556,0.5,36,False
212260666,all,noOutliers,sin_balanceo,IBk_kNN,left,0.75,0.6316,16,True
212260666,all,noOutliers,sin_balanceo,IBk_kNN,pull,0.7627,0.7759,118,False
212260666,all,noOutliers,sin_balanceo,IBk_kNN,push,0.2414,0.4118,29,False
212260666,all,noOutliers,sin_balanceo,IBk_kNN,right,0.6111,0.4681,36,False
212260666,all,noOutliers,sin_balanceo,RBFNetwork_aprox,left,0.0625,0.3333,16,True
212260666,all,noOutliers,sin_balanceo,RBFNetwork_aprox,pull,0.9237,0.6606,118,False
212260666,all,noOutliers,sin_balanceo,RBFNetwork_aprox,push,0.069,1.0,29,False
212260666,all,noOutliers,sin_balanceo,RBFNetwork_aprox,right,0.3611,0.4483,36,False
212260666,all,noOutliers,random_oversampling,SMO_SVM,left,0.375,0.5,16,True
212260666,all,noOutliers,random_oversampling,SMO_SVM,pull,0.8983,0.8413,118,False
212260666,all,noOutliers,random_oversampling,SMO_SVM,push,0.4483,0.5909,29,False
212260666,all,noOutliers,random_oversampling,SMO_SVM,right,0.6944,0.641,36,False
212260666,all,noOutliers,random_oversampling,RandomForest,left,0.3125,0.3846,16,True
212260666,all,noOutliers,random_oversampling,RandomForest,pull,0.9915,0.7647,118,False
212260666,all,noOutliers,random_oversampling,RandomForest,push,0.1034,0.75,29,False
212260666,all,noOutliers,random_oversampling,RandomForest,right,0.5278,0.6552,36,False
212260666,all,noOutliers,random_oversampling,MLP,left,0.75,0.7059,16,True
212260666,all,noOutliers,random_oversampling,MLP,pull,0.8305,0.7903,118,False
212260666,all,noOutliers,random_oversampling,MLP,push,0.2759,0.6667,29,False
212260666,all,noOutliers,random_oversampling,MLP,right,0.6667,0.5217,36,False
212260666,all,noOutliers,random_oversampling,IBk_kNN,left,0.75,0.6,16,True
212260666,all,noOutliers,random_oversampling,IBk_kNN,pull,0.7542,0.7739,118,False
212260666,all,noOutliers,random_oversampling,IBk_kNN,push,0.2414,0.4667,29,False
212260666,all,noOutliers,random_oversampling,IBk_kNN,right,0.6111,0.449,36,False
212260666,all,noOutliers,random_oversampling,RBFNetwork_aprox,left,0.4375,0.7,16,True
212260666,all,noOutliers,random_oversampling,RBFNetwork_aprox,pull,0.9068,0.7431,118,False
212260666,all,noOutliers,random_oversampling,RBFNetwork_aprox,push,0.2069,0.6667,29,False
212260666,all,noOutliers,random_oversampling,RBFNetwork_aprox,right,0.5,0.5,36,False
212260666,all,noOutliers,class_weight_balanced,SMO_SVM,left,0.4375,0.7,16,True
212260666,all,noOutliers,class_weight_balanced,SMO_SVM,pull,0.8644,0.816,118,False
212260666,all,noOutliers,class_weight_balanced,SMO_SVM,push,0.4138,0.48,29,False
212260666,all,noOutliers,class_weight_balanced,SMO_SVM,right,0.7222,0.6667,36,False
212260666,all,noOutliers,class_weight_balanced,RandomForest,left,0.3125,0.4545,16,True
212260666,all,noOutliers,class_weight_balanced,RandomForest,pull,0.9915,0.7178,118,False
212260666,all,noOutliers,class_weight_balanced,RandomForest,push,0.069,0.6667,29,False
212260666,all,noOutliers,class_weight_balanced,RandomForest,right,0.4167,0.6818,36,False
212260666,all,noOutliers,class_weight_balanced,RBFNetwork_aprox,left,0.0625,0.2,16,True
212260666,all,noOutliers,class_weight_balanced,RBFNetwork_aprox,pull,0.8559,0.7214,118,False
212260666,all,noOutliers,class_weight_balanced,RBFNetwork_aprox,push,0.2069,0.5455,29,False
212260666,all,noOutliers,class_weight_balanced,RBFNetwork_aprox,right,0.5556,0.4651,36,False
212260666,all,noOutliers,smote,SMO_SVM,left,0.5,0.5714,16,True
212260666,all,noOutliers,smote,SMO_SVM,pull,0.8898,0.8607,118,False
212260666,all,noOutliers,smote,SMO_SVM,push,0.4483,0.5652,29,False
212260666,all,noOutliers,smote,SMO_SVM,right,0.7222,0.65,36,False
212260666,all,noOutliers,smote,RandomForest,left,0.3125,0.3571,16,True
212260666,all,noOutliers,smote,RandomForest,pull,0.9746,0.7667,118,False
212260666,all,noOutliers,smote,RandomForest,push,0.1724,0.625,29,False
212260666,all,noOutliers,smote,RandomForest,right,0.5556,0.7407,36,False
212260666,all,noOutliers,smote,MLP,left,0.625,0.8333,16,True
212260666,all,noOutliers,smote,MLP,pull,0.8475,0.7752,118,False
212260666,all,noOutliers,smote,MLP,push,0.2759,0.6154,29,False
212260666,all,noOutliers,smote,MLP,right,0.6389,0.5111,36,False
212260666,all,noOutliers,smote,IBk_kNN,left,0.75,0.6,16,True
212260666,all,noOutliers,smote,IBk_kNN,pull,0.6864,0.8438,118,False
212260666,all,noOutliers,smote,IBk_kNN,push,0.2414,0.4667,29,False
212260666,all,noOutliers,smote,IBk_kNN,right,0.7778,0.4118,36,False
212260666,all,noOutliers,smote,RBFNetwork_aprox,left,0.375,0.8571,16,True
212260666,all,noOutliers,smote,RBFNetwork_aprox,pull,0.9153,0.7606,118,False
212260666,all,noOutliers,smote,RBFNetwork_aprox,push,0.2069,0.75,29,False
212260666,all,noOutliers,smote,RBFNetwork_aprox,right,0.6389,0.5476,36,False
212260666,all,noOutliers,smote_tomek,SMO_SVM,left,0.4375,0.5833,16,True
212260666,all,noOutliers,smote_tomek,SMO_SVM,pull,0.8814,0.8455,118,False
212260666,all,noOutliers,smote_tomek,SMO_SVM,push,0.4483,0.5652,29,False
212260666,all,noOutliers,smote_tomek,SMO_SVM,right,0.7222,0.6341,36,False
212260666,all,noOutliers,smote_tomek,RandomForest,left,0.375,0.4286,16,True
212260666,all,noOutliers,smote_tomek,RandomForest,pull,0.9746,0.7566,118,False
212260666,all,noOutliers,smote_tomek,RandomForest,push,0.1724,0.625,29,False
212260666,all,noOutliers,smote_tomek,RandomForest,right,0.5556,0.8,36,False
212260666,all,noOutliers,smote_tomek,MLP,left,0.625,0.8333,16,True
212260666,all,noOutliers,smote_tomek,MLP,pull,0.8305,0.7717,118,False
212260666,all,noOutliers,smote_tomek,MLP,push,0.2759,0.6154,29,False
212260666,all,noOutliers,smote_tomek,MLP,right,0.6389,0.4894,36,False
212260666,all,noOutliers,smote_tomek,IBk_kNN,left,0.75,0.6,16,True
212260666,all,noOutliers,smote_tomek,IBk_kNN,pull,0.6864,0.8351,118,False
212260666,all,noOutliers,smote_tomek,IBk_kNN,push,0.2414,0.4667,29,False
212260666,all,noOutliers,smote_tomek,IBk_kNN,right,0.7778,0.4179,36,False
212260666,all,noOutliers,smote_tomek,RBFNetwork_aprox,left,0.375,0.8571,16,True
212260666,all,noOutliers,smote_tomek,RBFNetwork_aprox,pull,0.9153,0.7606,118,False
212260666,all,noOutliers,smote_tomek,RBFNetwork_aprox,push,0.2069,0.75,29,False
212260666,all,noOutliers,smote_tomek,RBFNetwork_aprox,right,0.6389,0.5476,36,False
212260666,all,noOutliers,random_undersampling_controlado,SMO_SVM,left,0.5625,0.2647,16,True
212260666,all,noOutliers,random_undersampling_controlado,SMO_SVM,pull,0.5339,0.875,118,False
212260666,all,noOutliers,random_undersampling_controlado,SMO_SVM,push,0.5517,0.4,29,False
212260666,all,noOutliers,random_undersampling_controlado,SMO_SVM,right,0.75,0.5094,36,False
212260666,all,noOutliers,random_undersampling_controlado,RandomForest,left,0.5,0.381,16,True
212260666,all,noOutliers,random_undersampling_controlado,RandomForest,pull,0.7458,0.7788,118,False
212260666,all,noOutliers,random_undersampling_controlado,RandomForest,push,0.3448,0.2778,29,False
212260666,all,noOutliers,random_undersampling_controlado,RandomForest,right,0.5556,0.6897,36,False
212260666,all,noOutliers,random_undersampling_controlado,MLP,left,0.625,0.2703,16,True
212260666,all,noOutliers,random_undersampling_controlado,MLP,pull,0.5847,0.7841,118,False
212260666,all,noOutliers,random_undersampling_controlado,MLP,push,0.3103,0.4091,29,False
212260666,all,noOutliers,random_undersampling_controlado,MLP,right,0.6389,0.4423,36,False
212260666,all,noOutliers,random_undersampling_controlado,IBk_kNN,left,0.75,0.3158,16,True
212260666,all,noOutliers,random_undersampling_controlado,IBk_kNN,pull,0.3898,0.8846,118,False
212260666,all,noOutliers,random_undersampling_controlado,IBk_kNN,push,0.3103,0.2647,29,False
212260666,all,noOutliers,random_undersampling_controlado,IBk_kNN,right,0.8333,0.4,36,False
212260666,all,noOutliers,random_undersampling_controlado,RBFNetwork_aprox,left,0.4375,0.4375,16,True
212260666,all,noOutliers,random_undersampling_controlado,RBFNetwork_aprox,pull,0.7119,0.7778,118,False
212260666,all,noOutliers,random_undersampling_controlado,RBFNetwork_aprox,push,0.3448,0.4167,29,False
212260666,all,noOutliers,random_undersampling_controlado,RBFNetwork_aprox,right,0.6944,0.4902,36,False
212260666,all,sinArtefactosConservador,sin_balanceo,SMO_SVM,left,0.8125,0.619,16,False
212260666,all,sinArtefactosConservador,sin_balanceo,SMO_SVM,pull,0.5846,0.7917,65,False
212260666,all,sinArtefactosConservador,sin_balanceo,SMO_SVM,push,0.5833,0.4667,12,True
212260666,all,sinArtefactosConservador,sin_balanceo,SMO_SVM,right,0.7667,0.5897,30,False
212260666,all,sinArtefactosConservador,sin_balanceo,RandomForest,left,0.6875,0.6471,16,False
212260666,all,sinArtefactosConservador,sin_balanceo,RandomForest,pull,0.8769,0.7808,65,False
212260666,all,sinArtefactosConservador,sin_balanceo,RandomForest,push,0.5,0.6667,12,True
212260666,all,sinArtefactosConservador,sin_balanceo,RandomForest,right,0.7667,0.9583,30,False
212260666,all,sinArtefactosConservador,sin_balanceo,MLP,left,0.8125,0.65,16,False
212260666,all,sinArtefactosConservador,sin_balanceo,MLP,pull,0.5385,0.7447,65,False
212260666,all,sinArtefactosConservador,sin_balanceo,MLP,push,0.5833,0.4375,12,True
212260666,all,sinArtefactosConservador,sin_balanceo,MLP,right,0.7333,0.55,30,False
212260666,all,sinArtefactosConservador,sin_balanceo,IBk_kNN,left,0.8125,0.6842,16,False
212260666,all,sinArtefactosConservador,sin_balanceo,IBk_kNN,pull,0.6,0.8125,65,False
212260666,all,sinArtefactosConservador,sin_balanceo,IBk_kNN,push,0.5,0.4,12,True
212260666,all,sinArtefactosConservador,sin_balanceo,IBk_kNN,right,0.8333,0.6098,30,False
212260666,all,sinArtefactosConservador,sin_balanceo,RBFNetwork_aprox,left,0.4375,1.0,16,False
212260666,all,sinArtefactosConservador,sin_balanceo,RBFNetwork_aprox,pull,0.7692,0.6579,65,False
212260666,all,sinArtefactosConservador,sin_balanceo,RBFNetwork_aprox,push,0.4167,1.0,12,True
212260666,all,sinArtefactosConservador,sin_balanceo,RBFNetwork_aprox,right,0.5667,0.4857,30,False
212260666,all,sinArtefactosConservador,random_oversampling,SMO_SVM,left,0.8125,0.619,16,False
212260666,all,sinArtefactosConservador,random_oversampling,SMO_SVM,pull,0.5385,0.7609,65,False
212260666,all,sinArtefactosConservador,random_oversampling,SMO_SVM,push,0.5,0.4286,12,True
212260666,all,sinArtefactosConservador,random_oversampling,SMO_SVM,right,0.7667,0.5476,30,False
212260666,all,sinArtefactosConservador,random_oversampling,RandomForest,left,0.625,0.625,16,False
212260666,all,sinArtefactosConservador,random_oversampling,RandomForest,pull,0.8769,0.76,65,False
212260666,all,sinArtefactosConservador,random_oversampling,RandomForest,push,0.5,0.75,12,True
212260666,all,sinArtefactosConservador,random_oversampling,RandomForest,right,0.8,1.0,30,False
212260666,all,sinArtefactosConservador,random_oversampling,MLP,left,0.8125,0.65,16,False
212260666,all,sinArtefactosConservador,random_oversampling,MLP,pull,0.6154,0.7843,65,False
212260666,all,sinArtefactosConservador,random_oversampling,MLP,push,0.5,0.3529,12,True
212260666,all,sinArtefactosConservador,random_oversampling,MLP,right,0.7333,0.6286,30,False
212260666,all,sinArtefactosConservador,random_oversampling,IBk_kNN,left,0.8125,0.6842,16,False
212260666,all,sinArtefactosConservador,random_oversampling,IBk_kNN,pull,0.5385,0.814,65,False
212260666,all,sinArtefactosConservador,random_oversampling,IBk_kNN,push,0.5,0.375,12,True
212260666,all,sinArtefactosConservador,random_oversampling,IBk_kNN,right,0.8667,0.5778,30,False
212260666,all,sinArtefactosConservador,random_oversampling,RBFNetwork_aprox,left,0.6875,0.9167,16,False
212260666,all,sinArtefactosConservador,random_oversampling,RBFNetwork_aprox,pull,0.7846,0.6892,65,False
212260666,all,sinArtefactosConservador,random_oversampling,RBFNetwork_aprox,push,0.4167,1.0,12,True
212260666,all,sinArtefactosConservador,random_oversampling,RBFNetwork_aprox,right,0.6,0.5625,30,False
212260666,all,sinArtefactosConservador,class_weight_balanced,SMO_SVM,left,0.8125,0.619,16,False
212260666,all,sinArtefactosConservador,class_weight_balanced,SMO_SVM,pull,0.5846,0.7917,65,False
212260666,all,sinArtefactosConservador,class_weight_balanced,SMO_SVM,push,0.5833,0.4667,12,True
212260666,all,sinArtefactosConservador,class_weight_balanced,SMO_SVM,right,0.7667,0.5897,30,False
212260666,all,sinArtefactosConservador,class_weight_balanced,RandomForest,left,0.5625,0.6,16,False
212260666,all,sinArtefactosConservador,class_weight_balanced,RandomForest,pull,0.8923,0.7342,65,False
212260666,all,sinArtefactosConservador,class_weight_balanced,RandomForest,push,0.5,0.8571,12,True
212260666,all,sinArtefactosConservador,class_weight_balanced,RandomForest,right,0.7333,1.0,30,False
212260666,all,sinArtefactosConservador,class_weight_balanced,RBFNetwork_aprox,left,0.625,0.9091,16,False
212260666,all,sinArtefactosConservador,class_weight_balanced,RBFNetwork_aprox,pull,0.7231,0.6812,65,False
212260666,all,sinArtefactosConservador,class_weight_balanced,RBFNetwork_aprox,push,0.4167,1.0,12,True
212260666,all,sinArtefactosConservador,class_weight_balanced,RBFNetwork_aprox,right,0.6,0.4737,30,False
212260666,all,sinArtefactosConservador,smote,SMO_SVM,left,0.8125,0.619,16,False
212260666,all,sinArtefactosConservador,smote,SMO_SVM,pull,0.5385,0.7609,65,False
212260666,all,sinArtefactosConservador,smote,SMO_SVM,push,0.5,0.4286,12,True
212260666,all,sinArtefactosConservador,smote,SMO_SVM,right,0.7667,0.5476,30,False
212260666,all,sinArtefactosConservador,smote,RandomForest,left,0.625,0.625,16,False
212260666,all,sinArtefactosConservador,smote,RandomForest,pull,0.8308,0.75,65,False
212260666,all,sinArtefactosConservador,smote,RandomForest,push,0.5,0.5455,12,True
212260666,all,sinArtefactosConservador,smote,RandomForest,right,0.8,1.0,30,False
212260666,all,sinArtefactosConservador,smote,MLP,left,0.6875,0.6111,16,False
212260666,all,sinArtefactosConservador,smote,MLP,pull,0.5846,0.76,65,False
212260666,all,sinArtefactosConservador,smote,MLP,push,0.5833,0.3333,12,True
212260666,all,sinArtefactosConservador,smote,MLP,right,0.7333,0.6471,30,False
212260666,all,sinArtefactosConservador,smote,IBk_kNN,left,0.8125,0.619,16,False
212260666,all,sinArtefactosConservador,smote,IBk_kNN,pull,0.5231,0.8293,65,False
212260666,all,sinArtefactosConservador,smote,IBk_kNN,push,0.5833,0.35,12,True
212260666,all,sinArtefactosConservador,smote,IBk_kNN,right,0.8667,0.6341,30,False
212260666,all,sinArtefactosConservador,smote,RBFNetwork_aprox,left,0.625,0.9091,16,False
212260666,all,sinArtefactosConservador,smote,RBFNetwork_aprox,pull,0.7846,0.6711,65,False
212260666,all,sinArtefactosConservador,smote,RBFNetwork_aprox,push,0.4167,1.0,12,True
212260666,all,sinArtefactosConservador,smote,RBFNetwork_aprox,right,0.5667,0.5484,30,False
212260666,all,sinArtefactosConservador,smote_tomek,SMO_SVM,left,0.8125,0.619,16,False
212260666,all,sinArtefactosConservador,smote_tomek,SMO_SVM,pull,0.5385,0.7447,65,False
212260666,all,sinArtefactosConservador,smote_tomek,SMO_SVM,push,0.5,0.4286,12,True
212260666,all,sinArtefactosConservador,smote_tomek,SMO_SVM,right,0.7333,0.5366,30,False
212260666,all,sinArtefactosConservador,smote_tomek,RandomForest,left,0.625,0.625,16,False
212260666,all,sinArtefactosConservador,smote_tomek,RandomForest,pull,0.8308,0.7397,65,False
212260666,all,sinArtefactosConservador,smote_tomek,RandomForest,push,0.5,0.5455,12,True
212260666,all,sinArtefactosConservador,smote_tomek,RandomForest,right,0.7667,1.0,30,False
212260666,all,sinArtefactosConservador,smote_tomek,MLP,left,0.6875,0.6111,16,False
212260666,all,sinArtefactosConservador,smote_tomek,MLP,pull,0.5846,0.717,65,False
212260666,all,sinArtefactosConservador,smote_tomek,MLP,push,0.5833,0.3333,12,True
212260666,all,sinArtefactosConservador,smote_tomek,MLP,right,0.6333,0.6129,30,False
212260666,all,sinArtefactosConservador,smote_tomek,IBk_kNN,left,0.8125,0.5909,16,False
212260666,all,sinArtefactosConservador,smote_tomek,IBk_kNN,pull,0.5231,0.8095,65,False
212260666,all,sinArtefactosConservador,smote_tomek,IBk_kNN,push,0.5833,0.3333,12,True
212260666,all,sinArtefactosConservador,smote_tomek,IBk_kNN,right,0.7667,0.6053,30,False
212260666,all,sinArtefactosConservador,smote_tomek,RBFNetwork_aprox,left,0.625,0.9091,16,False
212260666,all,sinArtefactosConservador,smote_tomek,RBFNetwork_aprox,pull,0.7846,0.6538,65,False
212260666,all,sinArtefactosConservador,smote_tomek,RBFNetwork_aprox,push,0.4167,1.0,12,True
212260666,all,sinArtefactosConservador,smote_tomek,RBFNetwork_aprox,right,0.5,0.5172,30,False
212260666,all,sinArtefactosConservador,random_undersampling_controlado,SMO_SVM,left,0.8125,0.65,16,False
212260666,all,sinArtefactosConservador,random_undersampling_controlado,SMO_SVM,pull,0.6154,0.7843,65,False
212260666,all,sinArtefactosConservador,random_undersampling_controlado,SMO_SVM,push,0.6667,0.4706,12,True
212260666,all,sinArtefactosConservador,random_undersampling_controlado,SMO_SVM,right,0.8,0.6857,30,False
212260666,all,sinArtefactosConservador,random_undersampling_controlado,RandomForest,left,0.6875,0.55,16,False
212260666,all,sinArtefactosConservador,random_undersampling_controlado,RandomForest,pull,0.8462,0.8462,65,False
212260666,all,sinArtefactosConservador,random_undersampling_controlado,RandomForest,push,0.5833,0.7778,12,True
212260666,all,sinArtefactosConservador,random_undersampling_controlado,RandomForest,right,0.7333,0.7586,30,False
212260666,all,sinArtefactosConservador,random_undersampling_controlado,MLP,left,0.8125,0.619,16,False
212260666,all,sinArtefactosConservador,random_undersampling_controlado,MLP,pull,0.5385,0.7292,65,False
212260666,all,sinArtefactosConservador,random_undersampling_controlado,MLP,push,0.6667,0.3636,12,True
212260666,all,sinArtefactosConservador,random_undersampling_controlado,MLP,right,0.7333,0.6875,30,False
212260666,all,sinArtefactosConservador,random_undersampling_controlado,IBk_kNN,left,0.8125,0.6842,16,False
212260666,all,sinArtefactosConservador,random_undersampling_controlado,IBk_kNN,pull,0.5538,0.9231,65,False
212260666,all,sinArtefactosConservador,random_undersampling_controlado,IBk_kNN,push,0.8333,0.5263,12,True
212260666,all,sinArtefactosConservador,random_undersampling_controlado,IBk_kNN,right,0.8333,0.5435,30,False
212260666,all,sinArtefactosConservador,random_undersampling_controlado,RBFNetwork_aprox,left,0.5625,0.8182,16,False
212260666,all,sinArtefactosConservador,random_undersampling_controlado,RBFNetwork_aprox,pull,0.7846,0.68,65,False
212260666,all,sinArtefactosConservador,random_undersampling_controlado,RBFNetwork_aprox,push,0.4167,1.0,12,True
212260666,all,sinArtefactosConservador,random_undersampling_controlado,RBFNetwork_aprox,right,0.6333,0.5938,30,False
212260668,all,noOutliers,sin_balanceo,SMO_SVM,pull,0.9041,0.8919,73,False
212260668,all,noOutliers,sin_balanceo,SMO_SVM,push,0.8333,0.8442,78,False
212260668,all,noOutliers,sin_balanceo,SMO_SVM,right,0.875,0.875,48,True
212260668,all,noOutliers,sin_balanceo,RandomForest,pull,0.9315,0.9714,73,False
212260668,all,noOutliers,sin_balanceo,RandomForest,push,0.9231,0.9231,78,False
212260668,all,noOutliers,sin_balanceo,RandomForest,right,0.9583,0.902,48,True
212260668,all,noOutliers,sin_balanceo,MLP,pull,0.9315,0.9577,73,False
212260668,all,noOutliers,sin_balanceo,MLP,push,0.9231,0.8889,78,False
212260668,all,noOutliers,sin_balanceo,MLP,right,0.875,0.8936,48,True
212260668,all,noOutliers,sin_balanceo,IBk_kNN,pull,0.9041,0.9706,73,False
212260668,all,noOutliers,sin_balanceo,IBk_kNN,push,0.9359,0.869,78,False
212260668,all,noOutliers,sin_balanceo,IBk_kNN,right,0.9167,0.9362,48,True
212260668,all,noOutliers,sin_balanceo,RBFNetwork_aprox,pull,0.9589,0.7216,73,False
212260668,all,noOutliers,sin_balanceo,RBFNetwork_aprox,push,0.5897,0.92,78,False
212260668,all,noOutliers,sin_balanceo,RBFNetwork_aprox,right,0.9583,0.8846,48,True
212260668,all,noOutliers,random_oversampling,SMO_SVM,pull,0.9041,0.9041,73,False
212260668,all,noOutliers,random_oversampling,SMO_SVM,push,0.8462,0.8462,78,False
212260668,all,noOutliers,random_oversampling,SMO_SVM,right,0.875,0.875,48,True
212260668,all,noOutliers,random_oversampling,RandomForest,pull,0.9315,0.9577,73,False
212260668,all,noOutliers,random_oversampling,RandomForest,push,0.8974,0.9211,78,False
212260668,all,noOutliers,random_oversampling,RandomForest,right,0.9583,0.8846,48,True
212260668,all,noOutliers,random_oversampling,MLP,pull,0.9452,0.9718,73,False
212260668,all,noOutliers,random_oversampling,MLP,push,0.9487,0.9024,78,False
212260668,all,noOutliers,random_oversampling,MLP,right,0.8958,0.9348,48,True
212260668,all,noOutliers,random_oversampling,IBk_kNN,pull,0.9041,0.9706,73,False
212260668,all,noOutliers,random_oversampling,IBk_kNN,push,0.9359,0.8795,78,False
212260668,all,noOutliers,random_oversampling,IBk_kNN,right,0.9375,0.9375,48,True
212260668,all,noOutliers,random_oversampling,RBFNetwork_aprox,pull,0.9589,0.7292,73,False
212260668,all,noOutliers,random_oversampling,RBFNetwork_aprox,push,0.6282,0.9245,78,False
212260668,all,noOutliers,random_oversampling,RBFNetwork_aprox,right,0.9375,0.9,48,True
212260668,all,noOutliers,class_weight_balanced,SMO_SVM,pull,0.9041,0.9041,73,False
212260668,all,noOutliers,class_weight_balanced,SMO_SVM,push,0.8462,0.8462,78,False
212260668,all,noOutliers,class_weight_balanced,SMO_SVM,right,0.875,0.875,48,True
212260668,all,noOutliers,class_weight_balanced,RandomForest,pull,0.9315,0.9444,73,False
212260668,all,noOutliers,class_weight_balanced,RandomForest,push,0.859,0.9178,78,False
212260668,all,noOutliers,class_weight_balanced,RandomForest,right,0.9583,0.8519,48,True
212260668,all,noOutliers,class_weight_balanced,RBFNetwork_aprox,pull,0.9589,0.7292,73,False
212260668,all,noOutliers,class_weight_balanced,RBFNetwork_aprox,push,0.6282,0.9423,78,False
212260668,all,noOutliers,class_weight_balanced,RBFNetwork_aprox,right,0.9583,0.902,48,True
212260668,all,noOutliers,smote,SMO_SVM,pull,0.9041,0.9041,73,False
212260668,all,noOutliers,smote,SMO_SVM,push,0.8462,0.8462,78,False
212260668,all,noOutliers,smote,SMO_SVM,right,0.875,0.875,48,True
212260668,all,noOutliers,smote,RandomForest,pull,0.9315,0.9577,73,False
212260668,all,noOutliers,smote,RandomForest,push,0.9103,0.9221,78,False
212260668,all,noOutliers,smote,RandomForest,right,0.9583,0.902,48,True
212260668,all,noOutliers,smote,MLP,pull,0.9452,0.9718,73,False
212260668,all,noOutliers,smote,MLP,push,0.9872,0.8953,78,False
212260668,all,noOutliers,smote,MLP,right,0.875,1.0,48,True
212260668,all,noOutliers,smote,IBk_kNN,pull,0.9041,0.9565,73,False
212260668,all,noOutliers,smote,IBk_kNN,push,0.9231,0.878,78,False
212260668,all,noOutliers,smote,IBk_kNN,right,0.9375,0.9375,48,True
212260668,all,noOutliers,smote,RBFNetwork_aprox,pull,0.9589,0.7216,73,False
212260668,all,noOutliers,smote,RBFNetwork_aprox,push,0.5897,0.92,78,False
212260668,all,noOutliers,smote,RBFNetwork_aprox,right,0.9375,0.8654,48,True
212260668,all,noOutliers,smote_tomek,SMO_SVM,pull,0.9041,0.9041,73,False
212260668,all,noOutliers,smote_tomek,SMO_SVM,push,0.8462,0.8462,78,False
212260668,all,noOutliers,smote_tomek,SMO_SVM,right,0.875,0.875,48,True
212260668,all,noOutliers,smote_tomek,RandomForest,pull,0.9315,0.9189,73,False
212260668,all,noOutliers,smote_tomek,RandomForest,push,0.8718,0.9189,78,False
212260668,all,noOutliers,smote_tomek,RandomForest,right,0.9583,0.902,48,True
212260668,all,noOutliers,smote_tomek,MLP,pull,0.9178,0.971,73,False
212260668,all,noOutliers,smote_tomek,MLP,push,0.9872,0.875,78,False
212260668,all,noOutliers,smote_tomek,MLP,right,0.875,1.0,48,True
212260668,all,noOutliers,smote_tomek,IBk_kNN,pull,0.9041,0.9565,73,False
212260668,all,noOutliers,smote_tomek,IBk_kNN,push,0.9103,0.8765,78,False
212260668,all,noOutliers,smote_tomek,IBk_kNN,right,0.9375,0.9184,48,True
212260668,all,noOutliers,smote_tomek,RBFNetwork_aprox,pull,0.9589,0.7216,73,False
212260668,all,noOutliers,smote_tomek,RBFNetwork_aprox,push,0.5769,0.9184,78,False
212260668,all,noOutliers,smote_tomek,RBFNetwork_aprox,right,0.9375,0.8491,48,True
212260668,all,noOutliers,random_undersampling_controlado,SMO_SVM,pull,0.9041,0.9041,73,False
212260668,all,noOutliers,random_undersampling_controlado,SMO_SVM,push,0.8333,0.8333,78,False
212260668,all,noOutliers,random_undersampling_controlado,SMO_SVM,right,0.875,0.875,48,True
212260668,all,noOutliers,random_undersampling_controlado,RandomForest,pull,0.9315,0.9577,73,False
212260668,all,noOutliers,random_undersampling_controlado,RandomForest,push,0.8718,0.9189,78,False
212260668,all,noOutliers,random_undersampling_controlado,RandomForest,right,0.9583,0.8519,48,True
212260668,all,noOutliers,random_undersampling_controlado,MLP,pull,0.9452,0.9583,73,False
212260668,all,noOutliers,random_undersampling_controlado,MLP,push,0.9231,0.9,78,False
212260668,all,noOutliers,random_undersampling_controlado,MLP,right,0.875,0.8936,48,True
212260668,all,noOutliers,random_undersampling_controlado,IBk_kNN,pull,0.9041,0.9706,73,False
212260668,all,noOutliers,random_undersampling_controlado,IBk_kNN,push,0.9359,0.869,78,False
212260668,all,noOutliers,random_undersampling_controlado,IBk_kNN,right,0.9167,0.9362,48,True
212260668,all,noOutliers,random_undersampling_controlado,RBFNetwork_aprox,pull,0.9589,0.7143,73,False
212260668,all,noOutliers,random_undersampling_controlado,RBFNetwork_aprox,push,0.5897,0.9388,78,False
212260668,all,noOutliers,random_undersampling_controlado,RBFNetwork_aprox,right,0.9583,0.8846,48,True
212260672,all,noOutliers,sin_balanceo,SMO_SVM,left,0.75,0.6667,8,True
212260672,all,noOutliers,sin_balanceo,SMO_SVM,pull,0.9412,0.8276,51,False
212260672,all,noOutliers,sin_balanceo,SMO_SVM,push,0.4545,1.0,11,False
212260672,all,noOutliers,sin_balanceo,SMO_SVM,right,0.9167,1.0,24,False
212260672,all,noOutliers,sin_balanceo,RandomForest,left,0.25,1.0,8,True
212260672,all,noOutliers,sin_balanceo,RandomForest,pull,1.0,0.7846,51,False
212260672,all,noOutliers,sin_balanceo,RandomForest,push,0.2727,1.0,11,False
212260672,all,noOutliers,sin_balanceo,RandomForest,right,0.875,0.875,24,False
212260672,all,noOutliers,sin_balanceo,MLP,left,0.625,1.0,8,True
212260672,all,noOutliers,sin_balanceo,MLP,pull,0.9412,0.8276,51,False
212260672,all,noOutliers,sin_balanceo,MLP,push,0.4545,0.7143,11,False
212260672,all,noOutliers,sin_balanceo,MLP,right,0.7917,0.7917,24,False
212260672,all,noOutliers,sin_balanceo,IBk_kNN,left,0.75,1.0,8,True
212260672,all,noOutliers,sin_balanceo,IBk_kNN,pull,0.9412,0.8421,51,False
212260672,all,noOutliers,sin_balanceo,IBk_kNN,push,0.5455,0.6667,11,False
212260672,all,noOutliers,sin_balanceo,IBk_kNN,right,0.875,0.9545,24,False
212260672,all,noOutliers,sin_balanceo,RBFNetwork_aprox,left,0.375,1.0,8,True
212260672,all,noOutliers,sin_balanceo,RBFNetwork_aprox,pull,0.9412,0.6957,51,False
212260672,all,noOutliers,sin_balanceo,RBFNetwork_aprox,push,0.2727,1.0,11,False
212260672,all,noOutliers,sin_balanceo,RBFNetwork_aprox,right,0.5417,0.6842,24,False
212260672,all,noOutliers,random_oversampling,SMO_SVM,left,0.75,0.6667,8,True
212260672,all,noOutliers,random_oversampling,SMO_SVM,pull,0.9412,0.8276,51,False
212260672,all,noOutliers,random_oversampling,SMO_SVM,push,0.4545,1.0,11,False
212260672,all,noOutliers,random_oversampling,SMO_SVM,right,0.9167,1.0,24,False
212260672,all,noOutliers,random_oversampling,RandomForest,left,0.375,1.0,8,True
212260672,all,noOutliers,random_oversampling,RandomForest,pull,1.0,0.8226,51,False
212260672,all,noOutliers,random_oversampling,RandomForest,push,0.3636,1.0,11,False
212260672,all,noOutliers,random_oversampling,RandomForest,right,0.9167,0.88,24,False
212260672,all,noOutliers,random_oversampling,MLP,left,0.625,1.0,8,True
212260672,all,noOutliers,random_oversampling,MLP,pull,0.9412,0.8136,51,False
212260672,all,noOutliers,random_oversampling,MLP,push,0.6364,0.875,11,False
212260672,all,noOutliers,random_oversampling,MLP,right,0.8333,0.9091,24,False
212260672,all,noOutliers,random_oversampling,IBk_kNN,left,0.75,1.0,8,True
212260672,all,noOutliers,random_oversampling,IBk_kNN,pull,0.9216,0.8704,51,False
212260672,all,noOutliers,random_oversampling,IBk_kNN,push,0.7273,0.7273,11,False
212260672,all,noOutliers,random_oversampling,IBk_kNN,right,0.9167,0.9565,24,False
212260672,all,noOutliers,random_oversampling,RBFNetwork_aprox,left,0.375,1.0,8,True
212260672,all,noOutliers,random_oversampling,RBFNetwork_aprox,pull,0.9412,0.7164,51,False
212260672,all,noOutliers,random_oversampling,RBFNetwork_aprox,push,0.3636,1.0,11,False
212260672,all,noOutliers,random_oversampling,RBFNetwork_aprox,right,0.5833,0.7,24,False
212260672,all,noOutliers,class_weight_balanced,SMO_SVM,left,0.75,0.6667,8,True
212260672,all,noOutliers,class_weight_balanced,SMO_SVM,pull,0.9412,0.8276,51,False
212260672,all,noOutliers,class_weight_balanced,SMO_SVM,push,0.4545,1.0,11,False
212260672,all,noOutliers,class_weight_balanced,SMO_SVM,right,0.9167,1.0,24,False
212260672,all,noOutliers,class_weight_balanced,RandomForest,left,0.5,1.0,8,True
212260672,all,noOutliers,class_weight_balanced,RandomForest,pull,1.0,0.75,51,False
212260672,all,noOutliers,class_weight_balanced,RandomForest,push,0.1818,1.0,11,False
212260672,all,noOutliers,class_weight_balanced,RandomForest,right,0.8333,1.0,24,False
212260672,all,noOutliers,class_weight_balanced,RBFNetwork_aprox,left,0.375,1.0,8,True
212260672,all,noOutliers,class_weight_balanced,RBFNetwork_aprox,pull,0.9412,0.7164,51,False
212260672,all,noOutliers,class_weight_balanced,RBFNetwork_aprox,push,0.3636,1.0,11,False
212260672,all,noOutliers,class_weight_balanced,RBFNetwork_aprox,right,0.5833,0.7,24,False
212260672,all,noOutliers,random_undersampling_controlado,SMO_SVM,left,0.75,0.6,8,True
212260672,all,noOutliers,random_undersampling_controlado,SMO_SVM,pull,0.8824,0.8333,51,False
212260672,all,noOutliers,random_undersampling_controlado,SMO_SVM,push,0.4545,1.0,11,False
212260672,all,noOutliers,random_undersampling_controlado,SMO_SVM,right,0.9583,0.92,24,False
212260672,all,noOutliers,random_undersampling_controlado,RandomForest,left,0.625,1.0,8,True
212260672,all,noOutliers,random_undersampling_controlado,RandomForest,pull,1.0,0.85,51,False
212260672,all,noOutliers,random_undersampling_controlado,RandomForest,push,0.3636,1.0,11,False
212260672,all,noOutliers,random_undersampling_controlado,RandomForest,right,0.9167,0.88,24,False
212260672,all,noOutliers,random_undersampling_controlado,MLP,left,0.625,0.625,8,True
212260672,all,noOutliers,random_undersampling_controlado,MLP,pull,0.8824,0.8182,51,False
212260672,all,noOutliers,random_undersampling_controlado,MLP,push,0.4545,0.7143,11,False
212260672,all,noOutliers,random_undersampling_controlado,MLP,right,0.8333,0.8333,24,False
212260672,all,noOutliers,random_undersampling_controlado,IBk_kNN,left,0.75,0.5455,8,True
212260672,all,noOutliers,random_undersampling_controlado,IBk_kNN,pull,0.902,0.8679,51,False
212260672,all,noOutliers,random_undersampling_controlado,IBk_kNN,push,0.7273,0.7273,11,False
212260672,all,noOutliers,random_undersampling_controlado,IBk_kNN,right,0.75,0.9474,24,False
212260672,all,noOutliers,random_undersampling_controlado,RBFNetwork_aprox,left,0.375,1.0,8,True
212260672,all,noOutliers,random_undersampling_controlado,RBFNetwork_aprox,pull,0.9412,0.7164,51,False
212260672,all,noOutliers,random_undersampling_controlado,RBFNetwork_aprox,push,0.3636,1.0,11,False
212260672,all,noOutliers,random_undersampling_controlado,RBFNetwork_aprox,right,0.625,0.75,24,False
222260671,all,noOutliers,sin_balanceo,SMO_SVM,left,0.6667,0.4615,18,True
222260671,all,noOutliers,sin_balanceo,SMO_SVM,pull,0.3448,0.4167,29,False
222260671,all,noOutliers,sin_balanceo,SMO_SVM,push,0.3333,0.3529,18,True
222260671,all,noOutliers,sin_balanceo,SMO_SVM,right,0.6604,0.6731,106,False
222260671,all,noOutliers,sin_balanceo,RandomForest,left,0.5,0.9,18,True
222260671,all,noOutliers,sin_balanceo,RandomForest,pull,0.3793,0.6111,29,False
222260671,all,noOutliers,sin_balanceo,RandomForest,push,0.1111,0.4,18,True
222260671,all,noOutliers,sin_balanceo,RandomForest,right,0.9528,0.7319,106,False
222260671,all,noOutliers,sin_balanceo,MLP,left,0.6111,0.5789,18,True
222260671,all,noOutliers,sin_balanceo,MLP,pull,0.3103,0.36,29,False
222260671,all,noOutliers,sin_balanceo,MLP,push,0.2222,0.2667,18,True
222260671,all,noOutliers,sin_balanceo,MLP,right,0.7642,0.7232,106,False
222260671,all,noOutliers,sin_balanceo,IBk_kNN,left,0.3333,0.3158,18,True
222260671,all,noOutliers,sin_balanceo,IBk_kNN,pull,0.3103,0.2903,29,False
222260671,all,noOutliers,sin_balanceo,IBk_kNN,push,0.3333,0.5455,18,True
222260671,all,noOutliers,sin_balanceo,IBk_kNN,right,0.7642,0.7364,106,False
222260671,all,noOutliers,sin_balanceo,RBFNetwork_aprox,left,0.2778,1.0,18,True
222260671,all,noOutliers,sin_balanceo,RBFNetwork_aprox,pull,0.069,0.2222,29,False
222260671,all,noOutliers,sin_balanceo,RBFNetwork_aprox,push,0.0556,0.3333,18,True
222260671,all,noOutliers,sin_balanceo,RBFNetwork_aprox,right,0.9245,0.6364,106,False
222260671,all,noOutliers,random_oversampling,SMO_SVM,left,0.6667,0.5217,18,True
222260671,all,noOutliers,random_oversampling,SMO_SVM,pull,0.3448,0.3846,29,False
222260671,all,noOutliers,random_oversampling,SMO_SVM,push,0.5,0.5,18,True
222260671,all,noOutliers,random_oversampling,SMO_SVM,right,0.6887,0.7019,106,False
222260671,all,noOutliers,random_oversampling,RandomForest,left,0.4444,1.0,18,True
222260671,all,noOutliers,random_oversampling,RandomForest,pull,0.3793,0.5789,29,False
222260671,all,noOutliers,random_oversampling,RandomForest,push,0.1111,1.0,18,True
222260671,all,noOutliers,random_oversampling,RandomForest,right,0.9717,0.7254,106,False
222260671,all,noOutliers,random_oversampling,MLP,left,0.6667,0.6667,18,True
222260671,all,noOutliers,random_oversampling,MLP,pull,0.3448,0.3704,29,False
222260671,all,noOutliers,random_oversampling,MLP,push,0.2778,0.25,18,True
222260671,all,noOutliers,random_oversampling,MLP,right,0.7358,0.7358,106,False
222260671,all,noOutliers,random_oversampling,IBk_kNN,left,0.4444,0.381,18,True
222260671,all,noOutliers,random_oversampling,IBk_kNN,pull,0.3103,0.2727,29,False
222260671,all,noOutliers,random_oversampling,IBk_kNN,push,0.3333,0.6667,18,True
222260671,all,noOutliers,random_oversampling,IBk_kNN,right,0.7642,0.75,106,False
222260671,all,noOutliers,random_oversampling,RBFNetwork_aprox,left,0.2778,1.0,18,True
222260671,all,noOutliers,random_oversampling,RBFNetwork_aprox,pull,0.3103,0.3462,29,False
222260671,all,noOutliers,random_oversampling,RBFNetwork_aprox,push,0.2222,0.6667,18,True
222260671,all,noOutliers,random_oversampling,RBFNetwork_aprox,right,0.8208,0.6493,106,False
222260671,all,noOutliers,class_weight_balanced,SMO_SVM,left,0.6667,0.4615,18,True
222260671,all,noOutliers,class_weight_balanced,SMO_SVM,pull,0.3448,0.4167,29,False
222260671,all,noOutliers,class_weight_balanced,SMO_SVM,push,0.3333,0.3529,18,True
222260671,all,noOutliers,class_weight_balanced,SMO_SVM,right,0.6604,0.6731,106,False
222260671,all,noOutliers,class_weight_balanced,RandomForest,left,0.5556,0.7692,18,True
222260671,all,noOutliers,class_weight_balanced,RandomForest,pull,0.2759,0.6154,29,False
222260671,all,noOutliers,class_weight_balanced,RandomForest,push,0.0556,1.0,18,True
222260671,all,noOutliers,class_weight_balanced,RandomForest,right,0.9811,0.7222,106,False
222260671,all,noOutliers,class_weight_balanced,RBFNetwork_aprox,left,0.2778,1.0,18,True
222260671,all,noOutliers,class_weight_balanced,RBFNetwork_aprox,pull,0.2069,0.1875,29,False
222260671,all,noOutliers,class_weight_balanced,RBFNetwork_aprox,push,0.2778,0.2174,18,True
222260671,all,noOutliers,class_weight_balanced,RBFNetwork_aprox,right,0.6698,0.6396,106,False
222260671,all,noOutliers,smote,SMO_SVM,left,0.6667,0.48,18,True
222260671,all,noOutliers,smote,SMO_SVM,pull,0.3448,0.3846,29,False
222260671,all,noOutliers,smote,SMO_SVM,push,0.5,0.5,18,True
222260671,all,noOutliers,smote,SMO_SVM,right,0.6981,0.7255,106,False
222260671,all,noOutliers,smote,RandomForest,left,0.6111,0.5789,18,True
222260671,all,noOutliers,smote,RandomForest,pull,0.4828,0.5833,29,False
222260671,all,noOutliers,smote,RandomForest,push,0.1667,1.0,18,True
222260671,all,noOutliers,smote,RandomForest,right,0.9528,0.808,106,False
222260671,all,noOutliers,smote,MLP,left,0.6111,0.6471,18,True
222260671,all,noOutliers,smote,MLP,pull,0.3103,0.3214,29,False
222260671,all,noOutliers,smote,MLP,push,0.3333,0.2857,18,True
222260671,all,noOutliers,smote,MLP,right,0.7358,0.7429,106,False
222260671,all,noOutliers,smote,IBk_kNN,left,0.3889,0.28,18,True
222260671,all,noOutliers,smote,IBk_kNN,pull,0.4138,0.24,29,False
222260671,all,noOutliers,smote,IBk_kNN,push,0.3333,0.25,18,True
222260671,all,noOutliers,smote,IBk_kNN,right,0.4811,0.7083,106,False
222260671,all,noOutliers,smote,RBFNetwork_aprox,left,0.2778,1.0,18,True
222260671,all,noOutliers,smote,RBFNetwork_aprox,pull,0.3103,0.3913,29,False
222260671,all,noOutliers,smote,RBFNetwork_aprox,push,0.2222,0.3636,18,True
222260671,all,noOutliers,smote,RBFNetwork_aprox,right,0.8019,0.6439,106,False
222260671,all,noOutliers,smote_tomek,SMO_SVM,left,0.6667,0.48,18,True
222260671,all,noOutliers,smote_tomek,SMO_SVM,pull,0.3448,0.3846,29,False
222260671,all,noOutliers,smote_tomek,SMO_SVM,push,0.5,0.5,18,True
222260671,all,noOutliers,smote_tomek,SMO_SVM,right,0.6981,0.7255,106,False
222260671,all,noOutliers,smote_tomek,RandomForest,left,0.6111,0.5789,18,True
222260671,all,noOutliers,smote_tomek,RandomForest,pull,0.4828,0.5833,29,False
222260671,all,noOutliers,smote_tomek,RandomForest,push,0.1667,1.0,18,True
222260671,all,noOutliers,smote_tomek,RandomForest,right,0.9528,0.808,106,False
222260671,all,noOutliers,smote_tomek,MLP,left,0.6111,0.6471,18,True
222260671,all,noOutliers,smote_tomek,MLP,pull,0.3103,0.3214,29,False
222260671,all,noOutliers,smote_tomek,MLP,push,0.3333,0.2857,18,True
222260671,all,noOutliers,smote_tomek,MLP,right,0.7358,0.7429,106,False
222260671,all,noOutliers,smote_tomek,IBk_kNN,left,0.3889,0.28,18,True
222260671,all,noOutliers,smote_tomek,IBk_kNN,pull,0.4138,0.24,29,False
222260671,all,noOutliers,smote_tomek,IBk_kNN,push,0.3333,0.25,18,True
222260671,all,noOutliers,smote_tomek,IBk_kNN,right,0.4811,0.7083,106,False
222260671,all,noOutliers,smote_tomek,RBFNetwork_aprox,left,0.2778,1.0,18,True
222260671,all,noOutliers,smote_tomek,RBFNetwork_aprox,pull,0.3103,0.3913,29,False
222260671,all,noOutliers,smote_tomek,RBFNetwork_aprox,push,0.2222,0.3636,18,True
222260671,all,noOutliers,smote_tomek,RBFNetwork_aprox,right,0.8019,0.6439,106,False
222260671,all,noOutliers,random_undersampling_controlado,SMO_SVM,left,0.6667,0.4286,18,True
222260671,all,noOutliers,random_undersampling_controlado,SMO_SVM,pull,0.3448,0.2941,29,False
222260671,all,noOutliers,random_undersampling_controlado,SMO_SVM,push,0.4444,0.2581,18,True
222260671,all,noOutliers,random_undersampling_controlado,SMO_SVM,right,0.5,0.6795,106,False
222260671,all,noOutliers,random_undersampling_controlado,RandomForest,left,0.5556,0.625,18,True
222260671,all,noOutliers,random_undersampling_controlado,RandomForest,pull,0.6207,0.5143,29,False
222260671,all,noOutliers,random_undersampling_controlado,RandomForest,push,0.2222,0.5,18,True
222260671,all,noOutliers,random_undersampling_controlado,RandomForest,right,0.9057,0.8571,106,False
222260671,all,noOutliers,random_undersampling_controlado,MLP,left,0.7222,0.65,18,True
222260671,all,noOutliers,random_undersampling_controlado,MLP,pull,0.3448,0.2941,29,False
222260671,all,noOutliers,random_undersampling_controlado,MLP,push,0.4444,0.2759,18,True
222260671,all,noOutliers,random_undersampling_controlado,MLP,right,0.6321,0.7614,106,False
222260671,all,noOutliers,random_undersampling_controlado,IBk_kNN,left,0.5,0.3,18,True
222260671,all,noOutliers,random_undersampling_controlado,IBk_kNN,pull,0.3448,0.25,29,False
222260671,all,noOutliers,random_undersampling_controlado,IBk_kNN,push,0.3333,0.2143,18,True
222260671,all,noOutliers,random_undersampling_controlado,IBk_kNN,right,0.4906,0.7123,106,False
222260671,all,noOutliers,random_undersampling_controlado,RBFNetwork_aprox,left,0.2778,1.0,18,True
222260671,all,noOutliers,random_undersampling_controlado,RBFNetwork_aprox,pull,0.1379,0.1429,29,False
222260671,all,noOutliers,random_undersampling_controlado,RBFNetwork_aprox,push,0.1111,0.1176,18,True
222260671,all,noOutliers,random_undersampling_controlado,RBFNetwork_aprox,right,0.717,0.6281,106,False
22260552,all,noOutliers,sin_balanceo,SMO_SVM,left,0.8201,0.7935,239,False
22260552,all,noOutliers,sin_balanceo,SMO_SVM,pull,0.8903,0.8792,556,False
22260552,all,noOutliers,sin_balanceo,SMO_SVM,push,0.4744,0.6379,78,True
22260552,all,noOutliers,sin_balanceo,SMO_SVM,right,0.9833,0.9717,419,False
22260552,all,noOutliers,sin_balanceo,RandomForest,left,0.7782,0.8052,239,False
22260552,all,noOutliers,sin_balanceo,RandomForest,pull,0.9317,0.8506,556,False
22260552,all,noOutliers,sin_balanceo,RandomForest,push,0.2564,0.625,78,True
22260552,all,noOutliers,sin_balanceo,RandomForest,right,0.9714,0.969,419,False
22260552,all,noOutliers,sin_balanceo,MLP,left,0.8033,0.8496,239,False
22260552,all,noOutliers,sin_balanceo,MLP,pull,0.9029,0.8715,556,False
22260552,all,noOutliers,sin_balanceo,MLP,push,0.5513,0.6056,78,True
22260552,all,noOutliers,sin_balanceo,MLP,right,0.969,0.969,419,False
22260552,all,noOutliers,sin_balanceo,IBk_kNN,left,0.7155,0.6577,239,False
22260552,all,noOutliers,sin_balanceo,IBk_kNN,pull,0.8255,0.83,556,False
22260552,all,noOutliers,sin_balanceo,IBk_kNN,push,0.5897,0.6216,78,True
22260552,all,noOutliers,sin_balanceo,IBk_kNN,right,0.9451,0.9778,419,False
22260552,all,noOutliers,sin_balanceo,RBFNetwork_aprox,left,0.7322,0.875,239,False
22260552,all,noOutliers,sin_balanceo,RBFNetwork_aprox,pull,0.9388,0.8156,556,False
22260552,all,noOutliers,sin_balanceo,RBFNetwork_aprox,push,0.2308,0.7826,78,True
22260552,all,noOutliers,sin_balanceo,RBFNetwork_aprox,right,0.9785,0.9557,419,False
22260552,all,noOutliers,random_oversampling,SMO_SVM,left,0.8368,0.7905,239,False
22260552,all,noOutliers,random_oversampling,SMO_SVM,pull,0.8687,0.883,556,False
22260552,all,noOutliers,random_oversampling,SMO_SVM,push,0.4872,0.5507,78,True
22260552,all,noOutliers,random_oversampling,SMO_SVM,right,0.9809,0.9716,419,False
22260552,all,noOutliers,random_oversampling,RandomForest,left,0.7741,0.7906,239,False
22260552,all,noOutliers,random_oversampling,RandomForest,pull,0.9424,0.8604,556,False
22260552,all,noOutliers,random_oversampling,RandomForest,push,0.3077,0.7059,78,True
22260552,all,noOutliers,random_oversampling,RandomForest,right,0.969,0.9783,419,False
22260552,all,noOutliers,random_oversampling,MLP,left,0.841,0.8517,239,False
22260552,all,noOutliers,random_oversampling,MLP,pull,0.8885,0.8853,556,False
22260552,all,noOutliers,random_oversampling,MLP,push,0.5769,0.5294,78,True
22260552,all,noOutliers,random_oversampling,MLP,right,0.9666,0.9806,419,False
22260552,all,noOutliers,random_oversampling,IBk_kNN,left,0.7238,0.6732,239,False
22260552,all,noOutliers,random_oversampling,IBk_kNN,pull,0.8453,0.8304,556,False
22260552,all,noOutliers,random_oversampling,IBk_kNN,push,0.4872,0.5758,78,True
22260552,all,noOutliers,random_oversampling,IBk_kNN,right,0.9499,0.9876,419,False
22260552,all,noOutliers,random_oversampling,RBFNetwork_aprox,left,0.7824,0.806,239,False
22260552,all,noOutliers,random_oversampling,RBFNetwork_aprox,pull,0.8112,0.9038,556,False
22260552,all,noOutliers,random_oversampling,RBFNetwork_aprox,push,0.6538,0.3723,78,True
22260552,all,noOutliers,random_oversampling,RBFNetwork_aprox,right,0.9761,0.9646,419,False
22260552,all,noOutliers,class_weight_balanced,SMO_SVM,left,0.8452,0.7953,239,False
22260552,all,noOutliers,class_weight_balanced,SMO_SVM,pull,0.8759,0.9002,556,False
22260552,all,noOutliers,class_weight_balanced,SMO_SVM,push,0.5897,0.6301,78,True
22260552,all,noOutliers,class_weight_balanced,SMO_SVM,right,0.9833,0.9717,419,False
22260552,all,noOutliers,class_weight_balanced,RandomForest,left,0.7238,0.848,239,False
22260552,all,noOutliers,class_weight_balanced,RandomForest,pull,0.9586,0.8276,556,False
22260552,all,noOutliers,class_weight_balanced,RandomForest,push,0.2436,0.7308,78,True
22260552,all,noOutliers,class_weight_balanced,RandomForest,right,0.9785,0.9809,419,False
22260552,all,noOutliers,class_weight_balanced,RBFNetwork_aprox,left,0.7741,0.7582,239,False
22260552,all,noOutliers,class_weight_balanced,RBFNetwork_aprox,pull,0.7986,0.897,556,False
22260552,all,noOutliers,class_weight_balanced,RBFNetwork_aprox,push,0.641,0.4032,78,True
22260552,all,noOutliers,class_weight_balanced,RBFNetwork_aprox,right,0.9785,0.9557,419,False
22260552,all,noOutliers,smote,SMO_SVM,left,0.8201,0.784,239,False
22260552,all,noOutliers,smote,SMO_SVM,pull,0.8651,0.8826,556,False
22260552,all,noOutliers,smote,SMO_SVM,push,0.5,0.527,78,True
22260552,all,noOutliers,smote,SMO_SVM,right,0.9809,0.9716,419,False
22260552,all,noOutliers,smote,RandomForest,left,0.795,0.812,239,False
22260552,all,noOutliers,smote,RandomForest,pull,0.9227,0.8636,556,False
22260552,all,noOutliers,smote,RandomForest,push,0.3846,0.625,78,True
22260552,all,noOutliers,smote,RandomForest,right,0.969,0.976,419,False
22260552,all,noOutliers,smote,MLP,left,0.8536,0.8536,239,False
22260552,all,noOutliers,smote,MLP,pull,0.8903,0.8887,556,False
22260552,all,noOutliers,smote,MLP,push,0.5641,0.5432,78,True
22260552,all,noOutliers,smote,MLP,right,0.969,0.9783,419,False
22260552,all,noOutliers,smote,IBk_kNN,left,0.8452,0.6495,239,False
22260552,all,noOutliers,smote,IBk_kNN,pull,0.7626,0.8964,556,False
22260552,all,noOutliers,smote,IBk_kNN,push,0.6923,0.5455,78,True
22260552,all,noOutliers,smote,IBk_kNN,right,0.9594,0.9829,419,False
22260552,all,noOutliers,smote,RBFNetwork_aprox,left,0.7992,0.8414,239,False
22260552,all,noOutliers,smote,RBFNetwork_aprox,pull,0.8165,0.899,556,False
22260552,all,noOutliers,smote,RBFNetwork_aprox,push,0.6795,0.3955,78,True
22260552,all,noOutliers,smote,RBFNetwork_aprox,right,0.9809,0.9648,419,False
22260552,all,noOutliers,smote_tomek,SMO_SVM,left,0.8201,0.7903,239,False
22260552,all,noOutliers,smote_tomek,SMO_SVM,pull,0.8687,0.883,556,False
22260552,all,noOutliers,smote_tomek,SMO_SVM,push,0.5,0.527,78,True
22260552,all,noOutliers,smote_tomek,SMO_SVM,right,0.9809,0.9716,419,False
22260552,all,noOutliers,smote_tomek,RandomForest,left,0.7992,0.8341,239,False
22260552,all,noOutliers,smote_tomek,RandomForest,pull,0.9442,0.8721,556,False
22260552,all,noOutliers,smote_tomek,RandomForest,push,0.3718,0.6444,78,True
22260552,all,noOutliers,smote_tomek,RandomForest,right,0.9714,0.9784,419,False
22260552,all,noOutliers,smote_tomek,MLP,left,0.8577,0.8542,239,False
22260552,all,noOutliers,smote_tomek,MLP,pull,0.8921,0.8857,556,False
22260552,all,noOutliers,smote_tomek,MLP,push,0.5641,0.5641,78,True
22260552,all,noOutliers,smote_tomek,MLP,right,0.9666,0.9783,419,False
22260552,all,noOutliers,smote_tomek,IBk_kNN,left,0.8494,0.6486,239,False
22260552,all,noOutliers,smote_tomek,IBk_kNN,pull,0.7626,0.8983,556,False
22260552,all,noOutliers,smote_tomek,IBk_kNN,push,0.6923,0.5455,78,True
22260552,all,noOutliers,smote_tomek,IBk_kNN,right,0.957,0.9828,419,False
22260552,all,noOutliers,smote_tomek,RBFNetwork_aprox,left,0.7992,0.8377,239,False
22260552,all,noOutliers,smote_tomek,RBFNetwork_aprox,pull,0.8147,0.8988,556,False
22260552,all,noOutliers,smote_tomek,RBFNetwork_aprox,push,0.6795,0.3955,78,True
22260552,all,noOutliers,smote_tomek,RBFNetwork_aprox,right,0.9809,0.9648,419,False
22260552,all,noOutliers,random_undersampling_controlado,SMO_SVM,left,0.8494,0.8024,239,False
22260552,all,noOutliers,random_undersampling_controlado,SMO_SVM,pull,0.8633,0.8922,556,False
22260552,all,noOutliers,random_undersampling_controlado,SMO_SVM,push,0.5513,0.4943,78,True
22260552,all,noOutliers,random_undersampling_controlado,SMO_SVM,right,0.9714,0.9831,419,False
22260552,all,noOutliers,random_undersampling_controlado,RandomForest,left,0.8536,0.7158,239,False
22260552,all,noOutliers,random_undersampling_controlado,RandomForest,pull,0.8705,0.903,556,False
22260552,all,noOutliers,random_undersampling_controlado,RandomForest,push,0.3462,0.551,78,True
22260552,all,noOutliers,random_undersampling_controlado,RandomForest,right,0.9714,0.9645,419,False
22260552,all,noOutliers,random_undersampling_controlado,MLP,left,0.8577,0.82,239,False
22260552,all,noOutliers,random_undersampling_controlado,MLP,pull,0.8687,0.8879,556,False
22260552,all,noOutliers,random_undersampling_controlado,MLP,push,0.6282,0.5568,78,True
22260552,all,noOutliers,random_undersampling_controlado,MLP,right,0.9642,0.9854,419,False
22260552,all,noOutliers,random_undersampling_controlado,IBk_kNN,left,0.7908,0.5727,239,False
22260552,all,noOutliers,random_undersampling_controlado,IBk_kNN,pull,0.7356,0.8647,556,False
22260552,all,noOutliers,random_undersampling_controlado,IBk_kNN,push,0.5513,0.4674,78,True
22260552,all,noOutliers,random_undersampling_controlado,IBk_kNN,right,0.9284,0.9798,419,False
22260552,all,noOutliers,random_undersampling_controlado,RBFNetwork_aprox,left,0.8243,0.6176,239,False
22260552,all,noOutliers,random_undersampling_controlado,RBFNetwork_aprox,pull,0.7824,0.877,556,False
22260552,all,noOutliers,random_undersampling_controlado,RBFNetwork_aprox,push,0.4359,0.6667,78,True
22260552,all,noOutliers,random_undersampling_controlado,RBFNetwork_aprox,right,0.9761,0.9601,419,False
22260552,all,sinArtefactosConservador,sin_balanceo,SMO_SVM,left,0.733,0.7407,191,False
22260552,all,sinArtefactosConservador,sin_balanceo,SMO_SVM,pull,0.8405,0.8433,301,False
22260552,all,sinArtefactosConservador,sin_balanceo,SMO_SVM,push,0.3243,0.2727,37,True
22260552,all,sinArtefactosConservador,sin_balanceo,SMO_SVM,right,0.9268,0.958,123,False
22260552,all,sinArtefactosConservador,sin_balanceo,RandomForest,left,0.7801,0.8054,191,False
22260552,all,sinArtefactosConservador,sin_balanceo,RandomForest,pull,0.8904,0.8,301,False
22260552,all,sinArtefactosConservador,sin_balanceo,RandomForest,push,0.0811,0.3,37,True
22260552,all,sinArtefactosConservador,sin_balanceo,RandomForest,right,0.9431,0.9508,123,False
22260552,all,sinArtefactosConservador,sin_balanceo,MLP,left,0.6859,0.7892,191,False
22260552,all,sinArtefactosConservador,sin_balanceo,MLP,pull,0.9003,0.8138,301,False
22260552,all,sinArtefactosConservador,sin_balanceo,MLP,push,0.2973,0.4783,37,True
22260552,all,sinArtefactosConservador,sin_balanceo,MLP,right,0.9431,0.8923,123,False
22260552,all,sinArtefactosConservador,sin_balanceo,IBk_kNN,left,0.6806,0.6633,191,False
22260552,all,sinArtefactosConservador,sin_balanceo,IBk_kNN,pull,0.804,0.7857,301,False
22260552,all,sinArtefactosConservador,sin_balanceo,IBk_kNN,push,0.3514,0.4194,37,True
22260552,all,sinArtefactosConservador,sin_balanceo,IBk_kNN,right,0.9187,0.9658,123,False
22260552,all,sinArtefactosConservador,sin_balanceo,RBFNetwork_aprox,left,0.6702,0.7853,191,False
22260552,all,sinArtefactosConservador,sin_balanceo,RBFNetwork_aprox,pull,0.9169,0.7841,301,False
22260552,all,sinArtefactosConservador,sin_balanceo,RBFNetwork_aprox,push,0.1081,0.2667,37,True
22260552,all,sinArtefactosConservador,sin_balanceo,RBFNetwork_aprox,right,0.9593,0.9672,123,False
22260552,all,sinArtefactosConservador,random_oversampling,SMO_SVM,left,0.733,0.733,191,False
22260552,all,sinArtefactosConservador,random_oversampling,SMO_SVM,pull,0.8339,0.8367,301,False
22260552,all,sinArtefactosConservador,random_oversampling,SMO_SVM,push,0.2973,0.2619,37,True
22260552,all,sinArtefactosConservador,random_oversampling,SMO_SVM,right,0.9268,0.958,123,False
22260552,all,sinArtefactosConservador,random_oversampling,RandomForest,left,0.7801,0.8232,191,False
22260552,all,sinArtefactosConservador,random_oversampling,RandomForest,pull,0.9037,0.8024,301,False
22260552,all,sinArtefactosConservador,random_oversampling,RandomForest,push,0.0811,0.3,37,True
22260552,all,sinArtefactosConservador,random_oversampling,RandomForest,right,0.9593,0.9672,123,False
22260552,all,sinArtefactosConservador,random_oversampling,MLP,left,0.6649,0.7937,191,False
22260552,all,sinArtefactosConservador,random_oversampling,MLP,pull,0.8804,0.8079,301,False
22260552,all,sinArtefactosConservador,random_oversampling,MLP,push,0.2703,0.2703,37,True
22260552,all,sinArtefactosConservador,random_oversampling,MLP,right,0.9431,0.9134,123,False
22260552,all,sinArtefactosConservador,random_oversampling,IBk_kNN,left,0.6806,0.6533,191,False
22260552,all,sinArtefactosConservador,random_oversampling,IBk_kNN,pull,0.8007,0.7724,301,False
22260552,all,sinArtefactosConservador,random_oversampling,IBk_kNN,push,0.2432,0.3214,37,True
22260552,all,sinArtefactosConservador,random_oversampling,IBk_kNN,right,0.8862,0.9646,123,False
22260552,all,sinArtefactosConservador,random_oversampling,RBFNetwork_aprox,left,0.6545,0.7622,191,False
22260552,all,sinArtefactosConservador,random_oversampling,RBFNetwork_aprox,pull,0.8837,0.7847,301,False
22260552,all,sinArtefactosConservador,random_oversampling,RBFNetwork_aprox,push,0.1892,0.2333,37,True
22260552,all,sinArtefactosConservador,random_oversampling,RBFNetwork_aprox,right,0.935,0.9664,123,False
22260552,all,sinArtefactosConservador,class_weight_balanced,SMO_SVM,left,0.733,0.7368,191,False
22260552,all,sinArtefactosConservador,class_weight_balanced,SMO_SVM,pull,0.8372,0.8428,301,False
22260552,all,sinArtefactosConservador,class_weight_balanced,SMO_SVM,push,0.3243,0.2727,37,True
22260552,all,sinArtefactosConservador,class_weight_balanced,SMO_SVM,right,0.9268,0.958,123,False
22260552,all,sinArtefactosConservador,class_weight_balanced,RandomForest,left,0.7068,0.8544,191,False
22260552,all,sinArtefactosConservador,class_weight_balanced,RandomForest,pull,0.9269,0.7644,301,False
22260552,all,sinArtefactosConservador,class_weight_balanced,RandomForest,push,0.0811,0.5,37,True
22260552,all,sinArtefactosConservador,class_weight_balanced,RandomForest,right,0.9593,0.9593,123,False
22260552,all,sinArtefactosConservador,class_weight_balanced,RBFNetwork_aprox,left,0.6911,0.7719,191,False
22260552,all,sinArtefactosConservador,class_weight_balanced,RBFNetwork_aprox,pull,0.8837,0.821,301,False
22260552,all,sinArtefactosConservador,class_weight_balanced,RBFNetwork_aprox,push,0.3243,0.3529,37,True
22260552,all,sinArtefactosConservador,class_weight_balanced,RBFNetwork_aprox,right,0.9675,0.9675,123,False
22260552,all,sinArtefactosConservador,smote,SMO_SVM,left,0.7382,0.7344,191,False
22260552,all,sinArtefactosConservador,smote,SMO_SVM,pull,0.8372,0.84,301,False
22260552,all,sinArtefactosConservador,smote,SMO_SVM,push,0.2973,0.2619,37,True
22260552,all,sinArtefactosConservador,smote,SMO_SVM,right,0.9268,0.9661,123,False
22260552,all,sinArtefactosConservador,smote,RandomForest,left,0.7592,0.8192,191,False
22260552,all,sinArtefactosConservador,smote,RandomForest,pull,0.907,0.7982,301,False
22260552,all,sinArtefactosConservador,smote,RandomForest,push,0.0811,0.25,37,True
22260552,all,sinArtefactosConservador,smote,RandomForest,right,0.9431,0.9587,123,False
22260552,all,sinArtefactosConservador,smote,MLP,left,0.6649,0.784,191,False
22260552,all,sinArtefactosConservador,smote,MLP,pull,0.8771,0.8148,301,False
22260552,all,sinArtefactosConservador,smote,MLP,push,0.3243,0.3077,37,True
22260552,all,sinArtefactosConservador,smote,MLP,right,0.9431,0.9134,123,False
22260552,all,sinArtefactosConservador,smote,IBk_kNN,left,0.712,0.6445,191,False
22260552,all,sinArtefactosConservador,smote,IBk_kNN,pull,0.7575,0.8321,301,False
22260552,all,sinArtefactosConservador,smote,IBk_kNN,push,0.4324,0.3137,37,True
22260552,all,sinArtefactosConservador,smote,IBk_kNN,right,0.9024,0.9569,123,False
22260552,all,sinArtefactosConservador,smote,RBFNetwork_aprox,left,0.6545,0.7669,191,False
22260552,all,sinArtefactosConservador,smote,RBFNetwork_aprox,pull,0.8937,0.7797,301,False
22260552,all,sinArtefactosConservador,smote,RBFNetwork_aprox,push,0.1351,0.2,37,True
22260552,all,sinArtefactosConservador,smote,RBFNetwork_aprox,right,0.935,0.9664,123,False
22260552,all,sinArtefactosConservador,smote_tomek,SMO_SVM,left,0.7225,0.7188,191,False
22260552,all,sinArtefactosConservador,smote_tomek,SMO_SVM,pull,0.8239,0.8267,301,False
22260552,all,sinArtefactosConservador,smote_tomek,SMO_SVM,push,0.2973,0.2619,37,True
22260552,all,sinArtefactosConservador,smote_tomek,SMO_SVM,right,0.9268,0.9661,123,False
22260552,all,sinArtefactosConservador,smote_tomek,RandomForest,left,0.7435,0.8256,191,False
22260552,all,sinArtefactosConservador,smote_tomek,RandomForest,pull,0.897,0.7849,301,False
22260552,all,sinArtefactosConservador,smote_tomek,RandomForest,push,0.0811,0.25,37,True
22260552,all,sinArtefactosConservador,smote_tomek,RandomForest,right,0.9675,0.9597,123,False
22260552,all,sinArtefactosConservador,smote_tomek,MLP,left,0.6649,0.7937,191,False
22260552,all,sinArtefactosConservador,smote_tomek,MLP,pull,0.8771,0.8098,301,False
22260552,all,sinArtefactosConservador,smote_tomek,MLP,push,0.3243,0.3077,37,True
22260552,all,sinArtefactosConservador,smote_tomek,MLP,right,0.9431,0.9134,123,False
22260552,all,sinArtefactosConservador,smote_tomek,IBk_kNN,left,0.712,0.6385,191,False
22260552,all,sinArtefactosConservador,smote_tomek,IBk_kNN,pull,0.7542,0.8315,301,False
22260552,all,sinArtefactosConservador,smote_tomek,IBk_kNN,push,0.4054,0.3061,37,True
22260552,all,sinArtefactosConservador,smote_tomek,IBk_kNN,right,0.9106,0.9573,123,False
22260552,all,sinArtefactosConservador,smote_tomek,RBFNetwork_aprox,left,0.6492,0.7654,191,False
22260552,all,sinArtefactosConservador,smote_tomek,RBFNetwork_aprox,pull,0.8937,0.7797,301,False
22260552,all,sinArtefactosConservador,smote_tomek,RBFNetwork_aprox,push,0.1351,0.1923,37,True
22260552,all,sinArtefactosConservador,smote_tomek,RBFNetwork_aprox,right,0.935,0.9664,123,False
22260552,all,sinArtefactosConservador,random_undersampling_controlado,SMO_SVM,left,0.6754,0.6582,191,False
22260552,all,sinArtefactosConservador,random_undersampling_controlado,SMO_SVM,pull,0.7243,0.8417,301,False
22260552,all,sinArtefactosConservador,random_undersampling_controlado,SMO_SVM,push,0.4595,0.2179,37,True
22260552,all,sinArtefactosConservador,random_undersampling_controlado,SMO_SVM,right,0.9268,0.958,123,False
22260552,all,sinArtefactosConservador,random_undersampling_controlado,RandomForest,left,0.7382,0.7015,191,False
22260552,all,sinArtefactosConservador,random_undersampling_controlado,RandomForest,pull,0.794,0.8328,301,False
22260552,all,sinArtefactosConservador,random_undersampling_controlado,RandomForest,push,0.3243,0.3429,37,True
22260552,all,sinArtefactosConservador,random_undersampling_controlado,RandomForest,right,0.9593,0.9147,123,False
22260552,all,sinArtefactosConservador,random_undersampling_controlado,MLP,left,0.6283,0.7407,191,False
22260552,all,sinArtefactosConservador,random_undersampling_controlado,MLP,pull,0.8173,0.8013,301,False
22260552,all,sinArtefactosConservador,random_undersampling_controlado,MLP,push,0.5405,0.3636,37,True
22260552,all,sinArtefactosConservador,random_undersampling_controlado,MLP,right,0.9268,0.8906,123,False
22260552,all,sinArtefactosConservador,random_undersampling_controlado,IBk_kNN,left,0.5812,0.6307,191,False
22260552,all,sinArtefactosConservador,random_undersampling_controlado,IBk_kNN,pull,0.7375,0.7603,301,False
22260552,all,sinArtefactosConservador,random_undersampling_controlado,IBk_kNN,push,0.4865,0.2769,37,True
22260552,all,sinArtefactosConservador,random_undersampling_controlado,IBk_kNN,right,0.9187,0.9496,123,False
22260552,all,sinArtefactosConservador,random_undersampling_controlado,RBFNetwork_aprox,left,0.6335,0.6505,191,False
22260552,all,sinArtefactosConservador,random_undersampling_controlado,RBFNetwork_aprox,pull,0.7907,0.7987,301,False
22260552,all,sinArtefactosConservador,random_undersampling_controlado,RBFNetwork_aprox,push,0.3514,0.3333,37,True
22260552,all,sinArtefactosConservador,random_undersampling_controlado,RBFNetwork_aprox,right,0.9675,0.9225,123,False
231260558,all,noOutliers,sin_balanceo,SMO_SVM,left,0.5803,0.5114,193,False
231260558,all,noOutliers,sin_balanceo,SMO_SVM,pull,0.8468,0.8836,457,False
231260558,all,noOutliers,sin_balanceo,SMO_SVM,push,0.8906,0.8769,64,True
231260558,all,noOutliers,sin_balanceo,SMO_SVM,right,0.4734,0.4944,188,False
231260558,all,noOutliers,sin_balanceo,RandomForest,left,0.4715,0.6741,193,False
231260558,all,noOutliers,sin_balanceo,RandomForest,pull,0.9387,0.7772,457,False
231260558,all,noOutliers,sin_balanceo,RandomForest,push,0.8594,0.9322,64,True
231260558,all,noOutliers,sin_balanceo,RandomForest,right,0.617,0.7436,188,False
231260558,all,noOutliers,sin_balanceo,MLP,left,0.5699,0.6918,193,False
231260558,all,noOutliers,sin_balanceo,MLP,pull,0.93,0.8656,457,False
231260558,all,noOutliers,sin_balanceo,MLP,push,0.875,0.8889,64,True
231260558,all,noOutliers,sin_balanceo,MLP,right,0.7287,0.7249,188,False
231260558,all,noOutliers,sin_balanceo,IBk_kNN,left,0.5492,0.6883,193,False
231260558,all,noOutliers,sin_balanceo,IBk_kNN,pull,0.884,0.7829,457,False
231260558,all,noOutliers,sin_balanceo,IBk_kNN,push,0.875,0.7778,64,True
231260558,all,noOutliers,sin_balanceo,IBk_kNN,right,0.5426,0.6375,188,False
231260558,all,noOutliers,sin_balanceo,RBFNetwork_aprox,left,0.6269,0.6505,193,False
231260558,all,noOutliers,sin_balanceo,RBFNetwork_aprox,pull,0.9322,0.8712,457,False
231260558,all,noOutliers,sin_balanceo,RBFNetwork_aprox,push,0.7031,0.9574,64,True
231260558,all,noOutliers,sin_balanceo,RBFNetwork_aprox,right,0.6755,0.7056,188,False
231260558,all,noOutliers,random_oversampling,SMO_SVM,left,0.6062,0.5177,193,False
231260558,all,noOutliers,random_oversampling,SMO_SVM,pull,0.8425,0.883,457,False
231260558,all,noOutliers,random_oversampling,SMO_SVM,push,0.8906,0.8382,64,True
231260558,all,noOutliers,random_oversampling,SMO_SVM,right,0.4574,0.5,188,False
231260558,all,noOutliers,random_oversampling,RandomForest,left,0.5544,0.7643,193,False
231260558,all,noOutliers,random_oversampling,RandomForest,pull,0.9453,0.7883,457,False
231260558,all,noOutliers,random_oversampling,RandomForest,push,0.8594,0.9483,64,True
231260558,all,noOutliers,random_oversampling,RandomForest,right,0.6543,0.7885,188,False
231260558,all,noOutliers,random_oversampling,MLP,left,0.5699,0.7051,193,False
231260558,all,noOutliers,random_oversampling,MLP,pull,0.9037,0.8844,457,False
231260558,all,noOutliers,random_oversampling,MLP,push,0.8906,0.8507,64,True
231260558,all,noOutliers,random_oversampling,MLP,right,0.7766,0.6887,188,False
231260558,all,noOutliers,random_oversampling,IBk_kNN,left,0.5233,0.6392,193,False
231260558,all,noOutliers,random_oversampling,IBk_kNN,pull,0.8753,0.7692,457,False
231260558,all,noOutliers,random_oversampling,IBk_kNN,push,0.8281,0.7794,64,True
231260558,all,noOutliers,random_oversampling,IBk_kNN,right,0.5266,0.6346,188,False
231260558,all,noOutliers,random_oversampling,RBFNetwork_aprox,left,0.6373,0.6613,193,False
231260558,all,noOutliers,random_oversampling,RBFNetwork_aprox,pull,0.9212,0.8663,457,False
231260558,all,noOutliers,random_oversampling,RBFNetwork_aprox,push,0.7188,0.9583,64,True
231260558,all,noOutliers,random_oversampling,RBFNetwork_aprox,right,0.6862,0.7088,188,False
231260558,all,noOutliers,class_weight_balanced,SMO_SVM,left,0.5751,0.5023,193,False
231260558,all,noOutliers,class_weight_balanced,SMO_SVM,pull,0.8446,0.8833,457,False
231260558,all,noOutliers,class_weight_balanced,SMO_SVM,push,0.8906,0.8769,64,True
231260558,all,noOutliers,class_weight_balanced,SMO_SVM,right,0.4734,0.4972,188,False
231260558,all,noOutliers,class_weight_balanced,RandomForest,left,0.487,0.8034,193,False
231260558,all,noOutliers,class_weight_balanced,RandomForest,pull,0.9672,0.7621,457,False
231260558,all,noOutliers,class_weight_balanced,RandomForest,push,0.8594,0.8594,64,True
231260558,all,noOutliers,class_weight_balanced,RandomForest,right,0.6223,0.8298,188,False
231260558,all,noOutliers,class_weight_balanced,RBFNetwork_aprox,left,0.6477,0.625,193,False
231260558,all,noOutliers,class_weight_balanced,RBFNetwork_aprox,pull,0.9037,0.8863,457,False
231260558,all,noOutliers,class_weight_balanced,RBFNetwork_aprox,push,0.7344,0.9592,64,True
231260558,all,noOutliers,class_weight_balanced,RBFNetwork_aprox,right,0.6915,0.6952,188,False
231260558,all,noOutliers,smote,SMO_SVM,left,0.6062,0.5342,193,False
231260558,all,noOutliers,smote,SMO_SVM,pull,0.8425,0.879,457,False
231260558,all,noOutliers,smote,SMO_SVM,push,0.8906,0.8382,64,True
231260558,all,noOutliers,smote,SMO_SVM,right,0.4894,0.5198,188,False
231260558,all,noOutliers,smote,RandomForest,left,0.5959,0.6609,193,False
231260558,all,noOutliers,smote,RandomForest,pull,0.895,0.818,457,False
231260558,all,noOutliers,smote,RandomForest,push,0.8594,0.9016,64,True
231260558,all,noOutliers,smote,RandomForest,right,0.6702,0.7545,188,False
231260558,all,noOutliers,smote,MLP,left,0.5596,0.6708,193,False
231260558,all,noOutliers,smote,MLP,pull,0.8972,0.8874,457,False
231260558,all,noOutliers,smote,MLP,push,0.875,0.8358,64,True
231260558,all,noOutliers,smote,MLP,right,0.75,0.6651,188,False
231260558,all,noOutliers,smote,IBk_kNN,left,0.6062,0.5519,193,False
231260558,all,noOutliers,smote,IBk_kNN,pull,0.7746,0.8592,457,False
231260558,all,noOutliers,smote,IBk_kNN,push,0.8438,0.7013,64,True
231260558,all,noOutliers,smote,IBk_kNN,right,0.617,0.5771,188,False
231260558,all,noOutliers,smote,RBFNetwork_aprox,left,0.6166,0.6761,193,False
231260558,all,noOutliers,smote,RBFNetwork_aprox,pull,0.9234,0.8457,457,False
231260558,all,noOutliers,smote,RBFNetwork_aprox,push,0.7188,0.9583,64,True
231260558,all,noOutliers,smote,RBFNetwork_aprox,right,0.6702,0.7039,188,False
231260558,all,noOutliers,smote_tomek,SMO_SVM,left,0.5803,0.5234,193,False
231260558,all,noOutliers,smote_tomek,SMO_SVM,pull,0.8359,0.8721,457,False
231260558,all,noOutliers,smote_tomek,SMO_SVM,push,0.8906,0.8382,64,True
231260558,all,noOutliers,smote_tomek,SMO_SVM,right,0.5,0.5165,188,False
231260558,all,noOutliers,smote_tomek,RandomForest,left,0.5855,0.6494,193,False
231260558,all,noOutliers,smote_tomek,RandomForest,pull,0.9015,0.8158,457,False
231260558,all,noOutliers,smote_tomek,RandomForest,push,0.8594,0.9016,64,True
231260558,all,noOutliers,smote_tomek,RandomForest,right,0.617,0.716,188,False
231260558,all,noOutliers,smote_tomek,MLP,left,0.5648,0.6899,193,False
231260558,all,noOutliers,smote_tomek,MLP,pull,0.9059,0.8903,457,False
231260558,all,noOutliers,smote_tomek,MLP,push,0.8906,0.8507,64,True
231260558,all,noOutliers,smote_tomek,MLP,right,0.75,0.6651,188,False
231260558,all,noOutliers,smote_tomek,IBk_kNN,left,0.6062,0.5519,193,False
231260558,all,noOutliers,smote_tomek,IBk_kNN,pull,0.7746,0.8592,457,False
231260558,all,noOutliers,smote_tomek,IBk_kNN,push,0.8438,0.7013,64,True
231260558,all,noOutliers,smote_tomek,IBk_kNN,right,0.617,0.5771,188,False
231260558,all,noOutliers,smote_tomek,RBFNetwork_aprox,left,0.6166,0.6648,193,False
231260558,all,noOutliers,smote_tomek,RBFNetwork_aprox,pull,0.9212,0.8488,457,False
231260558,all,noOutliers,smote_tomek,RBFNetwork_aprox,push,0.7188,0.9583,64,True
231260558,all,noOutliers,smote_tomek,RBFNetwork_aprox,right,0.6702,0.7039,188,False
231260558,all,noOutliers,random_undersampling_controlado,SMO_SVM,left,0.5648,0.545,193,False
231260558,all,noOutliers,random_undersampling_controlado,SMO_SVM,pull,0.8118,0.8791,457,False
231260558,all,noOutliers,random_undersampling_controlado,SMO_SVM,push,0.9062,0.8056,64,True
231260558,all,noOutliers,random_undersampling_controlado,SMO_SVM,right,0.5745,0.5192,188,False
231260558,all,noOutliers,random_undersampling_controlado,RandomForest,left,0.6373,0.6029,193,False
231260558,all,noOutliers,random_undersampling_controlado,RandomForest,pull,0.8009,0.8632,457,False
231260558,all,noOutliers,random_undersampling_controlado,RandomForest,push,0.8594,0.8462,64,True
231260558,all,noOutliers,random_undersampling_controlado,RandomForest,right,0.7074,0.6364,188,False
231260558,all,noOutliers,random_undersampling_controlado,MLP,left,0.6528,0.6923,193,False
231260558,all,noOutliers,random_undersampling_controlado,MLP,pull,0.8753,0.8949,457,False
231260558,all,noOutliers,random_undersampling_controlado,MLP,push,0.875,0.8485,64,True
231260558,all,noOutliers,random_undersampling_controlado,MLP,right,0.7447,0.6763,188,False
231260558,all,noOutliers,random_undersampling_controlado,IBk_kNN,left,0.5648,0.5707,193,False
231260558,all,noOutliers,random_undersampling_controlado,IBk_kNN,pull,0.7812,0.8132,457,False
231260558,all,noOutliers,random_undersampling_controlado,IBk_kNN,push,0.8906,0.6706,64,True
231260558,all,noOutliers,random_undersampling_controlado,IBk_kNN,right,0.5851,0.5882,188,False
231260558,all,noOutliers,random_undersampling_controlado,RBFNetwork_aprox,left,0.7098,0.6089,193,False
231260558,all,noOutliers,random_undersampling_controlado,RBFNetwork_aprox,pull,0.8665,0.9103,457,False
231260558,all,noOutliers,random_undersampling_controlado,RBFNetwork_aprox,push,0.7656,0.9608,64,True
231260558,all,noOutliers,random_undersampling_controlado,RBFNetwork_aprox,right,0.6915,0.6806,188,False
252260554,all,noOutliers,sin_balanceo,SMO_SVM,left,0.8125,0.8025,240,False
252260554,all,noOutliers,sin_balanceo,SMO_SVM,pull,0.6,0.3934,40,True
252260554,all,noOutliers,sin_balanceo,SMO_SVM,push,0.7773,0.8497,211,False
252260554,all,noOutliers,sin_balanceo,SMO_SVM,right,0.2553,0.2927,47,False
252260554,all,noOutliers,sin_balanceo,RandomForest,left,0.8833,0.7465,240,False
252260554,all,noOutliers,sin_balanceo,RandomForest,pull,0.05,0.25,40,True
252260554,all,noOutliers,sin_balanceo,RandomForest,push,0.8815,0.7561,211,False
252260554,all,noOutliers,sin_balanceo,RandomForest,right,0.0,0.0,47,False
252260554,all,noOutliers,sin_balanceo,MLP,left,0.8583,0.7384,240,False
252260554,all,noOutliers,sin_balanceo,MLP,pull,0.075,0.0938,40,True
252260554,all,noOutliers,sin_balanceo,MLP,push,0.7867,0.7793,211,False
252260554,all,noOutliers,sin_balanceo,MLP,right,0.1064,0.3571,47,False
252260554,all,noOutliers,sin_balanceo,IBk_kNN,left,0.725,0.7342,240,False
252260554,all,noOutliers,sin_balanceo,IBk_kNN,pull,0.45,0.2609,40,True
252260554,all,noOutliers,sin_balanceo,IBk_kNN,push,0.6967,0.7861,211,False
252260554,all,noOutliers,sin_balanceo,IBk_kNN,right,0.2766,0.2889,47,False
252260554,all,noOutliers,sin_balanceo,RBFNetwork_aprox,left,0.9042,0.7356,240,False
252260554,all,noOutliers,sin_balanceo,RBFNetwork_aprox,pull,0.075,0.2727,40,True
252260554,all,noOutliers,sin_balanceo,RBFNetwork_aprox,push,0.8815,0.8017,211,False
252260554,all,noOutliers,sin_balanceo,RBFNetwork_aprox,right,0.0,0.0,47,False
252260554,all,noOutliers,random_oversampling,SMO_SVM,left,0.8208,0.7912,240,False
252260554,all,noOutliers,random_oversampling,SMO_SVM,pull,0.55,0.3729,40,True
252260554,all,noOutliers,random_oversampling,SMO_SVM,push,0.7678,0.8663,211,False
252260554,all,noOutliers,random_oversampling,SMO_SVM,right,0.2553,0.2791,47,False
252260554,all,noOutliers,random_oversampling,RandomForest,left,0.8708,0.7438,240,False
252260554,all,noOutliers,random_oversampling,RandomForest,pull,0.05,0.1818,40,True
252260554,all,noOutliers,random_oversampling,RandomForest,push,0.8531,0.7407,211,False
252260554,all,noOutliers,random_oversampling,RandomForest,right,0.0426,0.6667,47,False
252260554,all,noOutliers,random_oversampling,MLP,left,0.8333,0.7576,240,False
252260554,all,noOutliers,random_oversampling,MLP,pull,0.35,0.28,40,True
252260554,all,noOutliers,random_oversampling,MLP,push,0.7536,0.8196,211,False
252260554,all,noOutliers,random_oversampling,MLP,right,0.2553,0.4,47,False
252260554,all,noOutliers,random_oversampling,IBk_kNN,left,0.725,0.728,240,False
252260554,all,noOutliers,random_oversampling,IBk_kNN,pull,0.45,0.24,40,True
252260554,all,noOutliers,random_oversampling,IBk_kNN,push,0.6635,0.7821,211,False
252260554,all,noOutliers,random_oversampling,IBk_kNN,right,0.2766,0.2889,47,False
252260554,all,noOutliers,random_oversampling,RBFNetwork_aprox,left,0.8833,0.7626,240,False
252260554,all,noOutliers,random_oversampling,RBFNetwork_aprox,pull,0.125,0.2174,40,True
252260554,all,noOutliers,random_oversampling,RBFNetwork_aprox,push,0.8436,0.7876,211,False
252260554,all,noOutliers,random_oversampling,RBFNetwork_aprox,right,0.1064,0.4545,47,False
252260554,all,noOutliers,class_weight_balanced,SMO_SVM,left,0.8125,0.8025,240,False
252260554,all,noOutliers,class_weight_balanced,SMO_SVM,pull,0.6,0.3934,40,True
252260554,all,noOutliers,class_weight_balanced,SMO_SVM,push,0.7773,0.8497,211,False
252260554,all,noOutliers,class_weight_balanced,SMO_SVM,right,0.2553,0.2927,47,False
252260554,all,noOutliers,class_weight_balanced,RandomForest,left,0.8625,0.7314,240,False
252260554,all,noOutliers,class_weight_balanced,RandomForest,pull,0.0,0.0,40,True
252260554,all,noOutliers,class_weight_balanced,RandomForest,push,0.872,0.736,211,False
252260554,all,noOutliers,class_weight_balanced,RandomForest,right,0.0213,1.0,47,False
252260554,all,noOutliers,class_weight_balanced,RBFNetwork_aprox,left,0.8708,0.7572,240,False
252260554,all,noOutliers,class_weight_balanced,RBFNetwork_aprox,pull,0.225,0.3462,40,True
252260554,all,noOutliers,class_weight_balanced,RBFNetwork_aprox,push,0.8436,0.8091,211,False
252260554,all,noOutliers,class_weight_balanced,RBFNetwork_aprox,right,0.1277,0.375,47,False
252260554,all,noOutliers,smote,SMO_SVM,left,0.8167,0.7935,240,False
252260554,all,noOutliers,smote,SMO_SVM,pull,0.575,0.4035,40,True
252260554,all,noOutliers,smote,SMO_SVM,push,0.7867,0.8513,211,False
252260554,all,noOutliers,smote,SMO_SVM,right,0.2553,0.3077,47,False
252260554,all,noOutliers,smote,RandomForest,left,0.8667,0.7647,240,False
252260554,all,noOutliers,smote,RandomForest,pull,0.1,0.2105,40,True
252260554,all,noOutliers,smote,RandomForest,push,0.872,0.7541,211,False
252260554,all,noOutliers,smote,RandomForest,right,0.0638,1.0,47,False
252260554,all,noOutliers,smote,MLP,left,0.8042,0.7659,240,False
252260554,all,noOutliers,smote,MLP,pull,0.4,0.3137,40,True
252260554,all,noOutliers,smote,MLP,push,0.7488,0.8103,211,False
252260554,all,noOutliers,smote,MLP,right,0.2979,0.35,47,False
252260554,all,noOutliers,smote,IBk_kNN,left,0.5417,0.7558,240,False
252260554,all,noOutliers,smote,IBk_kNN,pull,0.575,0.1901,40,True
252260554,all,noOutliers,smote,IBk_kNN,push,0.5877,0.7949,211,False
252260554,all,noOutliers,smote,IBk_kNN,right,0.5106,0.2697,47,False
252260554,all,noOutliers,smote,RBFNetwork_aprox,left,0.875,0.7554,240,False
252260554,all,noOutliers,smote,RBFNetwork_aprox,pull,0.125,0.2174,40,True
252260554,all,noOutliers,smote,RBFNetwork_aprox,push,0.8436,0.7946,211,False
252260554,all,noOutliers,smote,RBFNetwork_aprox,right,0.1064,0.3846,47,False
252260554,all,noOutliers,smote_tomek,SMO_SVM,left,0.8167,0.7903,240,False
252260554,all,noOutliers,smote_tomek,SMO_SVM,pull,0.575,0.3898,40,True
252260554,all,noOutliers,smote_tomek,SMO_SVM,push,0.782,0.8505,211,False
252260554,all,noOutliers,smote_tomek,SMO_SVM,right,0.234,0.2973,47,False
252260554,all,noOutliers,smote_tomek,RandomForest,left,0.85,0.7727,240,False
252260554,all,noOutliers,smote_tomek,RandomForest,pull,0.05,0.1333,40,True
252260554,all,noOutliers,smote_tomek,RandomForest,push,0.8815,0.741,211,False
252260554,all,noOutliers,smote_tomek,RandomForest,right,0.0851,0.5,47,False
252260554,all,noOutliers,smote_tomek,MLP,left,0.8042,0.7659,240,False
252260554,all,noOutliers,smote_tomek,MLP,pull,0.4,0.32,40,True
252260554,all,noOutliers,smote_tomek,MLP,push,0.7488,0.8103,211,False
252260554,all,noOutliers,smote_tomek,MLP,right,0.3191,0.3659,47,False
252260554,all,noOutliers,smote_tomek,IBk_kNN,left,0.5417,0.7558,240,False
252260554,all,noOutliers,smote_tomek,IBk_kNN,pull,0.575,0.1917,40,True
252260554,all,noOutliers,smote_tomek,IBk_kNN,push,0.5829,0.7935,211,False
252260554,all,noOutliers,smote_tomek,IBk_kNN,right,0.5319,0.2747,47,False
252260554,all,noOutliers,smote_tomek,RBFNetwork_aprox,left,0.8708,0.7572,240,False
252260554,all,noOutliers,smote_tomek,RBFNetwork_aprox,pull,0.125,0.2174,40,True
252260554,all,noOutliers,smote_tomek,RBFNetwork_aprox,push,0.8483,0.792,211,False
252260554,all,noOutliers,smote_tomek,RBFNetwork_aprox,right,0.1064,0.3846,47,False
252260554,all,noOutliers,random_undersampling_controlado,SMO_SVM,left,0.6917,0.783,240,False
252260554,all,noOutliers,random_undersampling_controlado,SMO_SVM,pull,0.625,0.2976,40,True
252260554,all,noOutliers,random_undersampling_controlado,SMO_SVM,push,0.7204,0.8736,211,False
252260554,all,noOutliers,random_undersampling_controlado,SMO_SVM,right,0.3191,0.2206,47,False
252260554,all,noOutliers,random_undersampling_controlado,RandomForest,left,0.7,0.7636,240,False
252260554,all,noOutliers,random_undersampling_controlado,RandomForest,pull,0.2,0.2424,40,True
252260554,all,noOutliers,random_undersampling_controlado,RandomForest,push,0.8531,0.7438,211,False
252260554,all,noOutliers,random_undersampling_controlado,RandomForest,right,0.1915,0.2093,47,False
252260554,all,noOutliers,random_undersampling_controlado,MLP,left,0.7083,0.7623,240,False
252260554,all,noOutliers,random_undersampling_controlado,MLP,pull,0.375,0.2459,40,True
252260554,all,noOutliers,random_undersampling_controlado,MLP,push,0.7346,0.8073,211,False
252260554,all,noOutliers,random_undersampling_controlado,MLP,right,0.4255,0.3226,47,False
252260554,all,noOutliers,random_undersampling_controlado,IBk_kNN,left,0.5875,0.7581,240,False
252260554,all,noOutliers,random_undersampling_controlado,IBk_kNN,pull,0.5,0.2041,40,True
252260554,all,noOutliers,random_undersampling_controlado,IBk_kNN,push,0.6445,0.7598,211,False
252260554,all,noOutliers,random_undersampling_controlado,IBk_kNN,right,0.4468,0.28,47,False
252260554,all,noOutliers,random_undersampling_controlado,RBFNetwork_aprox,left,0.7958,0.7403,240,False
252260554,all,noOutliers,random_undersampling_controlado,RBFNetwork_aprox,pull,0.1,0.1905,40,True
252260554,all,noOutliers,random_undersampling_controlado,RBFNetwork_aprox,push,0.8246,0.7909,211,False
252260554,all,noOutliers,random_undersampling_controlado,RBFNetwork_aprox,right,0.1702,0.2051,47,False
252260554,all,sinArtefactosConservador,sin_balanceo,SMO_SVM,left,0.9016,0.8049,183,False
252260554,all,sinArtefactosConservador,sin_balanceo,SMO_SVM,pull,0.1795,0.2,39,False
252260554,all,sinArtefactosConservador,sin_balanceo,SMO_SVM,push,0.7516,0.7763,157,False
252260554,all,sinArtefactosConservador,sin_balanceo,SMO_SVM,right,0.1176,0.1905,34,True
252260554,all,sinArtefactosConservador,sin_balanceo,RandomForest,left,0.8962,0.7257,183,False
252260554,all,sinArtefactosConservador,sin_balanceo,RandomForest,pull,0.1282,0.25,39,False
252260554,all,sinArtefactosConservador,sin_balanceo,RandomForest,push,0.7389,0.7073,157,False
252260554,all,sinArtefactosConservador,sin_balanceo,RandomForest,right,0.0,0.0,34,True
252260554,all,sinArtefactosConservador,sin_balanceo,MLP,left,0.8525,0.7919,183,False
252260554,all,sinArtefactosConservador,sin_balanceo,MLP,pull,0.1538,0.1395,39,False
252260554,all,sinArtefactosConservador,sin_balanceo,MLP,push,0.7006,0.7432,157,False
252260554,all,sinArtefactosConservador,sin_balanceo,MLP,right,0.1176,0.16,34,True
252260554,all,sinArtefactosConservador,sin_balanceo,IBk_kNN,left,0.7596,0.7722,183,False
252260554,all,sinArtefactosConservador,sin_balanceo,IBk_kNN,pull,0.1282,0.082,39,False
252260554,all,sinArtefactosConservador,sin_balanceo,IBk_kNN,push,0.586,0.6667,157,False
252260554,all,sinArtefactosConservador,sin_balanceo,IBk_kNN,right,0.1176,0.1176,34,True
252260554,all,sinArtefactosConservador,sin_balanceo,RBFNetwork_aprox,left,0.9344,0.7277,183,False
252260554,all,sinArtefactosConservador,sin_balanceo,RBFNetwork_aprox,pull,0.0513,0.1111,39,False
252260554,all,sinArtefactosConservador,sin_balanceo,RBFNetwork_aprox,push,0.7516,0.7712,157,False
252260554,all,sinArtefactosConservador,sin_balanceo,RBFNetwork_aprox,right,0.0294,0.1429,34,True
252260554,all,sinArtefactosConservador,random_oversampling,SMO_SVM,left,0.9071,0.8177,183,False
252260554,all,sinArtefactosConservador,random_oversampling,SMO_SVM,pull,0.1795,0.1667,39,False
252260554,all,sinArtefactosConservador,random_oversampling,SMO_SVM,push,0.7325,0.7718,157,False
252260554,all,sinArtefactosConservador,random_oversampling,SMO_SVM,right,0.1176,0.2105,34,True
252260554,all,sinArtefactosConservador,random_oversampling,RandomForest,left,0.8907,0.7653,183,False
252260554,all,sinArtefactosConservador,random_oversampling,RandomForest,pull,0.1795,0.25,39,False
252260554,all,sinArtefactosConservador,random_oversampling,RandomForest,push,0.7898,0.7337,157,False
252260554,all,sinArtefactosConservador,random_oversampling,RandomForest,right,0.0294,0.3333,34,True
252260554,all,sinArtefactosConservador,random_oversampling,MLP,left,0.8306,0.7917,183,False
252260554,all,sinArtefactosConservador,random_oversampling,MLP,pull,0.1282,0.1136,39,False
252260554,all,sinArtefactosConservador,random_oversampling,MLP,push,0.6879,0.7448,157,False
252260554,all,sinArtefactosConservador,random_oversampling,MLP,right,0.1176,0.125,34,True
252260554,all,sinArtefactosConservador,random_oversampling,IBk_kNN,left,0.7322,0.7929,183,False
252260554,all,sinArtefactosConservador,random_oversampling,IBk_kNN,pull,0.1538,0.0896,39,False
252260554,all,sinArtefactosConservador,random_oversampling,IBk_kNN,push,0.586,0.6479,157,False
252260554,all,sinArtefactosConservador,random_oversampling,IBk_kNN,right,0.2059,0.2,34,True
252260554,all,sinArtefactosConservador,random_oversampling,RBFNetwork_aprox,left,0.9235,0.7578,183,False
252260554,all,sinArtefactosConservador,random_oversampling,RBFNetwork_aprox,pull,0.0769,0.1364,39,False
252260554,all,sinArtefactosConservador,random_oversampling,RBFNetwork_aprox,push,0.7707,0.7857,157,False
252260554,all,sinArtefactosConservador,random_oversampling,RBFNetwork_aprox,right,0.0882,0.2143,34,True
252260554,all,sinArtefactosConservador,class_weight_balanced,SMO_SVM,left,0.9016,0.8049,183,False
252260554,all,sinArtefactosConservador,class_weight_balanced,SMO_SVM,pull,0.1795,0.2,39,False
252260554,all,sinArtefactosConservador,class_weight_balanced,SMO_SVM,push,0.7516,0.7763,157,False
252260554,all,sinArtefactosConservador,class_weight_balanced,SMO_SVM,right,0.1176,0.1905,34,True
252260554,all,sinArtefactosConservador,class_weight_balanced,RandomForest,left,0.8962,0.6891,183,False
252260554,all,sinArtefactosConservador,class_weight_balanced,RandomForest,pull,0.0256,0.0769,39,False
252260554,all,sinArtefactosConservador,class_weight_balanced,RandomForest,push,0.7197,0.6975,157,False
252260554,all,sinArtefactosConservador,class_weight_balanced,RandomForest,right,0.0,0.0,34,True
252260554,all,sinArtefactosConservador,class_weight_balanced,RBFNetwork_aprox,left,0.8962,0.7664,183,False
252260554,all,sinArtefactosConservador,class_weight_balanced,RBFNetwork_aprox,pull,0.1026,0.1379,39,False
252260554,all,sinArtefactosConservador,class_weight_balanced,RBFNetwork_aprox,push,0.758,0.7727,157,False
252260554,all,sinArtefactosConservador,class_weight_balanced,RBFNetwork_aprox,right,0.0882,0.1875,34,True
252260554,all,sinArtefactosConservador,smote,SMO_SVM,left,0.9071,0.8098,183,False
252260554,all,sinArtefactosConservador,smote,SMO_SVM,pull,0.1795,0.1628,39,False
252260554,all,sinArtefactosConservador,smote,SMO_SVM,push,0.7197,0.7687,157,False
252260554,all,sinArtefactosConservador,smote,SMO_SVM,right,0.1176,0.2222,34,True
252260554,all,sinArtefactosConservador,smote,RandomForest,left,0.8689,0.7465,183,False
252260554,all,sinArtefactosConservador,smote,RandomForest,pull,0.1795,0.1944,39,False
252260554,all,sinArtefactosConservador,smote,RandomForest,push,0.7261,0.7355,157,False
252260554,all,sinArtefactosConservador,smote,RandomForest,right,0.0588,0.2222,34,True
252260554,all,sinArtefactosConservador,smote,MLP,left,0.8306,0.8085,183,False
252260554,all,sinArtefactosConservador,smote,MLP,pull,0.1538,0.1304,39,False
252260554,all,sinArtefactosConservador,smote,MLP,push,0.707,0.7551,157,False
252260554,all,sinArtefactosConservador,smote,MLP,right,0.1176,0.125,34,True
252260554,all,sinArtefactosConservador,smote,IBk_kNN,left,0.5847,0.8295,183,False
252260554,all,sinArtefactosConservador,smote,IBk_kNN,pull,0.3333,0.1354,39,False
252260554,all,sinArtefactosConservador,smote,IBk_kNN,push,0.535,0.7119,157,False
252260554,all,sinArtefactosConservador,smote,IBk_kNN,right,0.3529,0.1714,34,True
252260554,all,sinArtefactosConservador,smote,RBFNetwork_aprox,left,0.918,0.7273,183,False
252260554,all,sinArtefactosConservador,smote,RBFNetwork_aprox,pull,0.0769,0.1875,39,False
252260554,all,sinArtefactosConservador,smote,RBFNetwork_aprox,push,0.7516,0.7815,157,False
252260554,all,sinArtefactosConservador,smote,RBFNetwork_aprox,right,0.0882,0.2,34,True
252260554,all,sinArtefactosConservador,smote_tomek,SMO_SVM,left,0.9071,0.8098,183,False
252260554,all,sinArtefactosConservador,smote_tomek,SMO_SVM,pull,0.1795,0.1628,39,False
252260554,all,sinArtefactosConservador,smote_tomek,SMO_SVM,push,0.7197,0.7687,157,False
252260554,all,sinArtefactosConservador,smote_tomek,SMO_SVM,right,0.1176,0.2222,34,True
252260554,all,sinArtefactosConservador,smote_tomek,RandomForest,left,0.8579,0.7811,183,False
252260554,all,sinArtefactosConservador,smote_tomek,RandomForest,pull,0.1795,0.2059,39,False
252260554,all,sinArtefactosConservador,smote_tomek,RandomForest,push,0.7898,0.747,157,False
252260554,all,sinArtefactosConservador,smote_tomek,RandomForest,right,0.0588,0.1667,34,True
252260554,all,sinArtefactosConservador,smote_tomek,MLP,left,0.8361,0.8138,183,False
252260554,all,sinArtefactosConservador,smote_tomek,MLP,pull,0.1538,0.1277,39,False
252260554,all,sinArtefactosConservador,smote_tomek,MLP,push,0.707,0.7551,157,False
252260554,all,sinArtefactosConservador,smote_tomek,MLP,right,0.1176,0.129,34,True
252260554,all,sinArtefactosConservador,smote_tomek,IBk_kNN,left,0.5847,0.8295,183,False
252260554,all,sinArtefactosConservador,smote_tomek,IBk_kNN,pull,0.3333,0.1354,39,False
252260554,all,sinArtefactosConservador,smote_tomek,IBk_kNN,push,0.535,0.7119,157,False
252260554,all,sinArtefactosConservador,smote_tomek,IBk_kNN,right,0.3529,0.1714,34,True
252260554,all,sinArtefactosConservador,smote_tomek,RBFNetwork_aprox,left,0.918,0.7273,183,False
252260554,all,sinArtefactosConservador,smote_tomek,RBFNetwork_aprox,pull,0.0769,0.1875,39,False
252260554,all,sinArtefactosConservador,smote_tomek,RBFNetwork_aprox,push,0.7516,0.7815,157,False
252260554,all,sinArtefactosConservador,smote_tomek,RBFNetwork_aprox,right,0.0882,0.2,34,True
252260554,all,sinArtefactosConservador,random_undersampling_controlado,SMO_SVM,left,0.6557,0.7742,183,False
252260554,all,sinArtefactosConservador,random_undersampling_controlado,SMO_SVM,pull,0.2821,0.1375,39,False
252260554,all,sinArtefactosConservador,random_undersampling_controlado,SMO_SVM,push,0.6879,0.766,157,False
252260554,all,sinArtefactosConservador,random_undersampling_controlado,SMO_SVM,right,0.1176,0.1081,34,True
252260554,all,sinArtefactosConservador,random_undersampling_controlado,RandomForest,left,0.6776,0.7654,183,False
252260554,all,sinArtefactosConservador,random_undersampling_controlado,RandomForest,pull,0.1282,0.0746,39,False
252260554,all,sinArtefactosConservador,random_undersampling_controlado,RandomForest,push,0.6879,0.7826,157,False
252260554,all,sinArtefactosConservador,random_undersampling_controlado,RandomForest,right,0.1765,0.1304,34,True
252260554,all,sinArtefactosConservador,random_undersampling_controlado,MLP,left,0.5683,0.8387,183,False
252260554,all,sinArtefactosConservador,random_undersampling_controlado,MLP,pull,0.2564,0.099,39,False
252260554,all,sinArtefactosConservador,random_undersampling_controlado,MLP,push,0.6561,0.7103,157,False
252260554,all,sinArtefactosConservador,random_undersampling_controlado,MLP,right,0.2353,0.186,34,True
252260554,all,sinArtefactosConservador,random_undersampling_controlado,IBk_kNN,left,0.4098,0.6757,183,False
252260554,all,sinArtefactosConservador,random_undersampling_controlado,IBk_kNN,pull,0.2821,0.1028,39,False
252260554,all,sinArtefactosConservador,random_undersampling_controlado,IBk_kNN,push,0.4841,0.6129,157,False
252260554,all,sinArtefactosConservador,random_undersampling_controlado,IBk_kNN,right,0.3824,0.1831,34,True
252260554,all,sinArtefactosConservador,random_undersampling_controlado,RBFNetwork_aprox,left,0.7213,0.7586,183,False
252260554,all,sinArtefactosConservador,random_undersampling_controlado,RBFNetwork_aprox,pull,0.1026,0.0769,39,False
252260554,all,sinArtefactosConservador,random_undersampling_controlado,RBFNetwork_aprox,push,0.7389,0.6864,157,False
252260554,all,sinArtefactosConservador,random_undersampling_controlado,RBFNetwork_aprox,right,0.0588,0.1111,34,True
252260556,all,noOutliers,sin_balanceo,SMO_SVM,left,0.6364,0.6212,286,False
252260556,all,noOutliers,sin_balanceo,SMO_SVM,pull,0.7128,0.7256,282,False
252260556,all,noOutliers,sin_balanceo,SMO_SVM,push,0.4581,0.5035,155,False
252260556,all,noOutliers,sin_balanceo,SMO_SVM,right,0.3707,0.3359,116,True
252260556,all,noOutliers,sin_balanceo,RandomForest,left,0.7972,0.6628,286,False
252260556,all,noOutliers,sin_balanceo,RandomForest,pull,0.8582,0.6253,282,False
252260556,all,noOutliers,sin_balanceo,RandomForest,push,0.3032,0.662,155,False
252260556,all,noOutliers,sin_balanceo,RandomForest,right,0.1724,0.5405,116,True
252260556,all,noOutliers,sin_balanceo,MLP,left,0.7168,0.7593,286,False
252260556,all,noOutliers,sin_balanceo,MLP,pull,0.766,0.6945,282,False
252260556,all,noOutliers,sin_balanceo,MLP,push,0.5677,0.5828,155,False
252260556,all,noOutliers,sin_balanceo,MLP,right,0.4397,0.4766,116,True
252260556,all,noOutliers,sin_balanceo,IBk_kNN,left,0.5769,0.5851,286,False
252260556,all,noOutliers,sin_balanceo,IBk_kNN,pull,0.617,0.6192,282,False
252260556,all,noOutliers,sin_balanceo,IBk_kNN,push,0.4903,0.5101,155,False
252260556,all,noOutliers,sin_balanceo,IBk_kNN,right,0.3879,0.3543,116,True
252260556,all,noOutliers,sin_balanceo,RBFNetwork_aprox,left,0.7238,0.6923,286,False
252260556,all,noOutliers,sin_balanceo,RBFNetwork_aprox,pull,0.8156,0.6425,282,False
252260556,all,noOutliers,sin_balanceo,RBFNetwork_aprox,push,0.4645,0.6316,155,False
252260556,all,noOutliers,sin_balanceo,RBFNetwork_aprox,right,0.3017,0.5147,116,True
252260556,all,noOutliers,random_oversampling,SMO_SVM,left,0.6434,0.6301,286,False
252260556,all,noOutliers,random_oversampling,SMO_SVM,pull,0.6809,0.7111,282,False
252260556,all,noOutliers,random_oversampling,SMO_SVM,push,0.4581,0.4702,155,False
252260556,all,noOutliers,random_oversampling,SMO_SVM,right,0.3793,0.3492,116,True
252260556,all,noOutliers,random_oversampling,RandomForest,left,0.7587,0.6616,286,False
252260556,all,noOutliers,random_oversampling,RandomForest,pull,0.8582,0.6488,282,False
252260556,all,noOutliers,random_oversampling,RandomForest,push,0.3742,0.6591,155,False
252260556,all,noOutliers,random_oversampling,RandomForest,right,0.1897,0.44,116,True
252260556,all,noOutliers,random_oversampling,MLP,left,0.6993,0.7605,286,False
252260556,all,noOutliers,random_oversampling,MLP,pull,0.7553,0.7076,282,False
252260556,all,noOutliers,random_oversampling,MLP,push,0.5742,0.5633,155,False
252260556,all,noOutliers,random_oversampling,MLP,right,0.4483,0.4444,116,True
252260556,all,noOutliers,random_oversampling,IBk_kNN,left,0.5769,0.5851,286,False
252260556,all,noOutliers,random_oversampling,IBk_kNN,pull,0.6241,0.6175,282,False
252260556,all,noOutliers,random_oversampling,IBk_kNN,push,0.4903,0.5241,155,False
252260556,all,noOutliers,random_oversampling,IBk_kNN,right,0.3793,0.3465,116,True
252260556,all,noOutliers,random_oversampling,RBFNetwork_aprox,left,0.7168,0.7244,286,False
252260556,all,noOutliers,random_oversampling,RBFNetwork_aprox,pull,0.7908,0.6637,282,False
252260556,all,noOutliers,random_oversampling,RBFNetwork_aprox,push,0.5161,0.6202,155,False
252260556,all,noOutliers,random_oversampling,RBFNetwork_aprox,right,0.4397,0.5604,116,True
252260556,all,noOutliers,class_weight_balanced,SMO_SVM,left,0.6294,0.625,286,False
252260556,all,noOutliers,class_weight_balanced,SMO_SVM,pull,0.6844,0.7175,282,False
252260556,all,noOutliers,class_weight_balanced,SMO_SVM,push,0.471,0.4867,155,False
252260556,all,noOutliers,class_weight_balanced,SMO_SVM,right,0.3879,0.3409,116,True
252260556,all,noOutliers,class_weight_balanced,RandomForest,left,0.8182,0.6686,286,False
252260556,all,noOutliers,class_weight_balanced,RandomForest,pull,0.8404,0.6253,282,False
252260556,all,noOutliers,class_weight_balanced,RandomForest,push,0.2839,0.7097,155,False
252260556,all,noOutliers,class_weight_balanced,RandomForest,right,0.181,0.4375,116,True
252260556,all,noOutliers,class_weight_balanced,RBFNetwork_aprox,left,0.7133,0.7365,286,False
252260556,all,noOutliers,class_weight_balanced,RBFNetwork_aprox,pull,0.7801,0.6528,282,False
252260556,all,noOutliers,class_weight_balanced,RBFNetwork_aprox,push,0.5226,0.6378,155,False
252260556,all,noOutliers,class_weight_balanced,RBFNetwork_aprox,right,0.4828,0.5714,116,True
252260556,all,noOutliers,smote,SMO_SVM,left,0.6503,0.6348,286,False
252260556,all,noOutliers,smote,SMO_SVM,pull,0.6986,0.7296,282,False
252260556,all,noOutliers,smote,SMO_SVM,push,0.4839,0.5,155,False
252260556,all,noOutliers,smote,SMO_SVM,right,0.3707,0.3413,116,True
252260556,all,noOutliers,smote,RandomForest,left,0.7517,0.6825,286,False
252260556,all,noOutliers,smote,RandomForest,pull,0.844,0.6398,282,False
252260556,all,noOutliers,smote,RandomForest,push,0.3806,0.6146,155,False
252260556,all,noOutliers,smote,RandomForest,right,0.1724,0.3571,116,True
252260556,all,noOutliers,smote,MLP,left,0.7063,0.7537,286,False
252260556,all,noOutliers,smote,MLP,pull,0.7695,0.7138,282,False
252260556,all,noOutliers,smote,MLP,push,0.5806,0.596,155,False
252260556,all,noOutliers,smote,MLP,right,0.4397,0.4397,116,True
252260556,all,noOutliers,smote,IBk_kNN,left,0.493,0.6157,286,False
252260556,all,noOutliers,smote,IBk_kNN,pull,0.5993,0.6733,282,False
252260556,all,noOutliers,smote,IBk_kNN,push,0.6194,0.5217,155,False
252260556,all,noOutliers,smote,IBk_kNN,right,0.4828,0.32,116,True
252260556,all,noOutliers,smote,RBFNetwork_aprox,left,0.7133,0.7286,286,False
252260556,all,noOutliers,smote,RBFNetwork_aprox,pull,0.8121,0.6599,282,False
252260556,all,noOutliers,smote,RBFNetwork_aprox,push,0.5097,0.6583,155,False
252260556,all,noOutliers,smote,RBFNetwork_aprox,right,0.431,0.5435,116,True
252260556,all,noOutliers,smote_tomek,SMO_SVM,left,0.6503,0.6305,286,False
252260556,all,noOutliers,smote_tomek,SMO_SVM,pull,0.6915,0.7222,282,False
252260556,all,noOutliers,smote_tomek,SMO_SVM,push,0.4774,0.4901,155,False
252260556,all,noOutliers,smote_tomek,SMO_SVM,right,0.3534,0.3333,116,True
252260556,all,noOutliers,smote_tomek,RandomForest,left,0.7517,0.6782,286,False
252260556,all,noOutliers,smote_tomek,RandomForest,pull,0.8582,0.6505,282,False
252260556,all,noOutliers,smote_tomek,RandomForest,push,0.3742,0.7073,155,False
252260556,all,noOutliers,smote_tomek,RandomForest,right,0.1897,0.3235,116,True
252260556,all,noOutliers,smote_tomek,MLP,left,0.6888,0.7577,286,False
252260556,all,noOutliers,smote_tomek,MLP,pull,0.7589,0.711,282,False
252260556,all,noOutliers,smote_tomek,MLP,push,0.5871,0.5871,155,False
252260556,all,noOutliers,smote_tomek,MLP,right,0.4397,0.4146,116,True
252260556,all,noOutliers,smote_tomek,IBk_kNN,left,0.493,0.6184,286,False
252260556,all,noOutliers,smote_tomek,IBk_kNN,pull,0.5993,0.6733,282,False
252260556,all,noOutliers,smote_tomek,IBk_kNN,push,0.6194,0.5189,155,False
252260556,all,noOutliers,smote_tomek,IBk_kNN,right,0.4828,0.32,116,True
252260556,all,noOutliers,smote_tomek,RBFNetwork_aprox,left,0.7133,0.7312,286,False
252260556,all,noOutliers,smote_tomek,RBFNetwork_aprox,pull,0.8121,0.6599,282,False
252260556,all,noOutliers,smote_tomek,RBFNetwork_aprox,push,0.5097,0.6583,155,False
252260556,all,noOutliers,smote_tomek,RBFNetwork_aprox,right,0.4397,0.5484,116,True
252260556,all,noOutliers,random_undersampling_controlado,SMO_SVM,left,0.6538,0.6339,286,False
252260556,all,noOutliers,random_undersampling_controlado,SMO_SVM,pull,0.7092,0.7246,282,False
252260556,all,noOutliers,random_undersampling_controlado,SMO_SVM,push,0.4645,0.4966,155,False
252260556,all,noOutliers,random_undersampling_controlado,SMO_SVM,right,0.3793,0.3577,116,True
252260556,all,noOutliers,random_undersampling_controlado,RandomForest,left,0.7727,0.6677,286,False
252260556,all,noOutliers,random_undersampling_controlado,RandomForest,pull,0.8475,0.6442,282,False
252260556,all,noOutliers,random_undersampling_controlado,RandomForest,push,0.3226,0.5556,155,False
252260556,all,noOutliers,random_undersampling_controlado,RandomForest,right,0.1724,0.4255,116,True
252260556,all,noOutliers,random_undersampling_controlado,MLP,left,0.7098,0.7632,286,False
252260556,all,noOutliers,random_undersampling_controlado,MLP,pull,0.7589,0.6948,282,False
252260556,all,noOutliers,random_undersampling_controlado,MLP,push,0.5806,0.5732,155,False
252260556,all,noOutliers,random_undersampling_controlado,MLP,right,0.431,0.463,116,True
252260556,all,noOutliers,random_undersampling_controlado,IBk_kNN,left,0.5629,0.5876,286,False
252260556,all,noOutliers,random_undersampling_controlado,IBk_kNN,pull,0.6028,0.6071,282,False
252260556,all,noOutliers,random_undersampling_controlado,IBk_kNN,push,0.4968,0.5066,155,False
252260556,all,noOutliers,random_undersampling_controlado,IBk_kNN,right,0.4138,0.3609,116,True
252260556,all,noOutliers,random_undersampling_controlado,RBFNetwork_aprox,left,0.7168,0.7021,286,False
252260556,all,noOutliers,random_undersampling_controlado,RBFNetwork_aprox,pull,0.8085,0.6477,282,False
252260556,all,noOutliers,random_undersampling_controlado,RBFNetwork_aprox,push,0.4774,0.6271,155,False
252260556,all,noOutliers,random_undersampling_controlado,RBFNetwork_aprox,right,0.3534,0.5325,116,True
252260556,all,sinArtefactosConservador,sin_balanceo,SMO_SVM,left,0.6849,0.6417,238,False
252260556,all,sinArtefactosConservador,sin_balanceo,SMO_SVM,pull,0.7083,0.7116,216,False
252260556,all,sinArtefactosConservador,sin_balanceo,SMO_SVM,push,0.5203,0.5565,123,False
252260556,all,sinArtefactosConservador,sin_balanceo,SMO_SVM,right,0.3469,0.3736,98,True
252260556,all,sinArtefactosConservador,sin_balanceo,RandomForest,left,0.8067,0.6713,238,False
252260556,all,sinArtefactosConservador,sin_balanceo,RandomForest,pull,0.8565,0.6379,216,False
252260556,all,sinArtefactosConservador,sin_balanceo,RandomForest,push,0.3496,0.5244,123,False
252260556,all,sinArtefactosConservador,sin_balanceo,RandomForest,right,0.0918,0.5294,98,True
252260556,all,sinArtefactosConservador,sin_balanceo,MLP,left,0.7311,0.7131,238,False
252260556,all,sinArtefactosConservador,sin_balanceo,MLP,pull,0.8287,0.7247,216,False
252260556,all,sinArtefactosConservador,sin_balanceo,MLP,push,0.5691,0.6931,123,False
252260556,all,sinArtefactosConservador,sin_balanceo,MLP,right,0.3878,0.4578,98,True
252260556,all,sinArtefactosConservador,sin_balanceo,IBk_kNN,left,0.6597,0.6133,238,False
252260556,all,sinArtefactosConservador,sin_balanceo,IBk_kNN,pull,0.6435,0.6588,216,False
252260556,all,sinArtefactosConservador,sin_balanceo,IBk_kNN,push,0.5447,0.5537,123,False
252260556,all,sinArtefactosConservador,sin_balanceo,IBk_kNN,right,0.3061,0.3448,98,True
252260556,all,sinArtefactosConservador,sin_balanceo,RBFNetwork_aprox,left,0.8361,0.721,238,False
252260556,all,sinArtefactosConservador,sin_balanceo,RBFNetwork_aprox,pull,0.8704,0.6738,216,False
252260556,all,sinArtefactosConservador,sin_balanceo,RBFNetwork_aprox,push,0.4715,0.6988,123,False
252260556,all,sinArtefactosConservador,sin_balanceo,RBFNetwork_aprox,right,0.2653,0.7027,98,True
252260556,all,sinArtefactosConservador,random_oversampling,SMO_SVM,left,0.6933,0.6395,238,False
252260556,all,sinArtefactosConservador,random_oversampling,SMO_SVM,pull,0.713,0.7163,216,False
252260556,all,sinArtefactosConservador,random_oversampling,SMO_SVM,push,0.5203,0.5424,123,False
252260556,all,sinArtefactosConservador,random_oversampling,SMO_SVM,right,0.3163,0.369,98,True
252260556,all,sinArtefactosConservador,random_oversampling,RandomForest,left,0.8109,0.6796,238,False
252260556,all,sinArtefactosConservador,random_oversampling,RandomForest,pull,0.8935,0.707,216,False
252260556,all,sinArtefactosConservador,random_oversampling,RandomForest,push,0.3496,0.6056,123,False
252260556,all,sinArtefactosConservador,random_oversampling,RandomForest,right,0.1633,0.3404,98,True
252260556,all,sinArtefactosConservador,random_oversampling,MLP,left,0.7227,0.7107,238,False
252260556,all,sinArtefactosConservador,random_oversampling,MLP,pull,0.8194,0.7195,216,False
252260556,all,sinArtefactosConservador,random_oversampling,MLP,push,0.5691,0.6863,123,False
252260556,all,sinArtefactosConservador,random_oversampling,MLP,right,0.3776,0.4353,98,True
252260556,all,sinArtefactosConservador,random_oversampling,IBk_kNN,left,0.6681,0.6163,238,False
252260556,all,sinArtefactosConservador,random_oversampling,IBk_kNN,pull,0.6435,0.6683,216,False
252260556,all,sinArtefactosConservador,random_oversampling,IBk_kNN,push,0.5447,0.5447,123,False
252260556,all,sinArtefactosConservador,random_oversampling,IBk_kNN,right,0.2959,0.3372,98,True
252260556,all,sinArtefactosConservador,random_oversampling,RBFNetwork_aprox,left,0.7857,0.7305,238,False
252260556,all,sinArtefactosConservador,random_oversampling,RBFNetwork_aprox,pull,0.8657,0.6926,216,False
252260556,all,sinArtefactosConservador,random_oversampling,RBFNetwork_aprox,push,0.5203,0.7033,123,False
252260556,all,sinArtefactosConservador,random_oversampling,RBFNetwork_aprox,right,0.3469,0.5862,98,True
252260556,all,sinArtefactosConservador,class_weight_balanced,SMO_SVM,left,0.6975,0.6385,238,False
252260556,all,sinArtefactosConservador,class_weight_balanced,SMO_SVM,pull,0.7037,0.7103,216,False
252260556,all,sinArtefactosConservador,class_weight_balanced,SMO_SVM,push,0.5203,0.5517,123,False
252260556,all,sinArtefactosConservador,class_weight_balanced,SMO_SVM,right,0.3163,0.3647,98,True
252260556,all,sinArtefactosConservador,class_weight_balanced,RandomForest,left,0.8361,0.6358,238,False
252260556,all,sinArtefactosConservador,class_weight_balanced,RandomForest,pull,0.8611,0.6966,216,False
252260556,all,sinArtefactosConservador,class_weight_balanced,RandomForest,push,0.3659,0.5921,123,False
252260556,all,sinArtefactosConservador,class_weight_balanced,RandomForest,right,0.1224,0.6316,98,True
252260556,all,sinArtefactosConservador,class_weight_balanced,RBFNetwork_aprox,left,0.7857,0.748,238,False
252260556,all,sinArtefactosConservador,class_weight_balanced,RBFNetwork_aprox,pull,0.8611,0.6992,216,False
252260556,all,sinArtefactosConservador,class_weight_balanced,RBFNetwork_aprox,push,0.5528,0.6869,123,False
252260556,all,sinArtefactosConservador,class_weight_balanced,RBFNetwork_aprox,right,0.3673,0.6,98,True
252260556,all,sinArtefactosConservador,smote,SMO_SVM,left,0.6849,0.6342,238,False
252260556,all,sinArtefactosConservador,smote,SMO_SVM,pull,0.7083,0.7116,216,False
252260556,all,sinArtefactosConservador,smote,SMO_SVM,push,0.5203,0.5378,123,False
252260556,all,sinArtefactosConservador,smote,SMO_SVM,right,0.3163,0.369,98,True
252260556,all,sinArtefactosConservador,smote,RandomForest,left,0.8067,0.7007,238,False
252260556,all,sinArtefactosConservador,smote,RandomForest,pull,0.8611,0.7019,216,False
252260556,all,sinArtefactosConservador,smote,RandomForest,push,0.4634,0.6129,123,False
252260556,all,sinArtefactosConservador,smote,RandomForest,right,0.1939,0.4419,98,True
252260556,all,sinArtefactosConservador,smote,MLP,left,0.7017,0.7106,238,False
252260556,all,sinArtefactosConservador,smote,MLP,pull,0.8009,0.7119,216,False
252260556,all,sinArtefactosConservador,smote,MLP,push,0.5854,0.6486,123,False
252260556,all,sinArtefactosConservador,smote,MLP,right,0.3776,0.4302,98,True
252260556,all,sinArtefactosConservador,smote,IBk_kNN,left,0.5966,0.703,238,False
252260556,all,sinArtefactosConservador,smote,IBk_kNN,pull,0.5926,0.7072,216,False
252260556,all,sinArtefactosConservador,smote,IBk_kNN,push,0.6992,0.5181,123,False
252260556,all,sinArtefactosConservador,smote,IBk_kNN,right,0.4286,0.3333,98,True
252260556,all,sinArtefactosConservador,smote,RBFNetwork_aprox,left,0.7731,0.7188,238,False
252260556,all,sinArtefactosConservador,smote,RBFNetwork_aprox,pull,0.8657,0.69,216,False
252260556,all,sinArtefactosConservador,smote,RBFNetwork_aprox,push,0.5203,0.7033,123,False
252260556,all,sinArtefactosConservador,smote,RBFNetwork_aprox,right,0.2959,0.5088,98,True
252260556,all,sinArtefactosConservador,smote_tomek,SMO_SVM,left,0.6849,0.6342,238,False
252260556,all,sinArtefactosConservador,smote_tomek,SMO_SVM,pull,0.7083,0.7116,216,False
252260556,all,sinArtefactosConservador,smote_tomek,SMO_SVM,push,0.5203,0.5378,123,False
252260556,all,sinArtefactosConservador,smote_tomek,SMO_SVM,right,0.3163,0.369,98,True
252260556,all,sinArtefactosConservador,smote_tomek,RandomForest,left,0.7563,0.687,238,False
252260556,all,sinArtefactosConservador,smote_tomek,RandomForest,pull,0.8194,0.7024,216,False
252260556,all,sinArtefactosConservador,smote_tomek,RandomForest,push,0.5366,0.6111,123,False
252260556,all,sinArtefactosConservador,smote_tomek,RandomForest,right,0.2551,0.4717,98,True
252260556,all,sinArtefactosConservador,smote_tomek,MLP,left,0.7017,0.7076,238,False
252260556,all,sinArtefactosConservador,smote_tomek,MLP,pull,0.7963,0.7107,216,False
252260556,all,sinArtefactosConservador,smote_tomek,MLP,push,0.5854,0.6429,123,False
252260556,all,sinArtefactosConservador,smote_tomek,MLP,right,0.3776,0.4353,98,True
252260556,all,sinArtefactosConservador,smote_tomek,IBk_kNN,left,0.5966,0.6995,238,False
252260556,all,sinArtefactosConservador,smote_tomek,IBk_kNN,pull,0.588,0.7095,216,False
252260556,all,sinArtefactosConservador,smote_tomek,IBk_kNN,push,0.6992,0.5181,123,False
252260556,all,sinArtefactosConservador,smote_tomek,IBk_kNN,right,0.4286,0.3307,98,True
252260556,all,sinArtefactosConservador,smote_tomek,RBFNetwork_aprox,left,0.7689,0.7176,238,False
252260556,all,sinArtefactosConservador,smote_tomek,RBFNetwork_aprox,pull,0.8657,0.69,216,False
252260556,all,sinArtefactosConservador,smote_tomek,RBFNetwork_aprox,push,0.5203,0.7033,123,False
252260556,all,sinArtefactosConservador,smote_tomek,RBFNetwork_aprox,right,0.2959,0.5,98,True
252260556,all,sinArtefactosConservador,random_undersampling_controlado,SMO_SVM,left,0.6765,0.6518,238,False
252260556,all,sinArtefactosConservador,random_undersampling_controlado,SMO_SVM,pull,0.7037,0.7136,216,False
252260556,all,sinArtefactosConservador,random_undersampling_controlado,SMO_SVM,push,0.5203,0.512,123,False
252260556,all,sinArtefactosConservador,random_undersampling_controlado,SMO_SVM,right,0.3367,0.3667,98,True
252260556,all,sinArtefactosConservador,random_undersampling_controlado,RandomForest,left,0.8235,0.6735,238,False
252260556,all,sinArtefactosConservador,random_undersampling_controlado,RandomForest,pull,0.8102,0.6458,216,False
252260556,all,sinArtefactosConservador,random_undersampling_controlado,RandomForest,push,0.4065,0.5682,123,False
252260556,all,sinArtefactosConservador,random_undersampling_controlado,RandomForest,right,0.1633,0.64,98,True
252260556,all,sinArtefactosConservador,random_undersampling_controlado,MLP,left,0.7101,0.7191,238,False
252260556,all,sinArtefactosConservador,random_undersampling_controlado,MLP,pull,0.8333,0.72,216,False
252260556,all,sinArtefactosConservador,random_undersampling_controlado,MLP,push,0.5691,0.6422,123,False
252260556,all,sinArtefactosConservador,random_undersampling_controlado,MLP,right,0.3878,0.4691,98,True
252260556,all,sinArtefactosConservador,random_undersampling_controlado,IBk_kNN,left,0.6134,0.6033,238,False
252260556,all,sinArtefactosConservador,random_undersampling_controlado,IBk_kNN,pull,0.6481,0.6481,216,False
252260556,all,sinArtefactosConservador,random_undersampling_controlado,IBk_kNN,push,0.5447,0.5492,123,False
252260556,all,sinArtefactosConservador,random_undersampling_controlado,IBk_kNN,right,0.3265,0.3368,98,True
252260556,all,sinArtefactosConservador,random_undersampling_controlado,RBFNetwork_aprox,left,0.8067,0.7218,238,False
252260556,all,sinArtefactosConservador,random_undersampling_controlado,RBFNetwork_aprox,pull,0.8796,0.6738,216,False
252260556,all,sinArtefactosConservador,random_undersampling_controlado,RBFNetwork_aprox,push,0.4797,0.6941,123,False
252260556,all,sinArtefactosConservador,random_undersampling_controlado,RBFNetwork_aprox,right,0.2653,0.619,98,True
252260556,all,sinArtefactosEstricto,sin_balanceo,SMO_SVM,left,0.7517,0.6022,149,False
252260556,all,sinArtefactosEstricto,sin_balanceo,SMO_SVM,pull,0.7315,0.7622,149,False
252260556,all,sinArtefactosEstricto,sin_balanceo,SMO_SVM,push,0.5055,0.5897,91,False
252260556,all,sinArtefactosEstricto,sin_balanceo,SMO_SVM,right,0.1746,0.2444,63,True
252260556,all,sinArtefactosEstricto,sin_balanceo,RandomForest,left,0.7785,0.5714,149,False
252260556,all,sinArtefactosEstricto,sin_balanceo,RandomForest,pull,0.8523,0.6978,149,False
252260556,all,sinArtefactosEstricto,sin_balanceo,RandomForest,push,0.4066,0.6379,91,False
252260556,all,sinArtefactosEstricto,sin_balanceo,RandomForest,right,0.0476,0.3333,63,True
252260556,all,sinArtefactosEstricto,sin_balanceo,MLP,left,0.7248,0.6626,149,False
252260556,all,sinArtefactosEstricto,sin_balanceo,MLP,pull,0.7248,0.6506,149,False
252260556,all,sinArtefactosEstricto,sin_balanceo,MLP,push,0.4945,0.4891,91,False
252260556,all,sinArtefactosEstricto,sin_balanceo,MLP,right,0.2698,0.5484,63,True
252260556,all,sinArtefactosEstricto,sin_balanceo,IBk_kNN,left,0.6107,0.5796,149,False
252260556,all,sinArtefactosEstricto,sin_balanceo,IBk_kNN,pull,0.5302,0.5563,149,False
252260556,all,sinArtefactosEstricto,sin_balanceo,IBk_kNN,push,0.5165,0.4563,91,False
252260556,all,sinArtefactosEstricto,sin_balanceo,IBk_kNN,right,0.2222,0.28,63,True
252260556,all,sinArtefactosEstricto,sin_balanceo,RBFNetwork_aprox,left,0.8121,0.6576,149,False
252260556,all,sinArtefactosEstricto,sin_balanceo,RBFNetwork_aprox,pull,0.8121,0.6648,149,False
252260556,all,sinArtefactosEstricto,sin_balanceo,RBFNetwork_aprox,push,0.5824,0.6974,91,False
252260556,all,sinArtefactosEstricto,sin_balanceo,RBFNetwork_aprox,right,0.1111,0.7,63,True
252260556,all,sinArtefactosEstricto,random_oversampling,SMO_SVM,left,0.745,0.6033,149,False
252260556,all,sinArtefactosEstricto,random_oversampling,SMO_SVM,pull,0.7383,0.7639,149,False
252260556,all,sinArtefactosEstricto,random_oversampling,SMO_SVM,push,0.5055,0.5974,91,False
252260556,all,sinArtefactosEstricto,random_oversampling,SMO_SVM,right,0.1905,0.2553,63,True
252260556,all,sinArtefactosEstricto,random_oversampling,RandomForest,left,0.7651,0.6096,149,False
252260556,all,sinArtefactosEstricto,random_oversampling,RandomForest,pull,0.8054,0.6742,149,False
252260556,all,sinArtefactosEstricto,random_oversampling,RandomForest,push,0.4066,0.5362,91,False
252260556,all,sinArtefactosEstricto,random_oversampling,RandomForest,right,0.1111,0.3889,63,True
252260556,all,sinArtefactosEstricto,random_oversampling,MLP,left,0.7047,0.6604,149,False
252260556,all,sinArtefactosEstricto,random_oversampling,MLP,pull,0.7047,0.6731,149,False
252260556,all,sinArtefactosEstricto,random_oversampling,MLP,push,0.4945,0.4412,91,False
252260556,all,sinArtefactosEstricto,random_oversampling,MLP,right,0.2698,0.4857,63,True
252260556,all,sinArtefactosEstricto,random_oversampling,IBk_kNN,left,0.5973,0.5933,149,False
252260556,all,sinArtefactosEstricto,random_oversampling,IBk_kNN,pull,0.5436,0.5625,149,False
252260556,all,sinArtefactosEstricto,random_oversampling,IBk_kNN,push,0.5165,0.4563,91,False
252260556,all,sinArtefactosEstricto,random_oversampling,IBk_kNN,right,0.254,0.2909,63,True
252260556,all,sinArtefactosEstricto,random_oversampling,RBFNetwork_aprox,left,0.7987,0.6648,149,False
252260556,all,sinArtefactosEstricto,random_oversampling,RBFNetwork_aprox,pull,0.7987,0.6611,149,False
252260556,all,sinArtefactosEstricto,random_oversampling,RBFNetwork_aprox,push,0.5934,0.6835,91,False
252260556,all,sinArtefactosEstricto,random_oversampling,RBFNetwork_aprox,right,0.1587,0.7143,63,True
252260556,all,sinArtefactosEstricto,class_weight_balanced,SMO_SVM,left,0.7517,0.6022,149,False
252260556,all,sinArtefactosEstricto,class_weight_balanced,SMO_SVM,pull,0.7315,0.7622,149,False
252260556,all,sinArtefactosEstricto,class_weight_balanced,SMO_SVM,push,0.5055,0.5897,91,False
252260556,all,sinArtefactosEstricto,class_weight_balanced,SMO_SVM,right,0.1746,0.2444,63,True
252260556,all,sinArtefactosEstricto,class_weight_balanced,RandomForest,left,0.7852,0.5493,149,False
252260556,all,sinArtefactosEstricto,class_weight_balanced,RandomForest,pull,0.7852,0.6686,149,False
252260556,all,sinArtefactosEstricto,class_weight_balanced,RandomForest,push,0.3077,0.56,91,False
252260556,all,sinArtefactosEstricto,class_weight_balanced,RandomForest,right,0.0635,0.2857,63,True
252260556,all,sinArtefactosEstricto,class_weight_balanced,RBFNetwork_aprox,left,0.7919,0.6629,149,False
252260556,all,sinArtefactosEstricto,class_weight_balanced,RBFNetwork_aprox,pull,0.7785,0.6554,149,False
252260556,all,sinArtefactosEstricto,class_weight_balanced,RBFNetwork_aprox,push,0.5824,0.6709,91,False
252260556,all,sinArtefactosEstricto,class_weight_balanced,RBFNetwork_aprox,right,0.1746,0.6111,63,True
252260556,all,sinArtefactosEstricto,smote,SMO_SVM,left,0.745,0.6066,149,False
252260556,all,sinArtefactosEstricto,smote,SMO_SVM,pull,0.7315,0.7622,149,False
252260556,all,sinArtefactosEstricto,smote,SMO_SVM,push,0.5055,0.5897,91,False
252260556,all,sinArtefactosEstricto,smote,SMO_SVM,right,0.2063,0.2708,63,True
252260556,all,sinArtefactosEstricto,smote,RandomForest,left,0.7248,0.5967,149,False
252260556,all,sinArtefactosEstricto,smote,RandomForest,pull,0.7718,0.6845,149,False
252260556,all,sinArtefactosEstricto,smote,RandomForest,push,0.4505,0.5395,91,False
252260556,all,sinArtefactosEstricto,smote,RandomForest,right,0.0794,0.1852,63,True
252260556,all,sinArtefactosEstricto,smote,MLP,left,0.7114,0.6667,149,False
252260556,all,sinArtefactosEstricto,smote,MLP,pull,0.698,0.6667,149,False
252260556,all,sinArtefactosEstricto,smote,MLP,push,0.5055,0.451,91,False
252260556,all,sinArtefactosEstricto,smote,MLP,right,0.2857,0.5143,63,True
252260556,all,sinArtefactosEstricto,smote,IBk_kNN,left,0.5436,0.6532,149,False
252260556,all,sinArtefactosEstricto,smote,IBk_kNN,pull,0.5034,0.6098,149,False
252260556,all,sinArtefactosEstricto,smote,IBk_kNN,push,0.5824,0.4417,91,False
252260556,all,sinArtefactosEstricto,smote,IBk_kNN,right,0.381,0.2824,63,True
252260556,all,sinArtefactosEstricto,smote,RBFNetwork_aprox,left,0.8054,0.6667,149,False
252260556,all,sinArtefactosEstricto,smote,RBFNetwork_aprox,pull,0.7919,0.6556,149,False
252260556,all,sinArtefactosEstricto,smote,RBFNetwork_aprox,push,0.5824,0.6795,91,False
252260556,all,sinArtefactosEstricto,smote,RBFNetwork_aprox,right,0.1746,0.7857,63,True
252260556,all,sinArtefactosEstricto,smote_tomek,SMO_SVM,left,0.745,0.6066,149,False
252260556,all,sinArtefactosEstricto,smote_tomek,SMO_SVM,pull,0.7315,0.7622,149,False
252260556,all,sinArtefactosEstricto,smote_tomek,SMO_SVM,push,0.5055,0.5897,91,False
252260556,all,sinArtefactosEstricto,smote_tomek,SMO_SVM,right,0.2063,0.2708,63,True
252260556,all,sinArtefactosEstricto,smote_tomek,RandomForest,left,0.7248,0.5967,149,False
252260556,all,sinArtefactosEstricto,smote_tomek,RandomForest,pull,0.7718,0.6845,149,False
252260556,all,sinArtefactosEstricto,smote_tomek,RandomForest,push,0.4505,0.5395,91,False
252260556,all,sinArtefactosEstricto,smote_tomek,RandomForest,right,0.0794,0.1852,63,True
252260556,all,sinArtefactosEstricto,smote_tomek,MLP,left,0.7114,0.6667,149,False
252260556,all,sinArtefactosEstricto,smote_tomek,MLP,pull,0.698,0.6667,149,False
252260556,all,sinArtefactosEstricto,smote_tomek,MLP,push,0.5055,0.451,91,False
252260556,all,sinArtefactosEstricto,smote_tomek,MLP,right,0.2857,0.5143,63,True
252260556,all,sinArtefactosEstricto,smote_tomek,IBk_kNN,left,0.5436,0.6532,149,False
252260556,all,sinArtefactosEstricto,smote_tomek,IBk_kNN,pull,0.5034,0.6098,149,False
252260556,all,sinArtefactosEstricto,smote_tomek,IBk_kNN,push,0.5824,0.4417,91,False
252260556,all,sinArtefactosEstricto,smote_tomek,IBk_kNN,right,0.381,0.2824,63,True
252260556,all,sinArtefactosEstricto,smote_tomek,RBFNetwork_aprox,left,0.8054,0.6667,149,False
252260556,all,sinArtefactosEstricto,smote_tomek,RBFNetwork_aprox,pull,0.7919,0.6556,149,False
252260556,all,sinArtefactosEstricto,smote_tomek,RBFNetwork_aprox,push,0.5824,0.6795,91,False
252260556,all,sinArtefactosEstricto,smote_tomek,RBFNetwork_aprox,right,0.1746,0.7857,63,True
252260556,all,sinArtefactosEstricto,random_undersampling_controlado,SMO_SVM,left,0.7248,0.6,149,False
252260556,all,sinArtefactosEstricto,random_undersampling_controlado,SMO_SVM,pull,0.698,0.7429,149,False
252260556,all,sinArtefactosEstricto,random_undersampling_controlado,SMO_SVM,push,0.4835,0.5,91,False
252260556,all,sinArtefactosEstricto,random_undersampling_controlado,SMO_SVM,right,0.1587,0.2273,63,True
252260556,all,sinArtefactosEstricto,random_undersampling_controlado,RandomForest,left,0.745,0.5781,149,False
252260556,all,sinArtefactosEstricto,random_undersampling_controlado,RandomForest,pull,0.7919,0.6901,149,False
252260556,all,sinArtefactosEstricto,random_undersampling_controlado,RandomForest,push,0.4396,0.5063,91,False
252260556,all,sinArtefactosEstricto,random_undersampling_controlado,RandomForest,right,0.0476,0.3,63,True
252260556,all,sinArtefactosEstricto,random_undersampling_controlado,MLP,left,0.7315,0.6646,149,False
252260556,all,sinArtefactosEstricto,random_undersampling_controlado,MLP,pull,0.6846,0.6667,149,False
252260556,all,sinArtefactosEstricto,random_undersampling_controlado,MLP,push,0.5165,0.4476,91,False
252260556,all,sinArtefactosEstricto,random_undersampling_controlado,MLP,right,0.254,0.5333,63,True
252260556,all,sinArtefactosEstricto,random_undersampling_controlado,IBk_kNN,left,0.5772,0.5733,149,False
252260556,all,sinArtefactosEstricto,random_undersampling_controlado,IBk_kNN,pull,0.5369,0.5674,149,False
252260556,all,sinArtefactosEstricto,random_undersampling_controlado,IBk_kNN,push,0.5275,0.4324,91,False
252260556,all,sinArtefactosEstricto,random_undersampling_controlado,IBk_kNN,right,0.2063,0.26,63,True
252260556,all,sinArtefactosEstricto,random_undersampling_controlado,RBFNetwork_aprox,left,0.7852,0.6464,149,False
252260556,all,sinArtefactosEstricto,random_undersampling_controlado,RBFNetwork_aprox,pull,0.7383,0.6395,149,False
252260556,all,sinArtefactosEstricto,random_undersampling_controlado,RBFNetwork_aprox,push,0.5824,0.5955,91,False
252260556,all,sinArtefactosEstricto,random_undersampling_controlado,RBFNetwork_aprox,right,0.1111,0.7,63,True
252260670,all,noOutliers,sin_balanceo,SMO_SVM,left,0.4286,0.75,7,False
252260670,all,noOutliers,sin_balanceo,SMO_SVM,pull,0.0,0.0,4,True
252260670,all,noOutliers,sin_balanceo,SMO_SVM,push,1.0,0.931,54,False
252260670,all,noOutliers,sin_balanceo,SMO_SVM,right,0.9848,0.942,66,False
252260670,all,noOutliers,sin_balanceo,RandomForest,left,0.1429,1.0,7,False
252260670,all,noOutliers,sin_balanceo,RandomForest,pull,0.0,0.0,4,True
252260670,all,noOutliers,sin_balanceo,RandomForest,push,1.0,0.931,54,False
252260670,all,noOutliers,sin_balanceo,RandomForest,right,1.0,0.9167,66,False
252260670,all,noOutliers,sin_balanceo,MLP,left,0.2857,1.0,7,False
252260670,all,noOutliers,sin_balanceo,MLP,pull,0.0,0.0,4,True
252260670,all,noOutliers,sin_balanceo,MLP,push,1.0,0.931,54,False
252260670,all,noOutliers,sin_balanceo,MLP,right,1.0,0.9296,66,False
252260670,all,noOutliers,sin_balanceo,IBk_kNN,left,0.7143,0.8333,7,False
252260670,all,noOutliers,sin_balanceo,IBk_kNN,pull,0.0,0.0,4,True
252260670,all,noOutliers,sin_balanceo,IBk_kNN,push,1.0,0.9474,54,False
252260670,all,noOutliers,sin_balanceo,IBk_kNN,right,0.9848,0.9559,66,False
252260670,all,noOutliers,sin_balanceo,RBFNetwork_aprox,left,0.1429,1.0,7,False
252260670,all,noOutliers,sin_balanceo,RBFNetwork_aprox,pull,0.0,0.0,4,True
252260670,all,noOutliers,sin_balanceo,RBFNetwork_aprox,push,0.963,0.9455,54,False
252260670,all,noOutliers,sin_balanceo,RBFNetwork_aprox,right,1.0,0.88,66,False
252260670,all,noOutliers,random_oversampling,SMO_SVM,left,0.4286,0.6,7,False
252260670,all,noOutliers,random_oversampling,SMO_SVM,pull,0.0,0.0,4,True
252260670,all,noOutliers,random_oversampling,SMO_SVM,push,1.0,0.931,54,False
252260670,all,noOutliers,random_oversampling,SMO_SVM,right,0.9697,0.9412,66,False
252260670,all,noOutliers,random_oversampling,RandomForest,left,0.4286,1.0,7,False
252260670,all,noOutliers,random_oversampling,RandomForest,pull,0.0,0.0,4,True
252260670,all,noOutliers,random_oversampling,RandomForest,push,1.0,0.931,54,False
252260670,all,noOutliers,random_oversampling,RandomForest,right,1.0,0.9429,66,False
252260670,all,noOutliers,random_oversampling,MLP,left,0.2857,0.5,7,False
252260670,all,noOutliers,random_oversampling,MLP,pull,0.0,0.0,4,True
252260670,all,noOutliers,random_oversampling,MLP,push,1.0,0.9474,54,False
252260670,all,noOutliers,random_oversampling,MLP,right,0.9697,0.9143,66,False
252260670,all,noOutliers,random_oversampling,IBk_kNN,left,0.7143,0.8333,7,False
252260670,all,noOutliers,random_oversampling,IBk_kNN,pull,0.0,0.0,4,True
252260670,all,noOutliers,random_oversampling,IBk_kNN,push,1.0,0.9474,54,False
252260670,all,noOutliers,random_oversampling,IBk_kNN,right,0.9848,0.9559,66,False
252260670,all,noOutliers,random_oversampling,RBFNetwork_aprox,left,0.4286,1.0,7,False
252260670,all,noOutliers,random_oversampling,RBFNetwork_aprox,pull,0.0,0.0,4,True
252260670,all,noOutliers,random_oversampling,RBFNetwork_aprox,push,0.963,0.9455,54,False
252260670,all,noOutliers,random_oversampling,RBFNetwork_aprox,right,1.0,0.9041,66,False
252260670,all,noOutliers,class_weight_balanced,SMO_SVM,left,0.4286,0.75,7,False
252260670,all,noOutliers,class_weight_balanced,SMO_SVM,pull,0.0,0.0,4,True
252260670,all,noOutliers,class_weight_balanced,SMO_SVM,push,1.0,0.931,54,False
252260670,all,noOutliers,class_weight_balanced,SMO_SVM,right,0.9848,0.942,66,False
252260670,all,noOutliers,class_weight_balanced,RandomForest,left,0.1429,1.0,7,False
252260670,all,noOutliers,class_weight_balanced,RandomForest,pull,0.0,0.0,4,True
252260670,all,noOutliers,class_weight_balanced,RandomForest,push,1.0,0.931,54,False
252260670,all,noOutliers,class_weight_balanced,RandomForest,right,1.0,0.9167,66,False
252260670,all,noOutliers,class_weight_balanced,RBFNetwork_aprox,left,0.4286,1.0,7,False
252260670,all,noOutliers,class_weight_balanced,RBFNetwork_aprox,pull,0.0,0.0,4,True
252260670,all,noOutliers,class_weight_balanced,RBFNetwork_aprox,push,0.963,0.9455,54,False
252260670,all,noOutliers,class_weight_balanced,RBFNetwork_aprox,right,1.0,0.9041,66,False
252260670,all,noOutliers,random_undersampling_controlado,SMO_SVM,left,0.8571,0.2069,7,False
252260670,all,noOutliers,random_undersampling_controlado,SMO_SVM,pull,0.0,0.0,4,True
252260670,all,noOutliers,random_undersampling_controlado,SMO_SVM,push,0.8519,0.92,54,False
252260670,all,noOutliers,random_undersampling_controlado,SMO_SVM,right,0.6515,0.8958,66,False
252260670,all,noOutliers,random_undersampling_controlado,RandomForest,left,0.5714,0.2222,7,False
252260670,all,noOutliers,random_undersampling_controlado,RandomForest,pull,0.0,0.0,4,True
252260670,all,noOutliers,random_undersampling_controlado,RandomForest,push,0.9815,0.9298,54,False
252260670,all,noOutliers,random_undersampling_controlado,RandomForest,right,0.7879,0.9286,66,False
252260670,all,noOutliers,random_undersampling_controlado,MLP,left,1.0,0.28,7,False
252260670,all,noOutliers,random_undersampling_controlado,MLP,pull,0.0,0.0,4,True
252260670,all,noOutliers,random_undersampling_controlado,MLP,push,0.8333,0.8824,54,False
252260670,all,noOutliers,random_undersampling_controlado,MLP,right,0.6667,0.9362,66,False
252260670,all,noOutliers,random_undersampling_controlado,IBk_kNN,left,1.0,0.2188,7,False
252260670,all,noOutliers,random_undersampling_controlado,IBk_kNN,pull,0.0,0.0,4,True
252260670,all,noOutliers,random_undersampling_controlado,IBk_kNN,push,0.8889,0.9231,54,False
252260670,all,noOutliers,random_undersampling_controlado,IBk_kNN,right,0.6061,0.9302,66,False
252260670,all,noOutliers,random_undersampling_controlado,RBFNetwork_aprox,left,0.7143,0.8333,7,False
252260670,all,noOutliers,random_undersampling_controlado,RBFNetwork_aprox,pull,0.0,0.0,4,True
252260670,all,noOutliers,random_undersampling_controlado,RBFNetwork_aprox,push,0.8889,0.8276,54,False
252260670,all,noOutliers,random_undersampling_controlado,RBFNetwork_aprox,right,0.8939,0.8806,66,False
cano,all,noOutliers,sin_balanceo,SMO_SVM,left,0.1038,0.0902,106,False
cano,all,noOutliers,sin_balanceo,SMO_SVM,pull,0.0,0.0,35,True
cano,all,noOutliers,sin_balanceo,SMO_SVM,push,0.1149,0.1343,235,False
cano,all,noOutliers,sin_balanceo,SMO_SVM,right,0.3988,0.3801,509,False
cano,all,noOutliers,sin_balanceo,RandomForest,left,0.0094,0.0156,106,False
cano,all,noOutliers,sin_balanceo,RandomForest,pull,0.0,0.0,35,True
cano,all,noOutliers,sin_balanceo,RandomForest,push,0.0723,0.0914,235,False
cano,all,noOutliers,sin_balanceo,RandomForest,right,0.4931,0.4135,509,False
cano,all,noOutliers,sin_balanceo,MLP,left,0.0472,0.0641,106,False
cano,all,noOutliers,sin_balanceo,MLP,pull,0.0,0.0,35,True
cano,all,noOutliers,sin_balanceo,MLP,push,0.0596,0.0753,235,False
cano,all,noOutliers,sin_balanceo,MLP,right,0.4735,0.4064,509,False
cano,all,noOutliers,sin_balanceo,IBk_kNN,left,0.0472,0.0667,106,False
cano,all,noOutliers,sin_balanceo,IBk_kNN,pull,0.0,0.0,35,True
cano,all,noOutliers,sin_balanceo,IBk_kNN,push,0.0723,0.0895,235,False
cano,all,noOutliers,sin_balanceo,IBk_kNN,right,0.4695,0.4037,509,False
cano,all,noOutliers,sin_balanceo,RBFNetwork_aprox,left,0.0094,0.0526,106,False
cano,all,noOutliers,sin_balanceo,RBFNetwork_aprox,pull,0.0,0.0,35,True
cano,all,noOutliers,sin_balanceo,RBFNetwork_aprox,push,0.0128,0.0625,235,False
cano,all,noOutliers,sin_balanceo,RBFNetwork_aprox,right,0.8684,0.543,509,False
cano,all,noOutliers,random_oversampling,SMO_SVM,left,0.4151,0.2514,106,False
cano,all,noOutliers,random_oversampling,SMO_SVM,pull,0.0,0.0,35,True
cano,all,noOutliers,random_oversampling,SMO_SVM,push,0.2255,0.2112,235,False
cano,all,noOutliers,random_oversampling,SMO_SVM,right,0.3045,0.3656,509,False
cano,all,noOutliers,random_oversampling,RandomForest,left,0.0377,0.0533,106,False
cano,all,noOutliers,random_oversampling,RandomForest,pull,0.0,0.0,35,True
cano,all,noOutliers,random_oversampling,RandomForest,push,0.183,0.1734,235,False
cano,all,noOutliers,random_oversampling,RandomForest,right,0.4165,0.397,509,False
cano,all,noOutliers,random_oversampling,MLP,left,0.1604,0.165,106,False
cano,all,noOutliers,random_oversampling,MLP,pull,0.0571,0.0588,35,True
cano,all,noOutliers,random_oversampling,MLP,push,0.1277,0.1408,235,False
cano,all,noOutliers,random_oversampling,MLP,right,0.4165,0.3963,509,False
cano,all,noOutliers,random_oversampling,IBk_kNN,left,0.0472,0.0685,106,False
cano,all,noOutliers,random_oversampling,IBk_kNN,pull,0.0,0.0,35,True
cano,all,noOutliers,random_oversampling,IBk_kNN,push,0.0723,0.089,235,False
cano,all,noOutliers,random_oversampling,IBk_kNN,right,0.4715,0.4047,509,False
cano,all,noOutliers,random_oversampling,RBFNetwork_aprox,left,0.3868,0.2828,106,False
cano,all,noOutliers,random_oversampling,RBFNetwork_aprox,pull,0.0571,0.04,35,True
cano,all,noOutliers,random_oversampling,RBFNetwork_aprox,push,0.4383,0.3189,235,False
cano,all,noOutliers,random_oversampling,RBFNetwork_aprox,right,0.3006,0.4169,509,False
cano,all,noOutliers,class_weight_balanced,SMO_SVM,left,0.5377,0.2879,106,False
cano,all,noOutliers,class_weight_balanced,SMO_SVM,pull,0.0,0.0,35,True
cano,all,noOutliers,class_weight_balanced,SMO_SVM,push,0.3064,0.2571,235,False
cano,all,noOutliers,class_weight_balanced,SMO_SVM,right,0.2692,0.3703,509,False
cano,all,noOutliers,class_weight_balanced,RandomForest,left,0.0094,0.0156,106,False
cano,all,noOutliers,class_weight_balanced,RandomForest,pull,0.0,0.0,35,True
cano,all,noOutliers,class_weight_balanced,RandomForest,push,0.0936,0.1146,235,False
cano,all,noOutliers,class_weight_balanced,RandomForest,right,0.4872,0.4126,509,False
cano,all,noOutliers,class_weight_balanced,RBFNetwork_aprox,left,0.6132,0.3052,106,False
cano,all,noOutliers,class_weight_balanced,RBFNetwork_aprox,pull,0.0286,0.0164,35,True
cano,all,noOutliers,class_weight_balanced,RBFNetwork_aprox,push,0.6426,0.3842,235,False
cano,all,noOutliers,class_weight_balanced,RBFNetwork_aprox,right,0.1906,0.445,509,False
cano,all,noOutliers,smote,SMO_SVM,left,0.3302,0.2059,106,False
cano,all,noOutliers,smote,SMO_SVM,pull,0.0,0.0,35,True
cano,all,noOutliers,smote,SMO_SVM,push,0.1872,0.1872,235,False
cano,all,noOutliers,smote,SMO_SVM,right,0.3084,0.3544,509,False
cano,all,noOutliers,smote,RandomForest,left,0.0377,0.0519,106,False
cano,all,noOutliers,smote,RandomForest,pull,0.0,0.0,35,True
cano,all,noOutliers,smote,RandomForest,push,0.1617,0.1624,235,False
cano,all,noOutliers,smote,RandomForest,right,0.4263,0.3974,509,False
cano,all,noOutliers,smote,MLP,left,0.0943,0.1111,106,False
cano,all,noOutliers,smote,MLP,pull,0.0286,0.0294,35,True
cano,all,noOutliers,smote,MLP,push,0.1106,0.1256,235,False
cano,all,noOutliers,smote,MLP,right,0.4342,0.3989,509,False
cano,all,noOutliers,smote,IBk_kNN,left,0.1038,0.0948,106,False
cano,all,noOutliers,smote,IBk_kNN,pull,0.0286,0.0227,35,True
cano,all,noOutliers,smote,IBk_kNN,push,0.1149,0.1244,235,False
cano,all,noOutliers,smote,IBk_kNN,right,0.3517,0.3524,509,False
cano,all,noOutliers,smote,RBFNetwork_aprox,left,0.4151,0.2876,106,False
cano,all,noOutliers,smote,RBFNetwork_aprox,pull,0.0286,0.0208,35,True
cano,all,noOutliers,smote,RBFNetwork_aprox,push,0.4638,0.3254,235,False
cano,all,noOutliers,smote,RBFNetwork_aprox,right,0.2829,0.4126,509,False
cano,all,noOutliers,smote_tomek,SMO_SVM,left,0.3302,0.2059,106,False
cano,all,noOutliers,smote_tomek,SMO_SVM,pull,0.0,0.0,35,True
cano,all,noOutliers,smote_tomek,SMO_SVM,push,0.1915,0.1907,235,False
cano,all,noOutliers,smote_tomek,SMO_SVM,right,0.3084,0.3552,509,False
cano,all,noOutliers,smote_tomek,RandomForest,left,0.0472,0.0658,106,False
cano,all,noOutliers,smote_tomek,RandomForest,pull,0.0,0.0,35,True
cano,all,noOutliers,smote_tomek,RandomForest,push,0.1957,0.1862,235,False
cano,all,noOutliers,smote_tomek,RandomForest,right,0.4185,0.3989,509,False
cano,all,noOutliers,smote_tomek,MLP,left,0.0943,0.1111,106,False
cano,all,noOutliers,smote_tomek,MLP,pull,0.0286,0.0278,35,True
cano,all,noOutliers,smote_tomek,MLP,push,0.1106,0.1256,235,False
cano,all,noOutliers,smote_tomek,MLP,right,0.4322,0.3986,509,False
cano,all,noOutliers,smote_tomek,IBk_kNN,left,0.1038,0.0948,106,False
cano,all,noOutliers,smote_tomek,IBk_kNN,pull,0.0286,0.0227,35,True
cano,all,noOutliers,smote_tomek,IBk_kNN,push,0.1191,0.1279,235,False
cano,all,noOutliers,smote_tomek,IBk_kNN,right,0.3497,0.3518,509,False
cano,all,noOutliers,smote_tomek,RBFNetwork_aprox,left,0.4151,0.2876,106,False
cano,all,noOutliers,smote_tomek,RBFNetwork_aprox,pull,0.0286,0.0204,35,True
cano,all,noOutliers,smote_tomek,RBFNetwork_aprox,push,0.4638,0.3244,235,False
cano,all,noOutliers,smote_tomek,RBFNetwork_aprox,right,0.2809,0.4121,509,False
cano,all,noOutliers,random_undersampling_controlado,SMO_SVM,left,0.6226,0.2558,106,False
cano,all,noOutliers,random_undersampling_controlado,SMO_SVM,pull,0.2286,0.125,35,True
cano,all,noOutliers,random_undersampling_controlado,SMO_SVM,push,0.4128,0.3333,235,False
cano,all,noOutliers,random_undersampling_controlado,SMO_SVM,right,0.1866,0.3493,509,False
cano,all,noOutliers,random_undersampling_controlado,RandomForest,left,0.5755,0.2542,106,False
cano,all,noOutliers,random_undersampling_controlado,RandomForest,pull,0.1429,0.122,35,True
cano,all,noOutliers,random_undersampling_controlado,RandomForest,push,0.5149,0.3601,235,False
cano,all,noOutliers,random_undersampling_controlado,RandomForest,right,0.1847,0.3507,509,False
cano,all,noOutliers,random_undersampling_controlado,MLP,left,0.5755,0.3035,106,False
cano,all,noOutliers,random_undersampling_controlado,MLP,pull,0.0571,0.05,35,True
cano,all,noOutliers,random_undersampling_controlado,MLP,push,0.4043,0.2978,235,False
cano,all,noOutliers,random_undersampling_controlado,MLP,right,0.2495,0.3908,509,False
cano,all,noOutliers,random_undersampling_controlado,IBk_kNN,left,0.5189,0.2282,106,False
cano,all,noOutliers,random_undersampling_controlado,IBk_kNN,pull,0.2571,0.1607,35,True
cano,all,noOutliers,random_undersampling_controlado,IBk_kNN,push,0.4,0.3052,235,False
cano,all,noOutliers,random_undersampling_controlado,IBk_kNN,right,0.2004,0.3643,509,False
cano,all,noOutliers,random_undersampling_controlado,RBFNetwork_aprox,left,0.7642,0.2691,106,False
cano,all,noOutliers,random_undersampling_controlado,RBFNetwork_aprox,pull,0.0,0.0,35,True
cano,all,noOutliers,random_undersampling_controlado,RBFNetwork_aprox,push,0.6043,0.3622,235,False
cano,all,noOutliers,random_undersampling_controlado,RBFNetwork_aprox,right,0.1081,0.3073,509,False
cano,all,sinArtefactosConservador,sin_balanceo,SMO_SVM,left,0.0635,0.0563,63,False
cano,all,sinArtefactosConservador,sin_balanceo,SMO_SVM,pull,0.0606,0.0588,33,True
cano,all,sinArtefactosConservador,sin_balanceo,SMO_SVM,push,0.1809,0.1889,188,False
cano,all,sinArtefactosConservador,sin_balanceo,SMO_SVM,right,0.2874,0.2882,341,False
cano,all,sinArtefactosConservador,sin_balanceo,RandomForest,left,0.0159,0.0185,63,False
cano,all,sinArtefactosConservador,sin_balanceo,RandomForest,pull,0.0303,0.0357,33,True
cano,all,sinArtefactosConservador,sin_balanceo,RandomForest,push,0.1436,0.1579,188,False
cano,all,sinArtefactosConservador,sin_balanceo,RandomForest,right,0.349,0.3199,341,False
cano,all,sinArtefactosConservador,sin_balanceo,MLP,left,0.0635,0.0645,63,False
cano,all,sinArtefactosConservador,sin_balanceo,MLP,pull,0.0303,0.0357,33,True
cano,all,sinArtefactosConservador,sin_balanceo,MLP,push,0.1436,0.1579,188,False
cano,all,sinArtefactosConservador,sin_balanceo,MLP,right,0.3372,0.3159,341,False
cano,all,sinArtefactosConservador,sin_balanceo,IBk_kNN,left,0.0476,0.0492,63,False
cano,all,sinArtefactosConservador,sin_balanceo,IBk_kNN,pull,0.0606,0.0588,33,True
cano,all,sinArtefactosConservador,sin_balanceo,IBk_kNN,push,0.1543,0.1638,188,False
cano,all,sinArtefactosConservador,sin_balanceo,IBk_kNN,right,0.3167,0.3059,341,False
cano,all,sinArtefactosConservador,sin_balanceo,RBFNetwork_aprox,left,0.0317,0.0357,63,False
cano,all,sinArtefactosConservador,sin_balanceo,RBFNetwork_aprox,pull,0.0606,0.0667,33,True
cano,all,sinArtefactosConservador,sin_balanceo,RBFNetwork_aprox,push,0.1277,0.1519,188,False
cano,all,sinArtefactosConservador,sin_balanceo,RBFNetwork_aprox,right,0.3666,0.3281,341,False
cano,all,sinArtefactosConservador,random_oversampling,SMO_SVM,left,0.0952,0.0769,63,False
cano,all,sinArtefactosConservador,random_oversampling,SMO_SVM,pull,0.1515,0.122,33,True
cano,all,sinArtefactosConservador,random_oversampling,SMO_SVM,push,0.2287,0.224,188,False
cano,all,sinArtefactosConservador,random_oversampling,SMO_SVM,right,0.2581,0.2803,341,False
cano,all,sinArtefactosConservador,random_oversampling,RandomForest,left,0.0476,0.0508,63,False
cano,all,sinArtefactosConservador,random_oversampling,RandomForest,pull,0.0606,0.0667,33,True
cano,all,sinArtefactosConservador,random_oversampling,RandomForest,push,0.1968,0.1917,188,False
cano,all,sinArtefactosConservador,random_oversampling,RandomForest,right,0.305,0.3032,341,False
cano,all,sinArtefactosConservador,random_oversampling,MLP,left,0.0635,0.0645,63,False
cano,all,sinArtefactosConservador,random_oversampling,MLP,pull,0.0606,0.0667,33,True
cano,all,sinArtefactosConservador,random_oversampling,MLP,push,0.1649,0.1713,188,False
cano,all,sinArtefactosConservador,random_oversampling,MLP,right,0.3167,0.3068,341,False
cano,all,sinArtefactosConservador,random_oversampling,IBk_kNN,left,0.0476,0.0492,63,False
cano,all,sinArtefactosConservador,random_oversampling,IBk_kNN,pull,0.0606,0.0588,33,True
cano,all,sinArtefactosConservador,random_oversampling,IBk_kNN,push,0.1489,0.16,188,False
cano,all,sinArtefactosConservador,random_oversampling,IBk_kNN,right,0.3196,0.307,341,False
cano,all,sinArtefactosConservador,random_oversampling,RBFNetwork_aprox,left,0.127,0.1212,63,False
cano,all,sinArtefactosConservador,random_oversampling,RBFNetwork_aprox,pull,0.1515,0.1515,33,True
cano,all,sinArtefactosConservador,random_oversampling,RBFNetwork_aprox,push,0.3245,0.2618,188,False
cano,all,sinArtefactosConservador,random_oversampling,RBFNetwork_aprox,right,0.2581,0.3003,341,False
cano,all,sinArtefactosConservador,class_weight_balanced,SMO_SVM,left,0.0952,0.0789,63,False
cano,all,sinArtefactosConservador,class_weight_balanced,SMO_SVM,pull,0.1212,0.1026,33,True
cano,all,sinArtefactosConservador,class_weight_balanced,SMO_SVM,push,0.2979,0.2581,188,False
cano,all,sinArtefactosConservador,class_weight_balanced,SMO_SVM,right,0.2346,0.273,341,False
cano,all,sinArtefactosConservador,class_weight_balanced,RandomForest,left,0.0476,0.0517,63,False
cano,all,sinArtefactosConservador,class_weight_balanced,RandomForest,pull,0.0606,0.0667,33,True
cano,all,sinArtefactosConservador,class_weight_balanced,RandomForest,push,0.1277,0.1472,188,False
cano,all,sinArtefactosConservador,class_weight_balanced,RandomForest,right,0.3519,0.3209,341,False
cano,all,sinArtefactosConservador,class_weight_balanced,RBFNetwork_aprox,left,0.1746,0.1447,63,False
cano,all,sinArtefactosConservador,class_weight_balanced,RBFNetwork_aprox,pull,0.2424,0.2222,33,True
cano,all,sinArtefactosConservador,class_weight_balanced,RBFNetwork_aprox,push,0.4043,0.298,188,False
cano,all,sinArtefactosConservador,class_weight_balanced,RBFNetwork_aprox,right,0.2199,0.2907,341,False
cano,all,sinArtefactosConservador,smote,SMO_SVM,left,0.0952,0.0769,63,False
cano,all,sinArtefactosConservador,smote,SMO_SVM,pull,0.1515,0.122,33,True
cano,all,sinArtefactosConservador,smote,SMO_SVM,push,0.2447,0.2289,188,False
cano,all,sinArtefactosConservador,smote,SMO_SVM,right,0.2405,0.2689,341,False
cano,all,sinArtefactosConservador,smote,RandomForest,left,0.0794,0.0794,63,False
cano,all,sinArtefactosConservador,smote,RandomForest,pull,0.0606,0.0667,33,True
cano,all,sinArtefactosConservador,smote,RandomForest,push,0.1968,0.1937,188,False
cano,all,sinArtefactosConservador,smote,RandomForest,right,0.3021,0.3021,341,False
cano,all,sinArtefactosConservador,smote,MLP,left,0.0635,0.0615,63,False
cano,all,sinArtefactosConservador,smote,MLP,pull,0.0606,0.0625,33,True
cano,all,sinArtefactosConservador,smote,MLP,push,0.1596,0.1639,188,False
cano,all,sinArtefactosConservador,smote,MLP,right,0.3021,0.2986,341,False
cano,all,sinArtefactosConservador,smote,IBk_kNN,left,0.0476,0.0357,63,False
cano,all,sinArtefactosConservador,smote,IBk_kNN,pull,0.0606,0.0312,33,True
cano,all,sinArtefactosConservador,smote,IBk_kNN,push,0.1489,0.1591,188,False
cano,all,sinArtefactosConservador,smote,IBk_kNN,right,0.2082,0.2359,341,False
cano,all,sinArtefactosConservador,smote,RBFNetwork_aprox,left,0.0952,0.0984,63,False
cano,all,sinArtefactosConservador,smote,RBFNetwork_aprox,pull,0.1515,0.1429,33,True
cano,all,sinArtefactosConservador,smote,RBFNetwork_aprox,push,0.2926,0.2523,188,False
cano,all,sinArtefactosConservador,smote,RBFNetwork_aprox,right,0.2845,0.3119,341,False
cano,all,sinArtefactosConservador,smote_tomek,SMO_SVM,left,0.0952,0.0769,63,False
cano,all,sinArtefactosConservador,smote_tomek,SMO_SVM,pull,0.1515,0.122,33,True
cano,all,sinArtefactosConservador,smote_tomek,SMO_SVM,push,0.2447,0.2289,188,False
cano,all,sinArtefactosConservador,smote_tomek,SMO_SVM,right,0.2405,0.2689,341,False
cano,all,sinArtefactosConservador,smote_tomek,RandomForest,left,0.0794,0.0794,63,False
cano,all,sinArtefactosConservador,smote_tomek,RandomForest,pull,0.0606,0.0667,33,True
cano,all,sinArtefactosConservador,smote_tomek,RandomForest,push,0.1968,0.1937,188,False
cano,all,sinArtefactosConservador,smote_tomek,RandomForest,right,0.3021,0.3021,341,False
cano,all,sinArtefactosConservador,smote_tomek,MLP,left,0.0635,0.0615,63,False
cano,all,sinArtefactosConservador,smote_tomek,MLP,pull,0.0606,0.0625,33,True
cano,all,sinArtefactosConservador,smote_tomek,MLP,push,0.1596,0.1639,188,False
cano,all,sinArtefactosConservador,smote_tomek,MLP,right,0.3021,0.2986,341,False
cano,all,sinArtefactosConservador,smote_tomek,IBk_kNN,left,0.0476,0.0357,63,False
cano,all,sinArtefactosConservador,smote_tomek,IBk_kNN,pull,0.0606,0.0312,33,True
cano,all,sinArtefactosConservador,smote_tomek,IBk_kNN,push,0.1489,0.1591,188,False
cano,all,sinArtefactosConservador,smote_tomek,IBk_kNN,right,0.2082,0.2359,341,False
cano,all,sinArtefactosConservador,smote_tomek,RBFNetwork_aprox,left,0.0952,0.0984,63,False
cano,all,sinArtefactosConservador,smote_tomek,RBFNetwork_aprox,pull,0.1515,0.1429,33,True
cano,all,sinArtefactosConservador,smote_tomek,RBFNetwork_aprox,push,0.2926,0.2523,188,False
cano,all,sinArtefactosConservador,smote_tomek,RBFNetwork_aprox,right,0.2845,0.3119,341,False
cano,all,sinArtefactosConservador,random_undersampling_controlado,SMO_SVM,left,0.3175,0.1724,63,False
cano,all,sinArtefactosConservador,random_undersampling_controlado,SMO_SVM,pull,0.5758,0.2375,33,True
cano,all,sinArtefactosConservador,random_undersampling_controlado,SMO_SVM,push,0.3404,0.3019,188,False
cano,all,sinArtefactosConservador,random_undersampling_controlado,SMO_SVM,right,0.2023,0.318,341,False
cano,all,sinArtefactosConservador,random_undersampling_controlado,RandomForest,left,0.3016,0.1681,63,False
cano,all,sinArtefactosConservador,random_undersampling_controlado,RandomForest,pull,0.4242,0.2917,33,True
cano,all,sinArtefactosConservador,random_undersampling_controlado,RandomForest,push,0.4096,0.3222,188,False
cano,all,sinArtefactosConservador,random_undersampling_controlado,RandomForest,right,0.2141,0.3244,341,False
cano,all,sinArtefactosConservador,random_undersampling_controlado,MLP,left,0.3016,0.1759,63,False
cano,all,sinArtefactosConservador,random_undersampling_controlado,MLP,pull,0.303,0.1786,33,True
cano,all,sinArtefactosConservador,random_undersampling_controlado,MLP,push,0.3723,0.307,188,False
cano,all,sinArtefactosConservador,random_undersampling_controlado,MLP,right,0.2053,0.3004,341,False
cano,all,sinArtefactosConservador,random_undersampling_controlado,IBk_kNN,left,0.3175,0.1818,63,False
cano,all,sinArtefactosConservador,random_undersampling_controlado,IBk_kNN,pull,0.5758,0.2262,33,True
cano,all,sinArtefactosConservador,random_undersampling_controlado,IBk_kNN,push,0.3723,0.3097,188,False
cano,all,sinArtefactosConservador,random_undersampling_controlado,IBk_kNN,right,0.1848,0.3073,341,False
cano,all,sinArtefactosConservador,random_undersampling_controlado,RBFNetwork_aprox,left,0.2698,0.1619,63,False
cano,all,sinArtefactosConservador,random_undersampling_controlado,RBFNetwork_aprox,pull,0.2727,0.225,33,True
cano,all,sinArtefactosConservador,random_undersampling_controlado,RBFNetwork_aprox,push,0.3777,0.3257,188,False
cano,all,sinArtefactosConservador,random_undersampling_controlado,RBFNetwork_aprox,right,0.2581,0.3359,341,False
villanueva,all,noOutliers,sin_balanceo,SMO_SVM,left,0.0625,0.1111,16,True
villanueva,all,noOutliers,sin_balanceo,SMO_SVM,pull,0.4986,0.4668,367,False
villanueva,all,noOutliers,sin_balanceo,SMO_SVM,push,0.2038,0.2028,211,False
villanueva,all,noOutliers,sin_balanceo,SMO_SVM,right,0.0789,0.1579,38,False
villanueva,all,noOutliers,sin_balanceo,RandomForest,left,0.0,0.0,16,True
villanueva,all,noOutliers,sin_balanceo,RandomForest,pull,0.5913,0.478,367,False
villanueva,all,noOutliers,sin_balanceo,RandomForest,push,0.109,0.1437,211,False
villanueva,all,noOutliers,sin_balanceo,RandomForest,right,0.0263,0.0667,38,False
villanueva,all,noOutliers,sin_balanceo,MLP,left,0.0,0.0,16,True
villanueva,all,noOutliers,sin_balanceo,MLP,pull,0.5095,0.4606,367,False
villanueva,all,noOutliers,sin_balanceo,MLP,push,0.1801,0.1863,211,False
villanueva,all,noOutliers,sin_balanceo,MLP,right,0.0789,0.1579,38,False
villanueva,all,noOutliers,sin_balanceo,IBk_kNN,left,0.375,0.2857,16,True
villanueva,all,noOutliers,sin_balanceo,IBk_kNN,pull,0.4169,0.45,367,False
villanueva,all,noOutliers,sin_balanceo,IBk_kNN,push,0.2701,0.2317,211,False
villanueva,all,noOutliers,sin_balanceo,IBk_kNN,right,0.1316,0.2,38,False
villanueva,all,noOutliers,sin_balanceo,RBFNetwork_aprox,left,0.0,0.0,16,True
villanueva,all,noOutliers,sin_balanceo,RBFNetwork_aprox,pull,0.6294,0.4925,367,False
villanueva,all,noOutliers,sin_balanceo,RBFNetwork_aprox,push,0.1137,0.1611,211,False
villanueva,all,noOutliers,sin_balanceo,RBFNetwork_aprox,right,0.0,0.0,38,False
villanueva,all,noOutliers,random_oversampling,SMO_SVM,left,0.125,0.1176,16,True
villanueva,all,noOutliers,random_oversampling,SMO_SVM,pull,0.4469,0.462,367,False
villanueva,all,noOutliers,random_oversampling,SMO_SVM,push,0.2417,0.2198,211,False
villanueva,all,noOutliers,random_oversampling,SMO_SVM,right,0.1579,0.2143,38,False
villanueva,all,noOutliers,random_oversampling,RandomForest,left,0.0625,0.1429,16,True
villanueva,all,noOutliers,random_oversampling,RandomForest,pull,0.5586,0.4756,367,False
villanueva,all,noOutliers,random_oversampling,RandomForest,push,0.1422,0.1676,211,False
villanueva,all,noOutliers,random_oversampling,RandomForest,right,0.0263,0.0667,38,False
villanueva,all,noOutliers,random_oversampling,MLP,left,0.125,0.1818,16,True
villanueva,all,noOutliers,random_oversampling,MLP,pull,0.485,0.4564,367,False
villanueva,all,noOutliers,random_oversampling,MLP,push,0.1896,0.1887,211,False
villanueva,all,noOutliers,random_oversampling,MLP,right,0.0789,0.1579,38,False
villanueva,all,noOutliers,random_oversampling,IBk_kNN,left,0.375,0.2857,16,True
villanueva,all,noOutliers,random_oversampling,IBk_kNN,pull,0.4087,0.4464,367,False
villanueva,all,noOutliers,random_oversampling,IBk_kNN,push,0.2559,0.2177,211,False
villanueva,all,noOutliers,random_oversampling,IBk_kNN,right,0.1053,0.1481,38,False
villanueva,all,noOutliers,random_oversampling,RBFNetwork_aprox,left,0.25,0.4,16,True
villanueva,all,noOutliers,random_oversampling,RBFNetwork_aprox,pull,0.5259,0.4765,367,False
villanueva,all,noOutliers,random_oversampling,RBFNetwork_aprox,push,0.2133,0.2284,211,False
villanueva,all,noOutliers,random_oversampling,RBFNetwork_aprox,right,0.1053,0.2,38,False
villanueva,all,noOutliers,class_weight_balanced,SMO_SVM,left,0.125,0.2222,16,True
villanueva,all,noOutliers,class_weight_balanced,SMO_SVM,pull,0.4632,0.4632,367,False
villanueva,all,noOutliers,class_weight_balanced,SMO_SVM,push,0.2464,0.2301,211,False
villanueva,all,noOutliers,class_weight_balanced,SMO_SVM,right,0.1579,0.2,38,False
villanueva,all,noOutliers,class_weight_balanced,RandomForest,left,0.0625,0.2,16,True
villanueva,all,noOutliers,class_weight_balanced,RandomForest,pull,0.5913,0.478,367,False
villanueva,all,noOutliers,class_weight_balanced,RandomForest,push,0.1137,0.15,211,False
villanueva,all,noOutliers,class_weight_balanced,RandomForest,right,0.0,0.0,38,False
villanueva,all,noOutliers,class_weight_balanced,RBFNetwork_aprox,left,0.25,0.4,16,True
villanueva,all,noOutliers,class_weight_balanced,RBFNetwork_aprox,pull,0.5041,0.4793,367,False
villanueva,all,noOutliers,class_weight_balanced,RBFNetwork_aprox,push,0.2512,0.2454,211,False
villanueva,all,noOutliers,class_weight_balanced,RBFNetwork_aprox,right,0.1053,0.2,38,False
villanueva,all,noOutliers,smote,SMO_SVM,left,0.25,0.2105,16,True
villanueva,all,noOutliers,smote,SMO_SVM,pull,0.4523,0.4624,367,False
villanueva,all,noOutliers,smote,SMO_SVM,push,0.2275,0.2105,211,False
villanueva,all,noOutliers,smote,SMO_SVM,right,0.1579,0.2308,38,False
villanueva,all,noOutliers,smote,RandomForest,left,0.0625,0.2,16,True
villanueva,all,noOutliers,smote,RandomForest,pull,0.5613,0.4758,367,False
villanueva,all,noOutliers,smote,RandomForest,push,0.1517,0.1829,211,False
villanueva,all,noOutliers,smote,RandomForest,right,0.0526,0.1053,38,False
villanueva,all,noOutliers,smote,MLP,left,0.1875,0.2308,16,True
villanueva,all,noOutliers,smote,MLP,pull,0.4959,0.4596,367,False
villanueva,all,noOutliers,smote,MLP,push,0.1801,0.1863,211,False
villanueva,all,noOutliers,smote,MLP,right,0.0789,0.1579,38,False
villanueva,all,noOutliers,smote,IBk_kNN,left,0.5625,0.2647,16,True
villanueva,all,noOutliers,smote,IBk_kNN,pull,0.3488,0.4224,367,False
villanueva,all,noOutliers,smote,IBk_kNN,push,0.2512,0.2129,211,False
villanueva,all,noOutliers,smote,IBk_kNN,right,0.1316,0.1087,38,False
villanueva,all,noOutliers,smote,RBFNetwork_aprox,left,0.25,0.4,16,True
villanueva,all,noOutliers,smote,RBFNetwork_aprox,pull,0.5095,0.4687,367,False
villanueva,all,noOutliers,smote,RBFNetwork_aprox,push,0.2085,0.2167,211,False
villanueva,all,noOutliers,smote,RBFNetwork_aprox,right,0.1053,0.2,38,False
villanueva,all,noOutliers,smote_tomek,SMO_SVM,left,0.25,0.2105,16,True
villanueva,all,noOutliers,smote_tomek,SMO_SVM,pull,0.4523,0.4624,367,False
villanueva,all,noOutliers,smote_tomek,SMO_SVM,push,0.2275,0.2105,211,False
villanueva,all,noOutliers,smote_tomek,SMO_SVM,right,0.1579,0.2308,38,False
villanueva,all,noOutliers,smote_tomek,RandomForest,left,0.0625,0.2,16,True
villanueva,all,noOutliers,smote_tomek,RandomForest,pull,0.5613,0.4758,367,False
villanueva,all,noOutliers,smote_tomek,RandomForest,push,0.1517,0.1829,211,False
villanueva,all,noOutliers,smote_tomek,RandomForest,right,0.0526,0.1053,38,False
villanueva,all,noOutliers,smote_tomek,MLP,left,0.1875,0.2308,16,True
villanueva,all,noOutliers,smote_tomek,MLP,pull,0.4959,0.4596,367,False
villanueva,all,noOutliers,smote_tomek,MLP,push,0.1801,0.1863,211,False
villanueva,all,noOutliers,smote_tomek,MLP,right,0.0789,0.1579,38,False
villanueva,all,noOutliers,smote_tomek,IBk_kNN,left,0.5625,0.2647,16,True
villanueva,all,noOutliers,smote_tomek,IBk_kNN,pull,0.3488,0.4224,367,False
villanueva,all,noOutliers,smote_tomek,IBk_kNN,push,0.2512,0.2129,211,False
villanueva,all,noOutliers,smote_tomek,IBk_kNN,right,0.1316,0.1087,38,False
villanueva,all,noOutliers,smote_tomek,RBFNetwork_aprox,left,0.25,0.4,16,True
villanueva,all,noOutliers,smote_tomek,RBFNetwork_aprox,pull,0.5095,0.4687,367,False
villanueva,all,noOutliers,smote_tomek,RBFNetwork_aprox,push,0.2085,0.2167,211,False
villanueva,all,noOutliers,smote_tomek,RBFNetwork_aprox,right,0.1053,0.2,38,False
villanueva,all,noOutliers,random_undersampling_controlado,SMO_SVM,left,0.375,0.1395,16,True
villanueva,all,noOutliers,random_undersampling_controlado,SMO_SVM,pull,0.3924,0.5,367,False
villanueva,all,noOutliers,random_undersampling_controlado,SMO_SVM,push,0.3507,0.3231,211,False
villanueva,all,noOutliers,random_undersampling_controlado,SMO_SVM,right,0.1579,0.0833,38,False
villanueva,all,noOutliers,random_undersampling_controlado,RandomForest,left,0.1875,0.0968,16,True
villanueva,all,noOutliers,random_undersampling_controlado,RandomForest,pull,0.3787,0.5326,367,False
villanueva,all,noOutliers,random_undersampling_controlado,RandomForest,push,0.4265,0.3797,211,False
villanueva,all,noOutliers,random_undersampling_controlado,RandomForest,right,0.1316,0.0485,38,False
villanueva,all,noOutliers,random_undersampling_controlado,MLP,left,0.375,0.2609,16,True
villanueva,all,noOutliers,random_undersampling_controlado,MLP,pull,0.3978,0.4949,367,False
villanueva,all,noOutliers,random_undersampling_controlado,MLP,push,0.2844,0.2844,211,False
villanueva,all,noOutliers,random_undersampling_controlado,MLP,right,0.1842,0.068,38,False
villanueva,all,noOutliers,random_undersampling_controlado,IBk_kNN,left,0.5,0.16,16,True
villanueva,all,noOutliers,random_undersampling_controlado,IBk_kNN,pull,0.2807,0.5176,367,False
villanueva,all,noOutliers,random_undersampling_controlado,IBk_kNN,push,0.4218,0.3397,211,False
villanueva,all,noOutliers,random_undersampling_controlado,IBk_kNN,right,0.1316,0.0413,38,False
villanueva,all,noOutliers,random_undersampling_controlado,RBFNetwork_aprox,left,0.25,0.4,16,True
villanueva,all,noOutliers,random_undersampling_controlado,RBFNetwork_aprox,pull,0.4605,0.4913,367,False
villanueva,all,noOutliers,random_undersampling_controlado,RBFNetwork_aprox,push,0.3412,0.3,211,False
villanueva,all,noOutliers,random_undersampling_controlado,RBFNetwork_aprox,right,0.0,0.0,38,False
