archivo,ruta,tamaño_kb
211260561_all_cleanNorm.edf,/kaggle/working/outputs/TESE_pruebas/run_20260902_145353/processed_data/EDF/211260561_EDF/211260561_all_cleanNorm.edf,93.92
211260561_all_cleanSmooth.edf,/kaggle/working/outputs/TESE_pruebas/run_20260902_145353/processed_data/EDF/211260561_EDF/211260561_all_cleanSmooth.edf,93.92
211260561_all_noOutliers.edf,/kaggle/working/outputs/TESE_pruebas/run_20260902_145353/processed_data/EDF/211260561_EDF/211260561_all_noOutliers.edf,93.92
211260561_all_outliers.edf,/kaggle/working/outputs/TESE_pruebas/run_20260902_145353/processed_data/EDF/211260561_EDF/211260561_all_outliers.edf,125.25
211260561_all_sinArtefactosConservador.edf,/kaggle/working/outputs/TESE_pruebas/run_20260902_145353/processed_data/EDF/211260561_EDF/211260561_all_sinArtefactosConservador.edf,79.46
211260561_all_sinArtefactosEstricto.edf,/kaggle/working/outputs/TESE_pruebas/run_20260902_145353/processed_data/EDF/211260561_EDF/211260561_all_sinArtefactosEstricto.edf,62.59
211260561_left_cleanNorm.edf,/kaggle/working/outputs/TESE_pruebas/run_20260902_145353/processed_data/EDF/211260561_EDF/211260561_left_cleanNorm.edf,51.74
211260561_left_cleanSmooth.edf,/kaggle/working/outputs/TESE_pruebas/run_20260902_145353/processed_data/EDF/211260561_EDF/211260561_left_cleanSmooth.edf,51.74
211260561_left_noOutliers.edf,/kaggle/working/outputs/TESE_pruebas/run_20260902_145353/processed_data/EDF/211260561_EDF/211260561_left_noOutliers.edf,51.74
211260561_left_outliers.edf,/kaggle/working/outputs/TESE_pruebas/run_20260902_145353/processed_data/EDF/211260561_EDF/211260561_left_outliers.edf,65.0
211260561_left_sinArtefactosConservador.edf,/kaggle/working/outputs/TESE_pruebas/run_20260902_145353/processed_data/EDF/211260561_EDF/211260561_left_sinArtefactosConservador.edf,51.74
211260561_left_sinArtefactosEstricto.edf,/kaggle/working/outputs/TESE_pruebas/run_20260902_145353/processed_data/EDF/211260561_EDF/211260561_left_sinArtefactosEstricto.edf,51.74
211260561_pull_cleanNorm.edf,/kaggle/working/outputs/TESE_pruebas/run_20260902_145353/processed_data/EDF/211260561_EDF/211260561_pull_cleanNorm.edf,31.26
211260561_pull_cleanSmooth.edf,/kaggle/working/outputs/TESE_pruebas/run_20260902_145353/processed_data/EDF/211260561_EDF/211260561_pull_cleanSmooth.edf,31.26
211260561_pull_noOutliers.edf,/kaggle/working/outputs/TESE_pruebas/run_20260902_145353/processed_data/EDF/211260561_EDF/211260561_pull_noOutliers.edf,31.26
211260561_pull_outliers.edf,/kaggle/working/outputs/TESE_pruebas/run_20260902_145353/processed_data/EDF/211260561_EDF/211260561_pull_outliers.edf,36.08
211260561_pull_sinArtefactosConservador.edf,/kaggle/working/outputs/TESE_pruebas/run_20260902_145353/processed_data/EDF/211260561_EDF/211260561_pull_sinArtefactosConservador.edf,31.26
211260561_pull_sinArtefactosEstricto.edf,/kaggle/working/outputs/TESE_pruebas/run_20260902_145353/processed_data/EDF/211260561_EDF/211260561_pull_sinArtefactosEstricto.edf,31.26
211260561_push_cleanNorm.edf,/kaggle/working/outputs/TESE_pruebas/run_20260902_145353/processed_data/EDF/211260561_EDF/211260561_push_cleanNorm.edf,39.69
211260561_push_cleanSmooth.edf,/kaggle/working/outputs/TESE_pruebas/run_20260902_145353/processed_data/EDF/211260561_EDF/211260561_push_cleanSmooth.edf,39.69
211260561_push_noOutliers.edf,/kaggle/working/outputs/TESE_pruebas/run_20260902_145353/processed_data/EDF/211260561_EDF/211260561_push_noOutliers.edf,39.69
211260561_push_outliers.edf,/kaggle/working/outputs/TESE_pruebas/run_20260902_145353/processed_data/EDF/211260561_EDF/211260561_push_outliers.edf,49.33
211260561_push_sinArtefactosConservador.edf,/kaggle/working/outputs/TESE_pruebas/run_20260902_145353/processed_data/EDF/211260561_EDF/211260561_push_sinArtefactosConservador.edf,39.69
211260561_push_sinArtefactosEstricto.edf,/kaggle/working/outputs/TESE_pruebas/run_20260902_145353/processed_data/EDF/211260561_EDF/211260561_push_sinArtefactosEstricto.edf,39.69
211260561_right_cleanNorm.edf,/kaggle/working/outputs/TESE_pruebas/run_20260902_145353/processed_data/EDF/211260561_EDF/211260561_right_cleanNorm.edf,28.85
211260561_right_cleanSmooth.edf,/kaggle/working/outputs/TESE_pruebas/run_20260902_145353/processed_data/EDF/211260561_EDF/211260561_right_cleanSmooth.edf,28.85
211260561_right_noOutliers.edf,/kaggle/working/outputs/TESE_pruebas/run_20260902_145353/processed_data/EDF/211260561_EDF/211260561_right_noOutliers.edf,28.85
211260561_right_outliers.edf,/kaggle/working/outputs/TESE_pruebas/run_20260902_145353/processed_data/EDF/211260561_EDF/211260561_right_outliers.edf,31.26
211260561_right_sinArtefactosConservador.edf,/kaggle/working/outputs/TESE_pruebas/run_20260902_145353/processed_data/EDF/211260561_EDF/211260561_right_sinArtefactosConservador.edf,28.85
211260561_right_sinArtefactosEstricto.edf,/kaggle/working/outputs/TESE_pruebas/run_20260902_145353/processed_data/EDF/211260561_EDF/211260561_right_sinArtefactosEstricto.edf,28.85
212260563_all_cleanNorm.edf,/kaggle/working/outputs/TESE_pruebas/run_20260902_145353/processed_data/EDF/212260563_EDF/212260563_all_cleanNorm.edf,38.49
212260563_all_cleanSmooth.edf,/kaggle/working/outputs/TESE_pruebas/run_20260902_145353/processed_data/EDF/212260563_EDF/212260563_all_cleanSmooth.edf,38.49
212260563_all_noOutliers.edf,/kaggle/working/outputs/TESE_pruebas/run_20260902_145353/processed_data/EDF/212260563_EDF/212260563_all_noOutliers.edf,38.49
212260563_all_outliers.edf,/kaggle/working/outputs/TESE_pruebas/run_20260902_145353/processed_data/EDF/212260563_EDF/212260563_all_outliers.edf,43.31
212260563_all_sinArtefactosConservador.edf,/kaggle/working/outputs/TESE_pruebas/run_20260902_145353/processed_data/EDF/212260563_EDF/212260563_all_sinArtefactosConservador.edf,30.05
212260563_all_sinArtefactosEstricto.edf,/kaggle/working/outputs/TESE_pruebas/run_20260902_145353/processed_data/EDF/212260563_EDF/212260563_all_sinArtefactosEstricto.edf,25.23
212260563_left_cleanNorm.edf,/kaggle/working/outputs/TESE_pruebas/run_20260902_145353/processed_data/EDF/212260563_EDF/212260563_left_cleanNorm.edf,27.64
212260563_left_cleanSmooth.edf,/kaggle/working/outputs/TESE_pruebas/run_20260902_145353/processed_data/EDF/212260563_EDF/212260563_left_cleanSmooth.edf,27.64
212260563_left_noOutliers.edf,/kaggle/working/outputs/TESE_pruebas/run_20260902_145353/processed_data/EDF/212260563_EDF/212260563_left_noOutliers.edf,27.64
212260563_left_outliers.edf,/kaggle/working/outputs/TESE_pruebas/run_20260902_145353/processed_data/EDF/212260563_EDF/212260563_left_outliers.edf,28.85
212260563_left_sinArtefactosConservador.edf,/kaggle/working/outputs/TESE_pruebas/run_20260902_145353/processed_data/EDF/212260563_EDF/212260563_left_sinArtefactosConservador.edf,27.64
212260563_left_sinArtefactosEstricto.edf,/kaggle/working/outputs/TESE_pruebas/run_20260902_145353/processed_data/EDF/212260563_EDF/212260563_left_sinArtefactosEstricto.edf,27.64
212260563_pull_cleanNorm.edf,/kaggle/working/outputs/TESE_pruebas/run_20260902_145353/processed_data/EDF/212260563_EDF/212260563_pull_cleanNorm.edf,22.82
212260563_pull_cleanSmooth.edf,/kaggle/working/outputs/TESE_pruebas/run_20260902_145353/processed_data/EDF/212260563_EDF/212260563_pull_cleanSmooth.edf,22.82
212260563_pull_noOutliers.edf,/kaggle/working/outputs/TESE_pruebas/run_20260902_145353/processed_data/EDF/212260563_EDF/212260563_pull_noOutliers.edf,22.82
212260563_pull_outliers.edf,/kaggle/working/outputs/TESE_pruebas/run_20260902_145353/processed_data/EDF/212260563_EDF/212260563_pull_outliers.edf,24.03
212260563_pull_sinArtefactosConservador.edf,/kaggle/working/outputs/TESE_pruebas/run_20260902_145353/processed_data/EDF/212260563_EDF/212260563_pull_sinArtefactosConservador.edf,22.82
212260563_pull_sinArtefactosEstricto.edf,/kaggle/working/outputs/TESE_pruebas/run_20260902_145353/processed_data/EDF/212260563_EDF/212260563_pull_sinArtefactosEstricto.edf,22.82
212260563_push_cleanNorm.edf,/kaggle/working/outputs/TESE_pruebas/run_20260902_145353/processed_data/EDF/212260563_EDF/212260563_push_cleanNorm.edf,19.21
212260563_push_cleanSmooth.edf,/kaggle/working/outputs/TESE_pruebas/run_20260902_145353/processed_data/EDF/212260563_EDF/212260563_push_cleanSmooth.edf,19.21
212260563_push_noOutliers.edf,/kaggle/working/outputs/TESE_pruebas/run_20260902_145353/processed_data/EDF/212260563_EDF/212260563_push_noOutliers.edf,19.21
212260563_push_outliers.edf,/kaggle/working/outputs/TESE_pruebas/run_20260902_145353/processed_data/EDF/212260563_EDF/212260563_push_outliers.edf,19.21
212260563_push_sinArtefactosConservador.edf,/kaggle/working/outputs/TESE_pruebas/run_20260902_145353/processed_data/EDF/212260563_EDF/212260563_push_sinArtefactosConservador.edf,19.21
212260563_push_sinArtefactosEstricto.edf,/kaggle/working/outputs/TESE_pruebas/run_20260902_145353/processed_data/EDF/212260563_EDF/212260563_push_sinArtefactosEstricto.edf,19.21
212260563_right_cleanNorm.edf,/kaggle/working/outputs/TESE_pruebas/run_20260902_145353/processed_data/EDF/212260563_EDF/212260563_right_cleanNorm.edf,24.03
212260563_right_cleanSmooth.edf,/kaggle/working/outputs/TESE_pruebas/run_20260902_145353/processed_data/EDF/212260563_EDF/212260563_right_cleanSmooth.edf,24.03
212260563_right_noOutliers.edf,/kaggle/working/outputs/TESE_pruebas/run_20260902_145353/processed_data/EDF/212260563_EDF/212260563_right_noOutliers.edf,24.03
212260563_right_outliers.edf,/kaggle/working/outputs/TESE_pruebas/run_20260902_145353/processed_data/EDF/212260563_EDF/212260563_right_outliers.edf,26.44
212260563_right_sinArtefactosConservador.edf,/kaggle/working/outputs/TESE_pruebas/run_20260902_145353/processed_data/EDF/212260563_EDF/212260563_right_sinArtefactosConservador.edf,24.03
212260563_right_sinArtefactosEstricto.edf,/kaggle/working/outputs/TESE_pruebas/run_20260902_145353/processed_data/EDF/212260563_EDF/212260563_right_sinArtefactosEstricto.edf,24.03
212260567_all_cleanNorm.edf,/kaggle/working/outputs/TESE_pruebas/run_20260902_145353/processed_data/EDF/212260567_EDF/212260567_all_cleanNorm.edf,37.28
212260567_all_cleanSmooth.edf,/kaggle/working/outputs/TESE_pruebas/run_20260902_145353/processed_data/EDF/212260567_EDF/212260567_all_cleanSmooth.edf,37.28
212260567_all_noOutliers.edf,/kaggle/working/outputs/TESE_pruebas/run_20260902_145353/processed_data/EDF/212260567_EDF/212260567_all_noOutliers.edf,37.28
212260567_all_outliers.edf,/kaggle/working/outputs/TESE_pruebas/run_20260902_145353/processed_data/EDF/212260567_EDF/212260567_all_outliers.edf,42.1
212260567_all_sinArtefactosConservador.edf,/kaggle/working/outputs/TESE_pruebas/run_20260902_145353/processed_data/EDF/212260567_EDF/212260567_all_sinArtefactosConservador.edf,31.26
212260567_all_sinArtefactosEstricto.edf,/kaggle/working/outputs/TESE_pruebas/run_20260902_145353/processed_data/EDF/212260567_EDF/212260567_all_sinArtefactosEstricto.edf,24.03
212260567_left_cleanNorm.edf,/kaggle/working/outputs/TESE_pruebas/run_20260902_145353/processed_data/EDF/212260567_EDF/212260567_left_cleanNorm.edf,25.23
212260567_left_cleanSmooth.edf,/kaggle/working/outputs/TESE_pruebas/run_20260902_145353/processed_data/EDF/212260567_EDF/212260567_left_cleanSmooth.edf,25.23
212260567_left_noOutliers.edf,/kaggle/working/outputs/TESE_pruebas/run_20260902_145353/processed_data/EDF/212260567_EDF/212260567_left_noOutliers.edf,25.23
212260567_left_outliers.edf,/kaggle/working/outputs/TESE_pruebas/run_20260902_145353/processed_data/EDF/212260567_EDF/212260567_left_outliers.edf,27.64
212260567_left_sinArtefactosConservador.edf,/kaggle/working/outputs/TESE_pruebas/run_20260902_145353/processed_data/EDF/212260567_EDF/212260567_left_sinArtefactosConservador.edf,25.23
212260567_left_sinArtefactosEstricto.edf,/kaggle/working/outputs/TESE_pruebas/run_20260902_145353/processed_data/EDF/212260567_EDF/212260567_left_sinArtefactosEstricto.edf,25.23
212260567_pull_cleanNorm.edf,/kaggle/working/outputs/TESE_pruebas/run_20260902_145353/processed_data/EDF/212260567_EDF/212260567_pull_cleanNorm.edf,26.44
212260567_pull_cleanSmooth.edf,/kaggle/working/outputs/TESE_pruebas/run_20260902_145353/processed_data/EDF/212260567_EDF/212260567_pull_cleanSmooth.edf,26.44
212260567_pull_noOutliers.edf,/kaggle/working/outputs/TESE_pruebas/run_20260902_145353/processed_data/EDF/212260567_EDF/212260567_pull_noOutliers.edf,26.44
212260567_pull_outliers.edf,/kaggle/working/outputs/TESE_pruebas/run_20260902_145353/processed_data/EDF/212260567_EDF/212260567_pull_outliers.edf,28.85
212260567_pull_sinArtefactosConservador.edf,/kaggle/working/outputs/TESE_pruebas/run_20260902_145353/processed_data/EDF/212260567_EDF/212260567_pull_sinArtefactosConservador.edf,26.44
212260567_pull_sinArtefactosEstricto.edf,/kaggle/working/outputs/TESE_pruebas/run_20260902_145353/processed_data/EDF/212260567_EDF/212260567_pull_sinArtefactosEstricto.edf,26.44
212260567_push_cleanNorm.edf,/kaggle/working/outputs/TESE_pruebas/run_20260902_145353/processed_data/EDF/212260567_EDF/212260567_push_cleanNorm.edf,22.82
212260567_push_cleanSmooth.edf,/kaggle/working/outputs/TESE_pruebas/run_20260902_145353/processed_data/EDF/212260567_EDF/212260567_push_cleanSmooth.edf,22.82
212260567_push_noOutliers.edf,/kaggle/working/outputs/TESE_pruebas/run_20260902_145353/processed_data/EDF/212260567_EDF/212260567_push_noOutliers.edf,22.82
212260567_push_outliers.edf,/kaggle/working/outputs/TESE_pruebas/run_20260902_145353/processed_data/EDF/212260567_EDF/212260567_push_outliers.edf,22.82
212260567_push_sinArtefactosConservador.edf,/kaggle/working/outputs/TESE_pruebas/run_20260902_145353/processed_data/EDF/212260567_EDF/212260567_push_sinArtefactosConservador.edf,22.82
212260567_push_sinArtefactosEstricto.edf,/kaggle/working/outputs/TESE_pruebas/run_20260902_145353/processed_data/EDF/212260567_EDF/212260567_push_sinArtefactosEstricto.edf,22.82
212260567_right_cleanNorm.edf,/kaggle/working/outputs/TESE_pruebas/run_20260902_145353/processed_data/EDF/212260567_EDF/212260567_right_cleanNorm.edf,19.21
212260567_right_cleanSmooth.edf,/kaggle/working/outputs/TESE_pruebas/run_20260902_145353/processed_data/EDF/212260567_EDF/212260567_right_cleanSmooth.edf,19.21
212260567_right_noOutliers.edf,/kaggle/working/outputs/TESE_pruebas/run_20260902_145353/processed_data/EDF/212260567_EDF/212260567_right_noOutliers.edf,19.21
212260567_right_outliers.edf,/kaggle/working/outputs/TESE_pruebas/run_20260902_145353/processed_data/EDF/212260567_EDF/212260567_right_outliers.edf,19.21
212260567_right_sinArtefactosConservador.edf,/kaggle/working/outputs/TESE_pruebas/run_20260902_145353/processed_data/EDF/212260567_EDF/212260567_right_sinArtefactosConservador.edf,19.21
212260567_right_sinArtefactosEstricto.edf,/kaggle/working/outputs/TESE_pruebas/run_20260902_145353/processed_data/EDF/212260567_EDF/212260567_right_sinArtefactosEstricto.edf,19.21
212260569_all_cleanNorm.edf,/kaggle/working/outputs/TESE_pruebas/run_20260902_145353/processed_data/EDF/212260569_EDF/212260569_all_cleanNorm.edf,48.13
212260569_all_cleanSmooth.edf,/kaggle/working/outputs/TESE_pruebas/run_20260902_145353/processed_data/EDF/212260569_EDF/212260569_all_cleanSmooth.edf,48.13
212260569_all_noOutliers.edf,/kaggle/working/outputs/TESE_pruebas/run_20260902_145353/processed_data/EDF/212260569_EDF/212260569_all_noOutliers.edf,48.13
212260569_all_outliers.edf,/kaggle/working/outputs/TESE_pruebas/run_20260902_145353/processed_data/EDF/212260569_EDF/212260569_all_outliers.edf,57.77
212260569_all_sinArtefactosConservador.edf,/kaggle/working/outputs/TESE_pruebas/run_20260902_145353/processed_data/EDF/212260569_EDF/212260569_all_sinArtefactosConservador.edf,38.49
212260569_all_sinArtefactosEstricto.edf,/kaggle/working/outputs/TESE_pruebas/run_20260902_145353/processed_data/EDF/212260569_EDF/212260569_all_sinArtefactosEstricto.edf,31.26
212260569_left_cleanNorm.edf,/kaggle/working/outputs/TESE_pruebas/run_20260902_145353/processed_data/EDF/212260569_EDF/212260569_left_cleanNorm.edf,30.05
212260569_left_cleanSmooth.edf,/kaggle/working/outputs/TESE_pruebas/run_20260902_145353/processed_data/EDF/212260569_EDF/212260569_left_cleanSmooth.edf,30.05
212260569_left_noOutliers.edf,/kaggle/working/outputs/TESE_pruebas/run_20260902_145353/processed_data/EDF/212260569_EDF/212260569_left_noOutliers.edf,30.05
212260569_left_outliers.edf,/kaggle/working/outputs/TESE_pruebas/run_20260902_145353/processed_data/EDF/212260569_EDF/212260569_left_outliers.edf,34.87
212260569_left_sinArtefactosConservador.edf,/kaggle/working/outputs/TESE_pruebas/run_20260902_145353/processed_data/EDF/212260569_EDF/212260569_left_sinArtefactosConservador.edf,30.05
212260569_left_sinArtefactosEstricto.edf,/kaggle/working/outputs/TESE_pruebas/run_20260902_145353/processed_data/EDF/212260569_EDF/212260569_left_sinArtefactosEstricto.edf,30.05
212260569_pull_cleanNorm.edf,/kaggle/working/outputs/TESE_pruebas/run_20260902_145353/processed_data/EDF/212260569_EDF/212260569_pull_cleanNorm.edf,21.62
212260569_pull_cleanSmooth.edf,/kaggle/working/outputs/TESE_pruebas/run_20260902_145353/processed_data/EDF/212260569_EDF/212260569_pull_cleanSmooth.edf,21.62
212260569_pull_noOutliers.edf,/kaggle/working/outputs/TESE_pruebas/run_20260902_145353/processed_data/EDF/212260569_EDF/212260569_pull_noOutliers.edf,21.62
212260569_pull_outliers.edf,/kaggle/working/outputs/TESE_pruebas/run_20260902_145353/processed_data/EDF/212260569_EDF/212260569_pull_outliers.edf,22.82
212260569_pull_sinArtefactosConservador.edf,/kaggle/working/outputs/TESE_pruebas/run_20260902_145353/processed_data/EDF/212260569_EDF/212260569_pull_sinArtefactosConservador.edf,21.62
212260569_pull_sinArtefactosEstricto.edf,/kaggle/working/outputs/TESE_pruebas/run_20260902_145353/processed_data/EDF/212260569_EDF/212260569_pull_sinArtefactosEstricto.edf,21.62
212260569_push_cleanNorm.edf,/kaggle/working/outputs/TESE_pruebas/run_20260902_145353/processed_data/EDF/212260569_EDF/212260569_push_cleanNorm.edf,33.67
212260569_push_cleanSmooth.edf,/kaggle/working/outputs/TESE_pruebas/run_20260902_145353/processed_data/EDF/212260569_EDF/212260569_push_cleanSmooth.edf,33.67
212260569_push_noOutliers.edf,/kaggle/working/outputs/TESE_pruebas/run_20260902_145353/processed_data/EDF/212260569_EDF/212260569_push_noOutliers.edf,33.67
212260569_push_outliers.edf,/kaggle/working/outputs/TESE_pruebas/run_20260902_145353/processed_data/EDF/212260569_EDF/212260569_push_outliers.edf,38.49
212260569_push_sinArtefactosConservador.edf,/kaggle/working/outputs/TESE_pruebas/run_20260902_145353/processed_data/EDF/212260569_EDF/212260569_push_sinArtefactosConservador.edf,33.67
212260569_push_sinArtefactosEstricto.edf,/kaggle/working/outputs/TESE_pruebas/run_20260902_145353/processed_data/EDF/212260569_EDF/212260569_push_sinArtefactosEstricto.edf,33.67
212260666_all_cleanNorm.edf,/kaggle/working/outputs/TESE_pruebas/run_20260902_145353/processed_data/EDF/212260666_EDF/212260666_all_cleanNorm.edf,48.13
212260666_all_cleanSmooth.edf,/kaggle/working/outputs/TESE_pruebas/run_20260902_145353/processed_data/EDF/212260666_EDF/212260666_all_cleanSmooth.edf,48.13
212260666_all_noOutliers.edf,/kaggle/working/outputs/TESE_pruebas/run_20260902_145353/processed_data/EDF/212260666_EDF/212260666_all_noOutliers.edf,48.13
212260666_all_outliers.edf,/kaggle/working/outputs/TESE_pruebas/run_20260902_145353/processed_data/EDF/212260666_EDF/212260666_all_outliers.edf,57.77
212260666_all_sinArtefactosConservador.edf,/kaggle/working/outputs/TESE_pruebas/run_20260902_145353/processed_data/EDF/212260666_EDF/212260666_all_sinArtefactosConservador.edf,37.28
212260666_all_sinArtefactosEstricto.edf,/kaggle/working/outputs/TESE_pruebas/run_20260902_145353/processed_data/EDF/212260666_EDF/212260666_all_sinArtefactosEstricto.edf,27.64
212260666_left_cleanNorm.edf,/kaggle/working/outputs/TESE_pruebas/run_20260902_145353/processed_data/EDF/212260666_EDF/212260666_left_cleanNorm.edf,20.41
212260666_left_cleanSmooth.edf,/kaggle/working/outputs/TESE_pruebas/run_20260902_145353/processed_data/EDF/212260666_EDF/212260666_left_cleanSmooth.edf,20.41
212260666_left_noOutliers.edf,/kaggle/working/outputs/TESE_pruebas/run_20260902_145353/processed_data/EDF/212260666_EDF/212260666_left_noOutliers.edf,20.41
212260666_left_outliers.edf,/kaggle/working/outputs/TESE_pruebas/run_20260902_145353/processed_data/EDF/212260666_EDF/212260666_left_outliers.edf,20.41
212260666_left_sinArtefactosConservador.edf,/kaggle/working/outputs/TESE_pruebas/run_20260902_145353/processed_data/EDF/212260666_EDF/212260666_left_sinArtefactosConservador.edf,20.41
212260666_left_sinArtefactosEstricto.edf,/kaggle/working/outputs/TESE_pruebas/run_20260902_145353/processed_data/EDF/212260666_EDF/212260666_left_sinArtefactosEstricto.edf,20.41
212260666_pull_cleanNorm.edf,/kaggle/working/outputs/TESE_pruebas/run_20260902_145353/processed_data/EDF/212260666_EDF/212260666_pull_cleanNorm.edf,36.08
212260666_pull_cleanSmooth.edf,/kaggle/working/outputs/TESE_pruebas/run_20260902_145353/processed_data/EDF/212260666_EDF/212260666_pull_cleanSmooth.edf,36.08
212260666_pull_noOutliers.edf,/kaggle/working/outputs/TESE_pruebas/run_20260902_145353/processed_data/EDF/212260666_EDF/212260666_pull_noOutliers.edf,36.08
212260666_pull_outliers.edf,/kaggle/working/outputs/TESE_pruebas/run_20260902_145353/processed_data/EDF/212260666_EDF/212260666_pull_outliers.edf,43.31
212260666_pull_sinArtefactosConservador.edf,/kaggle/working/outputs/TESE_pruebas/run_20260902_145353/processed_data/EDF/212260666_EDF/212260666_pull_sinArtefactosConservador.edf,36.08
212260666_pull_sinArtefactosEstricto.edf,/kaggle/working/outputs/TESE_pruebas/run_20260902_145353/processed_data/EDF/212260666_EDF/212260666_pull_sinArtefactosEstricto.edf,36.08
212260666_push_cleanNorm.edf,/kaggle/working/outputs/TESE_pruebas/run_20260902_145353/processed_data/EDF/212260666_EDF/212260666_push_cleanNorm.edf,24.03
212260666_push_cleanSmooth.edf,/kaggle/working/outputs/TESE_pruebas/run_20260902_145353/processed_data/EDF/212260666_EDF/212260666_push_cleanSmooth.edf,24.03
212260666_push_noOutliers.edf,/kaggle/working/outputs/TESE_pruebas/run_20260902_145353/processed_data/EDF/212260666_EDF/212260666_push_noOutliers.edf,24.03
212260666_push_outliers.edf,/kaggle/working/outputs/TESE_pruebas/run_20260902_145353/processed_data/EDF/212260666_EDF/212260666_push_outliers.edf,25.23
212260666_push_sinArtefactosConservador.edf,/kaggle/working/outputs/TESE_pruebas/run_20260902_145353/processed_data/EDF/212260666_EDF/212260666_push_sinArtefactosConservador.edf,24.03
212260666_push_sinArtefactosEstricto.edf,/kaggle/working/outputs/TESE_pruebas/run_20260902_145353/processed_data/EDF/212260666_EDF/212260666_push_sinArtefactosEstricto.edf,24.03
212260666_right_cleanNorm.edf,/kaggle/working/outputs/TESE_pruebas/run_20260902_145353/processed_data/EDF/212260666_EDF/212260666_right_cleanNorm.edf,24.03
212260666_right_cleanSmooth.edf,/kaggle/working/outputs/TESE_pruebas/run_20260902_145353/processed_data/EDF/212260666_EDF/212260666_right_cleanSmooth.edf,24.03
212260666_right_noOutliers.edf,/kaggle/working/outputs/TESE_pruebas/run_20260902_145353/processed_data/EDF/212260666_EDF/212260666_right_noOutliers.edf,24.03
212260666_right_outliers.edf,/kaggle/working/outputs/TESE_pruebas/run_20260902_145353/processed_data/EDF/212260666_EDF/212260666_right_outliers.edf,24.03
212260666_right_sinArtefactosConservador.edf,/kaggle/working/outputs/TESE_pruebas/run_20260902_145353/processed_data/EDF/212260666_EDF/212260666_right_sinArtefactosConservador.edf,24.03
212260666_right_sinArtefactosEstricto.edf,/kaggle/working/outputs/TESE_pruebas/run_20260902_145353/processed_data/EDF/212260666_EDF/212260666_right_sinArtefactosEstricto.edf,24.03
212260668_all_cleanNorm.edf,/kaggle/working/outputs/TESE_pruebas/run_20260902_145353/processed_data/EDF/212260668_EDF/212260668_all_cleanNorm.edf,48.13
212260668_all_cleanSmooth.edf,/kaggle/working/outputs/TESE_pruebas/run_20260902_145353/processed_data/EDF/212260668_EDF/212260668_all_cleanSmooth.edf,48.13
212260668_all_noOutliers.edf,/kaggle/working/outputs/TESE_pruebas/run_20260902_145353/processed_data/EDF/212260668_EDF/212260668_all_noOutliers.edf,48.13
212260668_all_outliers.edf,/kaggle/working/outputs/TESE_pruebas/run_20260902_145353/processed_data/EDF/212260668_EDF/212260668_all_outliers.edf,52.95
212260668_all_sinArtefactosConservador.edf,/kaggle/working/outputs/TESE_pruebas/run_20260902_145353/processed_data/EDF/212260668_EDF/212260668_all_sinArtefactosConservador.edf,39.69
212260668_all_sinArtefactosEstricto.edf,/kaggle/working/outputs/TESE_pruebas/run_20260902_145353/processed_data/EDF/212260668_EDF/212260668_all_sinArtefactosEstricto.edf,34.87
212260668_left_cleanNorm.edf,/kaggle/working/outputs/TESE_pruebas/run_20260902_145353/processed_data/EDF/212260668_EDF/212260668_left_cleanNorm.edf,19.21
212260668_left_cleanSmooth.edf,/kaggle/working/outputs/TESE_pruebas/run_20260902_145353/processed_data/EDF/212260668_EDF/212260668_left_cleanSmooth.edf,19.21
212260668_left_noOutliers.edf,/kaggle/working/outputs/TESE_pruebas/run_20260902_145353/processed_data/EDF/212260668_EDF/212260668_left_noOutliers.edf,19.21
212260668_left_outliers.edf,/kaggle/working/outputs/TESE_pruebas/run_20260902_145353/processed_data/EDF/212260668_EDF/212260668_left_outliers.edf,19.21
212260668_left_sinArtefactosConservador.edf,/kaggle/working/outputs/TESE_pruebas/run_20260902_145353/processed_data/EDF/212260668_EDF/212260668_left_sinArtefactosConservador.edf,19.21
212260668_left_sinArtefactosEstricto.edf,/kaggle/working/outputs/TESE_pruebas/run_20260902_145353/processed_data/EDF/212260668_EDF/212260668_left_sinArtefactosEstricto.edf,19.21
212260668_pull_cleanNorm.edf,/kaggle/working/outputs/TESE_pruebas/run_20260902_145353/processed_data/EDF/212260668_EDF/212260668_pull_cleanNorm.edf,28.85
212260668_pull_cleanSmooth.edf,/kaggle/working/outputs/TESE_pruebas/run_20260902_145353/processed_data/EDF/212260668_EDF/212260668_pull_cleanSmooth.edf,28.85
212260668_pull_noOutliers.edf,/kaggle/working/outputs/TESE_pruebas/run_20260902_145353/processed_data/EDF/212260668_EDF/212260668_pull_noOutliers.edf,28.85
212260668_pull_outliers.edf,/kaggle/working/outputs/TESE_pruebas/run_20260902_145353/processed_data/EDF/212260668_EDF/212260668_pull_outliers.edf,30.05
212260668_pull_sinArtefactosConservador.edf,/kaggle/working/outputs/TESE_pruebas/run_20260902_145353/processed_data/EDF/212260668_EDF/212260668_pull_sinArtefactosConservador.edf,28.85
212260668_pull_sinArtefactosEstricto.edf,/kaggle/working/outputs/TESE_pruebas/run_20260902_145353/processed_data/EDF/212260668_EDF/212260668_pull_sinArtefactosEstricto.edf,28.85
212260668_push_cleanNorm.edf,/kaggle/working/outputs/TESE_pruebas/run_20260902_145353/processed_data/EDF/212260668_EDF/212260668_push_cleanNorm.edf,28.85
212260668_push_cleanSmooth.edf,/kaggle/working/outputs/TESE_pruebas/run_20260902_145353/processed_data/EDF/212260668_EDF/212260668_push_cleanSmooth.edf,28.85
212260668_push_noOutliers.edf,/kaggle/working/outputs/TESE_pruebas/run_20260902_145353/processed_data/EDF/212260668_EDF/212260668_push_noOutliers.edf,28.85
212260668_push_outliers.edf,/kaggle/working/outputs/TESE_pruebas/run_20260902_145353/processed_data/EDF/212260668_EDF/212260668_push_outliers.edf,30.05
212260668_push_sinArtefactosConservador.edf,/kaggle/working/outputs/TESE_pruebas/run_20260902_145353/processed_data/EDF/212260668_EDF/212260668_push_sinArtefactosConservador.edf,28.85
212260668_push_sinArtefactosEstricto.edf,/kaggle/working/outputs/TESE_pruebas/run_20260902_145353/processed_data/EDF/212260668_EDF/212260668_push_sinArtefactosEstricto.edf,28.85
212260668_right_cleanNorm.edf,/kaggle/working/outputs/TESE_pruebas/run_20260902_145353/processed_data/EDF/212260668_EDF/212260668_right_cleanNorm.edf,27.64
212260668_right_cleanSmooth.edf,/kaggle/working/outputs/TESE_pruebas/run_20260902_145353/processed_data/EDF/212260668_EDF/212260668_right_cleanSmooth.edf,27.64
212260668_right_noOutliers.edf,/kaggle/working/outputs/TESE_pruebas/run_20260902_145353/processed_data/EDF/212260668_EDF/212260668_right_noOutliers.edf,27.64
212260668_right_outliers.edf,/kaggle/working/outputs/TESE_pruebas/run_20260902_145353/processed_data/EDF/212260668_EDF/212260668_right_outliers.edf,28.85
212260668_right_sinArtefactosConservador.edf,/kaggle/working/outputs/TESE_pruebas/run_20260902_145353/processed_data/EDF/212260668_EDF/212260668_right_sinArtefactosConservador.edf,27.64
212260668_right_sinArtefactosEstricto.edf,/kaggle/working/outputs/TESE_pruebas/run_20260902_145353/processed_data/EDF/212260668_EDF/212260668_right_sinArtefactosEstricto.edf,27.64
212260672_all_cleanNorm.edf,/kaggle/working/outputs/TESE_pruebas/run_20260902_145353/processed_data/EDF/212260672_EDF/212260672_all_cleanNorm.edf,32.46
212260672_all_cleanSmooth.edf,/kaggle/working/outputs/TESE_pruebas/run_20260902_145353/processed_data/EDF/212260672_EDF/212260672_all_cleanSmooth.edf,32.46
212260672_all_noOutliers.edf,/kaggle/working/outputs/TESE_pruebas/run_20260902_145353/processed_data/EDF/212260672_EDF/212260672_all_noOutliers.edf,32.46
212260672_all_outliers.edf,/kaggle/working/outputs/TESE_pruebas/run_20260902_145353/processed_data/EDF/212260672_EDF/212260672_all_outliers.edf,38.49
212260672_all_sinArtefactosConservador.edf,/kaggle/working/outputs/TESE_pruebas/run_20260902_145353/processed_data/EDF/212260672_EDF/212260672_all_sinArtefactosConservador.edf,26.44
212260672_all_sinArtefactosEstricto.edf,/kaggle/working/outputs/TESE_pruebas/run_20260902_145353/processed_data/EDF/212260672_EDF/212260672_all_sinArtefactosEstricto.edf,24.03
212260672_left_cleanNorm.edf,/kaggle/working/outputs/TESE_pruebas/run_20260902_145353/processed_data/EDF/212260672_EDF/212260672_left_cleanNorm.edf,20.41
212260672_left_cleanSmooth.edf,/kaggle/working/outputs/TESE_pruebas/run_20260902_145353/processed_data/EDF/212260672_EDF/212260672_left_cleanSmooth.edf,20.41
212260672_left_noOutliers.edf,/kaggle/working/outputs/TESE_pruebas/run_20260902_145353/processed_data/EDF/212260672_EDF/212260672_left_noOutliers.edf,20.41
212260672_left_outliers.edf,/kaggle/working/outputs/TESE_pruebas/run_20260902_145353/processed_data/EDF/212260672_EDF/212260672_left_outliers.edf,20.41
212260672_left_sinArtefactosConservador.edf,/kaggle/working/outputs/TESE_pruebas/run_20260902_145353/processed_data/EDF/212260672_EDF/212260672_left_sinArtefactosConservador.edf,20.41
212260672_left_sinArtefactosEstricto.edf,/kaggle/working/outputs/TESE_pruebas/run_20260902_145353/processed_data/EDF/212260672_EDF/212260672_left_sinArtefactosEstricto.edf,20.41
212260672_pull_cleanNorm.edf,/kaggle/working/outputs/TESE_pruebas/run_20260902_145353/processed_data/EDF/212260672_EDF/212260672_pull_cleanNorm.edf,26.44
212260672_pull_cleanSmooth.edf,/kaggle/working/outputs/TESE_pruebas/run_20260902_145353/processed_data/EDF/212260672_EDF/212260672_pull_cleanSmooth.edf,26.44
212260672_pull_noOutliers.edf,/kaggle/working/outputs/TESE_pruebas/run_20260902_145353/processed_data/EDF/212260672_EDF/212260672_pull_noOutliers.edf,26.44
212260672_pull_outliers.edf,/kaggle/working/outputs/TESE_pruebas/run_20260902_145353/processed_data/EDF/212260672_EDF/212260672_pull_outliers.edf,28.85
212260672_pull_sinArtefactosConservador.edf,/kaggle/working/outputs/TESE_pruebas/run_20260902_145353/processed_data/EDF/212260672_EDF/212260672_pull_sinArtefactosConservador.edf,26.44
212260672_pull_sinArtefactosEstricto.edf,/kaggle/working/outputs/TESE_pruebas/run_20260902_145353/processed_data/EDF/212260672_EDF/212260672_pull_sinArtefactosEstricto.edf,26.44
212260672_push_cleanNorm.edf,/kaggle/working/outputs/TESE_pruebas/run_20260902_145353/processed_data/EDF/212260672_EDF/212260672_push_cleanNorm.edf,20.41
212260672_push_cleanSmooth.edf,/kaggle/working/outputs/TESE_pruebas/run_20260902_145353/processed_data/EDF/212260672_EDF/212260672_push_cleanSmooth.edf,20.41
212260672_push_noOutliers.edf,/kaggle/working/outputs/TESE_pruebas/run_20260902_145353/processed_data/EDF/212260672_EDF/212260672_push_noOutliers.edf,20.41
212260672_push_outliers.edf,/kaggle/working/outputs/TESE_pruebas/run_20260902_145353/processed_data/EDF/212260672_EDF/212260672_push_outliers.edf,20.41
212260672_push_sinArtefactosConservador.edf,/kaggle/working/outputs/TESE_pruebas/run_20260902_145353/processed_data/EDF/212260672_EDF/212260672_push_sinArtefactosConservador.edf,20.41
212260672_push_sinArtefactosEstricto.edf,/kaggle/working/outputs/TESE_pruebas/run_20260902_145353/processed_data/EDF/212260672_EDF/212260672_push_sinArtefactosEstricto.edf,20.41
212260672_right_cleanNorm.edf,/kaggle/working/outputs/TESE_pruebas/run_20260902_145353/processed_data/EDF/212260672_EDF/212260672_right_cleanNorm.edf,22.82
212260672_right_cleanSmooth.edf,/kaggle/working/outputs/TESE_pruebas/run_20260902_145353/processed_data/EDF/212260672_EDF/212260672_right_cleanSmooth.edf,22.82
212260672_right_noOutliers.edf,/kaggle/working/outputs/TESE_pruebas/run_20260902_145353/processed_data/EDF/212260672_EDF/212260672_right_noOutliers.edf,22.82
212260672_right_outliers.edf,/kaggle/working/outputs/TESE_pruebas/run_20260902_145353/processed_data/EDF/212260672_EDF/212260672_right_outliers.edf,24.03
212260672_right_sinArtefactosConservador.edf,/kaggle/working/outputs/TESE_pruebas/run_20260902_145353/processed_data/EDF/212260672_EDF/212260672_right_sinArtefactosConservador.edf,22.82
212260672_right_sinArtefactosEstricto.edf,/kaggle/working/outputs/TESE_pruebas/run_20260902_145353/processed_data/EDF/212260672_EDF/212260672_right_sinArtefactosEstricto.edf,22.82
222260671_all_cleanNorm.edf,/kaggle/working/outputs/TESE_pruebas/run_20260902_145353/processed_data/EDF/222260671_EDF/222260671_all_cleanNorm.edf,44.51
222260671_all_cleanSmooth.edf,/kaggle/working/outputs/TESE_pruebas/run_20260902_145353/processed_data/EDF/222260671_EDF/222260671_all_cleanSmooth.edf,44.51
222260671_all_noOutliers.edf,/kaggle/working/outputs/TESE_pruebas/run_20260902_145353/processed_data/EDF/222260671_EDF/222260671_all_noOutliers.edf,44.51
222260671_all_outliers.edf,/kaggle/working/outputs/TESE_pruebas/run_20260902_145353/processed_data/EDF/222260671_EDF/222260671_all_outliers.edf,55.36
222260671_all_sinArtefactosConservador.edf,/kaggle/working/outputs/TESE_pruebas/run_20260902_145353/processed_data/EDF/222260671_EDF/222260671_all_sinArtefactosConservador.edf,36.08
222260671_all_sinArtefactosEstricto.edf,/kaggle/working/outputs/TESE_pruebas/run_20260902_145353/processed_data/EDF/222260671_EDF/222260671_all_sinArtefactosEstricto.edf,27.64
222260671_left_cleanNorm.edf,/kaggle/working/outputs/TESE_pruebas/run_20260902_145353/processed_data/EDF/222260671_EDF/222260671_left_cleanNorm.edf,22.82
222260671_left_cleanSmooth.edf,/kaggle/working/outputs/TESE_pruebas/run_20260902_145353/processed_data/EDF/222260671_EDF/222260671_left_cleanSmooth.edf,22.82
222260671_left_noOutliers.edf,/kaggle/working/outputs/TESE_pruebas/run_20260902_145353/processed_data/EDF/222260671_EDF/222260671_left_noOutliers.edf,22.82
222260671_left_outliers.edf,/kaggle/working/outputs/TESE_pruebas/run_20260902_145353/processed_data/EDF/222260671_EDF/222260671_left_outliers.edf,22.82
222260671_left_sinArtefactosConservador.edf,/kaggle/working/outputs/TESE_pruebas/run_20260902_145353/processed_data/EDF/222260671_EDF/222260671_left_sinArtefactosConservador.edf,22.82
222260671_left_sinArtefactosEstricto.edf,/kaggle/working/outputs/TESE_pruebas/run_20260902_145353/processed_data/EDF/222260671_EDF/222260671_left_sinArtefactosEstricto.edf,22.82
222260671_pull_cleanNorm.edf,/kaggle/working/outputs/TESE_pruebas/run_20260902_145353/processed_data/EDF/222260671_EDF/222260671_pull_cleanNorm.edf,24.03
222260671_pull_cleanSmooth.edf,/kaggle/working/outputs/TESE_pruebas/run_20260902_145353/processed_data/EDF/222260671_EDF/222260671_pull_cleanSmooth.edf,24.03
222260671_pull_noOutliers.edf,/kaggle/working/outputs/TESE_pruebas/run_20260902_145353/processed_data/EDF/222260671_EDF/222260671_pull_noOutliers.edf,24.03
222260671_pull_outliers.edf,/kaggle/working/outputs/TESE_pruebas/run_20260902_145353/processed_data/EDF/222260671_EDF/222260671_pull_outliers.edf,25.23
222260671_pull_sinArtefactosConservador.edf,/kaggle/working/outputs/TESE_pruebas/run_20260902_145353/processed_data/EDF/222260671_EDF/222260671_pull_sinArtefactosConservador.edf,24.03
222260671_pull_sinArtefactosEstricto.edf,/kaggle/working/outputs/TESE_pruebas/run_20260902_145353/processed_data/EDF/222260671_EDF/222260671_pull_sinArtefactosEstricto.edf,24.03
222260671_push_cleanNorm.edf,/kaggle/working/outputs/TESE_pruebas/run_20260902_145353/processed_data/EDF/222260671_EDF/222260671_push_cleanNorm.edf,21.62
222260671_push_cleanSmooth.edf,/kaggle/working/outputs/TESE_pruebas/run_20260902_145353/processed_data/EDF/222260671_EDF/222260671_push_cleanSmooth.edf,21.62
222260671_push_noOutliers.edf,/kaggle/working/outputs/TESE_pruebas/run_20260902_145353/processed_data/EDF/222260671_EDF/222260671_push_noOutliers.edf,21.62
222260671_push_outliers.edf,/kaggle/working/outputs/TESE_pruebas/run_20260902_145353/processed_data/EDF/222260671_EDF/222260671_push_outliers.edf,21.62
222260671_push_sinArtefactosConservador.edf,/kaggle/working/outputs/TESE_pruebas/run_20260902_145353/processed_data/EDF/222260671_EDF/222260671_push_sinArtefactosConservador.edf,21.62
222260671_push_sinArtefactosEstricto.edf,/kaggle/working/outputs/TESE_pruebas/run_20260902_145353/processed_data/EDF/222260671_EDF/222260671_push_sinArtefactosEstricto.edf,21.62
222260671_right_cleanNorm.edf,/kaggle/working/outputs/TESE_pruebas/run_20260902_145353/processed_data/EDF/222260671_EDF/222260671_right_cleanNorm.edf,33.67
222260671_right_cleanSmooth.edf,/kaggle/working/outputs/TESE_pruebas/run_20260902_145353/processed_data/EDF/222260671_EDF/222260671_right_cleanSmooth.edf,33.67
222260671_right_noOutliers.edf,/kaggle/working/outputs/TESE_pruebas/run_20260902_145353/processed_data/EDF/222260671_EDF/222260671_right_noOutliers.edf,33.67
222260671_right_outliers.edf,/kaggle/working/outputs/TESE_pruebas/run_20260902_145353/processed_data/EDF/222260671_EDF/222260671_right_outliers.edf,40.9
222260671_right_sinArtefactosConservador.edf,/kaggle/working/outputs/TESE_pruebas/run_20260902_145353/processed_data/EDF/222260671_EDF/222260671_right_sinArtefactosConservador.edf,33.67
222260671_right_sinArtefactosEstricto.edf,/kaggle/working/outputs/TESE_pruebas/run_20260902_145353/processed_data/EDF/222260671_EDF/222260671_right_sinArtefactosEstricto.edf,33.67
22260552_all_cleanNorm.edf,/kaggle/working/outputs/TESE_pruebas/run_20260902_145353/processed_data/EDF/22260552_EDF/22260552_all_cleanNorm.edf,213.22
22260552_all_cleanSmooth.edf,/kaggle/working/outputs/TESE_pruebas/run_20260902_145353/processed_data/EDF/22260552_EDF/22260552_all_cleanSmooth.edf,213.22
22260552_all_noOutliers.edf,/kaggle/working/outputs/TESE_pruebas/run_20260902_145353/processed_data/EDF/22260552_EDF/22260552_all_noOutliers.edf,213.22
22260552_all_outliers.edf,/kaggle/working/outputs/TESE_pruebas/run_20260902_145353/processed_data/EDF/22260552_EDF/22260552_all_outliers.edf,226.48
22260552_all_sinArtefactosConservador.edf,/kaggle/working/outputs/TESE_pruebas/run_20260902_145353/processed_data/EDF/22260552_EDF/22260552_all_sinArtefactosConservador.edf,116.82
22260552_all_sinArtefactosEstricto.edf,/kaggle/working/outputs/TESE_pruebas/run_20260902_145353/processed_data/EDF/22260552_EDF/22260552_all_sinArtefactosEstricto.edf,69.82
22260552_left_cleanNorm.edf,/kaggle/working/outputs/TESE_pruebas/run_20260902_145353/processed_data/EDF/22260552_EDF/22260552_left_cleanNorm.edf,49.33
22260552_left_cleanSmooth.edf,/kaggle/working/outputs/TESE_pruebas/run_20260902_145353/processed_data/EDF/22260552_EDF/22260552_left_cleanSmooth.edf,49.33
22260552_left_noOutliers.edf,/kaggle/working/outputs/TESE_pruebas/run_20260902_145353/processed_data/EDF/22260552_EDF/22260552_left_noOutliers.edf,49.33
22260552_left_outliers.edf,/kaggle/working/outputs/TESE_pruebas/run_20260902_145353/processed_data/EDF/22260552_EDF/22260552_left_outliers.edf,54.15
22260552_left_sinArtefactosConservador.edf,/kaggle/working/outputs/TESE_pruebas/run_20260902_145353/processed_data/EDF/22260552_EDF/22260552_left_sinArtefactosConservador.edf,49.33
22260552_left_sinArtefactosEstricto.edf,/kaggle/working/outputs/TESE_pruebas/run_20260902_145353/processed_data/EDF/22260552_EDF/22260552_left_sinArtefactosEstricto.edf,49.33
22260552_pull_cleanNorm.edf,/kaggle/working/outputs/TESE_pruebas/run_20260902_145353/processed_data/EDF/22260552_EDF/22260552_pull_cleanNorm.edf,97.54
22260552_pull_cleanSmooth.edf,/kaggle/working/outputs/TESE_pruebas/run_20260902_145353/processed_data/EDF/22260552_EDF/22260552_pull_cleanSmooth.edf,97.54
22260552_pull_noOutliers.edf,/kaggle/working/outputs/TESE_pruebas/run_20260902_145353/processed_data/EDF/22260552_EDF/22260552_pull_noOutliers.edf,97.54
22260552_pull_outliers.edf,/kaggle/working/outputs/TESE_pruebas/run_20260902_145353/processed_data/EDF/22260552_EDF/22260552_pull_outliers.edf,108.38
22260552_pull_sinArtefactosConservador.edf,/kaggle/working/outputs/TESE_pruebas/run_20260902_145353/processed_data/EDF/22260552_EDF/22260552_pull_sinArtefactosConservador.edf,97.54
22260552_pull_sinArtefactosEstricto.edf,/kaggle/working/outputs/TESE_pruebas/run_20260902_145353/processed_data/EDF/22260552_EDF/22260552_pull_sinArtefactosEstricto.edf,97.54
22260552_push_cleanNorm.edf,/kaggle/working/outputs/TESE_pruebas/run_20260902_145353/processed_data/EDF/22260552_EDF/22260552_push_cleanNorm.edf,28.85
22260552_push_cleanSmooth.edf,/kaggle/working/outputs/TESE_pruebas/run_20260902_145353/processed_data/EDF/22260552_EDF/22260552_push_cleanSmooth.edf,28.85
22260552_push_noOutliers.edf,/kaggle/working/outputs/TESE_pruebas/run_20260902_145353/processed_data/EDF/22260552_EDF/22260552_push_noOutliers.edf,28.85
22260552_push_outliers.edf,/kaggle/working/outputs/TESE_pruebas/run_20260902_145353/processed_data/EDF/22260552_EDF/22260552_push_outliers.edf,30.05
22260552_push_sinArtefactosConservador.edf,/kaggle/working/outputs/TESE_pruebas/run_20260902_145353/processed_data/EDF/22260552_EDF/22260552_push_sinArtefactosConservador.edf,28.85
22260552_push_sinArtefactosEstricto.edf,/kaggle/working/outputs/TESE_pruebas/run_20260902_145353/processed_data/EDF/22260552_EDF/22260552_push_sinArtefactosEstricto.edf,28.85
22260552_right_cleanNorm.edf,/kaggle/working/outputs/TESE_pruebas/run_20260902_145353/processed_data/EDF/22260552_EDF/22260552_right_cleanNorm.edf,84.28
22260552_right_cleanSmooth.edf,/kaggle/working/outputs/TESE_pruebas/run_20260902_145353/processed_data/EDF/22260552_EDF/22260552_right_cleanSmooth.edf,84.28
22260552_right_noOutliers.edf,/kaggle/working/outputs/TESE_pruebas/run_20260902_145353/processed_data/EDF/22260552_EDF/22260552_right_noOutliers.edf,84.28
22260552_right_outliers.edf,/kaggle/working/outputs/TESE_pruebas/run_20260902_145353/processed_data/EDF/22260552_EDF/22260552_right_outliers.edf,89.1
22260552_right_sinArtefactosConservador.edf,/kaggle/working/outputs/TESE_pruebas/run_20260902_145353/processed_data/EDF/22260552_EDF/22260552_right_sinArtefactosConservador.edf,84.28
22260552_right_sinArtefactosEstricto.edf,/kaggle/working/outputs/TESE_pruebas/run_20260902_145353/processed_data/EDF/22260552_EDF/22260552_right_sinArtefactosEstricto.edf,84.28
231260558_all_cleanNorm.edf,/kaggle/working/outputs/TESE_pruebas/run_20260902_145353/processed_data/EDF/231260558_EDF/231260558_all_cleanNorm.edf,154.17
231260558_all_cleanSmooth.edf,/kaggle/working/outputs/TESE_pruebas/run_20260902_145353/processed_data/EDF/231260558_EDF/231260558_all_cleanSmooth.edf,154.17
231260558_all_noOutliers.edf,/kaggle/working/outputs/TESE_pruebas/run_20260902_145353/processed_data/EDF/231260558_EDF/231260558_all_noOutliers.edf,154.17
231260558_all_outliers.edf,/kaggle/working/outputs/TESE_pruebas/run_20260902_145353/processed_data/EDF/231260558_EDF/231260558_all_outliers.edf,204.79
231260558_all_sinArtefactosConservador.edf,/kaggle/working/outputs/TESE_pruebas/run_20260902_145353/processed_data/EDF/231260558_EDF/231260558_all_sinArtefactosConservador.edf,133.69
231260558_all_sinArtefactosEstricto.edf,/kaggle/working/outputs/TESE_pruebas/run_20260902_145353/processed_data/EDF/231260558_EDF/231260558_all_sinArtefactosEstricto.edf,105.97
231260558_left_cleanNorm.edf,/kaggle/working/outputs/TESE_pruebas/run_20260902_145353/processed_data/EDF/231260558_EDF/231260558_left_cleanNorm.edf,51.74
231260558_left_cleanSmooth.edf,/kaggle/working/outputs/TESE_pruebas/run_20260902_145353/processed_data/EDF/231260558_EDF/231260558_left_cleanSmooth.edf,51.74
231260558_left_noOutliers.edf,/kaggle/working/outputs/TESE_pruebas/run_20260902_145353/processed_data/EDF/231260558_EDF/231260558_left_noOutliers.edf,51.74
231260558_left_outliers.edf,/kaggle/working/outputs/TESE_pruebas/run_20260902_145353/processed_data/EDF/231260558_EDF/231260558_left_outliers.edf,62.59
231260558_left_sinArtefactosConservador.edf,/kaggle/working/outputs/TESE_pruebas/run_20260902_145353/processed_data/EDF/231260558_EDF/231260558_left_sinArtefactosConservador.edf,51.74
231260558_left_sinArtefactosEstricto.edf,/kaggle/working/outputs/TESE_pruebas/run_20260902_145353/processed_data/EDF/231260558_EDF/231260558_left_sinArtefactosEstricto.edf,51.74
231260558_pull_cleanNorm.edf,/kaggle/working/outputs/TESE_pruebas/run_20260902_145353/processed_data/EDF/231260558_EDF/231260558_pull_cleanNorm.edf,79.46
231260558_pull_cleanSmooth.edf,/kaggle/working/outputs/TESE_pruebas/run_20260902_145353/processed_data/EDF/231260558_EDF/231260558_pull_cleanSmooth.edf,79.46
231260558_pull_noOutliers.edf,/kaggle/working/outputs/TESE_pruebas/run_20260902_145353/processed_data/EDF/231260558_EDF/231260558_pull_noOutliers.edf,79.46
231260558_pull_outliers.edf,/kaggle/working/outputs/TESE_pruebas/run_20260902_145353/processed_data/EDF/231260558_EDF/231260558_pull_outliers.edf,98.74
231260558_pull_sinArtefactosConservador.edf,/kaggle/working/outputs/TESE_pruebas/run_20260902_145353/processed_data/EDF/231260558_EDF/231260558_pull_sinArtefactosConservador.edf,79.46
231260558_pull_sinArtefactosEstricto.edf,/kaggle/working/outputs/TESE_pruebas/run_20260902_145353/processed_data/EDF/231260558_EDF/231260558_pull_sinArtefactosEstricto.edf,79.46
231260558_push_cleanNorm.edf,/kaggle/working/outputs/TESE_pruebas/run_20260902_145353/processed_data/EDF/231260558_EDF/231260558_push_cleanNorm.edf,39.69
231260558_push_cleanSmooth.edf,/kaggle/working/outputs/TESE_pruebas/run_20260902_145353/processed_data/EDF/231260558_EDF/231260558_push_cleanSmooth.edf,39.69
231260558_push_noOutliers.edf,/kaggle/working/outputs/TESE_pruebas/run_20260902_145353/processed_data/EDF/231260558_EDF/231260558_push_noOutliers.edf,39.69
231260558_push_outliers.edf,/kaggle/working/outputs/TESE_pruebas/run_20260902_145353/processed_data/EDF/231260558_EDF/231260558_push_outliers.edf,46.92
231260558_push_sinArtefactosConservador.edf,/kaggle/working/outputs/TESE_pruebas/run_20260902_145353/processed_data/EDF/231260558_EDF/231260558_push_sinArtefactosConservador.edf,39.69
231260558_push_sinArtefactosEstricto.edf,/kaggle/working/outputs/TESE_pruebas/run_20260902_145353/processed_data/EDF/231260558_EDF/231260558_push_sinArtefactosEstricto.edf,39.69
231260558_right_cleanNorm.edf,/kaggle/working/outputs/TESE_pruebas/run_20260902_145353/processed_data/EDF/231260558_EDF/231260558_right_cleanNorm.edf,40.9
231260558_right_cleanSmooth.edf,/kaggle/working/outputs/TESE_pruebas/run_20260902_145353/processed_data/EDF/231260558_EDF/231260558_right_cleanSmooth.edf,40.9
231260558_right_noOutliers.edf,/kaggle/working/outputs/TESE_pruebas/run_20260902_145353/processed_data/EDF/231260558_EDF/231260558_right_noOutliers.edf,40.9
231260558_right_outliers.edf,/kaggle/working/outputs/TESE_pruebas/run_20260902_145353/processed_data/EDF/231260558_EDF/231260558_right_outliers.edf,51.74
231260558_right_sinArtefactosConservador.edf,/kaggle/working/outputs/TESE_pruebas/run_20260902_145353/processed_data/EDF/231260558_EDF/231260558_right_sinArtefactosConservador.edf,40.9
231260558_right_sinArtefactosEstricto.edf,/kaggle/working/outputs/TESE_pruebas/run_20260902_145353/processed_data/EDF/231260558_EDF/231260558_right_sinArtefactosEstricto.edf,40.9
252260554_all_cleanNorm.edf,/kaggle/working/outputs/TESE_pruebas/run_20260902_145353/processed_data/EDF/252260554_EDF/252260554_all_cleanNorm.edf,99.95
252260554_all_cleanSmooth.edf,/kaggle/working/outputs/TESE_pruebas/run_20260902_145353/processed_data/EDF/252260554_EDF/252260554_all_cleanSmooth.edf,99.95
252260554_all_noOutliers.edf,/kaggle/working/outputs/TESE_pruebas/run_20260902_145353/processed_data/EDF/252260554_EDF/252260554_all_noOutliers.edf,99.95
252260554_all_outliers.edf,/kaggle/working/outputs/TESE_pruebas/run_20260902_145353/processed_data/EDF/252260554_EDF/252260554_all_outliers.edf,134.89
252260554_all_sinArtefactosConservador.edf,/kaggle/working/outputs/TESE_pruebas/run_20260902_145353/processed_data/EDF/252260554_EDF/252260554_all_sinArtefactosConservador.edf,80.66
252260554_all_sinArtefactosEstricto.edf,/kaggle/working/outputs/TESE_pruebas/run_20260902_145353/processed_data/EDF/252260554_EDF/252260554_all_sinArtefactosEstricto.edf,54.15
252260554_left_cleanNorm.edf,/kaggle/working/outputs/TESE_pruebas/run_20260902_145353/processed_data/EDF/252260554_EDF/252260554_left_cleanNorm.edf,52.95
252260554_left_cleanSmooth.edf,/kaggle/working/outputs/TESE_pruebas/run_20260902_145353/processed_data/EDF/252260554_EDF/252260554_left_cleanSmooth.edf,52.95
252260554_left_noOutliers.edf,/kaggle/working/outputs/TESE_pruebas/run_20260902_145353/processed_data/EDF/252260554_EDF/252260554_left_noOutliers.edf,52.95
252260554_left_outliers.edf,/kaggle/working/outputs/TESE_pruebas/run_20260902_145353/processed_data/EDF/252260554_EDF/252260554_left_outliers.edf,66.2
252260554_left_sinArtefactosConservador.edf,/kaggle/working/outputs/TESE_pruebas/run_20260902_145353/processed_data/EDF/252260554_EDF/252260554_left_sinArtefactosConservador.edf,52.95
252260554_left_sinArtefactosEstricto.edf,/kaggle/working/outputs/TESE_pruebas/run_20260902_145353/processed_data/EDF/252260554_EDF/252260554_left_sinArtefactosEstricto.edf,52.95
252260554_pull_cleanNorm.edf,/kaggle/working/outputs/TESE_pruebas/run_20260902_145353/processed_data/EDF/252260554_EDF/252260554_pull_cleanNorm.edf,24.03
252260554_pull_cleanSmooth.edf,/kaggle/working/outputs/TESE_pruebas/run_20260902_145353/processed_data/EDF/252260554_EDF/252260554_pull_cleanSmooth.edf,24.03
252260554_pull_noOutliers.edf,/kaggle/working/outputs/TESE_pruebas/run_20260902_145353/processed_data/EDF/252260554_EDF/252260554_pull_noOutliers.edf,24.03
252260554_pull_outliers.edf,/kaggle/working/outputs/TESE_pruebas/run_20260902_145353/processed_data/EDF/252260554_EDF/252260554_pull_outliers.edf,27.64
252260554_pull_sinArtefactosConservador.edf,/kaggle/working/outputs/TESE_pruebas/run_20260902_145353/processed_data/EDF/252260554_EDF/252260554_pull_sinArtefactosConservador.edf,24.03
252260554_pull_sinArtefactosEstricto.edf,/kaggle/working/outputs/TESE_pruebas/run_20260902_145353/processed_data/EDF/252260554_EDF/252260554_pull_sinArtefactosEstricto.edf,24.03
252260554_push_cleanNorm.edf,/kaggle/working/outputs/TESE_pruebas/run_20260902_145353/processed_data/EDF/252260554_EDF/252260554_push_cleanNorm.edf,50.54
252260554_push_cleanSmooth.edf,/kaggle/working/outputs/TESE_pruebas/run_20260902_145353/processed_data/EDF/252260554_EDF/252260554_push_cleanSmooth.edf,50.54
252260554_push_noOutliers.edf,/kaggle/working/outputs/TESE_pruebas/run_20260902_145353/processed_data/EDF/252260554_EDF/252260554_push_noOutliers.edf,50.54
252260554_push_outliers.edf,/kaggle/working/outputs/TESE_pruebas/run_20260902_145353/processed_data/EDF/252260554_EDF/252260554_push_outliers.edf,65.0
252260554_push_sinArtefactosConservador.edf,/kaggle/working/outputs/TESE_pruebas/run_20260902_145353/processed_data/EDF/252260554_EDF/252260554_push_sinArtefactosConservador.edf,50.54
252260554_push_sinArtefactosEstricto.edf,/kaggle/working/outputs/TESE_pruebas/run_20260902_145353/processed_data/EDF/252260554_EDF/252260554_push_sinArtefactosEstricto.edf,50.54
252260554_right_cleanNorm.edf,/kaggle/working/outputs/TESE_pruebas/run_20260902_145353/processed_data/EDF/252260554_EDF/252260554_right_cleanNorm.edf,27.64
252260554_right_cleanSmooth.edf,/kaggle/working/outputs/TESE_pruebas/run_20260902_145353/processed_data/EDF/252260554_EDF/252260554_right_cleanSmooth.edf,27.64
252260554_right_noOutliers.edf,/kaggle/working/outputs/TESE_pruebas/run_20260902_145353/processed_data/EDF/252260554_EDF/252260554_right_noOutliers.edf,27.64
252260554_right_outliers.edf,/kaggle/working/outputs/TESE_pruebas/run_20260902_145353/processed_data/EDF/252260554_EDF/252260554_right_outliers.edf,32.46
252260554_right_sinArtefactosConservador.edf,/kaggle/working/outputs/TESE_pruebas/run_20260902_145353/processed_data/EDF/252260554_EDF/252260554_right_sinArtefactosConservador.edf,27.64
252260554_right_sinArtefactosEstricto.edf,/kaggle/working/outputs/TESE_pruebas/run_20260902_145353/processed_data/EDF/252260554_EDF/252260554_right_sinArtefactosEstricto.edf,27.64
252260556_all_cleanNorm.edf,/kaggle/working/outputs/TESE_pruebas/run_20260902_145353/processed_data/EDF/252260556_EDF/252260556_all_cleanNorm.edf,144.53
252260556_all_cleanSmooth.edf,/kaggle/working/outputs/TESE_pruebas/run_20260902_145353/processed_data/EDF/252260556_EDF/252260556_all_cleanSmooth.edf,144.53
252260556_all_noOutliers.edf,/kaggle/working/outputs/TESE_pruebas/run_20260902_145353/processed_data/EDF/252260556_EDF/252260556_all_noOutliers.edf,144.53
252260556_all_outliers.edf,/kaggle/working/outputs/TESE_pruebas/run_20260902_145353/processed_data/EDF/252260556_EDF/252260556_all_outliers.edf,156.58
252260556_all_sinArtefactosConservador.edf,/kaggle/working/outputs/TESE_pruebas/run_20260902_145353/processed_data/EDF/252260556_EDF/252260556_all_sinArtefactosConservador.edf,120.43
252260556_all_sinArtefactosEstricto.edf,/kaggle/working/outputs/TESE_pruebas/run_20260902_145353/processed_data/EDF/252260556_EDF/252260556_all_sinArtefactosEstricto.edf,86.69
252260556_left_cleanNorm.edf,/kaggle/working/outputs/TESE_pruebas/run_20260902_145353/processed_data/EDF/252260556_EDF/252260556_left_cleanNorm.edf,67.41
252260556_left_cleanSmooth.edf,/kaggle/working/outputs/TESE_pruebas/run_20260902_145353/processed_data/EDF/252260556_EDF/252260556_left_cleanSmooth.edf,67.41
252260556_left_noOutliers.edf,/kaggle/working/outputs/TESE_pruebas/run_20260902_145353/processed_data/EDF/252260556_EDF/252260556_left_noOutliers.edf,67.41
252260556_left_outliers.edf,/kaggle/working/outputs/TESE_pruebas/run_20260902_145353/processed_data/EDF/252260556_EDF/252260556_left_outliers.edf,68.61
252260556_left_sinArtefactosConservador.edf,/kaggle/working/outputs/TESE_pruebas/run_20260902_145353/processed_data/EDF/252260556_EDF/252260556_left_sinArtefactosConservador.edf,67.41
252260556_left_sinArtefactosEstricto.edf,/kaggle/working/outputs/TESE_pruebas/run_20260902_145353/processed_data/EDF/252260556_EDF/252260556_left_sinArtefactosEstricto.edf,67.41
252260556_pull_cleanNorm.edf,/kaggle/working/outputs/TESE_pruebas/run_20260902_145353/processed_data/EDF/252260556_EDF/252260556_pull_cleanNorm.edf,56.56
252260556_pull_cleanSmooth.edf,/kaggle/working/outputs/TESE_pruebas/run_20260902_145353/processed_data/EDF/252260556_EDF/252260556_pull_cleanSmooth.edf,56.56
252260556_pull_noOutliers.edf,/kaggle/working/outputs/TESE_pruebas/run_20260902_145353/processed_data/EDF/252260556_EDF/252260556_pull_noOutliers.edf,56.56
252260556_pull_outliers.edf,/kaggle/working/outputs/TESE_pruebas/run_20260902_145353/processed_data/EDF/252260556_EDF/252260556_pull_outliers.edf,63.79
252260556_pull_sinArtefactosConservador.edf,/kaggle/working/outputs/TESE_pruebas/run_20260902_145353/processed_data/EDF/252260556_EDF/252260556_pull_sinArtefactosConservador.edf,56.56
252260556_pull_sinArtefactosEstricto.edf,/kaggle/working/outputs/TESE_pruebas/run_20260902_145353/processed_data/EDF/252260556_EDF/252260556_pull_sinArtefactosEstricto.edf,56.56
252260556_push_cleanNorm.edf,/kaggle/working/outputs/TESE_pruebas/run_20260902_145353/processed_data/EDF/252260556_EDF/252260556_push_cleanNorm.edf,36.08
252260556_push_cleanSmooth.edf,/kaggle/working/outputs/TESE_pruebas/run_20260902_145353/processed_data/EDF/252260556_EDF/252260556_push_cleanSmooth.edf,36.08
252260556_push_noOutliers.edf,/kaggle/working/outputs/TESE_pruebas/run_20260902_145353/processed_data/EDF/252260556_EDF/252260556_push_noOutliers.edf,36.08
252260556_push_outliers.edf,/kaggle/working/outputs/TESE_pruebas/run_20260902_145353/processed_data/EDF/252260556_EDF/252260556_push_outliers.edf,42.1
252260556_push_sinArtefactosConservador.edf,/kaggle/working/outputs/TESE_pruebas/run_20260902_145353/processed_data/EDF/252260556_EDF/252260556_push_sinArtefactosConservador.edf,36.08
252260556_push_sinArtefactosEstricto.edf,/kaggle/working/outputs/TESE_pruebas/run_20260902_145353/processed_data/EDF/252260556_EDF/252260556_push_sinArtefactosEstricto.edf,36.08
252260556_right_cleanNorm.edf,/kaggle/working/outputs/TESE_pruebas/run_20260902_145353/processed_data/EDF/252260556_EDF/252260556_right_cleanNorm.edf,32.46
252260556_right_cleanSmooth.edf,/kaggle/working/outputs/TESE_pruebas/run_20260902_145353/processed_data/EDF/252260556_EDF/252260556_right_cleanSmooth.edf,32.46
252260556_right_noOutliers.edf,/kaggle/working/outputs/TESE_pruebas/run_20260902_145353/processed_data/EDF/252260556_EDF/252260556_right_noOutliers.edf,32.46
252260556_right_outliers.edf,/kaggle/working/outputs/TESE_pruebas/run_20260902_145353/processed_data/EDF/252260556_EDF/252260556_right_outliers.edf,37.28
252260556_right_sinArtefactosConservador.edf,/kaggle/working/outputs/TESE_pruebas/run_20260902_145353/processed_data/EDF/252260556_EDF/252260556_right_sinArtefactosConservador.edf,32.46
252260556_right_sinArtefactosEstricto.edf,/kaggle/working/outputs/TESE_pruebas/run_20260902_145353/processed_data/EDF/252260556_EDF/252260556_right_sinArtefactosEstricto.edf,32.46
252260670_all_cleanNorm.edf,/kaggle/working/outputs/TESE_pruebas/run_20260902_145353/processed_data/EDF/252260670_EDF/252260670_all_cleanNorm.edf,38.49
252260670_all_cleanSmooth.edf,/kaggle/working/outputs/TESE_pruebas/run_20260902_145353/processed_data/EDF/252260670_EDF/252260670_all_cleanSmooth.edf,38.49
252260670_all_noOutliers.edf,/kaggle/working/outputs/TESE_pruebas/run_20260902_145353/processed_data/EDF/252260670_EDF/252260670_all_noOutliers.edf,38.49
252260670_all_outliers.edf,/kaggle/working/outputs/TESE_pruebas/run_20260902_145353/processed_data/EDF/252260670_EDF/252260670_all_outliers.edf,46.92
252260670_all_sinArtefactosConservador.edf,/kaggle/working/outputs/TESE_pruebas/run_20260902_145353/processed_data/EDF/252260670_EDF/252260670_all_sinArtefactosConservador.edf,31.26
252260670_all_sinArtefactosEstricto.edf,/kaggle/working/outputs/TESE_pruebas/run_20260902_145353/processed_data/EDF/252260670_EDF/252260670_all_sinArtefactosEstricto.edf,25.23
252260670_left_cleanNorm.edf,/kaggle/working/outputs/TESE_pruebas/run_20260902_145353/processed_data/EDF/252260670_EDF/252260670_left_cleanNorm.edf,20.41
252260670_left_cleanSmooth.edf,/kaggle/working/outputs/TESE_pruebas/run_20260902_145353/processed_data/EDF/252260670_EDF/252260670_left_cleanSmooth.edf,20.41
252260670_left_noOutliers.edf,/kaggle/working/outputs/TESE_pruebas/run_20260902_145353/processed_data/EDF/252260670_EDF/252260670_left_noOutliers.edf,20.41
252260670_left_outliers.edf,/kaggle/working/outputs/TESE_pruebas/run_20260902_145353/processed_data/EDF/252260670_EDF/252260670_left_outliers.edf,20.41
252260670_left_sinArtefactosConservador.edf,/kaggle/working/outputs/TESE_pruebas/run_20260902_145353/processed_data/EDF/252260670_EDF/252260670_left_sinArtefactosConservador.edf,20.41
252260670_left_sinArtefactosEstricto.edf,/kaggle/working/outputs/TESE_pruebas/run_20260902_145353/processed_data/EDF/252260670_EDF/252260670_left_sinArtefactosEstricto.edf,20.41
252260670_pull_cleanNorm.edf,/kaggle/working/outputs/TESE_pruebas/run_20260902_145353/processed_data/EDF/252260670_EDF/252260670_pull_cleanNorm.edf,21.62
252260670_pull_cleanSmooth.edf,/kaggle/working/outputs/TESE_pruebas/run_20260902_145353/processed_data/EDF/252260670_EDF/252260670_pull_cleanSmooth.edf,21.62
252260670_pull_noOutliers.edf,/kaggle/working/outputs/TESE_pruebas/run_20260902_145353/processed_data/EDF/252260670_EDF/252260670_pull_noOutliers.edf,21.62
252260670_pull_outliers.edf,/kaggle/working/outputs/TESE_pruebas/run_20260902_145353/processed_data/EDF/252260670_EDF/252260670_pull_outliers.edf,21.62
252260670_pull_sinArtefactosConservador.edf,/kaggle/working/outputs/TESE_pruebas/run_20260902_145353/processed_data/EDF/252260670_EDF/252260670_pull_sinArtefactosConservador.edf,21.62
252260670_pull_sinArtefactosEstricto.edf,/kaggle/working/outputs/TESE_pruebas/run_20260902_145353/processed_data/EDF/252260670_EDF/252260670_pull_sinArtefactosEstricto.edf,21.62
252260670_push_cleanNorm.edf,/kaggle/working/outputs/TESE_pruebas/run_20260902_145353/processed_data/EDF/252260670_EDF/252260670_push_cleanNorm.edf,27.64
252260670_push_cleanSmooth.edf,/kaggle/working/outputs/TESE_pruebas/run_20260902_145353/processed_data/EDF/252260670_EDF/252260670_push_cleanSmooth.edf,27.64
252260670_push_noOutliers.edf,/kaggle/working/outputs/TESE_pruebas/run_20260902_145353/processed_data/EDF/252260670_EDF/252260670_push_noOutliers.edf,27.64
252260670_push_outliers.edf,/kaggle/working/outputs/TESE_pruebas/run_20260902_145353/processed_data/EDF/252260670_EDF/252260670_push_outliers.edf,28.85
252260670_push_sinArtefactosConservador.edf,/kaggle/working/outputs/TESE_pruebas/run_20260902_145353/processed_data/EDF/252260670_EDF/252260670_push_sinArtefactosConservador.edf,27.64
252260670_push_sinArtefactosEstricto.edf,/kaggle/working/outputs/TESE_pruebas/run_20260902_145353/processed_data/EDF/252260670_EDF/252260670_push_sinArtefactosEstricto.edf,27.64
252260670_right_cleanNorm.edf,/kaggle/working/outputs/TESE_pruebas/run_20260902_145353/processed_data/EDF/252260670_EDF/252260670_right_cleanNorm.edf,28.85
252260670_right_cleanSmooth.edf,/kaggle/working/outputs/TESE_pruebas/run_20260902_145353/processed_data/EDF/252260670_EDF/252260670_right_cleanSmooth.edf,28.85
252260670_right_noOutliers.edf,/kaggle/working/outputs/TESE_pruebas/run_20260902_145353/processed_data/EDF/252260670_EDF/252260670_right_noOutliers.edf,28.85
252260670_right_outliers.edf,/kaggle/working/outputs/TESE_pruebas/run_20260902_145353/processed_data/EDF/252260670_EDF/252260670_right_outliers.edf,32.46
252260670_right_sinArtefactosConservador.edf,/kaggle/working/outputs/TESE_pruebas/run_20260902_145353/processed_data/EDF/252260670_EDF/252260670_right_sinArtefactosConservador.edf,28.85
252260670_right_sinArtefactosEstricto.edf,/kaggle/working/outputs/TESE_pruebas/run_20260902_145353/processed_data/EDF/252260670_EDF/252260670_right_sinArtefactosEstricto.edf,28.85
cano_all_cleanNorm.edf,/kaggle/working/outputs/TESE_pruebas/run_20260902_145353/processed_data/EDF/cano_EDF/cano_all_cleanNorm.edf,151.76
cano_all_cleanSmooth.edf,/kaggle/working/outputs/TESE_pruebas/run_20260902_145353/processed_data/EDF/cano_EDF/cano_all_cleanSmooth.edf,151.76
cano_all_noOutliers.edf,/kaggle/working/outputs/TESE_pruebas/run_20260902_145353/processed_data/EDF/cano_EDF/cano_all_noOutliers.edf,151.76
cano_all_outliers.edf,/kaggle/working/outputs/TESE_pruebas/run_20260902_145353/processed_data/EDF/cano_EDF/cano_all_outliers.edf,160.2
cano_all_sinArtefactosConservador.edf,/kaggle/working/outputs/TESE_pruebas/run_20260902_145353/processed_data/EDF/cano_EDF/cano_all_sinArtefactosConservador.edf,113.2
cano_all_sinArtefactosEstricto.edf,/kaggle/working/outputs/TESE_pruebas/run_20260902_145353/processed_data/EDF/cano_EDF/cano_all_sinArtefactosEstricto.edf,77.05
cano_left_cleanNorm.edf,/kaggle/working/outputs/TESE_pruebas/run_20260902_145353/processed_data/EDF/cano_EDF/cano_left_cleanNorm.edf,30.05
cano_left_cleanSmooth.edf,/kaggle/working/outputs/TESE_pruebas/run_20260902_145353/processed_data/EDF/cano_EDF/cano_left_cleanSmooth.edf,30.05
cano_left_noOutliers.edf,/kaggle/working/outputs/TESE_pruebas/run_20260902_145353/processed_data/EDF/cano_EDF/cano_left_noOutliers.edf,30.05
cano_left_outliers.edf,/kaggle/working/outputs/TESE_pruebas/run_20260902_145353/processed_data/EDF/cano_EDF/cano_left_outliers.edf,34.87
cano_left_sinArtefactosConservador.edf,/kaggle/working/outputs/TESE_pruebas/run_20260902_145353/processed_data/EDF/cano_EDF/cano_left_sinArtefactosConservador.edf,30.05
cano_left_sinArtefactosEstricto.edf,/kaggle/working/outputs/TESE_pruebas/run_20260902_145353/processed_data/EDF/cano_EDF/cano_left_sinArtefactosEstricto.edf,30.05
cano_pull_cleanNorm.edf,/kaggle/working/outputs/TESE_pruebas/run_20260902_145353/processed_data/EDF/cano_EDF/cano_pull_cleanNorm.edf,22.82
cano_pull_cleanSmooth.edf,/kaggle/working/outputs/TESE_pruebas/run_20260902_145353/processed_data/EDF/cano_EDF/cano_pull_cleanSmooth.edf,22.82
cano_pull_noOutliers.edf,/kaggle/working/outputs/TESE_pruebas/run_20260902_145353/processed_data/EDF/cano_EDF/cano_pull_noOutliers.edf,22.82
cano_pull_outliers.edf,/kaggle/working/outputs/TESE_pruebas/run_20260902_145353/processed_data/EDF/cano_EDF/cano_pull_outliers.edf,24.03
cano_pull_sinArtefactosConservador.edf,/kaggle/working/outputs/TESE_pruebas/run_20260902_145353/processed_data/EDF/cano_EDF/cano_pull_sinArtefactosConservador.edf,22.82
cano_pull_sinArtefactosEstricto.edf,/kaggle/working/outputs/TESE_pruebas/run_20260902_145353/processed_data/EDF/cano_EDF/cano_pull_sinArtefactosEstricto.edf,22.82
cano_push_cleanNorm.edf,/kaggle/working/outputs/TESE_pruebas/run_20260902_145353/processed_data/EDF/cano_EDF/cano_push_cleanNorm.edf,42.1
cano_push_cleanSmooth.edf,/kaggle/working/outputs/TESE_pruebas/run_20260902_145353/processed_data/EDF/cano_EDF/cano_push_cleanSmooth.edf,42.1
cano_push_noOutliers.edf,/kaggle/working/outputs/TESE_pruebas/run_20260902_145353/processed_data/EDF/cano_EDF/cano_push_noOutliers.edf,42.1
cano_push_outliers.edf,/kaggle/working/outputs/TESE_pruebas/run_20260902_145353/processed_data/EDF/cano_EDF/cano_push_outliers.edf,54.15
cano_push_sinArtefactosConservador.edf,/kaggle/working/outputs/TESE_pruebas/run_20260902_145353/processed_data/EDF/cano_EDF/cano_push_sinArtefactosConservador.edf,42.1
cano_push_sinArtefactosEstricto.edf,/kaggle/working/outputs/TESE_pruebas/run_20260902_145353/processed_data/EDF/cano_EDF/cano_push_sinArtefactosEstricto.edf,42.1
cano_right_cleanNorm.edf,/kaggle/working/outputs/TESE_pruebas/run_20260902_145353/processed_data/EDF/cano_EDF/cano_right_cleanNorm.edf,96.33
cano_right_cleanSmooth.edf,/kaggle/working/outputs/TESE_pruebas/run_20260902_145353/processed_data/EDF/cano_EDF/cano_right_cleanSmooth.edf,96.33
cano_right_noOutliers.edf,/kaggle/working/outputs/TESE_pruebas/run_20260902_145353/processed_data/EDF/cano_EDF/cano_right_noOutliers.edf,96.33
cano_right_outliers.edf,/kaggle/working/outputs/TESE_pruebas/run_20260902_145353/processed_data/EDF/cano_EDF/cano_right_outliers.edf,103.56
cano_right_sinArtefactosConservador.edf,/kaggle/working/outputs/TESE_pruebas/run_20260902_145353/processed_data/EDF/cano_EDF/cano_right_sinArtefactosConservador.edf,96.33
cano_right_sinArtefactosEstricto.edf,/kaggle/working/outputs/TESE_pruebas/run_20260902_145353/processed_data/EDF/cano_EDF/cano_right_sinArtefactosEstricto.edf,96.33
villanueva_all_cleanNorm.edf,/kaggle/working/outputs/TESE_pruebas/run_20260902_145353/processed_data/EDF/villanueva_EDF/villanueva_all_cleanNorm.edf,113.2
villanueva_all_cleanSmooth.edf,/kaggle/working/outputs/TESE_pruebas/run_20260902_145353/processed_data/EDF/villanueva_EDF/villanueva_all_cleanSmooth.edf,113.2
villanueva_all_noOutliers.edf,/kaggle/working/outputs/TESE_pruebas/run_20260902_145353/processed_data/EDF/villanueva_EDF/villanueva_all_noOutliers.edf,113.2
villanueva_all_outliers.edf,/kaggle/working/outputs/TESE_pruebas/run_20260902_145353/processed_data/EDF/villanueva_EDF/villanueva_all_outliers.edf,122.84
villanueva_all_sinArtefactosConservador.edf,/kaggle/working/outputs/TESE_pruebas/run_20260902_145353/processed_data/EDF/villanueva_EDF/villanueva_all_sinArtefactosConservador.edf,102.36
villanueva_all_sinArtefactosEstricto.edf,/kaggle/working/outputs/TESE_pruebas/run_20260902_145353/processed_data/EDF/villanueva_EDF/villanueva_all_sinArtefactosEstricto.edf,72.23
villanueva_left_cleanNorm.edf,/kaggle/working/outputs/TESE_pruebas/run_20260902_145353/processed_data/EDF/villanueva_EDF/villanueva_left_cleanNorm.edf,21.62
villanueva_left_cleanSmooth.edf,/kaggle/working/outputs/TESE_pruebas/run_20260902_145353/processed_data/EDF/villanueva_EDF/villanueva_left_cleanSmooth.edf,21.62
villanueva_left_noOutliers.edf,/kaggle/working/outputs/TESE_pruebas/run_20260902_145353/processed_data/EDF/villanueva_EDF/villanueva_left_noOutliers.edf,21.62
villanueva_left_outliers.edf,/kaggle/working/outputs/TESE_pruebas/run_20260902_145353/processed_data/EDF/villanueva_EDF/villanueva_left_outliers.edf,21.62
villanueva_left_sinArtefactosConservador.edf,/kaggle/working/outputs/TESE_pruebas/run_20260902_145353/processed_data/EDF/villanueva_EDF/villanueva_left_sinArtefactosConservador.edf,21.62
villanueva_left_sinArtefactosEstricto.edf,/kaggle/working/outputs/TESE_pruebas/run_20260902_145353/processed_data/EDF/villanueva_EDF/villanueva_left_sinArtefactosEstricto.edf,21.62
villanueva_pull_cleanNorm.edf,/kaggle/working/outputs/TESE_pruebas/run_20260902_145353/processed_data/EDF/villanueva_EDF/villanueva_pull_cleanNorm.edf,73.43
villanueva_pull_cleanSmooth.edf,/kaggle/working/outputs/TESE_pruebas/run_20260902_145353/processed_data/EDF/villanueva_EDF/villanueva_pull_cleanSmooth.edf,73.43
villanueva_pull_noOutliers.edf,/kaggle/working/outputs/TESE_pruebas/run_20260902_145353/processed_data/EDF/villanueva_EDF/villanueva_pull_noOutliers.edf,73.43
villanueva_pull_outliers.edf,/kaggle/working/outputs/TESE_pruebas/run_20260902_145353/processed_data/EDF/villanueva_EDF/villanueva_pull_outliers.edf,78.25
villanueva_pull_sinArtefactosConservador.edf,/kaggle/working/outputs/TESE_pruebas/run_20260902_145353/processed_data/EDF/villanueva_EDF/villanueva_pull_sinArtefactosConservador.edf,73.43
villanueva_pull_sinArtefactosEstricto.edf,/kaggle/working/outputs/TESE_pruebas/run_20260902_145353/processed_data/EDF/villanueva_EDF/villanueva_pull_sinArtefactosEstricto.edf,73.43
villanueva_push_cleanNorm.edf,/kaggle/working/outputs/TESE_pruebas/run_20260902_145353/processed_data/EDF/villanueva_EDF/villanueva_push_cleanNorm.edf,50.54
villanueva_push_cleanSmooth.edf,/kaggle/working/outputs/TESE_pruebas/run_20260902_145353/processed_data/EDF/villanueva_EDF/villanueva_push_cleanSmooth.edf,50.54
villanueva_push_noOutliers.edf,/kaggle/working/outputs/TESE_pruebas/run_20260902_145353/processed_data/EDF/villanueva_EDF/villanueva_push_noOutliers.edf,50.54
villanueva_push_outliers.edf,/kaggle/working/outputs/TESE_pruebas/run_20260902_145353/processed_data/EDF/villanueva_EDF/villanueva_push_outliers.edf,52.95
villanueva_push_sinArtefactosConservador.edf,/kaggle/working/outputs/TESE_pruebas/run_20260902_145353/processed_data/EDF/villanueva_EDF/villanueva_push_sinArtefactosConservador.edf,50.54
villanueva_push_sinArtefactosEstricto.edf,/kaggle/working/outputs/TESE_pruebas/run_20260902_145353/processed_data/EDF/villanueva_EDF/villanueva_push_sinArtefactosEstricto.edf,50.54
villanueva_right_cleanNorm.edf,/kaggle/working/outputs/TESE_pruebas/run_20260902_145353/processed_data/EDF/villanueva_EDF/villanueva_right_cleanNorm.edf,25.23
villanueva_right_cleanSmooth.edf,/kaggle/working/outputs/TESE_pruebas/run_20260902_145353/processed_data/EDF/villanueva_EDF/villanueva_right_cleanSmooth.edf,25.23
villanueva_right_noOutliers.edf,/kaggle/working/outputs/TESE_pruebas/run_20260902_145353/processed_data/EDF/villanueva_EDF/villanueva_right_noOutliers.edf,25.23
villanueva_right_outliers.edf,/kaggle/working/outputs/TESE_pruebas/run_20260902_145353/processed_data/EDF/villanueva_EDF/villanueva_right_outliers.edf,26.44
villanueva_right_sinArtefactosConservador.edf,/kaggle/working/outputs/TESE_pruebas/run_20260902_145353/processed_data/EDF/villanueva_EDF/villanueva_right_sinArtefactosConservador.edf,25.23
villanueva_right_sinArtefactosEstricto.edf,/kaggle/working/outputs/TESE_pruebas/run_20260902_145353/processed_data/EDF/villanueva_EDF/villanueva_right_sinArtefactosEstricto.edf,25.23
211260561_Left_matchResults.csv,/kaggle/working/outputs/TESE_pruebas/run_20260902_145353/processed_data/Match/211260561_MATCH/211260561_Left_matchResults.csv,165.26
211260561_Pull_matchResults.csv,/kaggle/working/outputs/TESE_pruebas/run_20260902_145353/processed_data/Match/211260561_MATCH/211260561_Pull_matchResults.csv,60.97
211260561_Push_matchResults.csv,/kaggle/working/outputs/TESE_pruebas/run_20260902_145353/processed_data/Match/211260561_MATCH/211260561_Push_matchResults.csv,108.09
211260561_Right_matchResults.csv,/kaggle/working/outputs/TESE_pruebas/run_20260902_145353/processed_data/Match/211260561_MATCH/211260561_Right_matchResults.csv,47.65
211260561_all_Outliers.csv,/kaggle/working/outputs/TESE_pruebas/run_20260902_145353/processed_data/Match/211260561_MATCH/211260561_all_Outliers.csv,379.75
212260563_Left_matchResults.csv,/kaggle/working/outputs/TESE_pruebas/run_20260902_145353/processed_data/Match/212260563_MATCH/212260563_Left_matchResults.csv,39.08
212260563_Pull_matchResults.csv,/kaggle/working/outputs/TESE_pruebas/run_20260902_145353/processed_data/Match/212260563_MATCH/212260563_Pull_matchResults.csv,21.65
212260563_Push_matchResults.csv,/kaggle/working/outputs/TESE_pruebas/run_20260902_145353/processed_data/Match/212260563_MATCH/212260563_Push_matchResults.csv,3.44
212260563_Right_matchResults.csv,/kaggle/working/outputs/TESE_pruebas/run_20260902_145353/processed_data/Match/212260563_MATCH/212260563_Right_matchResults.csv,27.29
212260563_all_Outliers.csv,/kaggle/working/outputs/TESE_pruebas/run_20260902_145353/processed_data/Match/212260563_MATCH/212260563_all_Outliers.csv,89.24
212260567_Left_matchResults.csv,/kaggle/working/outputs/TESE_pruebas/run_20260902_145353/processed_data/Match/212260567_MATCH/212260567_Left_matchResults.csv,32.85
212260567_Pull_matchResults.csv,/kaggle/working/outputs/TESE_pruebas/run_20260902_145353/processed_data/Match/212260567_MATCH/212260567_Pull_matchResults.csv,38.89
212260567_Push_matchResults.csv,/kaggle/working/outputs/TESE_pruebas/run_20260902_145353/processed_data/Match/212260567_MATCH/212260567_Push_matchResults.csv,16.97
212260567_Right_matchResults.csv,/kaggle/working/outputs/TESE_pruebas/run_20260902_145353/processed_data/Match/212260567_MATCH/212260567_Right_matchResults.csv,4.2
212260567_all_Outliers.csv,/kaggle/working/outputs/TESE_pruebas/run_20260902_145353/processed_data/Match/212260567_MATCH/212260567_all_Outliers.csv,90.68
212260569_Left_matchResults.csv,/kaggle/working/outputs/TESE_pruebas/run_20260902_145353/processed_data/Match/212260569_MATCH/212260569_Left_matchResults.csv,64.97
212260569_Pull_matchResults.csv,/kaggle/working/outputs/TESE_pruebas/run_20260902_145353/processed_data/Match/212260569_MATCH/212260569_Pull_matchResults.csv,15.31
212260569_Push_matchResults.csv,/kaggle/working/outputs/TESE_pruebas/run_20260902_145353/processed_data/Match/212260569_MATCH/212260569_Push_matchResults.csv,75.38
212260569_all_Outliers.csv,/kaggle/working/outputs/TESE_pruebas/run_20260902_145353/processed_data/Match/212260569_MATCH/212260569_all_Outliers.csv,154.17
212260666_Left_matchResults.csv,/kaggle/working/outputs/TESE_pruebas/run_20260902_145353/processed_data/Match/212260666_MATCH/212260666_Left_matchResults.csv,9.37
212260666_Pull_matchResults.csv,/kaggle/working/outputs/TESE_pruebas/run_20260902_145353/processed_data/Match/212260666_MATCH/212260666_Pull_matchResults.csv,90.29
212260666_Push_matchResults.csv,/kaggle/working/outputs/TESE_pruebas/run_20260902_145353/processed_data/Match/212260666_MATCH/212260666_Push_matchResults.csv,24.66
212260666_Right_matchResults.csv,/kaggle/working/outputs/TESE_pruebas/run_20260902_145353/processed_data/Match/212260666_MATCH/212260666_Right_matchResults.csv,21.45
212260666_all_Outliers.csv,/kaggle/working/outputs/TESE_pruebas/run_20260902_145353/processed_data/Match/212260666_MATCH/212260666_all_Outliers.csv,143.55
212260668_Left_matchResults.csv,/kaggle/working/outputs/TESE_pruebas/run_20260902_145353/processed_data/Match/212260668_MATCH/212260668_Left_matchResults.csv,4.46
212260668_Pull_matchResults.csv,/kaggle/working/outputs/TESE_pruebas/run_20260902_145353/processed_data/Match/212260668_MATCH/212260668_Pull_matchResults.csv,39.27
212260668_Push_matchResults.csv,/kaggle/working/outputs/TESE_pruebas/run_20260902_145353/processed_data/Match/212260668_MATCH/212260668_Push_matchResults.csv,46.52
212260668_Right_matchResults.csv,/kaggle/working/outputs/TESE_pruebas/run_20260902_145353/processed_data/Match/212260668_MATCH/212260668_Right_matchResults.csv,44.23
212260668_all_Outliers.csv,/kaggle/working/outputs/TESE_pruebas/run_20260902_145353/processed_data/Match/212260668_MATCH/212260668_all_Outliers.csv,132.26
212260672_Left_matchResults.csv,/kaggle/working/outputs/TESE_pruebas/run_20260902_145353/processed_data/Match/212260672_MATCH/212260672_Left_matchResults.csv,9.25
212260672_Pull_matchResults.csv,/kaggle/working/outputs/TESE_pruebas/run_20260902_145353/processed_data/Match/212260672_MATCH/212260672_Pull_matchResults.csv,36.56
212260672_Push_matchResults.csv,/kaggle/working/outputs/TESE_pruebas/run_20260902_145353/processed_data/Match/212260672_MATCH/212260672_Push_matchResults.csv,6.53
212260672_Right_matchResults.csv,/kaggle/working/outputs/TESE_pruebas/run_20260902_145353/processed_data/Match/212260672_MATCH/212260672_Right_matchResults.csv,19.93
212260672_all_Outliers.csv,/kaggle/working/outputs/TESE_pruebas/run_20260902_145353/processed_data/Match/212260672_MATCH/212260672_all_Outliers.csv,70.04
222260671_Left_matchResults.csv,/kaggle/working/outputs/TESE_pruebas/run_20260902_145353/processed_data/Match/222260671_MATCH/222260671_Left_matchResults.csv,17.56
222260671_Pull_matchResults.csv,/kaggle/working/outputs/TESE_pruebas/run_20260902_145353/processed_data/Match/222260671_MATCH/222260671_Pull_matchResults.csv,23.02
222260671_Push_matchResults.csv,/kaggle/working/outputs/TESE_pruebas/run_20260902_145353/processed_data/Match/222260671_MATCH/222260671_Push_matchResults.csv,12.89
222260671_Right_matchResults.csv,/kaggle/working/outputs/TESE_pruebas/run_20260902_145353/processed_data/Match/222260671_MATCH/222260671_Right_matchResults.csv,82.38
222260671_all_Outliers.csv,/kaggle/working/outputs/TESE_pruebas/run_20260902_145353/processed_data/Match/222260671_MATCH/222260671_all_Outliers.csv,133.63
22260552_Left_matchResults.csv,/kaggle/working/outputs/TESE_pruebas/run_20260902_145353/processed_data/Match/22260552_MATCH/22260552_Left_matchResults.csv,127.48
22260552_Pull_matchResults.csv,/kaggle/working/outputs/TESE_pruebas/run_20260902_145353/processed_data/Match/22260552_MATCH/22260552_Pull_matchResults.csv,316.06
22260552_Push_matchResults.csv,/kaggle/working/outputs/TESE_pruebas/run_20260902_145353/processed_data/Match/22260552_MATCH/22260552_Push_matchResults.csv,41.96
22260552_Right_matchResults.csv,/kaggle/working/outputs/TESE_pruebas/run_20260902_145353/processed_data/Match/22260552_MATCH/22260552_Right_matchResults.csv,249.01
22260552_all_Outliers.csv,/kaggle/working/outputs/TESE_pruebas/run_20260902_145353/processed_data/Match/22260552_MATCH/22260552_all_Outliers.csv,732.3
231260558_Left_matchResults.csv,/kaggle/working/outputs/TESE_pruebas/run_20260902_145353/processed_data/Match/231260558_MATCH/231260558_Left_matchResults.csv,158.41
231260558_Pull_matchResults.csv,/kaggle/working/outputs/TESE_pruebas/run_20260902_145353/processed_data/Match/231260558_MATCH/231260558_Pull_matchResults.csv,282.5
231260558_Push_matchResults.csv,/kaggle/working/outputs/TESE_pruebas/run_20260902_145353/processed_data/Match/231260558_MATCH/231260558_Push_matchResults.csv,103.04
231260558_Right_matchResults.csv,/kaggle/working/outputs/TESE_pruebas/run_20260902_145353/processed_data/Match/231260558_MATCH/231260558_Right_matchResults.csv,120.52
231260558_all_Outliers.csv,/kaggle/working/outputs/TESE_pruebas/run_20260902_145353/processed_data/Match/231260558_MATCH/231260558_all_Outliers.csv,662.25
252260554_Left_matchResults.csv,/kaggle/working/outputs/TESE_pruebas/run_20260902_145353/processed_data/Match/252260554_MATCH/252260554_Left_matchResults.csv,167.14
252260554_Pull_matchResults.csv,/kaggle/working/outputs/TESE_pruebas/run_20260902_145353/processed_data/Match/252260554_MATCH/252260554_Pull_matchResults.csv,31.38
252260554_Push_matchResults.csv,/kaggle/working/outputs/TESE_pruebas/run_20260902_145353/processed_data/Match/252260554_MATCH/252260554_Push_matchResults.csv,164.53
252260554_Right_matchResults.csv,/kaggle/working/outputs/TESE_pruebas/run_20260902_145353/processed_data/Match/252260554_MATCH/252260554_Right_matchResults.csv,48.2
252260554_all_Outliers.csv,/kaggle/working/outputs/TESE_pruebas/run_20260902_145353/processed_data/Match/252260554_MATCH/252260554_all_Outliers.csv,409.04
252260556_Left_matchResults.csv,/kaggle/working/outputs/TESE_pruebas/run_20260902_145353/processed_data/Match/252260556_MATCH/252260556_Left_matchResults.csv,178.5
252260556_Pull_matchResults.csv,/kaggle/working/outputs/TESE_pruebas/run_20260902_145353/processed_data/Match/252260556_MATCH/252260556_Pull_matchResults.csv,158.74
252260556_Push_matchResults.csv,/kaggle/working/outputs/TESE_pruebas/run_20260902_145353/processed_data/Match/252260556_MATCH/252260556_Push_matchResults.csv,84.52
252260556_Right_matchResults.csv,/kaggle/working/outputs/TESE_pruebas/run_20260902_145353/processed_data/Match/252260556_MATCH/252260556_Right_matchResults.csv,64.96
252260556_all_Outliers.csv,/kaggle/working/outputs/TESE_pruebas/run_20260902_145353/processed_data/Match/252260556_MATCH/252260556_all_Outliers.csv,484.51
252260670_Left_matchResults.csv,/kaggle/working/outputs/TESE_pruebas/run_20260902_145353/processed_data/Match/252260670_MATCH/252260670_Left_matchResults.csv,5.49
252260670_Pull_matchResults.csv,/kaggle/working/outputs/TESE_pruebas/run_20260902_145353/processed_data/Match/252260670_MATCH/252260670_Pull_matchResults.csv,11.29
252260670_Push_matchResults.csv,/kaggle/working/outputs/TESE_pruebas/run_20260902_145353/processed_data/Match/252260670_MATCH/252260670_Push_matchResults.csv,36.79
252260670_Right_matchResults.csv,/kaggle/working/outputs/TESE_pruebas/run_20260902_145353/processed_data/Match/252260670_MATCH/252260670_Right_matchResults.csv,50.65
252260670_all_Outliers.csv,/kaggle/working/outputs/TESE_pruebas/run_20260902_145353/processed_data/Match/252260670_MATCH/252260670_all_Outliers.csv,102.0
cano_Left_matchResults.csv,/kaggle/working/outputs/TESE_pruebas/run_20260902_145353/processed_data/Match/cano_MATCH/cano_Left_matchResults.csv,58.02
cano_Pull_matchResults.csv,/kaggle/working/outputs/TESE_pruebas/run_20260902_145353/processed_data/Match/cano_MATCH/cano_Pull_matchResults.csv,19.51
cano_Push_matchResults.csv,/kaggle/working/outputs/TESE_pruebas/run_20260902_145353/processed_data/Match/cano_MATCH/cano_Push_matchResults.csv,127.23
cano_Right_matchResults.csv,/kaggle/working/outputs/TESE_pruebas/run_20260902_145353/processed_data/Match/cano_MATCH/cano_Right_matchResults.csv,308.81
cano_all_Outliers.csv,/kaggle/working/outputs/TESE_pruebas/run_20260902_145353/processed_data/Match/cano_MATCH/cano_all_Outliers.csv,511.35
villanueva_Left_matchResults.csv,/kaggle/working/outputs/TESE_pruebas/run_20260902_145353/processed_data/Match/villanueva_MATCH/villanueva_Left_matchResults.csv,10.12
villanueva_Pull_matchResults.csv,/kaggle/working/outputs/TESE_pruebas/run_20260902_145353/processed_data/Match/villanueva_MATCH/villanueva_Pull_matchResults.csv,217.62
villanueva_Push_matchResults.csv,/kaggle/working/outputs/TESE_pruebas/run_20260902_145353/processed_data/Match/villanueva_MATCH/villanueva_Push_matchResults.csv,125.1
villanueva_Right_matchResults.csv,/kaggle/working/outputs/TESE_pruebas/run_20260902_145353/processed_data/Match/villanueva_MATCH/villanueva_Right_matchResults.csv,27.86
villanueva_all_Outliers.csv,/kaggle/working/outputs/TESE_pruebas/run_20260902_145353/processed_data/Match/villanueva_MATCH/villanueva_all_Outliers.csv,378.48
211260561_all_cleanNorm_correlation.csv,/kaggle/working/outputs/TESE_pruebas/run_20260902_145353/processed_data/correlation/211260561_CORRELATION/211260561_all_cleanNorm_correlation.csv,670.77
211260561_all_cleanSmooth_correlation.csv,/kaggle/working/outputs/TESE_pruebas/run_20260902_145353/processed_data/correlation/211260561_CORRELATION/211260561_all_cleanSmooth_correlation.csv,671.02
211260561_all_noOutliers_correlation.csv,/kaggle/working/outputs/TESE_pruebas/run_20260902_145353/processed_data/correlation/211260561_CORRELATION/211260561_all_noOutliers_correlation.csv,207.93
211260561_all_outliers_correlation.csv,/kaggle/working/outputs/TESE_pruebas/run_20260902_145353/processed_data/correlation/211260561_CORRELATION/211260561_all_outliers_correlation.csv,293.99
211260561_all_sinArtefactosConservador_correlation.csv,/kaggle/working/outputs/TESE_pruebas/run_20260902_145353/processed_data/correlation/211260561_CORRELATION/211260561_all_sinArtefactosConservador_correlation.csv,166.34
211260561_all_sinArtefactosEstricto_correlation.csv,/kaggle/working/outputs/TESE_pruebas/run_20260902_145353/processed_data/correlation/211260561_CORRELATION/211260561_all_sinArtefactosEstricto_correlation.csv,121.4
211260561_left_cleanNorm_correlation.csv,/kaggle/working/outputs/TESE_pruebas/run_20260902_145353/processed_data/correlation/211260561_CORRELATION/211260561_left_cleanNorm_correlation.csv,293.66
211260561_left_cleanSmooth_correlation.csv,/kaggle/working/outputs/TESE_pruebas/run_20260902_145353/processed_data/correlation/211260561_CORRELATION/211260561_left_cleanSmooth_correlation.csv,293.65
211260561_left_noOutliers_correlation.csv,/kaggle/working/outputs/TESE_pruebas/run_20260902_145353/processed_data/correlation/211260561_CORRELATION/211260561_left_noOutliers_correlation.csv,91.38
211260561_left_outliers_correlation.csv,/kaggle/working/outputs/TESE_pruebas/run_20260902_145353/processed_data/correlation/211260561_CORRELATION/211260561_left_outliers_correlation.csv,127.72
211260561_left_sinArtefactosConservador_correlation.csv,/kaggle/working/outputs/TESE_pruebas/run_20260902_145353/processed_data/correlation/211260561_CORRELATION/211260561_left_sinArtefactosConservador_correlation.csv,91.38
211260561_left_sinArtefactosEstricto_correlation.csv,/kaggle/working/outputs/TESE_pruebas/run_20260902_145353/processed_data/correlation/211260561_CORRELATION/211260561_left_sinArtefactosEstricto_correlation.csv,91.38
211260561_pull_cleanNorm_correlation.csv,/kaggle/working/outputs/TESE_pruebas/run_20260902_145353/processed_data/correlation/211260561_CORRELATION/211260561_pull_cleanNorm_correlation.csv,109.62
211260561_pull_cleanSmooth_correlation.csv,/kaggle/working/outputs/TESE_pruebas/run_20260902_145353/processed_data/correlation/211260561_CORRELATION/211260561_pull_cleanSmooth_correlation.csv,109.8
211260561_pull_noOutliers_correlation.csv,/kaggle/working/outputs/TESE_pruebas/run_20260902_145353/processed_data/correlation/211260561_CORRELATION/211260561_pull_noOutliers_correlation.csv,34.52
211260561_pull_outliers_correlation.csv,/kaggle/working/outputs/TESE_pruebas/run_20260902_145353/processed_data/correlation/211260561_CORRELATION/211260561_pull_outliers_correlation.csv,47.43
211260561_pull_sinArtefactosConservador_correlation.csv,/kaggle/working/outputs/TESE_pruebas/run_20260902_145353/processed_data/correlation/211260561_CORRELATION/211260561_pull_sinArtefactosConservador_correlation.csv,34.52
211260561_pull_sinArtefactosEstricto_correlation.csv,/kaggle/working/outputs/TESE_pruebas/run_20260902_145353/processed_data/correlation/211260561_CORRELATION/211260561_pull_sinArtefactosEstricto_correlation.csv,34.52
211260561_push_cleanNorm_correlation.csv,/kaggle/working/outputs/TESE_pruebas/run_20260902_145353/processed_data/correlation/211260561_CORRELATION/211260561_push_cleanNorm_correlation.csv,182.93
211260561_push_cleanSmooth_correlation.csv,/kaggle/working/outputs/TESE_pruebas/run_20260902_145353/processed_data/correlation/211260561_CORRELATION/211260561_push_cleanSmooth_correlation.csv,182.89
211260561_push_noOutliers_correlation.csv,/kaggle/working/outputs/TESE_pruebas/run_20260902_145353/processed_data/correlation/211260561_CORRELATION/211260561_push_noOutliers_correlation.csv,57.06
211260561_push_outliers_correlation.csv,/kaggle/working/outputs/TESE_pruebas/run_20260902_145353/processed_data/correlation/211260561_CORRELATION/211260561_push_outliers_correlation.csv,83.95
211260561_push_sinArtefactosConservador_correlation.csv,/kaggle/working/outputs/TESE_pruebas/run_20260902_145353/processed_data/correlation/211260561_CORRELATION/211260561_push_sinArtefactosConservador_correlation.csv,57.06
211260561_push_sinArtefactosEstricto_correlation.csv,/kaggle/working/outputs/TESE_pruebas/run_20260902_145353/processed_data/correlation/211260561_CORRELATION/211260561_push_sinArtefactosEstricto_correlation.csv,57.06
211260561_ranking_correlacion.csv,/kaggle/working/outputs/TESE_pruebas/run_20260902_145353/processed_data/correlation/211260561_CORRELATION/211260561_ranking_correlacion.csv,1.13
211260561_right_cleanNorm_correlation.csv,/kaggle/working/outputs/TESE_pruebas/run_20260902_145353/processed_data/correlation/211260561_CORRELATION/211260561_right_cleanNorm_correlation.csv,92.37
211260561_right_cleanSmooth_correlation.csv,/kaggle/working/outputs/TESE_pruebas/run_20260902_145353/processed_data/correlation/211260561_CORRELATION/211260561_right_cleanSmooth_correlation.csv,92.43
211260561_right_noOutliers_correlation.csv,/kaggle/working/outputs/TESE_pruebas/run_20260902_145353/processed_data/correlation/211260561_CORRELATION/211260561_right_noOutliers_correlation.csv,28.98
211260561_right_outliers_correlation.csv,/kaggle/working/outputs/TESE_pruebas/run_20260902_145353/processed_data/correlation/211260561_CORRELATION/211260561_right_outliers_correlation.csv,36.82
211260561_right_sinArtefactosConservador_correlation.csv,/kaggle/working/outputs/TESE_pruebas/run_20260902_145353/processed_data/correlation/211260561_CORRELATION/211260561_right_sinArtefactosConservador_correlation.csv,28.98
211260561_right_sinArtefactosEstricto_correlation.csv,/kaggle/working/outputs/TESE_pruebas/run_20260902_145353/processed_data/correlation/211260561_CORRELATION/211260561_right_sinArtefactosEstricto_correlation.csv,28.98
212260563_all_cleanNorm_correlation.csv,/kaggle/working/outputs/TESE_pruebas/run_20260902_145353/processed_data/correlation/212260563_CORRELATION/212260563_all_cleanNorm_correlation.csv,177.92
212260563_all_cleanSmooth_correlation.csv,/kaggle/working/outputs/TESE_pruebas/run_20260902_145353/processed_data/correlation/212260563_CORRELATION/212260563_all_cleanSmooth_correlation.csv,177.56
212260563_all_noOutliers_correlation.csv,/kaggle/working/outputs/TESE_pruebas/run_20260902_145353/processed_data/correlation/212260563_CORRELATION/212260563_all_noOutliers_correlation.csv,55.08
212260563_all_outliers_correlation.csv,/kaggle/working/outputs/TESE_pruebas/run_20260902_145353/processed_data/correlation/212260563_CORRELATION/212260563_all_outliers_correlation.csv,69.23
212260563_all_sinArtefactosConservador_correlation.csv,/kaggle/working/outputs/TESE_pruebas/run_20260902_145353/processed_data/correlation/212260563_CORRELATION/212260563_all_sinArtefactosConservador_correlation.csv,32.43
212260563_all_sinArtefactosEstricto_correlation.csv,/kaggle/working/outputs/TESE_pruebas/run_20260902_145353/processed_data/correlation/212260563_CORRELATION/212260563_all_sinArtefactosEstricto_correlation.csv,19.36
212260563_left_cleanNorm_correlation.csv,/kaggle/working/outputs/TESE_pruebas/run_20260902_145353/processed_data/correlation/212260563_CORRELATION/212260563_left_cleanNorm_correlation.csv,81.73
212260563_left_cleanSmooth_correlation.csv,/kaggle/working/outputs/TESE_pruebas/run_20260902_145353/processed_data/correlation/212260563_CORRELATION/212260563_left_cleanSmooth_correlation.csv,81.52
212260563_left_noOutliers_correlation.csv,/kaggle/working/outputs/TESE_pruebas/run_20260902_145353/processed_data/correlation/212260563_CORRELATION/212260563_left_noOutliers_correlation.csv,25.37
212260563_left_outliers_correlation.csv,/kaggle/working/outputs/TESE_pruebas/run_20260902_145353/processed_data/correlation/212260563_CORRELATION/212260563_left_outliers_correlation.csv,30.33
212260563_left_sinArtefactosConservador_correlation.csv,/kaggle/working/outputs/TESE_pruebas/run_20260902_145353/processed_data/correlation/212260563_CORRELATION/212260563_left_sinArtefactosConservador_correlation.csv,25.37
212260563_left_sinArtefactosEstricto_correlation.csv,/kaggle/working/outputs/TESE_pruebas/run_20260902_145353/processed_data/correlation/212260563_CORRELATION/212260563_left_sinArtefactosEstricto_correlation.csv,25.37
212260563_pull_cleanNorm_correlation.csv,/kaggle/working/outputs/TESE_pruebas/run_20260902_145353/processed_data/correlation/212260563_CORRELATION/212260563_pull_cleanNorm_correlation.csv,43.04
212260563_pull_cleanSmooth_correlation.csv,/kaggle/working/outputs/TESE_pruebas/run_20260902_145353/processed_data/correlation/212260563_CORRELATION/212260563_pull_cleanSmooth_correlation.csv,43.2
212260563_pull_noOutliers_correlation.csv,/kaggle/working/outputs/TESE_pruebas/run_20260902_145353/processed_data/correlation/212260563_CORRELATION/212260563_pull_noOutliers_correlation.csv,14.36
212260563_pull_outliers_correlation.csv,/kaggle/working/outputs/TESE_pruebas/run_20260902_145353/processed_data/correlation/212260563_CORRELATION/212260563_pull_outliers_correlation.csv,16.99
212260563_pull_sinArtefactosConservador_correlation.csv,/kaggle/working/outputs/TESE_pruebas/run_20260902_145353/processed_data/correlation/212260563_CORRELATION/212260563_pull_sinArtefactosConservador_correlation.csv,14.36
212260563_pull_sinArtefactosEstricto_correlation.csv,/kaggle/working/outputs/TESE_pruebas/run_20260902_145353/processed_data/correlation/212260563_CORRELATION/212260563_pull_sinArtefactosEstricto_correlation.csv,14.36
212260563_push_cleanNorm_correlation.csv,/kaggle/working/outputs/TESE_pruebas/run_20260902_145353/processed_data/correlation/212260563_CORRELATION/212260563_push_cleanNorm_correlation.csv,7.3
212260563_push_cleanSmooth_correlation.csv,/kaggle/working/outputs/TESE_pruebas/run_20260902_145353/processed_data/correlation/212260563_CORRELATION/212260563_push_cleanSmooth_correlation.csv,7.38
212260563_push_noOutliers_correlation.csv,/kaggle/working/outputs/TESE_pruebas/run_20260902_145353/processed_data/correlation/212260563_CORRELATION/212260563_push_noOutliers_correlation.csv,2.75
212260563_push_outliers_correlation.csv,/kaggle/working/outputs/TESE_pruebas/run_20260902_145353/processed_data/correlation/212260563_CORRELATION/212260563_push_outliers_correlation.csv,2.75
212260563_push_sinArtefactosConservador_correlation.csv,/kaggle/working/outputs/TESE_pruebas/run_20260902_145353/processed_data/correlation/212260563_CORRELATION/212260563_push_sinArtefactosConservador_correlation.csv,2.75
212260563_push_sinArtefactosEstricto_correlation.csv,/kaggle/working/outputs/TESE_pruebas/run_20260902_145353/processed_data/correlation/212260563_CORRELATION/212260563_push_sinArtefactosEstricto_correlation.csv,2.75
212260563_ranking_correlacion.csv,/kaggle/working/outputs/TESE_pruebas/run_20260902_145353/processed_data/correlation/212260563_CORRELATION/212260563_ranking_correlacion.csv,1.13
212260563_right_cleanNorm_correlation.csv,/kaggle/working/outputs/TESE_pruebas/run_20260902_145353/processed_data/correlation/212260563_CORRELATION/212260563_right_cleanNorm_correlation.csv,53.97
212260563_right_cleanSmooth_correlation.csv,/kaggle/working/outputs/TESE_pruebas/run_20260902_145353/processed_data/correlation/212260563_CORRELATION/212260563_right_cleanSmooth_correlation.csv,53.98
212260563_right_noOutliers_correlation.csv,/kaggle/working/outputs/TESE_pruebas/run_20260902_145353/processed_data/correlation/212260563_CORRELATION/212260563_right_noOutliers_correlation.csv,16.96
212260563_right_outliers_correlation.csv,/kaggle/working/outputs/TESE_pruebas/run_20260902_145353/processed_data/correlation/212260563_CORRELATION/212260563_right_outliers_correlation.csv,21.09
212260563_right_sinArtefactosConservador_correlation.csv,/kaggle/working/outputs/TESE_pruebas/run_20260902_145353/processed_data/correlation/212260563_CORRELATION/212260563_right_sinArtefactosConservador_correlation.csv,16.96
212260563_right_sinArtefactosEstricto_correlation.csv,/kaggle/working/outputs/TESE_pruebas/run_20260902_145353/processed_data/correlation/212260563_CORRELATION/212260563_right_sinArtefactosEstricto_correlation.csv,16.96
212260567_all_cleanNorm_correlation.csv,/kaggle/working/outputs/TESE_pruebas/run_20260902_145353/processed_data/correlation/212260567_CORRELATION/212260567_all_cleanNorm_correlation.csv,165.31
212260567_all_cleanSmooth_correlation.csv,/kaggle/working/outputs/TESE_pruebas/run_20260902_145353/processed_data/correlation/212260567_CORRELATION/212260567_all_cleanSmooth_correlation.csv,165.32
212260567_all_noOutliers_correlation.csv,/kaggle/working/outputs/TESE_pruebas/run_20260902_145353/processed_data/correlation/212260567_CORRELATION/212260567_all_noOutliers_correlation.csv,54.35
212260567_all_outliers_correlation.csv,/kaggle/working/outputs/TESE_pruebas/run_20260902_145353/processed_data/correlation/212260567_CORRELATION/212260567_all_outliers_correlation.csv,71.36
212260567_all_sinArtefactosConservador_correlation.csv,/kaggle/working/outputs/TESE_pruebas/run_20260902_145353/processed_data/correlation/212260567_CORRELATION/212260567_all_sinArtefactosConservador_correlation.csv,37.46
212260567_all_sinArtefactosEstricto_correlation.csv,/kaggle/working/outputs/TESE_pruebas/run_20260902_145353/processed_data/correlation/212260567_CORRELATION/212260567_all_sinArtefactosEstricto_correlation.csv,1.81
212260567_left_cleanNorm_correlation.csv,/kaggle/working/outputs/TESE_pruebas/run_20260902_145353/processed_data/correlation/212260567_CORRELATION/212260567_left_cleanNorm_correlation.csv,63.65
212260567_left_cleanSmooth_correlation.csv,/kaggle/working/outputs/TESE_pruebas/run_20260902_145353/processed_data/correlation/212260567_CORRELATION/212260567_left_cleanSmooth_correlation.csv,63.58
212260567_left_noOutliers_correlation.csv,/kaggle/working/outputs/TESE_pruebas/run_20260902_145353/processed_data/correlation/212260567_CORRELATION/212260567_left_noOutliers_correlation.csv,21.16
212260567_left_outliers_correlation.csv,/kaggle/working/outputs/TESE_pruebas/run_20260902_145353/processed_data/correlation/212260567_CORRELATION/212260567_left_outliers_correlation.csv,25.8
212260567_left_sinArtefactosConservador_correlation.csv,/kaggle/working/outputs/TESE_pruebas/run_20260902_145353/processed_data/correlation/212260567_CORRELATION/212260567_left_sinArtefactosConservador_correlation.csv,21.16
212260567_left_sinArtefactosEstricto_correlation.csv,/kaggle/working/outputs/TESE_pruebas/run_20260902_145353/processed_data/correlation/212260567_CORRELATION/212260567_left_sinArtefactosEstricto_correlation.csv,21.16
212260567_pull_cleanNorm_correlation.csv,/kaggle/working/outputs/TESE_pruebas/run_20260902_145353/processed_data/correlation/212260567_CORRELATION/212260567_pull_cleanNorm_correlation.csv,72.62
212260567_pull_cleanSmooth_correlation.csv,/kaggle/working/outputs/TESE_pruebas/run_20260902_145353/processed_data/correlation/212260567_CORRELATION/212260567_pull_cleanSmooth_correlation.csv,72.75
212260567_pull_noOutliers_correlation.csv,/kaggle/working/outputs/TESE_pruebas/run_20260902_145353/processed_data/correlation/212260567_CORRELATION/212260567_pull_noOutliers_correlation.csv,24.38
212260567_pull_outliers_correlation.csv,/kaggle/working/outputs/TESE_pruebas/run_20260902_145353/processed_data/correlation/212260567_CORRELATION/212260567_pull_outliers_correlation.csv,30.69
212260567_pull_sinArtefactosConservador_correlation.csv,/kaggle/working/outputs/TESE_pruebas/run_20260902_145353/processed_data/correlation/212260567_CORRELATION/212260567_pull_sinArtefactosConservador_correlation.csv,24.38
212260567_pull_sinArtefactosEstricto_correlation.csv,/kaggle/working/outputs/TESE_pruebas/run_20260902_145353/processed_data/correlation/212260567_CORRELATION/212260567_pull_sinArtefactosEstricto_correlation.csv,24.38
212260567_push_cleanNorm_correlation.csv,/kaggle/working/outputs/TESE_pruebas/run_20260902_145353/processed_data/correlation/212260567_CORRELATION/212260567_push_cleanNorm_correlation.csv,35.32
212260567_push_cleanSmooth_correlation.csv,/kaggle/working/outputs/TESE_pruebas/run_20260902_145353/processed_data/correlation/212260567_CORRELATION/212260567_push_cleanSmooth_correlation.csv,35.34
212260567_push_noOutliers_correlation.csv,/kaggle/working/outputs/TESE_pruebas/run_20260902_145353/processed_data/correlation/212260567_CORRELATION/212260567_push_noOutliers_correlation.csv,12.08
212260567_push_outliers_correlation.csv,/kaggle/working/outputs/TESE_pruebas/run_20260902_145353/processed_data/correlation/212260567_CORRELATION/212260567_push_outliers_correlation.csv,13.42
212260567_push_sinArtefactosConservador_correlation.csv,/kaggle/working/outputs/TESE_pruebas/run_20260902_145353/processed_data/correlation/212260567_CORRELATION/212260567_push_sinArtefactosConservador_correlation.csv,12.08
212260567_push_sinArtefactosEstricto_correlation.csv,/kaggle/working/outputs/TESE_pruebas/run_20260902_145353/processed_data/correlation/212260567_CORRELATION/212260567_push_sinArtefactosEstricto_correlation.csv,12.08
212260567_ranking_correlacion.csv,/kaggle/working/outputs/TESE_pruebas/run_20260902_145353/processed_data/correlation/212260567_CORRELATION/212260567_ranking_correlacion.csv,1.13
212260567_right_cleanNorm_correlation.csv,/kaggle/working/outputs/TESE_pruebas/run_20260902_145353/processed_data/correlation/212260567_CORRELATION/212260567_right_cleanNorm_correlation.csv,8.61
212260567_right_cleanSmooth_correlation.csv,/kaggle/working/outputs/TESE_pruebas/run_20260902_145353/processed_data/correlation/212260567_CORRELATION/212260567_right_cleanSmooth_correlation.csv,8.69
212260567_right_noOutliers_correlation.csv,/kaggle/working/outputs/TESE_pruebas/run_20260902_145353/processed_data/correlation/212260567_CORRELATION/212260567_right_noOutliers_correlation.csv,3.37
212260567_right_outliers_correlation.csv,/kaggle/working/outputs/TESE_pruebas/run_20260902_145353/processed_data/correlation/212260567_CORRELATION/212260567_right_outliers_correlation.csv,3.37
212260567_right_sinArtefactosConservador_correlation.csv,/kaggle/working/outputs/TESE_pruebas/run_20260902_145353/processed_data/correlation/212260567_CORRELATION/212260567_right_sinArtefactosConservador_correlation.csv,3.37
212260567_right_sinArtefactosEstricto_correlation.csv,/kaggle/working/outputs/TESE_pruebas/run_20260902_145353/processed_data/correlation/212260567_CORRELATION/212260567_right_sinArtefactosEstricto_correlation.csv,3.37
212260569_all_cleanNorm_correlation.csv,/kaggle/working/outputs/TESE_pruebas/run_20260902_145353/processed_data/correlation/212260569_CORRELATION/212260569_all_cleanNorm_correlation.csv,266.67
212260569_all_cleanSmooth_correlation.csv,/kaggle/working/outputs/TESE_pruebas/run_20260902_145353/processed_data/correlation/212260569_CORRELATION/212260569_all_cleanSmooth_correlation.csv,266.58
212260569_all_noOutliers_correlation.csv,/kaggle/working/outputs/TESE_pruebas/run_20260902_145353/processed_data/correlation/212260569_CORRELATION/212260569_all_noOutliers_correlation.csv,92.04
212260569_all_outliers_correlation.csv,/kaggle/working/outputs/TESE_pruebas/run_20260902_145353/processed_data/correlation/212260569_CORRELATION/212260569_all_outliers_correlation.csv,122.76
212260569_all_sinArtefactosConservador_correlation.csv,/kaggle/working/outputs/TESE_pruebas/run_20260902_145353/processed_data/correlation/212260569_CORRELATION/212260569_all_sinArtefactosConservador_correlation.csv,59.66
212260569_all_sinArtefactosEstricto_correlation.csv,/kaggle/working/outputs/TESE_pruebas/run_20260902_145353/processed_data/correlation/212260569_CORRELATION/212260569_all_sinArtefactosEstricto_correlation.csv,39.5
212260569_left_cleanNorm_correlation.csv,/kaggle/working/outputs/TESE_pruebas/run_20260902_145353/processed_data/correlation/212260569_CORRELATION/212260569_left_cleanNorm_correlation.csv,99.43
212260569_left_cleanSmooth_correlation.csv,/kaggle/working/outputs/TESE_pruebas/run_20260902_145353/processed_data/correlation/212260569_CORRELATION/212260569_left_cleanSmooth_correlation.csv,99.37
212260569_left_noOutliers_correlation.csv,/kaggle/working/outputs/TESE_pruebas/run_20260902_145353/processed_data/correlation/212260569_CORRELATION/212260569_left_noOutliers_correlation.csv,34.96
212260569_left_outliers_correlation.csv,/kaggle/working/outputs/TESE_pruebas/run_20260902_145353/processed_data/correlation/212260569_CORRELATION/212260569_left_outliers_correlation.csv,51.58
212260569_left_sinArtefactosConservador_correlation.csv,/kaggle/working/outputs/TESE_pruebas/run_20260902_145353/processed_data/correlation/212260569_CORRELATION/212260569_left_sinArtefactosConservador_correlation.csv,34.96
212260569_left_sinArtefactosEstricto_correlation.csv,/kaggle/working/outputs/TESE_pruebas/run_20260902_145353/processed_data/correlation/212260569_CORRELATION/212260569_left_sinArtefactosEstricto_correlation.csv,34.96
212260569_pull_cleanNorm_correlation.csv,/kaggle/working/outputs/TESE_pruebas/run_20260902_145353/processed_data/correlation/212260569_CORRELATION/212260569_pull_cleanNorm_correlation.csv,32.87
212260569_pull_cleanSmooth_correlation.csv,/kaggle/working/outputs/TESE_pruebas/run_20260902_145353/processed_data/correlation/212260569_CORRELATION/212260569_pull_cleanSmooth_correlation.csv,32.69
212260569_pull_noOutliers_correlation.csv,/kaggle/working/outputs/TESE_pruebas/run_20260902_145353/processed_data/correlation/212260569_CORRELATION/212260569_pull_noOutliers_correlation.csv,11.76
212260569_pull_outliers_correlation.csv,/kaggle/working/outputs/TESE_pruebas/run_20260902_145353/processed_data/correlation/212260569_CORRELATION/212260569_pull_outliers_correlation.csv,12.28
212260569_pull_sinArtefactosConservador_correlation.csv,/kaggle/working/outputs/TESE_pruebas/run_20260902_145353/processed_data/correlation/212260569_CORRELATION/212260569_pull_sinArtefactosConservador_correlation.csv,11.76
212260569_pull_sinArtefactosEstricto_correlation.csv,/kaggle/working/outputs/TESE_pruebas/run_20260902_145353/processed_data/correlation/212260569_CORRELATION/212260569_pull_sinArtefactosEstricto_correlation.csv,11.76
212260569_push_cleanNorm_correlation.csv,/kaggle/working/outputs/TESE_pruebas/run_20260902_145353/processed_data/correlation/212260569_CORRELATION/212260569_push_cleanNorm_correlation.csv,138.18
212260569_push_cleanSmooth_correlation.csv,/kaggle/working/outputs/TESE_pruebas/run_20260902_145353/processed_data/correlation/212260569_CORRELATION/212260569_push_cleanSmooth_correlation.csv,138.01
212260569_push_noOutliers_correlation.csv,/kaggle/working/outputs/TESE_pruebas/run_20260902_145353/processed_data/correlation/212260569_CORRELATION/212260569_push_noOutliers_correlation.csv,47.58
212260569_push_outliers_correlation.csv,/kaggle/working/outputs/TESE_pruebas/run_20260902_145353/processed_data/correlation/212260569_CORRELATION/212260569_push_outliers_correlation.csv,60.18
212260569_push_sinArtefactosConservador_correlation.csv,/kaggle/working/outputs/TESE_pruebas/run_20260902_145353/processed_data/correlation/212260569_CORRELATION/212260569_push_sinArtefactosConservador_correlation.csv,47.58
212260569_push_sinArtefactosEstricto_correlation.csv,/kaggle/working/outputs/TESE_pruebas/run_20260902_145353/processed_data/correlation/212260569_CORRELATION/212260569_push_sinArtefactosEstricto_correlation.csv,47.58
212260569_ranking_correlacion.csv,/kaggle/working/outputs/TESE_pruebas/run_20260902_145353/processed_data/correlation/212260569_CORRELATION/212260569_ranking_correlacion.csv,1.12
212260666_all_cleanNorm_correlation.csv,/kaggle/working/outputs/TESE_pruebas/run_20260902_145353/processed_data/correlation/212260666_CORRELATION/212260666_all_cleanNorm_correlation.csv,267.12
212260666_all_cleanSmooth_correlation.csv,/kaggle/working/outputs/TESE_pruebas/run_20260902_145353/processed_data/correlation/212260666_CORRELATION/212260666_all_cleanSmooth_correlation.csv,266.95
212260666_all_noOutliers_correlation.csv,/kaggle/working/outputs/TESE_pruebas/run_20260902_145353/processed_data/correlation/212260666_CORRELATION/212260666_all_noOutliers_correlation.csv,84.4
212260666_all_outliers_correlation.csv,/kaggle/working/outputs/TESE_pruebas/run_20260902_145353/processed_data/correlation/212260666_CORRELATION/212260666_all_outliers_correlation.csv,111.79
212260666_all_sinArtefactosConservador_correlation.csv,/kaggle/working/outputs/TESE_pruebas/run_20260902_145353/processed_data/correlation/212260666_CORRELATION/212260666_all_sinArtefactosConservador_correlation.csv,52.06
212260666_all_sinArtefactosEstricto_correlation.csv,/kaggle/working/outputs/TESE_pruebas/run_20260902_145353/processed_data/correlation/212260666_CORRELATION/212260666_all_sinArtefactosEstricto_correlation.csv,26.06
212260666_left_cleanNorm_correlation.csv,/kaggle/working/outputs/TESE_pruebas/run_20260902_145353/processed_data/correlation/212260666_CORRELATION/212260666_left_cleanNorm_correlation.csv,21.75
212260666_left_cleanSmooth_correlation.csv,/kaggle/working/outputs/TESE_pruebas/run_20260902_145353/processed_data/correlation/212260666_CORRELATION/212260666_left_cleanSmooth_correlation.csv,21.81
212260666_left_noOutliers_correlation.csv,/kaggle/working/outputs/TESE_pruebas/run_20260902_145353/processed_data/correlation/212260666_CORRELATION/212260666_left_noOutliers_correlation.csv,7.32
212260666_left_outliers_correlation.csv,/kaggle/working/outputs/TESE_pruebas/run_20260902_145353/processed_data/correlation/212260666_CORRELATION/212260666_left_outliers_correlation.csv,7.32
212260666_left_sinArtefactosConservador_correlation.csv,/kaggle/working/outputs/TESE_pruebas/run_20260902_145353/processed_data/correlation/212260666_CORRELATION/212260666_left_sinArtefactosConservador_correlation.csv,7.32
212260666_left_sinArtefactosEstricto_correlation.csv,/kaggle/working/outputs/TESE_pruebas/run_20260902_145353/processed_data/correlation/212260666_CORRELATION/212260666_left_sinArtefactosEstricto_correlation.csv,7.32
212260666_pull_cleanNorm_correlation.csv,/kaggle/working/outputs/TESE_pruebas/run_20260902_145353/processed_data/correlation/212260666_CORRELATION/212260666_pull_cleanNorm_correlation.csv,151.75
212260666_pull_cleanSmooth_correlation.csv,/kaggle/working/outputs/TESE_pruebas/run_20260902_145353/processed_data/correlation/212260666_CORRELATION/212260666_pull_cleanSmooth_correlation.csv,151.77
212260666_pull_noOutliers_correlation.csv,/kaggle/working/outputs/TESE_pruebas/run_20260902_145353/processed_data/correlation/212260666_CORRELATION/212260666_pull_noOutliers_correlation.csv,48.27
212260666_pull_outliers_correlation.csv,/kaggle/working/outputs/TESE_pruebas/run_20260902_145353/processed_data/correlation/212260666_CORRELATION/212260666_pull_outliers_correlation.csv,70.35
212260666_pull_sinArtefactosConservador_correlation.csv,/kaggle/working/outputs/TESE_pruebas/run_20260902_145353/processed_data/correlation/212260666_CORRELATION/212260666_pull_sinArtefactosConservador_correlation.csv,48.27
212260666_pull_sinArtefactosEstricto_correlation.csv,/kaggle/working/outputs/TESE_pruebas/run_20260902_145353/processed_data/correlation/212260666_CORRELATION/212260666_pull_sinArtefactosEstricto_correlation.csv,48.27
212260666_push_cleanNorm_correlation.csv,/kaggle/working/outputs/TESE_pruebas/run_20260902_145353/processed_data/correlation/212260666_CORRELATION/212260666_push_cleanNorm_correlation.csv,44.64
212260666_push_cleanSmooth_correlation.csv,/kaggle/working/outputs/TESE_pruebas/run_20260902_145353/processed_data/correlation/212260666_CORRELATION/212260666_push_cleanSmooth_correlation.csv,44.61
212260666_push_noOutliers_correlation.csv,/kaggle/working/outputs/TESE_pruebas/run_20260902_145353/processed_data/correlation/212260666_CORRELATION/212260666_push_noOutliers_correlation.csv,14.59
212260666_push_outliers_correlation.csv,/kaggle/working/outputs/TESE_pruebas/run_20260902_145353/processed_data/correlation/212260666_CORRELATION/212260666_push_outliers_correlation.csv,19.33
212260666_push_sinArtefactosConservador_correlation.csv,/kaggle/working/outputs/TESE_pruebas/run_20260902_145353/processed_data/correlation/212260666_CORRELATION/212260666_push_sinArtefactosConservador_correlation.csv,14.59
212260666_push_sinArtefactosEstricto_correlation.csv,/kaggle/working/outputs/TESE_pruebas/run_20260902_145353/processed_data/correlation/212260666_CORRELATION/212260666_push_sinArtefactosEstricto_correlation.csv,14.59
212260666_ranking_correlacion.csv,/kaggle/working/outputs/TESE_pruebas/run_20260902_145353/processed_data/correlation/212260666_CORRELATION/212260666_ranking_correlacion.csv,1.13
212260666_right_cleanNorm_correlation.csv,/kaggle/working/outputs/TESE_pruebas/run_20260902_145353/processed_data/correlation/212260666_CORRELATION/212260666_right_cleanNorm_correlation.csv,47.58
212260666_right_cleanSmooth_correlation.csv,/kaggle/working/outputs/TESE_pruebas/run_20260902_145353/processed_data/correlation/212260666_CORRELATION/212260666_right_cleanSmooth_correlation.csv,47.57
212260666_right_noOutliers_correlation.csv,/kaggle/working/outputs/TESE_pruebas/run_20260902_145353/processed_data/correlation/212260666_CORRELATION/212260666_right_noOutliers_correlation.csv,15.4
212260666_right_outliers_correlation.csv,/kaggle/working/outputs/TESE_pruebas/run_20260902_145353/processed_data/correlation/212260666_CORRELATION/212260666_right_outliers_correlation.csv,16.72
212260666_right_sinArtefactosConservador_correlation.csv,/kaggle/working/outputs/TESE_pruebas/run_20260902_145353/processed_data/correlation/212260666_CORRELATION/212260666_right_sinArtefactosConservador_correlation.csv,15.4
212260666_right_sinArtefactosEstricto_correlation.csv,/kaggle/working/outputs/TESE_pruebas/run_20260902_145353/processed_data/correlation/212260666_CORRELATION/212260666_right_sinArtefactosEstricto_correlation.csv,15.4
212260668_all_cleanNorm_correlation.csv,/kaggle/working/outputs/TESE_pruebas/run_20260902_145353/processed_data/correlation/212260668_CORRELATION/212260668_all_cleanNorm_correlation.csv,266.75
212260668_all_cleanSmooth_correlation.csv,/kaggle/working/outputs/TESE_pruebas/run_20260902_145353/processed_data/correlation/212260668_CORRELATION/212260668_all_cleanSmooth_correlation.csv,266.66
212260668_all_noOutliers_correlation.csv,/kaggle/working/outputs/TESE_pruebas/run_20260902_145353/processed_data/correlation/212260668_CORRELATION/212260668_all_noOutliers_correlation.csv,90.6
212260668_all_outliers_correlation.csv,/kaggle/working/outputs/TESE_pruebas/run_20260902_145353/processed_data/correlation/212260668_CORRELATION/212260668_all_outliers_correlation.csv,104.93
212260668_all_sinArtefactosConservador_correlation.csv,/kaggle/working/outputs/TESE_pruebas/run_20260902_145353/processed_data/correlation/212260668_CORRELATION/212260668_all_sinArtefactosConservador_correlation.csv,60.29
212260668_all_sinArtefactosEstricto_correlation.csv,/kaggle/working/outputs/TESE_pruebas/run_20260902_145353/processed_data/correlation/212260668_CORRELATION/212260668_all_sinArtefactosEstricto_correlation.csv,46.68
212260668_left_cleanNorm_correlation.csv,/kaggle/working/outputs/TESE_pruebas/run_20260902_145353/processed_data/correlation/212260668_CORRELATION/212260668_left_cleanNorm_correlation.csv,8.58
212260668_left_cleanSmooth_correlation.csv,/kaggle/working/outputs/TESE_pruebas/run_20260902_145353/processed_data/correlation/212260668_CORRELATION/212260668_left_cleanSmooth_correlation.csv,8.61
212260668_left_noOutliers_correlation.csv,/kaggle/working/outputs/TESE_pruebas/run_20260902_145353/processed_data/correlation/212260668_CORRELATION/212260668_left_noOutliers_correlation.csv,3.64
212260668_left_outliers_correlation.csv,/kaggle/working/outputs/TESE_pruebas/run_20260902_145353/processed_data/correlation/212260668_CORRELATION/212260668_left_outliers_correlation.csv,3.64
212260668_left_sinArtefactosConservador_correlation.csv,/kaggle/working/outputs/TESE_pruebas/run_20260902_145353/processed_data/correlation/212260668_CORRELATION/212260668_left_sinArtefactosConservador_correlation.csv,3.64
212260668_left_sinArtefactosEstricto_correlation.csv,/kaggle/working/outputs/TESE_pruebas/run_20260902_145353/processed_data/correlation/212260668_CORRELATION/212260668_left_sinArtefactosEstricto_correlation.csv,3.64
212260668_pull_cleanNorm_correlation.csv,/kaggle/working/outputs/TESE_pruebas/run_20260902_145353/processed_data/correlation/212260668_CORRELATION/212260668_pull_cleanNorm_correlation.csv,87.07
212260668_pull_cleanSmooth_correlation.csv,/kaggle/working/outputs/TESE_pruebas/run_20260902_145353/processed_data/correlation/212260668_CORRELATION/212260668_pull_cleanSmooth_correlation.csv,86.96
212260668_pull_noOutliers_correlation.csv,/kaggle/working/outputs/TESE_pruebas/run_20260902_145353/processed_data/correlation/212260668_CORRELATION/212260668_pull_noOutliers_correlation.csv,27.53
212260668_pull_outliers_correlation.csv,/kaggle/working/outputs/TESE_pruebas/run_20260902_145353/processed_data/correlation/212260668_CORRELATION/212260668_pull_outliers_correlation.csv,30.49
212260668_pull_sinArtefactosConservador_correlation.csv,/kaggle/working/outputs/TESE_pruebas/run_20260902_145353/processed_data/correlation/212260668_CORRELATION/212260668_pull_sinArtefactosConservador_correlation.csv,27.53
212260668_pull_sinArtefactosEstricto_correlation.csv,/kaggle/working/outputs/TESE_pruebas/run_20260902_145353/processed_data/correlation/212260668_CORRELATION/212260668_pull_sinArtefactosEstricto_correlation.csv,27.53
212260668_push_cleanNorm_correlation.csv,/kaggle/working/outputs/TESE_pruebas/run_20260902_145353/processed_data/correlation/212260668_CORRELATION/212260668_push_cleanNorm_correlation.csv,94.18
212260668_push_cleanSmooth_correlation.csv,/kaggle/working/outputs/TESE_pruebas/run_20260902_145353/processed_data/correlation/212260668_CORRELATION/212260668_push_cleanSmooth_correlation.csv,94.16
212260668_push_noOutliers_correlation.csv,/kaggle/working/outputs/TESE_pruebas/run_20260902_145353/processed_data/correlation/212260668_CORRELATION/212260668_push_noOutliers_correlation.csv,32.5
212260668_push_outliers_correlation.csv,/kaggle/working/outputs/TESE_pruebas/run_20260902_145353/processed_data/correlation/212260668_CORRELATION/212260668_push_outliers_correlation.csv,37.01
212260668_push_sinArtefactosConservador_correlation.csv,/kaggle/working/outputs/TESE_pruebas/run_20260902_145353/processed_data/correlation/212260668_CORRELATION/212260668_push_sinArtefactosConservador_correlation.csv,32.5
212260668_push_sinArtefactosEstricto_correlation.csv,/kaggle/working/outputs/TESE_pruebas/run_20260902_145353/processed_data/correlation/212260668_CORRELATION/212260668_push_sinArtefactosEstricto_correlation.csv,32.5
212260668_ranking_correlacion.csv,/kaggle/working/outputs/TESE_pruebas/run_20260902_145353/processed_data/correlation/212260668_CORRELATION/212260668_ranking_correlacion.csv,1.13
212260668_right_cleanNorm_correlation.csv,/kaggle/working/outputs/TESE_pruebas/run_20260902_145353/processed_data/correlation/212260668_CORRELATION/212260668_right_cleanNorm_correlation.csv,84.45
212260668_right_cleanSmooth_correlation.csv,/kaggle/working/outputs/TESE_pruebas/run_20260902_145353/processed_data/correlation/212260668_CORRELATION/212260668_right_cleanSmooth_correlation.csv,84.45
212260668_right_noOutliers_correlation.csv,/kaggle/working/outputs/TESE_pruebas/run_20260902_145353/processed_data/correlation/212260668_CORRELATION/212260668_right_noOutliers_correlation.csv,32.55
212260668_right_outliers_correlation.csv,/kaggle/working/outputs/TESE_pruebas/run_20260902_145353/processed_data/correlation/212260668_CORRELATION/212260668_right_outliers_correlation.csv,35.72
212260668_right_sinArtefactosConservador_correlation.csv,/kaggle/working/outputs/TESE_pruebas/run_20260902_145353/processed_data/correlation/212260668_CORRELATION/212260668_right_sinArtefactosConservador_correlation.csv,32.55
212260668_right_sinArtefactosEstricto_correlation.csv,/kaggle/working/outputs/TESE_pruebas/run_20260902_145353/processed_data/correlation/212260668_CORRELATION/212260668_right_sinArtefactosEstricto_correlation.csv,32.55
212260672_all_cleanNorm_correlation.csv,/kaggle/working/outputs/TESE_pruebas/run_20260902_145353/processed_data/correlation/212260672_CORRELATION/212260672_all_cleanNorm_correlation.csv,125.84
212260672_all_cleanSmooth_correlation.csv,/kaggle/working/outputs/TESE_pruebas/run_20260902_145353/processed_data/correlation/212260672_CORRELATION/212260672_all_cleanSmooth_correlation.csv,125.88
212260672_all_noOutliers_correlation.csv,/kaggle/working/outputs/TESE_pruebas/run_20260902_145353/processed_data/correlation/212260672_CORRELATION/212260672_all_noOutliers_correlation.csv,39.01
212260672_all_outliers_correlation.csv,/kaggle/working/outputs/TESE_pruebas/run_20260902_145353/processed_data/correlation/212260672_CORRELATION/212260672_all_outliers_correlation.csv,54.2
212260672_all_sinArtefactosConservador_correlation.csv,/kaggle/working/outputs/TESE_pruebas/run_20260902_145353/processed_data/correlation/212260672_CORRELATION/212260672_all_sinArtefactosConservador_correlation.csv,23.04
212260672_all_sinArtefactosEstricto_correlation.csv,/kaggle/working/outputs/TESE_pruebas/run_20260902_145353/processed_data/correlation/212260672_CORRELATION/212260672_all_sinArtefactosEstricto_correlation.csv,14.07
212260672_left_cleanNorm_correlation.csv,/kaggle/working/outputs/TESE_pruebas/run_20260902_145353/processed_data/correlation/212260672_CORRELATION/212260672_left_cleanNorm_correlation.csv,20.68
212260672_left_cleanSmooth_correlation.csv,/kaggle/working/outputs/TESE_pruebas/run_20260902_145353/processed_data/correlation/212260672_CORRELATION/212260672_left_cleanSmooth_correlation.csv,20.7
212260672_left_noOutliers_correlation.csv,/kaggle/working/outputs/TESE_pruebas/run_20260902_145353/processed_data/correlation/212260672_CORRELATION/212260672_left_noOutliers_correlation.csv,6.79
212260672_left_outliers_correlation.csv,/kaggle/working/outputs/TESE_pruebas/run_20260902_145353/processed_data/correlation/212260672_CORRELATION/212260672_left_outliers_correlation.csv,7.2
212260672_left_sinArtefactosConservador_correlation.csv,/kaggle/working/outputs/TESE_pruebas/run_20260902_145353/processed_data/correlation/212260672_CORRELATION/212260672_left_sinArtefactosConservador_correlation.csv,6.79
212260672_left_sinArtefactosEstricto_correlation.csv,/kaggle/working/outputs/TESE_pruebas/run_20260902_145353/processed_data/correlation/212260672_CORRELATION/212260672_left_sinArtefactosEstricto_correlation.csv,6.79
212260672_pull_cleanNorm_correlation.csv,/kaggle/working/outputs/TESE_pruebas/run_20260902_145353/processed_data/correlation/212260672_CORRELATION/212260672_pull_cleanNorm_correlation.csv,71.2
212260672_pull_cleanSmooth_correlation.csv,/kaggle/working/outputs/TESE_pruebas/run_20260902_145353/processed_data/correlation/212260672_CORRELATION/212260672_pull_cleanSmooth_correlation.csv,71.25
212260672_pull_noOutliers_correlation.csv,/kaggle/working/outputs/TESE_pruebas/run_20260902_145353/processed_data/correlation/212260672_CORRELATION/212260672_pull_noOutliers_correlation.csv,22.21
212260672_pull_outliers_correlation.csv,/kaggle/working/outputs/TESE_pruebas/run_20260902_145353/processed_data/correlation/212260672_CORRELATION/212260672_pull_outliers_correlation.csv,28.37
212260672_pull_sinArtefactosConservador_correlation.csv,/kaggle/working/outputs/TESE_pruebas/run_20260902_145353/processed_data/correlation/212260672_CORRELATION/212260672_pull_sinArtefactosConservador_correlation.csv,22.21
212260672_pull_sinArtefactosEstricto_correlation.csv,/kaggle/working/outputs/TESE_pruebas/run_20260902_145353/processed_data/correlation/212260672_CORRELATION/212260672_pull_sinArtefactosEstricto_correlation.csv,22.21
212260672_push_cleanNorm_correlation.csv,/kaggle/working/outputs/TESE_pruebas/run_20260902_145353/processed_data/correlation/212260672_CORRELATION/212260672_push_cleanNorm_correlation.csv,15.21
212260672_push_cleanSmooth_correlation.csv,/kaggle/working/outputs/TESE_pruebas/run_20260902_145353/processed_data/correlation/212260672_CORRELATION/212260672_push_cleanSmooth_correlation.csv,15.29
212260672_push_noOutliers_correlation.csv,/kaggle/working/outputs/TESE_pruebas/run_20260902_145353/processed_data/correlation/212260672_CORRELATION/212260672_push_noOutliers_correlation.csv,5.12
212260672_push_outliers_correlation.csv,/kaggle/working/outputs/TESE_pruebas/run_20260902_145353/processed_data/correlation/212260672_CORRELATION/212260672_push_outliers_correlation.csv,5.12
212260672_push_sinArtefactosConservador_correlation.csv,/kaggle/working/outputs/TESE_pruebas/run_20260902_145353/processed_data/correlation/212260672_CORRELATION/212260672_push_sinArtefactosConservador_correlation.csv,5.12
212260672_push_sinArtefactosEstricto_correlation.csv,/kaggle/working/outputs/TESE_pruebas/run_20260902_145353/processed_data/correlation/212260672_CORRELATION/212260672_push_sinArtefactosEstricto_correlation.csv,5.12
212260672_ranking_correlacion.csv,/kaggle/working/outputs/TESE_pruebas/run_20260902_145353/processed_data/correlation/212260672_CORRELATION/212260672_ranking_correlacion.csv,1.13
212260672_right_cleanNorm_correlation.csv,/kaggle/working/outputs/TESE_pruebas/run_20260902_145353/processed_data/correlation/212260672_CORRELATION/212260672_right_cleanNorm_correlation.csv,39.21
212260672_right_cleanSmooth_correlation.csv,/kaggle/working/outputs/TESE_pruebas/run_20260902_145353/processed_data/correlation/212260672_CORRELATION/212260672_right_cleanSmooth_correlation.csv,39.25
212260672_right_noOutliers_correlation.csv,/kaggle/working/outputs/TESE_pruebas/run_20260902_145353/processed_data/correlation/212260672_CORRELATION/212260672_right_noOutliers_correlation.csv,12.55
212260672_right_outliers_correlation.csv,/kaggle/working/outputs/TESE_pruebas/run_20260902_145353/processed_data/correlation/212260672_CORRELATION/212260672_right_outliers_correlation.csv,15.45
212260672_right_sinArtefactosConservador_correlation.csv,/kaggle/working/outputs/TESE_pruebas/run_20260902_145353/processed_data/correlation/212260672_CORRELATION/212260672_right_sinArtefactosConservador_correlation.csv,12.55
212260672_right_sinArtefactosEstricto_correlation.csv,/kaggle/working/outputs/TESE_pruebas/run_20260902_145353/processed_data/correlation/212260672_CORRELATION/212260672_right_sinArtefactosEstricto_correlation.csv,12.55
222260671_all_cleanNorm_correlation.csv,/kaggle/working/outputs/TESE_pruebas/run_20260902_145353/processed_data/correlation/222260671_CORRELATION/222260671_all_cleanNorm_correlation.csv,228.96
222260671_all_cleanSmooth_correlation.csv,/kaggle/working/outputs/TESE_pruebas/run_20260902_145353/processed_data/correlation/222260671_CORRELATION/222260671_all_cleanSmooth_correlation.csv,228.88
222260671_all_noOutliers_correlation.csv,/kaggle/working/outputs/TESE_pruebas/run_20260902_145353/processed_data/correlation/222260671_CORRELATION/222260671_all_noOutliers_correlation.csv,71.64
222260671_all_outliers_correlation.csv,/kaggle/working/outputs/TESE_pruebas/run_20260902_145353/processed_data/correlation/222260671_CORRELATION/222260671_all_outliers_correlation.csv,103.97
222260671_all_sinArtefactosConservador_correlation.csv,/kaggle/working/outputs/TESE_pruebas/run_20260902_145353/processed_data/correlation/222260671_CORRELATION/222260671_all_sinArtefactosConservador_correlation.csv,48.61
222260671_all_sinArtefactosEstricto_correlation.csv,/kaggle/working/outputs/TESE_pruebas/run_20260902_145353/processed_data/correlation/222260671_CORRELATION/222260671_all_sinArtefactosEstricto_correlation.csv,24.14
222260671_left_cleanNorm_correlation.csv,/kaggle/working/outputs/TESE_pruebas/run_20260902_145353/processed_data/correlation/222260671_CORRELATION/222260671_left_cleanNorm_correlation.csv,37.81
222260671_left_cleanSmooth_correlation.csv,/kaggle/working/outputs/TESE_pruebas/run_20260902_145353/processed_data/correlation/222260671_CORRELATION/222260671_left_cleanSmooth_correlation.csv,37.86
222260671_left_noOutliers_correlation.csv,/kaggle/working/outputs/TESE_pruebas/run_20260902_145353/processed_data/correlation/222260671_CORRELATION/222260671_left_noOutliers_correlation.csv,12.48
222260671_left_outliers_correlation.csv,/kaggle/working/outputs/TESE_pruebas/run_20260902_145353/processed_data/correlation/222260671_CORRELATION/222260671_left_outliers_correlation.csv,13.74
222260671_left_sinArtefactosConservador_correlation.csv,/kaggle/working/outputs/TESE_pruebas/run_20260902_145353/processed_data/correlation/222260671_CORRELATION/222260671_left_sinArtefactosConservador_correlation.csv,12.48
222260671_left_sinArtefactosEstricto_correlation.csv,/kaggle/working/outputs/TESE_pruebas/run_20260902_145353/processed_data/correlation/222260671_CORRELATION/222260671_left_sinArtefactosEstricto_correlation.csv,12.48
222260671_pull_cleanNorm_correlation.csv,/kaggle/working/outputs/TESE_pruebas/run_20260902_145353/processed_data/correlation/222260671_CORRELATION/222260671_pull_cleanNorm_correlation.csv,45.87
222260671_pull_cleanSmooth_correlation.csv,/kaggle/working/outputs/TESE_pruebas/run_20260902_145353/processed_data/correlation/222260671_CORRELATION/222260671_pull_cleanSmooth_correlation.csv,45.9
222260671_pull_noOutliers_correlation.csv,/kaggle/working/outputs/TESE_pruebas/run_20260902_145353/processed_data/correlation/222260671_CORRELATION/222260671_pull_noOutliers_correlation.csv,14.7
222260671_pull_outliers_correlation.csv,/kaggle/working/outputs/TESE_pruebas/run_20260902_145353/processed_data/correlation/222260671_CORRELATION/222260671_pull_outliers_correlation.csv,18.01
222260671_pull_sinArtefactosConservador_correlation.csv,/kaggle/working/outputs/TESE_pruebas/run_20260902_145353/processed_data/correlation/222260671_CORRELATION/222260671_pull_sinArtefactosConservador_correlation.csv,14.7
222260671_pull_sinArtefactosEstricto_correlation.csv,/kaggle/working/outputs/TESE_pruebas/run_20260902_145353/processed_data/correlation/222260671_CORRELATION/222260671_pull_sinArtefactosEstricto_correlation.csv,14.7
222260671_push_cleanNorm_correlation.csv,/kaggle/working/outputs/TESE_pruebas/run_20260902_145353/processed_data/correlation/222260671_CORRELATION/222260671_push_cleanNorm_correlation.csv,28.58
222260671_push_cleanSmooth_correlation.csv,/kaggle/working/outputs/TESE_pruebas/run_20260902_145353/processed_data/correlation/222260671_CORRELATION/222260671_push_cleanSmooth_correlation.csv,28.58
222260671_push_noOutliers_correlation.csv,/kaggle/working/outputs/TESE_pruebas/run_20260902_145353/processed_data/correlation/222260671_CORRELATION/222260671_push_noOutliers_correlation.csv,9.27
222260671_push_outliers_correlation.csv,/kaggle/working/outputs/TESE_pruebas/run_20260902_145353/processed_data/correlation/222260671_CORRELATION/222260671_push_outliers_correlation.csv,10.1
222260671_push_sinArtefactosConservador_correlation.csv,/kaggle/working/outputs/TESE_pruebas/run_20260902_145353/processed_data/correlation/222260671_CORRELATION/222260671_push_sinArtefactosConservador_correlation.csv,9.27
222260671_push_sinArtefactosEstricto_correlation.csv,/kaggle/working/outputs/TESE_pruebas/run_20260902_145353/processed_data/correlation/222260671_CORRELATION/222260671_push_sinArtefactosEstricto_correlation.csv,9.27
222260671_ranking_correlacion.csv,/kaggle/working/outputs/TESE_pruebas/run_20260902_145353/processed_data/correlation/222260671_CORRELATION/222260671_ranking_correlacion.csv,1.13
222260671_right_cleanNorm_correlation.csv,/kaggle/working/outputs/TESE_pruebas/run_20260902_145353/processed_data/correlation/222260671_CORRELATION/222260671_right_cleanNorm_correlation.csv,135.43
222260671_right_cleanSmooth_correlation.csv,/kaggle/working/outputs/TESE_pruebas/run_20260902_145353/processed_data/correlation/222260671_CORRELATION/222260671_right_cleanSmooth_correlation.csv,135.46
222260671_right_noOutliers_correlation.csv,/kaggle/working/outputs/TESE_pruebas/run_20260902_145353/processed_data/correlation/222260671_CORRELATION/222260671_right_noOutliers_correlation.csv,42.61
222260671_right_outliers_correlation.csv,/kaggle/working/outputs/TESE_pruebas/run_20260902_145353/processed_data/correlation/222260671_CORRELATION/222260671_right_outliers_correlation.csv,64.04
222260671_right_sinArtefactosConservador_correlation.csv,/kaggle/working/outputs/TESE_pruebas/run_20260902_145353/processed_data/correlation/222260671_CORRELATION/222260671_right_sinArtefactosConservador_correlation.csv,42.61
222260671_right_sinArtefactosEstricto_correlation.csv,/kaggle/working/outputs/TESE_pruebas/run_20260902_145353/processed_data/correlation/222260671_CORRELATION/222260671_right_sinArtefactosEstricto_correlation.csv,42.61
22260552_all_cleanNorm_correlation.csv,/kaggle/working/outputs/TESE_pruebas/run_20260902_145353/processed_data/correlation/22260552_CORRELATION/22260552_all_cleanNorm_correlation.csv,1736.72
22260552_all_cleanSmooth_correlation.csv,/kaggle/working/outputs/TESE_pruebas/run_20260902_145353/processed_data/correlation/22260552_CORRELATION/22260552_all_cleanSmooth_correlation.csv,1735.97
22260552_all_noOutliers_correlation.csv,/kaggle/working/outputs/TESE_pruebas/run_20260902_145353/processed_data/correlation/22260552_CORRELATION/22260552_all_noOutliers_correlation.csv,531.17
22260552_all_outliers_correlation.csv,/kaggle/working/outputs/TESE_pruebas/run_20260902_145353/processed_data/correlation/22260552_CORRELATION/22260552_all_outliers_correlation.csv,569.14
22260552_all_sinArtefactosConservador_correlation.csv,/kaggle/working/outputs/TESE_pruebas/run_20260902_145353/processed_data/correlation/22260552_CORRELATION/22260552_all_sinArtefactosConservador_correlation.csv,267.18
22260552_all_sinArtefactosEstricto_correlation.csv,/kaggle/working/outputs/TESE_pruebas/run_20260902_145353/processed_data/correlation/22260552_CORRELATION/22260552_all_sinArtefactosEstricto_correlation.csv,139.92
22260552_left_cleanNorm_correlation.csv,/kaggle/working/outputs/TESE_pruebas/run_20260902_145353/processed_data/correlation/22260552_CORRELATION/22260552_left_cleanNorm_correlation.csv,268.42
22260552_left_cleanSmooth_correlation.csv,/kaggle/working/outputs/TESE_pruebas/run_20260902_145353/processed_data/correlation/22260552_CORRELATION/22260552_left_cleanSmooth_correlation.csv,268.55
22260552_left_noOutliers_correlation.csv,/kaggle/working/outputs/TESE_pruebas/run_20260902_145353/processed_data/correlation/22260552_CORRELATION/22260552_left_noOutliers_correlation.csv,82.75
22260552_left_outliers_correlation.csv,/kaggle/working/outputs/TESE_pruebas/run_20260902_145353/processed_data/correlation/22260552_CORRELATION/22260552_left_outliers_correlation.csv,98.82
22260552_left_sinArtefactosConservador_correlation.csv,/kaggle/working/outputs/TESE_pruebas/run_20260902_145353/processed_data/correlation/22260552_CORRELATION/22260552_left_sinArtefactosConservador_correlation.csv,82.75
22260552_left_sinArtefactosEstricto_correlation.csv,/kaggle/working/outputs/TESE_pruebas/run_20260902_145353/processed_data/correlation/22260552_CORRELATION/22260552_left_sinArtefactosEstricto_correlation.csv,82.75
22260552_pull_cleanNorm_correlation.csv,/kaggle/working/outputs/TESE_pruebas/run_20260902_145353/processed_data/correlation/22260552_CORRELATION/22260552_pull_cleanNorm_correlation.csv,696.18
22260552_pull_cleanSmooth_correlation.csv,/kaggle/working/outputs/TESE_pruebas/run_20260902_145353/processed_data/correlation/22260552_CORRELATION/22260552_pull_cleanSmooth_correlation.csv,696.54
22260552_pull_noOutliers_correlation.csv,/kaggle/working/outputs/TESE_pruebas/run_20260902_145353/processed_data/correlation/22260552_CORRELATION/22260552_pull_noOutliers_correlation.csv,214.81
22260552_pull_outliers_correlation.csv,/kaggle/working/outputs/TESE_pruebas/run_20260902_145353/processed_data/correlation/22260552_CORRELATION/22260552_pull_outliers_correlation.csv,246.07
22260552_pull_sinArtefactosConservador_correlation.csv,/kaggle/working/outputs/TESE_pruebas/run_20260902_145353/processed_data/correlation/22260552_CORRELATION/22260552_pull_sinArtefactosConservador_correlation.csv,214.81
22260552_pull_sinArtefactosEstricto_correlation.csv,/kaggle/working/outputs/TESE_pruebas/run_20260902_145353/processed_data/correlation/22260552_CORRELATION/22260552_pull_sinArtefactosEstricto_correlation.csv,214.81
22260552_push_cleanNorm_correlation.csv,/kaggle/working/outputs/TESE_pruebas/run_20260902_145353/processed_data/correlation/22260552_CORRELATION/22260552_push_cleanNorm_correlation.csv,96.91
22260552_push_cleanSmooth_correlation.csv,/kaggle/working/outputs/TESE_pruebas/run_20260902_145353/processed_data/correlation/22260552_CORRELATION/22260552_push_cleanSmooth_correlation.csv,96.96
22260552_push_noOutliers_correlation.csv,/kaggle/working/outputs/TESE_pruebas/run_20260902_145353/processed_data/correlation/22260552_CORRELATION/22260552_push_noOutliers_correlation.csv,30.08
22260552_push_outliers_correlation.csv,/kaggle/working/outputs/TESE_pruebas/run_20260902_145353/processed_data/correlation/22260552_CORRELATION/22260552_push_outliers_correlation.csv,32.74
22260552_push_sinArtefactosConservador_correlation.csv,/kaggle/working/outputs/TESE_pruebas/run_20260902_145353/processed_data/correlation/22260552_CORRELATION/22260552_push_sinArtefactosConservador_correlation.csv,30.08
22260552_push_sinArtefactosEstricto_correlation.csv,/kaggle/working/outputs/TESE_pruebas/run_20260902_145353/processed_data/correlation/22260552_CORRELATION/22260552_push_sinArtefactosEstricto_correlation.csv,30.08
22260552_ranking_correlacion.csv,/kaggle/working/outputs/TESE_pruebas/run_20260902_145353/processed_data/correlation/22260552_CORRELATION/22260552_ranking_correlacion.csv,1.13
22260552_right_cleanNorm_correlation.csv,/kaggle/working/outputs/TESE_pruebas/run_20260902_145353/processed_data/correlation/22260552_CORRELATION/22260552_right_cleanNorm_correlation.csv,592.51
22260552_right_cleanSmooth_correlation.csv,/kaggle/working/outputs/TESE_pruebas/run_20260902_145353/processed_data/correlation/22260552_CORRELATION/22260552_right_cleanSmooth_correlation.csv,591.9
22260552_right_noOutliers_correlation.csv,/kaggle/working/outputs/TESE_pruebas/run_20260902_145353/processed_data/correlation/22260552_CORRELATION/22260552_right_noOutliers_correlation.csv,181.62
22260552_right_outliers_correlation.csv,/kaggle/working/outputs/TESE_pruebas/run_20260902_145353/processed_data/correlation/22260552_CORRELATION/22260552_right_outliers_correlation.csv,193.44
22260552_right_sinArtefactosConservador_correlation.csv,/kaggle/working/outputs/TESE_pruebas/run_20260902_145353/processed_data/correlation/22260552_CORRELATION/22260552_right_sinArtefactosConservador_correlation.csv,181.62
22260552_right_sinArtefactosEstricto_correlation.csv,/kaggle/working/outputs/TESE_pruebas/run_20260902_145353/processed_data/correlation/22260552_CORRELATION/22260552_right_sinArtefactosEstricto_correlation.csv,181.62
231260558_all_cleanNorm_correlation.csv,/kaggle/working/outputs/TESE_pruebas/run_20260902_145353/processed_data/correlation/231260558_CORRELATION/231260558_all_cleanNorm_correlation.csv,1203.54
231260558_all_cleanSmooth_correlation.csv,/kaggle/working/outputs/TESE_pruebas/run_20260902_145353/processed_data/correlation/231260558_CORRELATION/231260558_all_cleanSmooth_correlation.csv,1203.63
231260558_all_noOutliers_correlation.csv,/kaggle/working/outputs/TESE_pruebas/run_20260902_145353/processed_data/correlation/231260558_CORRELATION/231260558_all_noOutliers_correlation.csv,374.54
231260558_all_outliers_correlation.csv,/kaggle/working/outputs/TESE_pruebas/run_20260902_145353/processed_data/correlation/231260558_CORRELATION/231260558_all_outliers_correlation.csv,514.45
231260558_all_sinArtefactosConservador_correlation.csv,/kaggle/working/outputs/TESE_pruebas/run_20260902_145353/processed_data/correlation/231260558_CORRELATION/231260558_all_sinArtefactosConservador_correlation.csv,316.73
231260558_all_sinArtefactosEstricto_correlation.csv,/kaggle/working/outputs/TESE_pruebas/run_20260902_145353/processed_data/correlation/231260558_CORRELATION/231260558_all_sinArtefactosEstricto_correlation.csv,241.29
231260558_left_cleanNorm_correlation.csv,/kaggle/working/outputs/TESE_pruebas/run_20260902_145353/processed_data/correlation/231260558_CORRELATION/231260558_left_cleanNorm_correlation.csv,295.08
231260558_left_cleanSmooth_correlation.csv,/kaggle/working/outputs/TESE_pruebas/run_20260902_145353/processed_data/correlation/231260558_CORRELATION/231260558_left_cleanSmooth_correlation.csv,295.31
231260558_left_noOutliers_correlation.csv,/kaggle/working/outputs/TESE_pruebas/run_20260902_145353/processed_data/correlation/231260558_CORRELATION/231260558_left_noOutliers_correlation.csv,92.11
231260558_left_outliers_correlation.csv,/kaggle/working/outputs/TESE_pruebas/run_20260902_145353/processed_data/correlation/231260558_CORRELATION/231260558_left_outliers_correlation.csv,122.28
231260558_left_sinArtefactosConservador_correlation.csv,/kaggle/working/outputs/TESE_pruebas/run_20260902_145353/processed_data/correlation/231260558_CORRELATION/231260558_left_sinArtefactosConservador_correlation.csv,92.11
231260558_left_sinArtefactosEstricto_correlation.csv,/kaggle/working/outputs/TESE_pruebas/run_20260902_145353/processed_data/correlation/231260558_CORRELATION/231260558_left_sinArtefactosEstricto_correlation.csv,92.11
231260558_pull_cleanNorm_correlation.csv,/kaggle/working/outputs/TESE_pruebas/run_20260902_145353/processed_data/correlation/231260558_CORRELATION/231260558_pull_cleanNorm_correlation.csv,533.76
231260558_pull_cleanSmooth_correlation.csv,/kaggle/working/outputs/TESE_pruebas/run_20260902_145353/processed_data/correlation/231260558_CORRELATION/231260558_pull_cleanSmooth_correlation.csv,534.13
231260558_pull_noOutliers_correlation.csv,/kaggle/working/outputs/TESE_pruebas/run_20260902_145353/processed_data/correlation/231260558_CORRELATION/231260558_pull_noOutliers_correlation.csv,166.32
231260558_pull_outliers_correlation.csv,/kaggle/working/outputs/TESE_pruebas/run_20260902_145353/processed_data/correlation/231260558_CORRELATION/231260558_pull_outliers_correlation.csv,220.06
231260558_pull_sinArtefactosConservador_correlation.csv,/kaggle/working/outputs/TESE_pruebas/run_20260902_145353/processed_data/correlation/231260558_CORRELATION/231260558_pull_sinArtefactosConservador_correlation.csv,166.32
231260558_pull_sinArtefactosEstricto_correlation.csv,/kaggle/working/outputs/TESE_pruebas/run_20260902_145353/processed_data/correlation/231260558_CORRELATION/231260558_pull_sinArtefactosEstricto_correlation.csv,166.32
231260558_push_cleanNorm_correlation.csv,/kaggle/working/outputs/TESE_pruebas/run_20260902_145353/processed_data/correlation/231260558_CORRELATION/231260558_push_cleanNorm_correlation.csv,190.83
231260558_push_cleanSmooth_correlation.csv,/kaggle/working/outputs/TESE_pruebas/run_20260902_145353/processed_data/correlation/231260558_CORRELATION/231260558_push_cleanSmooth_correlation.csv,190.99
231260558_push_noOutliers_correlation.csv,/kaggle/working/outputs/TESE_pruebas/run_20260902_145353/processed_data/correlation/231260558_CORRELATION/231260558_push_noOutliers_correlation.csv,61.23
231260558_push_outliers_correlation.csv,/kaggle/working/outputs/TESE_pruebas/run_20260902_145353/processed_data/correlation/231260558_CORRELATION/231260558_push_outliers_correlation.csv,80.82
231260558_push_sinArtefactosConservador_correlation.csv,/kaggle/working/outputs/TESE_pruebas/run_20260902_145353/processed_data/correlation/231260558_CORRELATION/231260558_push_sinArtefactosConservador_correlation.csv,61.23
231260558_push_sinArtefactosEstricto_correlation.csv,/kaggle/working/outputs/TESE_pruebas/run_20260902_145353/processed_data/correlation/231260558_CORRELATION/231260558_push_sinArtefactosEstricto_correlation.csv,61.23
231260558_ranking_correlacion.csv,/kaggle/working/outputs/TESE_pruebas/run_20260902_145353/processed_data/correlation/231260558_CORRELATION/231260558_ranking_correlacion.csv,1.13
231260558_right_cleanNorm_correlation.csv,/kaggle/working/outputs/TESE_pruebas/run_20260902_145353/processed_data/correlation/231260558_CORRELATION/231260558_right_cleanNorm_correlation.csv,202.7
231260558_right_cleanSmooth_correlation.csv,/kaggle/working/outputs/TESE_pruebas/run_20260902_145353/processed_data/correlation/231260558_CORRELATION/231260558_right_cleanSmooth_correlation.csv,202.86
231260558_right_noOutliers_correlation.csv,/kaggle/working/outputs/TESE_pruebas/run_20260902_145353/processed_data/correlation/231260558_CORRELATION/231260558_right_noOutliers_correlation.csv,63.67
231260558_right_outliers_correlation.csv,/kaggle/working/outputs/TESE_pruebas/run_20260902_145353/processed_data/correlation/231260558_CORRELATION/231260558_right_outliers_correlation.csv,93.22
231260558_right_sinArtefactosConservador_correlation.csv,/kaggle/working/outputs/TESE_pruebas/run_20260902_145353/processed_data/correlation/231260558_CORRELATION/231260558_right_sinArtefactosConservador_correlation.csv,63.67
231260558_right_sinArtefactosEstricto_correlation.csv,/kaggle/working/outputs/TESE_pruebas/run_20260902_145353/processed_data/correlation/231260558_CORRELATION/231260558_right_sinArtefactosEstricto_correlation.csv,63.67
252260554_all_cleanNorm_correlation.csv,/kaggle/working/outputs/TESE_pruebas/run_20260902_145353/processed_data/correlation/252260554_CORRELATION/252260554_all_cleanNorm_correlation.csv,717.16
252260554_all_cleanSmooth_correlation.csv,/kaggle/working/outputs/TESE_pruebas/run_20260902_145353/processed_data/correlation/252260554_CORRELATION/252260554_all_cleanSmooth_correlation.csv,717.39
252260554_all_noOutliers_correlation.csv,/kaggle/working/outputs/TESE_pruebas/run_20260902_145353/processed_data/correlation/252260554_CORRELATION/252260554_all_noOutliers_correlation.csv,220.32
252260554_all_outliers_correlation.csv,/kaggle/working/outputs/TESE_pruebas/run_20260902_145353/processed_data/correlation/252260554_CORRELATION/252260554_all_outliers_correlation.csv,315.67
252260554_all_sinArtefactosConservador_correlation.csv,/kaggle/working/outputs/TESE_pruebas/run_20260902_145353/processed_data/correlation/252260554_CORRELATION/252260554_all_sinArtefactosConservador_correlation.csv,169.2
252260554_all_sinArtefactosEstricto_correlation.csv,/kaggle/working/outputs/TESE_pruebas/run_20260902_145353/processed_data/correlation/252260554_CORRELATION/252260554_all_sinArtefactosEstricto_correlation.csv,97.65
252260554_left_cleanNorm_correlation.csv,/kaggle/working/outputs/TESE_pruebas/run_20260902_145353/processed_data/correlation/252260554_CORRELATION/252260554_left_cleanNorm_correlation.csv,299.74
252260554_left_cleanSmooth_correlation.csv,/kaggle/working/outputs/TESE_pruebas/run_20260902_145353/processed_data/correlation/252260554_CORRELATION/252260554_left_cleanSmooth_correlation.csv,299.93
252260554_left_noOutliers_correlation.csv,/kaggle/working/outputs/TESE_pruebas/run_20260902_145353/processed_data/correlation/252260554_CORRELATION/252260554_left_noOutliers_correlation.csv,92.46
252260554_left_outliers_correlation.csv,/kaggle/working/outputs/TESE_pruebas/run_20260902_145353/processed_data/correlation/252260554_CORRELATION/252260554_left_outliers_correlation.csv,128.44
252260554_left_sinArtefactosConservador_correlation.csv,/kaggle/working/outputs/TESE_pruebas/run_20260902_145353/processed_data/correlation/252260554_CORRELATION/252260554_left_sinArtefactosConservador_correlation.csv,92.46
252260554_left_sinArtefactosEstricto_correlation.csv,/kaggle/working/outputs/TESE_pruebas/run_20260902_145353/processed_data/correlation/252260554_CORRELATION/252260554_left_sinArtefactosEstricto_correlation.csv,92.46
252260554_pull_cleanNorm_correlation.csv,/kaggle/working/outputs/TESE_pruebas/run_20260902_145353/processed_data/correlation/252260554_CORRELATION/252260554_pull_cleanNorm_correlation.csv,53.88
252260554_pull_cleanSmooth_correlation.csv,/kaggle/working/outputs/TESE_pruebas/run_20260902_145353/processed_data/correlation/252260554_CORRELATION/252260554_pull_cleanSmooth_correlation.csv,53.88
252260554_pull_noOutliers_correlation.csv,/kaggle/working/outputs/TESE_pruebas/run_20260902_145353/processed_data/correlation/252260554_CORRELATION/252260554_pull_noOutliers_correlation.csv,17.01
252260554_pull_outliers_correlation.csv,/kaggle/working/outputs/TESE_pruebas/run_20260902_145353/processed_data/correlation/252260554_CORRELATION/252260554_pull_outliers_correlation.csv,24.38
252260554_pull_sinArtefactosConservador_correlation.csv,/kaggle/working/outputs/TESE_pruebas/run_20260902_145353/processed_data/correlation/252260554_CORRELATION/252260554_pull_sinArtefactosConservador_correlation.csv,17.01
252260554_pull_sinArtefactosEstricto_correlation.csv,/kaggle/working/outputs/TESE_pruebas/run_20260902_145353/processed_data/correlation/252260554_CORRELATION/252260554_pull_sinArtefactosEstricto_correlation.csv,17.01
252260554_push_cleanNorm_correlation.csv,/kaggle/working/outputs/TESE_pruebas/run_20260902_145353/processed_data/correlation/252260554_CORRELATION/252260554_push_cleanNorm_correlation.csv,284.23
252260554_push_cleanSmooth_correlation.csv,/kaggle/working/outputs/TESE_pruebas/run_20260902_145353/processed_data/correlation/252260554_CORRELATION/252260554_push_cleanSmooth_correlation.csv,284.48
252260554_push_noOutliers_correlation.csv,/kaggle/working/outputs/TESE_pruebas/run_20260902_145353/processed_data/correlation/252260554_CORRELATION/252260554_push_noOutliers_correlation.csv,87.68
252260554_push_outliers_correlation.csv,/kaggle/working/outputs/TESE_pruebas/run_20260902_145353/processed_data/correlation/252260554_CORRELATION/252260554_push_outliers_correlation.csv,127.53
252260554_push_sinArtefactosConservador_correlation.csv,/kaggle/working/outputs/TESE_pruebas/run_20260902_145353/processed_data/correlation/252260554_CORRELATION/252260554_push_sinArtefactosConservador_correlation.csv,87.68
252260554_push_sinArtefactosEstricto_correlation.csv,/kaggle/working/outputs/TESE_pruebas/run_20260902_145353/processed_data/correlation/252260554_CORRELATION/252260554_push_sinArtefactosEstricto_correlation.csv,87.68
252260554_ranking_correlacion.csv,/kaggle/working/outputs/TESE_pruebas/run_20260902_145353/processed_data/correlation/252260554_CORRELATION/252260554_ranking_correlacion.csv,1.13
252260554_right_cleanNorm_correlation.csv,/kaggle/working/outputs/TESE_pruebas/run_20260902_145353/processed_data/correlation/252260554_CORRELATION/252260554_right_cleanNorm_correlation.csv,81.87
252260554_right_cleanSmooth_correlation.csv,/kaggle/working/outputs/TESE_pruebas/run_20260902_145353/processed_data/correlation/252260554_CORRELATION/252260554_right_cleanSmooth_correlation.csv,81.96
252260554_right_noOutliers_correlation.csv,/kaggle/working/outputs/TESE_pruebas/run_20260902_145353/processed_data/correlation/252260554_CORRELATION/252260554_right_noOutliers_correlation.csv,25.66
252260554_right_outliers_correlation.csv,/kaggle/working/outputs/TESE_pruebas/run_20260902_145353/processed_data/correlation/252260554_CORRELATION/252260554_right_outliers_correlation.csv,37.25
252260554_right_sinArtefactosConservador_correlation.csv,/kaggle/working/outputs/TESE_pruebas/run_20260902_145353/processed_data/correlation/252260554_CORRELATION/252260554_right_sinArtefactosConservador_correlation.csv,25.66
252260554_right_sinArtefactosEstricto_correlation.csv,/kaggle/working/outputs/TESE_pruebas/run_20260902_145353/processed_data/correlation/252260554_CORRELATION/252260554_right_sinArtefactosEstricto_correlation.csv,25.66
252260556_all_cleanNorm_correlation.csv,/kaggle/working/outputs/TESE_pruebas/run_20260902_145353/processed_data/correlation/252260556_CORRELATION/252260556_all_cleanNorm_correlation.csv,1119.58
252260556_all_cleanSmooth_correlation.csv,/kaggle/working/outputs/TESE_pruebas/run_20260902_145353/processed_data/correlation/252260556_CORRELATION/252260556_all_cleanSmooth_correlation.csv,1120.13
252260556_all_noOutliers_correlation.csv,/kaggle/working/outputs/TESE_pruebas/run_20260902_145353/processed_data/correlation/252260556_CORRELATION/252260556_all_noOutliers_correlation.csv,343.13
252260556_all_outliers_correlation.csv,/kaggle/working/outputs/TESE_pruebas/run_20260902_145353/processed_data/correlation/252260556_CORRELATION/252260556_all_outliers_correlation.csv,374.29
252260556_all_sinArtefactosConservador_correlation.csv,/kaggle/working/outputs/TESE_pruebas/run_20260902_145353/processed_data/correlation/252260556_CORRELATION/252260556_all_sinArtefactosConservador_correlation.csv,275.92
252260556_all_sinArtefactosEstricto_correlation.csv,/kaggle/working/outputs/TESE_pruebas/run_20260902_145353/processed_data/correlation/252260556_CORRELATION/252260556_all_sinArtefactosEstricto_correlation.csv,184.93
252260556_left_cleanNorm_correlation.csv,/kaggle/working/outputs/TESE_pruebas/run_20260902_145353/processed_data/correlation/252260556_CORRELATION/252260556_left_cleanNorm_correlation.csv,431.44
252260556_left_cleanSmooth_correlation.csv,/kaggle/working/outputs/TESE_pruebas/run_20260902_145353/processed_data/correlation/252260556_CORRELATION/252260556_left_cleanSmooth_correlation.csv,431.63
252260556_left_noOutliers_correlation.csv,/kaggle/working/outputs/TESE_pruebas/run_20260902_145353/processed_data/correlation/252260556_CORRELATION/252260556_left_noOutliers_correlation.csv,132.43
252260556_left_outliers_correlation.csv,/kaggle/working/outputs/TESE_pruebas/run_20260902_145353/processed_data/correlation/252260556_CORRELATION/252260556_left_outliers_correlation.csv,137.55
252260556_left_sinArtefactosConservador_correlation.csv,/kaggle/working/outputs/TESE_pruebas/run_20260902_145353/processed_data/correlation/252260556_CORRELATION/252260556_left_sinArtefactosConservador_correlation.csv,132.43
252260556_left_sinArtefactosEstricto_correlation.csv,/kaggle/working/outputs/TESE_pruebas/run_20260902_145353/processed_data/correlation/252260556_CORRELATION/252260556_left_sinArtefactosEstricto_correlation.csv,132.43
252260556_pull_cleanNorm_correlation.csv,/kaggle/working/outputs/TESE_pruebas/run_20260902_145353/processed_data/correlation/252260556_CORRELATION/252260556_pull_cleanNorm_correlation.csv,340.32
252260556_pull_cleanSmooth_correlation.csv,/kaggle/working/outputs/TESE_pruebas/run_20260902_145353/processed_data/correlation/252260556_CORRELATION/252260556_pull_cleanSmooth_correlation.csv,340.46
252260556_pull_noOutliers_correlation.csv,/kaggle/working/outputs/TESE_pruebas/run_20260902_145353/processed_data/correlation/252260556_CORRELATION/252260556_pull_noOutliers_correlation.csv,104.78
252260556_pull_outliers_correlation.csv,/kaggle/working/outputs/TESE_pruebas/run_20260902_145353/processed_data/correlation/252260556_CORRELATION/252260556_pull_outliers_correlation.csv,123.06
252260556_pull_sinArtefactosConservador_correlation.csv,/kaggle/working/outputs/TESE_pruebas/run_20260902_145353/processed_data/correlation/252260556_CORRELATION/252260556_pull_sinArtefactosConservador_correlation.csv,104.78
252260556_pull_sinArtefactosEstricto_correlation.csv,/kaggle/working/outputs/TESE_pruebas/run_20260902_145353/processed_data/correlation/252260556_CORRELATION/252260556_pull_sinArtefactosEstricto_correlation.csv,104.78
252260556_push_cleanNorm_correlation.csv,/kaggle/working/outputs/TESE_pruebas/run_20260902_145353/processed_data/correlation/252260556_CORRELATION/252260556_push_cleanNorm_correlation.csv,158.66
252260556_push_cleanSmooth_correlation.csv,/kaggle/working/outputs/TESE_pruebas/run_20260902_145353/processed_data/correlation/252260556_CORRELATION/252260556_push_cleanSmooth_correlation.csv,158.79
252260556_push_noOutliers_correlation.csv,/kaggle/working/outputs/TESE_pruebas/run_20260902_145353/processed_data/correlation/252260556_CORRELATION/252260556_push_noOutliers_correlation.csv,49.19
252260556_push_outliers_correlation.csv,/kaggle/working/outputs/TESE_pruebas/run_20260902_145353/processed_data/correlation/252260556_CORRELATION/252260556_push_outliers_correlation.csv,65.5
252260556_push_sinArtefactosConservador_correlation.csv,/kaggle/working/outputs/TESE_pruebas/run_20260902_145353/processed_data/correlation/252260556_CORRELATION/252260556_push_sinArtefactosConservador_correlation.csv,49.19
252260556_push_sinArtefactosEstricto_correlation.csv,/kaggle/working/outputs/TESE_pruebas/run_20260902_145353/processed_data/correlation/252260556_CORRELATION/252260556_push_sinArtefactosEstricto_correlation.csv,49.19
252260556_ranking_correlacion.csv,/kaggle/working/outputs/TESE_pruebas/run_20260902_145353/processed_data/correlation/252260556_CORRELATION/252260556_ranking_correlacion.csv,1.13
252260556_right_cleanNorm_correlation.csv,/kaggle/working/outputs/TESE_pruebas/run_20260902_145353/processed_data/correlation/252260556_CORRELATION/252260556_right_cleanNorm_correlation.csv,121.64
252260556_right_cleanSmooth_correlation.csv,/kaggle/working/outputs/TESE_pruebas/run_20260902_145353/processed_data/correlation/252260556_CORRELATION/252260556_right_cleanSmooth_correlation.csv,121.89
252260556_right_noOutliers_correlation.csv,/kaggle/working/outputs/TESE_pruebas/run_20260902_145353/processed_data/correlation/252260556_CORRELATION/252260556_right_noOutliers_correlation.csv,37.81
252260556_right_outliers_correlation.csv,/kaggle/working/outputs/TESE_pruebas/run_20260902_145353/processed_data/correlation/252260556_CORRELATION/252260556_right_outliers_correlation.csv,50.11
252260556_right_sinArtefactosConservador_correlation.csv,/kaggle/working/outputs/TESE_pruebas/run_20260902_145353/processed_data/correlation/252260556_CORRELATION/252260556_right_sinArtefactosConservador_correlation.csv,37.81
252260556_right_sinArtefactosEstricto_correlation.csv,/kaggle/working/outputs/TESE_pruebas/run_20260902_145353/processed_data/correlation/252260556_CORRELATION/252260556_right_sinArtefactosEstricto_correlation.csv,37.81
252260670_all_cleanNorm_correlation.csv,/kaggle/working/outputs/TESE_pruebas/run_20260902_145353/processed_data/correlation/252260670_CORRELATION/252260670_all_cleanNorm_correlation.csv,175.24
252260670_all_cleanSmooth_correlation.csv,/kaggle/working/outputs/TESE_pruebas/run_20260902_145353/processed_data/correlation/252260670_CORRELATION/252260670_all_cleanSmooth_correlation.csv,175.33
252260670_all_noOutliers_correlation.csv,/kaggle/working/outputs/TESE_pruebas/run_20260902_145353/processed_data/correlation/252260670_CORRELATION/252260670_all_noOutliers_correlation.csv,54.36
252260670_all_outliers_correlation.csv,/kaggle/working/outputs/TESE_pruebas/run_20260902_145353/processed_data/correlation/252260670_CORRELATION/252260670_all_outliers_correlation.csv,78.89
252260670_all_sinArtefactosConservador_correlation.csv,/kaggle/working/outputs/TESE_pruebas/run_20260902_145353/processed_data/correlation/252260670_CORRELATION/252260670_all_sinArtefactosConservador_correlation.csv,0.94
252260670_all_sinArtefactosEstricto_correlation.csv,/kaggle/working/outputs/TESE_pruebas/run_20260902_145353/processed_data/correlation/252260670_CORRELATION/252260670_all_sinArtefactosEstricto_correlation.csv,1.28
252260670_left_cleanNorm_correlation.csv,/kaggle/working/outputs/TESE_pruebas/run_20260902_145353/processed_data/correlation/252260670_CORRELATION/252260670_left_cleanNorm_correlation.csv,12.62
252260670_left_cleanSmooth_correlation.csv,/kaggle/working/outputs/TESE_pruebas/run_20260902_145353/processed_data/correlation/252260670_CORRELATION/252260670_left_cleanSmooth_correlation.csv,12.63
252260670_left_noOutliers_correlation.csv,/kaggle/working/outputs/TESE_pruebas/run_20260902_145353/processed_data/correlation/252260670_CORRELATION/252260670_left_noOutliers_correlation.csv,4.29
252260670_left_outliers_correlation.csv,/kaggle/working/outputs/TESE_pruebas/run_20260902_145353/processed_data/correlation/252260670_CORRELATION/252260670_left_outliers_correlation.csv,4.29
252260670_left_sinArtefactosConservador_correlation.csv,/kaggle/working/outputs/TESE_pruebas/run_20260902_145353/processed_data/correlation/252260670_CORRELATION/252260670_left_sinArtefactosConservador_correlation.csv,4.29
252260670_left_sinArtefactosEstricto_correlation.csv,/kaggle/working/outputs/TESE_pruebas/run_20260902_145353/processed_data/correlation/252260670_CORRELATION/252260670_left_sinArtefactosEstricto_correlation.csv,4.29
252260670_pull_cleanNorm_correlation.csv,/kaggle/working/outputs/TESE_pruebas/run_20260902_145353/processed_data/correlation/252260670_CORRELATION/252260670_pull_cleanNorm_correlation.csv,24.6
252260670_pull_cleanSmooth_correlation.csv,/kaggle/working/outputs/TESE_pruebas/run_20260902_145353/processed_data/correlation/252260670_CORRELATION/252260670_pull_cleanSmooth_correlation.csv,24.62
252260670_pull_noOutliers_correlation.csv,/kaggle/working/outputs/TESE_pruebas/run_20260902_145353/processed_data/correlation/252260670_CORRELATION/252260670_pull_noOutliers_correlation.csv,7.99
252260670_pull_outliers_correlation.csv,/kaggle/working/outputs/TESE_pruebas/run_20260902_145353/processed_data/correlation/252260670_CORRELATION/252260670_pull_outliers_correlation.csv,8.82
252260670_pull_sinArtefactosConservador_correlation.csv,/kaggle/working/outputs/TESE_pruebas/run_20260902_145353/processed_data/correlation/252260670_CORRELATION/252260670_pull_sinArtefactosConservador_correlation.csv,7.99
252260670_pull_sinArtefactosEstricto_correlation.csv,/kaggle/working/outputs/TESE_pruebas/run_20260902_145353/processed_data/correlation/252260670_CORRELATION/252260670_pull_sinArtefactosEstricto_correlation.csv,7.99
252260670_push_cleanNorm_correlation.csv,/kaggle/working/outputs/TESE_pruebas/run_20260902_145353/processed_data/correlation/252260670_CORRELATION/252260670_push_cleanNorm_correlation.csv,78.13
252260670_push_cleanSmooth_correlation.csv,/kaggle/working/outputs/TESE_pruebas/run_20260902_145353/processed_data/correlation/252260670_CORRELATION/252260670_push_cleanSmooth_correlation.csv,78.14
252260670_push_noOutliers_correlation.csv,/kaggle/working/outputs/TESE_pruebas/run_20260902_145353/processed_data/correlation/252260670_CORRELATION/252260670_push_noOutliers_correlation.csv,24.37
252260670_push_outliers_correlation.csv,/kaggle/working/outputs/TESE_pruebas/run_20260902_145353/processed_data/correlation/252260670_CORRELATION/252260670_push_outliers_correlation.csv,28.6
252260670_push_sinArtefactosConservador_correlation.csv,/kaggle/working/outputs/TESE_pruebas/run_20260902_145353/processed_data/correlation/252260670_CORRELATION/252260670_push_sinArtefactosConservador_correlation.csv,24.37
252260670_push_sinArtefactosEstricto_correlation.csv,/kaggle/working/outputs/TESE_pruebas/run_20260902_145353/processed_data/correlation/252260670_CORRELATION/252260670_push_sinArtefactosEstricto_correlation.csv,24.37
252260670_ranking_correlacion.csv,/kaggle/working/outputs/TESE_pruebas/run_20260902_145353/processed_data/correlation/252260670_CORRELATION/252260670_ranking_correlacion.csv,1.13
252260670_right_cleanNorm_correlation.csv,/kaggle/working/outputs/TESE_pruebas/run_20260902_145353/processed_data/correlation/252260670_CORRELATION/252260670_right_cleanNorm_correlation.csv,93.94
252260670_right_cleanSmooth_correlation.csv,/kaggle/working/outputs/TESE_pruebas/run_20260902_145353/processed_data/correlation/252260670_CORRELATION/252260670_right_cleanSmooth_correlation.csv,93.98
252260670_right_noOutliers_correlation.csv,/kaggle/working/outputs/TESE_pruebas/run_20260902_145353/processed_data/correlation/252260670_CORRELATION/252260670_right_noOutliers_correlation.csv,29.55
252260670_right_outliers_correlation.csv,/kaggle/working/outputs/TESE_pruebas/run_20260902_145353/processed_data/correlation/252260670_CORRELATION/252260670_right_outliers_correlation.csv,39.12
252260670_right_sinArtefactosConservador_correlation.csv,/kaggle/working/outputs/TESE_pruebas/run_20260902_145353/processed_data/correlation/252260670_CORRELATION/252260670_right_sinArtefactosConservador_correlation.csv,29.55
252260670_right_sinArtefactosEstricto_correlation.csv,/kaggle/working/outputs/TESE_pruebas/run_20260902_145353/processed_data/correlation/252260670_CORRELATION/252260670_right_sinArtefactosEstricto_correlation.csv,29.55
cano_all_cleanNorm_correlation.csv,/kaggle/working/outputs/TESE_pruebas/run_20260902_145353/processed_data/correlation/cano_CORRELATION/cano_all_cleanNorm_correlation.csv,1191.88
cano_all_cleanSmooth_correlation.csv,/kaggle/working/outputs/TESE_pruebas/run_20260902_145353/processed_data/correlation/cano_CORRELATION/cano_all_cleanSmooth_correlation.csv,1191.76
cano_all_noOutliers_correlation.csv,/kaggle/working/outputs/TESE_pruebas/run_20260902_145353/processed_data/correlation/cano_CORRELATION/cano_all_noOutliers_correlation.csv,362.77
cano_all_outliers_correlation.csv,/kaggle/working/outputs/TESE_pruebas/run_20260902_145353/processed_data/correlation/cano_CORRELATION/cano_all_outliers_correlation.csv,389.16
cano_all_sinArtefactosConservador_correlation.csv,/kaggle/working/outputs/TESE_pruebas/run_20260902_145353/processed_data/correlation/cano_CORRELATION/cano_all_sinArtefactosConservador_correlation.csv,255.89
cano_all_sinArtefactosEstricto_correlation.csv,/kaggle/working/outputs/TESE_pruebas/run_20260902_145353/processed_data/correlation/cano_CORRELATION/cano_all_sinArtefactosEstricto_correlation.csv,160.62
cano_left_cleanNorm_correlation.csv,/kaggle/working/outputs/TESE_pruebas/run_20260902_145353/processed_data/correlation/cano_CORRELATION/cano_left_cleanNorm_correlation.csv,104.32
cano_left_cleanSmooth_correlation.csv,/kaggle/working/outputs/TESE_pruebas/run_20260902_145353/processed_data/correlation/cano_CORRELATION/cano_left_cleanSmooth_correlation.csv,104.34
cano_left_noOutliers_correlation.csv,/kaggle/working/outputs/TESE_pruebas/run_20260902_145353/processed_data/correlation/cano_CORRELATION/cano_left_noOutliers_correlation.csv,32.41
cano_left_outliers_correlation.csv,/kaggle/working/outputs/TESE_pruebas/run_20260902_145353/processed_data/correlation/cano_CORRELATION/cano_left_outliers_correlation.csv,43.84
cano_left_sinArtefactosConservador_correlation.csv,/kaggle/working/outputs/TESE_pruebas/run_20260902_145353/processed_data/correlation/cano_CORRELATION/cano_left_sinArtefactosConservador_correlation.csv,32.41
cano_left_sinArtefactosEstricto_correlation.csv,/kaggle/working/outputs/TESE_pruebas/run_20260902_145353/processed_data/correlation/cano_CORRELATION/cano_left_sinArtefactosEstricto_correlation.csv,32.41
cano_pull_cleanNorm_correlation.csv,/kaggle/working/outputs/TESE_pruebas/run_20260902_145353/processed_data/correlation/cano_CORRELATION/cano_pull_cleanNorm_correlation.csv,40.47
cano_pull_cleanSmooth_correlation.csv,/kaggle/working/outputs/TESE_pruebas/run_20260902_145353/processed_data/correlation/cano_CORRELATION/cano_pull_cleanSmooth_correlation.csv,40.49
cano_pull_noOutliers_correlation.csv,/kaggle/working/outputs/TESE_pruebas/run_20260902_145353/processed_data/correlation/cano_CORRELATION/cano_pull_noOutliers_correlation.csv,12.9
cano_pull_outliers_correlation.csv,/kaggle/working/outputs/TESE_pruebas/run_20260902_145353/processed_data/correlation/cano_CORRELATION/cano_pull_outliers_correlation.csv,14.94
cano_pull_sinArtefactosConservador_correlation.csv,/kaggle/working/outputs/TESE_pruebas/run_20260902_145353/processed_data/correlation/cano_CORRELATION/cano_pull_sinArtefactosConservador_correlation.csv,12.9
cano_pull_sinArtefactosEstricto_correlation.csv,/kaggle/working/outputs/TESE_pruebas/run_20260902_145353/processed_data/correlation/cano_CORRELATION/cano_pull_sinArtefactosEstricto_correlation.csv,12.9
cano_push_cleanNorm_correlation.csv,/kaggle/working/outputs/TESE_pruebas/run_20260902_145353/processed_data/correlation/cano_CORRELATION/cano_push_cleanNorm_correlation.csv,211.85
cano_push_cleanSmooth_correlation.csv,/kaggle/working/outputs/TESE_pruebas/run_20260902_145353/processed_data/correlation/cano_CORRELATION/cano_push_cleanSmooth_correlation.csv,212.03
cano_push_noOutliers_correlation.csv,/kaggle/working/outputs/TESE_pruebas/run_20260902_145353/processed_data/correlation/cano_CORRELATION/cano_push_noOutliers_correlation.csv,65.54
cano_push_outliers_correlation.csv,/kaggle/working/outputs/TESE_pruebas/run_20260902_145353/processed_data/correlation/cano_CORRELATION/cano_push_outliers_correlation.csv,96.61
cano_push_sinArtefactosConservador_correlation.csv,/kaggle/working/outputs/TESE_pruebas/run_20260902_145353/processed_data/correlation/cano_CORRELATION/cano_push_sinArtefactosConservador_correlation.csv,65.54
cano_push_sinArtefactosEstricto_correlation.csv,/kaggle/working/outputs/TESE_pruebas/run_20260902_145353/processed_data/correlation/cano_CORRELATION/cano_push_sinArtefactosEstricto_correlation.csv,65.54
cano_ranking_correlacion.csv,/kaggle/working/outputs/TESE_pruebas/run_20260902_145353/processed_data/correlation/cano_CORRELATION/cano_ranking_correlacion.csv,1.13
cano_right_cleanNorm_correlation.csv,/kaggle/working/outputs/TESE_pruebas/run_20260902_145353/processed_data/correlation/cano_CORRELATION/cano_right_cleanNorm_correlation.csv,696.55
cano_right_cleanSmooth_correlation.csv,/kaggle/working/outputs/TESE_pruebas/run_20260902_145353/processed_data/correlation/cano_CORRELATION/cano_right_cleanSmooth_correlation.csv,696.76
cano_right_noOutliers_correlation.csv,/kaggle/working/outputs/TESE_pruebas/run_20260902_145353/processed_data/correlation/cano_CORRELATION/cano_right_noOutliers_correlation.csv,212.0
cano_right_outliers_correlation.csv,/kaggle/working/outputs/TESE_pruebas/run_20260902_145353/processed_data/correlation/cano_CORRELATION/cano_right_outliers_correlation.csv,235.7
cano_right_sinArtefactosConservador_correlation.csv,/kaggle/working/outputs/TESE_pruebas/run_20260902_145353/processed_data/correlation/cano_CORRELATION/cano_right_sinArtefactosConservador_correlation.csv,212.0
cano_right_sinArtefactosEstricto_correlation.csv,/kaggle/working/outputs/TESE_pruebas/run_20260902_145353/processed_data/correlation/cano_CORRELATION/cano_right_sinArtefactosEstricto_correlation.csv,212.0
reporte_mapeo.csv,/kaggle/working/outputs/TESE_pruebas/run_20260902_145353/processed_data/correlation/reporte_mapeo.csv,22.93
villanueva_all_cleanNorm_correlation.csv,/kaggle/working/outputs/TESE_pruebas/run_20260902_145353/processed_data/correlation/villanueva_CORRELATION/villanueva_all_cleanNorm_correlation.csv,842.92
villanueva_all_cleanSmooth_correlation.csv,/kaggle/working/outputs/TESE_pruebas/run_20260902_145353/processed_data/correlation/villanueva_CORRELATION/villanueva_all_cleanSmooth_correlation.csv,843.1
villanueva_all_noOutliers_correlation.csv,/kaggle/working/outputs/TESE_pruebas/run_20260902_145353/processed_data/correlation/villanueva_CORRELATION/villanueva_all_noOutliers_correlation.csv,258.38
villanueva_all_outliers_correlation.csv,/kaggle/working/outputs/TESE_pruebas/run_20260902_145353/processed_data/correlation/villanueva_CORRELATION/villanueva_all_outliers_correlation.csv,282.18
villanueva_all_sinArtefactosConservador_correlation.csv,/kaggle/working/outputs/TESE_pruebas/run_20260902_145353/processed_data/correlation/villanueva_CORRELATION/villanueva_all_sinArtefactosConservador_correlation.csv,226.58
villanueva_all_sinArtefactosEstricto_correlation.csv,/kaggle/working/outputs/TESE_pruebas/run_20260902_145353/processed_data/correlation/villanueva_CORRELATION/villanueva_all_sinArtefactosEstricto_correlation.csv,147.45
villanueva_left_cleanNorm_correlation.csv,/kaggle/working/outputs/TESE_pruebas/run_20260902_145353/processed_data/correlation/villanueva_CORRELATION/villanueva_left_cleanNorm_correlation.csv,23.2
villanueva_left_cleanSmooth_correlation.csv,/kaggle/working/outputs/TESE_pruebas/run_20260902_145353/processed_data/correlation/villanueva_CORRELATION/villanueva_left_cleanSmooth_correlation.csv,23.3
villanueva_left_noOutliers_correlation.csv,/kaggle/working/outputs/TESE_pruebas/run_20260902_145353/processed_data/correlation/villanueva_CORRELATION/villanueva_left_noOutliers_correlation.csv,7.57
villanueva_left_outliers_correlation.csv,/kaggle/working/outputs/TESE_pruebas/run_20260902_145353/processed_data/correlation/villanueva_CORRELATION/villanueva_left_outliers_correlation.csv,7.57
villanueva_left_sinArtefactosConservador_correlation.csv,/kaggle/working/outputs/TESE_pruebas/run_20260902_145353/processed_data/correlation/villanueva_CORRELATION/villanueva_left_sinArtefactosConservador_correlation.csv,7.57
villanueva_left_sinArtefactosEstricto_correlation.csv,/kaggle/working/outputs/TESE_pruebas/run_20260902_145353/processed_data/correlation/villanueva_CORRELATION/villanueva_left_sinArtefactosEstricto_correlation.csv,7.57
villanueva_pull_cleanNorm_correlation.csv,/kaggle/working/outputs/TESE_pruebas/run_20260902_145353/processed_data/correlation/villanueva_CORRELATION/villanueva_pull_cleanNorm_correlation.csv,484.26
villanueva_pull_cleanSmooth_correlation.csv,/kaggle/working/outputs/TESE_pruebas/run_20260902_145353/processed_data/correlation/villanueva_CORRELATION/villanueva_pull_cleanSmooth_correlation.csv,484.28
villanueva_pull_noOutliers_correlation.csv,/kaggle/working/outputs/TESE_pruebas/run_20260902_145353/processed_data/correlation/villanueva_CORRELATION/villanueva_pull_noOutliers_correlation.csv,148.66
villanueva_pull_outliers_correlation.csv,/kaggle/working/outputs/TESE_pruebas/run_20260902_145353/processed_data/correlation/villanueva_CORRELATION/villanueva_pull_outliers_correlation.csv,162.81
villanueva_pull_sinArtefactosConservador_correlation.csv,/kaggle/working/outputs/TESE_pruebas/run_20260902_145353/processed_data/correlation/villanueva_CORRELATION/villanueva_pull_sinArtefactosConservador_correlation.csv,148.66
villanueva_pull_sinArtefactosEstricto_correlation.csv,/kaggle/working/outputs/TESE_pruebas/run_20260902_145353/processed_data/correlation/villanueva_CORRELATION/villanueva_pull_sinArtefactosEstricto_correlation.csv,148.66
villanueva_push_cleanNorm_correlation.csv,/kaggle/working/outputs/TESE_pruebas/run_20260902_145353/processed_data/correlation/villanueva_CORRELATION/villanueva_push_cleanNorm_correlation.csv,281.82
villanueva_push_cleanSmooth_correlation.csv,/kaggle/working/outputs/TESE_pruebas/run_20260902_145353/processed_data/correlation/villanueva_CORRELATION/villanueva_push_cleanSmooth_correlation.csv,281.78
villanueva_push_noOutliers_correlation.csv,/kaggle/working/outputs/TESE_pruebas/run_20260902_145353/processed_data/correlation/villanueva_CORRELATION/villanueva_push_noOutliers_correlation.csv,86.68
villanueva_push_outliers_correlation.csv,/kaggle/working/outputs/TESE_pruebas/run_20260902_145353/processed_data/correlation/villanueva_CORRELATION/villanueva_push_outliers_correlation.csv,93.0
villanueva_push_sinArtefactosConservador_correlation.csv,/kaggle/working/outputs/TESE_pruebas/run_20260902_145353/processed_data/correlation/villanueva_CORRELATION/villanueva_push_sinArtefactosConservador_correlation.csv,86.68
villanueva_push_sinArtefactosEstricto_correlation.csv,/kaggle/working/outputs/TESE_pruebas/run_20260902_145353/processed_data/correlation/villanueva_CORRELATION/villanueva_push_sinArtefactosEstricto_correlation.csv,86.68
villanueva_ranking_correlacion.csv,/kaggle/working/outputs/TESE_pruebas/run_20260902_145353/processed_data/correlation/villanueva_CORRELATION/villanueva_ranking_correlacion.csv,1.12
villanueva_right_cleanNorm_correlation.csv,/kaggle/working/outputs/TESE_pruebas/run_20260902_145353/processed_data/correlation/villanueva_CORRELATION/villanueva_right_cleanNorm_correlation.csv,56.85
villanueva_right_cleanSmooth_correlation.csv,/kaggle/working/outputs/TESE_pruebas/run_20260902_145353/processed_data/correlation/villanueva_CORRELATION/villanueva_right_cleanSmooth_correlation.csv,56.78
villanueva_right_noOutliers_correlation.csv,/kaggle/working/outputs/TESE_pruebas/run_20260902_145353/processed_data/correlation/villanueva_CORRELATION/villanueva_right_noOutliers_correlation.csv,17.82
villanueva_right_outliers_correlation.csv,/kaggle/working/outputs/TESE_pruebas/run_20260902_145353/processed_data/correlation/villanueva_CORRELATION/villanueva_right_outliers_correlation.csv,20.73
villanueva_right_sinArtefactosConservador_correlation.csv,/kaggle/working/outputs/TESE_pruebas/run_20260902_145353/processed_data/correlation/villanueva_CORRELATION/villanueva_right_sinArtefactosConservador_correlation.csv,17.82
villanueva_right_sinArtefactosEstricto_correlation.csv,/kaggle/working/outputs/TESE_pruebas/run_20260902_145353/processed_data/correlation/villanueva_CORRELATION/villanueva_right_sinArtefactosEstricto_correlation.csv,17.82
confusion_211260561_all_noOutliers_IBk_kNN.png,/kaggle/working/outputs/TESE_pruebas/run_20260902_145353/processed_data/figures/211260561/confusion_211260561_all_noOutliers_IBk_kNN.png,29.36
confusion_211260561_all_noOutliers_J48_C45.png,/kaggle/working/outputs/TESE_pruebas/run_20260902_145353/processed_data/figures/211260561/confusion_211260561_all_noOutliers_J48_C45.png,30.6
confusion_211260561_all_noOutliers_MLP.png,/kaggle/working/outputs/TESE_pruebas/run_20260902_145353/processed_data/figures/211260561/confusion_211260561_all_noOutliers_MLP.png,28.35
confusion_211260561_all_noOutliers_NaiveBayes.png,/kaggle/working/outputs/TESE_pruebas/run_20260902_145353/processed_data/figures/211260561/confusion_211260561_all_noOutliers_NaiveBayes.png,29.47
confusion_211260561_all_noOutliers_RBFNetwork_aprox.png,/kaggle/working/outputs/TESE_pruebas/run_20260902_145353/processed_data/figures/211260561/confusion_211260561_all_noOutliers_RBFNetwork_aprox.png,30.89
confusion_211260561_all_noOutliers_RandomForest.png,/kaggle/working/outputs/TESE_pruebas/run_20260902_145353/processed_data/figures/211260561/confusion_211260561_all_noOutliers_RandomForest.png,29.0
confusion_211260561_all_noOutliers_SMO_SVM.png,/kaggle/working/outputs/TESE_pruebas/run_20260902_145353/processed_data/figures/211260561/confusion_211260561_all_noOutliers_SMO_SVM.png,28.69
confusion_211260561_all_sinArtefactosConservador_IBk_kNN.png,/kaggle/working/outputs/TESE_pruebas/run_20260902_145353/processed_data/figures/211260561/confusion_211260561_all_sinArtefactosConservador_IBk_kNN.png,30.99
confusion_211260561_all_sinArtefactosConservador_J48_C45.png,/kaggle/working/outputs/TESE_pruebas/run_20260902_145353/processed_data/figures/211260561/confusion_211260561_all_sinArtefactosConservador_J48_C45.png,29.38
confusion_211260561_all_sinArtefactosConservador_MLP.png,/kaggle/working/outputs/TESE_pruebas/run_20260902_145353/processed_data/figures/211260561/confusion_211260561_all_sinArtefactosConservador_MLP.png,29.57
confusion_211260561_all_sinArtefactosConservador_NaiveBayes.png,/kaggle/working/outputs/TESE_pruebas/run_20260902_145353/processed_data/figures/211260561/confusion_211260561_all_sinArtefactosConservador_NaiveBayes.png,32.55
confusion_211260561_all_sinArtefactosConservador_RBFNetwork_aprox.png,/kaggle/working/outputs/TESE_pruebas/run_20260902_145353/processed_data/figures/211260561/confusion_211260561_all_sinArtefactosConservador_RBFNetwork_aprox.png,30.9
confusion_211260561_all_sinArtefactosConservador_RandomForest.png,/kaggle/working/outputs/TESE_pruebas/run_20260902_145353/processed_data/figures/211260561/confusion_211260561_all_sinArtefactosConservador_RandomForest.png,31.03
confusion_211260561_all_sinArtefactosConservador_SMO_SVM.png,/kaggle/working/outputs/TESE_pruebas/run_20260902_145353/processed_data/figures/211260561/confusion_211260561_all_sinArtefactosConservador_SMO_SVM.png,30.29
confusion_211260561_all_sinArtefactosEstricto_IBk_kNN.png,/kaggle/working/outputs/TESE_pruebas/run_20260902_145353/processed_data/figures/211260561/confusion_211260561_all_sinArtefactosEstricto_IBk_kNN.png,27.01
confusion_211260561_all_sinArtefactosEstricto_J48_C45.png,/kaggle/working/outputs/TESE_pruebas/run_20260902_145353/processed_data/figures/211260561/confusion_211260561_all_sinArtefactosEstricto_J48_C45.png,29.25
confusion_211260561_all_sinArtefactosEstricto_MLP.png,/kaggle/working/outputs/TESE_pruebas/run_20260902_145353/processed_data/figures/211260561/confusion_211260561_all_sinArtefactosEstricto_MLP.png,27.12
confusion_211260561_all_sinArtefactosEstricto_NaiveBayes.png,/kaggle/working/outputs/TESE_pruebas/run_20260902_145353/processed_data/figures/211260561/confusion_211260561_all_sinArtefactosEstricto_NaiveBayes.png,29.61
confusion_211260561_all_sinArtefactosEstricto_RBFNetwork_aprox.png,/kaggle/working/outputs/TESE_pruebas/run_20260902_145353/processed_data/figures/211260561/confusion_211260561_all_sinArtefactosEstricto_RBFNetwork_aprox.png,28.84
confusion_211260561_all_sinArtefactosEstricto_RandomForest.png,/kaggle/working/outputs/TESE_pruebas/run_20260902_145353/processed_data/figures/211260561/confusion_211260561_all_sinArtefactosEstricto_RandomForest.png,28.63
confusion_211260561_all_sinArtefactosEstricto_SMO_SVM.png,/kaggle/working/outputs/TESE_pruebas/run_20260902_145353/processed_data/figures/211260561/confusion_211260561_all_sinArtefactosEstricto_SMO_SVM.png,28.29
confusion_212260563_all_noOutliers_IBk_kNN.png,/kaggle/working/outputs/TESE_pruebas/run_20260902_145353/processed_data/figures/212260563/confusion_212260563_all_noOutliers_IBk_kNN.png,25.23
confusion_212260563_all_noOutliers_J48_C45.png,/kaggle/working/outputs/TESE_pruebas/run_20260902_145353/processed_data/figures/212260563/confusion_212260563_all_noOutliers_J48_C45.png,25.67
confusion_212260563_all_noOutliers_MLP.png,/kaggle/working/outputs/TESE_pruebas/run_20260902_145353/processed_data/figures/212260563/confusion_212260563_all_noOutliers_MLP.png,24.59
confusion_212260563_all_noOutliers_NaiveBayes.png,/kaggle/working/outputs/TESE_pruebas/run_20260902_145353/processed_data/figures/212260563/confusion_212260563_all_noOutliers_NaiveBayes.png,27.88
confusion_212260563_all_noOutliers_RBFNetwork_aprox.png,/kaggle/working/outputs/TESE_pruebas/run_20260902_145353/processed_data/figures/212260563/confusion_212260563_all_noOutliers_RBFNetwork_aprox.png,27.22
confusion_212260563_all_noOutliers_RandomForest.png,/kaggle/working/outputs/TESE_pruebas/run_20260902_145353/processed_data/figures/212260563/confusion_212260563_all_noOutliers_RandomForest.png,25.25
confusion_212260563_all_noOutliers_SMO_SVM.png,/kaggle/working/outputs/TESE_pruebas/run_20260902_145353/processed_data/figures/212260563/confusion_212260563_all_noOutliers_SMO_SVM.png,25.39
confusion_212260567_all_noOutliers_IBk_kNN.png,/kaggle/working/outputs/TESE_pruebas/run_20260902_145353/processed_data/figures/212260567/confusion_212260567_all_noOutliers_IBk_kNN.png,25.6
confusion_212260567_all_noOutliers_J48_C45.png,/kaggle/working/outputs/TESE_pruebas/run_20260902_145353/processed_data/figures/212260567/confusion_212260567_all_noOutliers_J48_C45.png,25.56
confusion_212260567_all_noOutliers_MLP.png,/kaggle/working/outputs/TESE_pruebas/run_20260902_145353/processed_data/figures/212260567/confusion_212260567_all_noOutliers_MLP.png,23.91
confusion_212260567_all_noOutliers_NaiveBayes.png,/kaggle/working/outputs/TESE_pruebas/run_20260902_145353/processed_data/figures/212260567/confusion_212260567_all_noOutliers_NaiveBayes.png,27.12
confusion_212260567_all_noOutliers_RBFNetwork_aprox.png,/kaggle/working/outputs/TESE_pruebas/run_20260902_145353/processed_data/figures/212260567/confusion_212260567_all_noOutliers_RBFNetwork_aprox.png,26.78
confusion_212260567_all_noOutliers_RandomForest.png,/kaggle/working/outputs/TESE_pruebas/run_20260902_145353/processed_data/figures/212260567/confusion_212260567_all_noOutliers_RandomForest.png,25.09
confusion_212260567_all_noOutliers_SMO_SVM.png,/kaggle/working/outputs/TESE_pruebas/run_20260902_145353/processed_data/figures/212260567/confusion_212260567_all_noOutliers_SMO_SVM.png,25.19
confusion_212260569_all_noOutliers_IBk_kNN.png,/kaggle/working/outputs/TESE_pruebas/run_20260902_145353/processed_data/figures/212260569/confusion_212260569_all_noOutliers_IBk_kNN.png,24.69
confusion_212260569_all_noOutliers_J48_C45.png,/kaggle/working/outputs/TESE_pruebas/run_20260902_145353/processed_data/figures/212260569/confusion_212260569_all_noOutliers_J48_C45.png,22.65
confusion_212260569_all_noOutliers_MLP.png,/kaggle/working/outputs/TESE_pruebas/run_20260902_145353/processed_data/figures/212260569/confusion_212260569_all_noOutliers_MLP.png,21.91
confusion_212260569_all_noOutliers_NaiveBayes.png,/kaggle/working/outputs/TESE_pruebas/run_20260902_145353/processed_data/figures/212260569/confusion_212260569_all_noOutliers_NaiveBayes.png,24.65
confusion_212260569_all_noOutliers_RBFNetwork_aprox.png,/kaggle/working/outputs/TESE_pruebas/run_20260902_145353/processed_data/figures/212260569/confusion_212260569_all_noOutliers_RBFNetwork_aprox.png,26.33
confusion_212260569_all_noOutliers_RandomForest.png,/kaggle/working/outputs/TESE_pruebas/run_20260902_145353/processed_data/figures/212260569/confusion_212260569_all_noOutliers_RandomForest.png,22.79
confusion_212260569_all_noOutliers_SMO_SVM.png,/kaggle/working/outputs/TESE_pruebas/run_20260902_145353/processed_data/figures/212260569/confusion_212260569_all_noOutliers_SMO_SVM.png,23.39
confusion_212260569_all_sinArtefactosConservador_IBk_kNN.png,/kaggle/working/outputs/TESE_pruebas/run_20260902_145353/processed_data/figures/212260569/confusion_212260569_all_sinArtefactosConservador_IBk_kNN.png,24.64
confusion_212260569_all_sinArtefactosConservador_J48_C45.png,/kaggle/working/outputs/TESE_pruebas/run_20260902_145353/processed_data/figures/212260569/confusion_212260569_all_sinArtefactosConservador_J48_C45.png,25.57
confusion_212260569_all_sinArtefactosConservador_MLP.png,/kaggle/working/outputs/TESE_pruebas/run_20260902_145353/processed_data/figures/212260569/confusion_212260569_all_sinArtefactosConservador_MLP.png,24.75
confusion_212260569_all_sinArtefactosConservador_NaiveBayes.png,/kaggle/working/outputs/TESE_pruebas/run_20260902_145353/processed_data/figures/212260569/confusion_212260569_all_sinArtefactosConservador_NaiveBayes.png,25.03
confusion_212260569_all_sinArtefactosConservador_RBFNetwork_aprox.png,/kaggle/working/outputs/TESE_pruebas/run_20260902_145353/processed_data/figures/212260569/confusion_212260569_all_sinArtefactosConservador_RBFNetwork_aprox.png,25.11
confusion_212260569_all_sinArtefactosConservador_RandomForest.png,/kaggle/working/outputs/TESE_pruebas/run_20260902_145353/processed_data/figures/212260569/confusion_212260569_all_sinArtefactosConservador_RandomForest.png,25.18
confusion_212260569_all_sinArtefactosConservador_SMO_SVM.png,/kaggle/working/outputs/TESE_pruebas/run_20260902_145353/processed_data/figures/212260569/confusion_212260569_all_sinArtefactosConservador_SMO_SVM.png,25.54
confusion_212260666_all_noOutliers_IBk_kNN.png,/kaggle/working/outputs/TESE_pruebas/run_20260902_145353/processed_data/figures/212260666/confusion_212260666_all_noOutliers_IBk_kNN.png,28.33
confusion_212260666_all_noOutliers_J48_C45.png,/kaggle/working/outputs/TESE_pruebas/run_20260902_145353/processed_data/figures/212260666/confusion_212260666_all_noOutliers_J48_C45.png,26.41
confusion_212260666_all_noOutliers_MLP.png,/kaggle/working/outputs/TESE_pruebas/run_20260902_145353/processed_data/figures/212260666/confusion_212260666_all_noOutliers_MLP.png,25.67
confusion_212260666_all_noOutliers_NaiveBayes.png,/kaggle/working/outputs/TESE_pruebas/run_20260902_145353/processed_data/figures/212260666/confusion_212260666_all_noOutliers_NaiveBayes.png,28.6
confusion_212260666_all_noOutliers_RBFNetwork_aprox.png,/kaggle/working/outputs/TESE_pruebas/run_20260902_145353/processed_data/figures/212260666/confusion_212260666_all_noOutliers_RBFNetwork_aprox.png,28.07
confusion_212260666_all_noOutliers_RandomForest.png,/kaggle/working/outputs/TESE_pruebas/run_20260902_145353/processed_data/figures/212260666/confusion_212260666_all_noOutliers_RandomForest.png,26.61
confusion_212260666_all_noOutliers_SMO_SVM.png,/kaggle/working/outputs/TESE_pruebas/run_20260902_145353/processed_data/figures/212260666/confusion_212260666_all_noOutliers_SMO_SVM.png,27.47
confusion_212260666_all_sinArtefactosConservador_IBk_kNN.png,/kaggle/working/outputs/TESE_pruebas/run_20260902_145353/processed_data/figures/212260666/confusion_212260666_all_sinArtefactosConservador_IBk_kNN.png,28.89
confusion_212260666_all_sinArtefactosConservador_J48_C45.png,/kaggle/working/outputs/TESE_pruebas/run_20260902_145353/processed_data/figures/212260666/confusion_212260666_all_sinArtefactosConservador_J48_C45.png,27.63
confusion_212260666_all_sinArtefactosConservador_MLP.png,/kaggle/working/outputs/TESE_pruebas/run_20260902_145353/processed_data/figures/212260666/confusion_212260666_all_sinArtefactosConservador_MLP.png,28.83
confusion_212260666_all_sinArtefactosConservador_NaiveBayes.png,/kaggle/working/outputs/TESE_pruebas/run_20260902_145353/processed_data/figures/212260666/confusion_212260666_all_sinArtefactosConservador_NaiveBayes.png,27.55
confusion_212260666_all_sinArtefactosConservador_RBFNetwork_aprox.png,/kaggle/working/outputs/TESE_pruebas/run_20260902_145353/processed_data/figures/212260666/confusion_212260666_all_sinArtefactosConservador_RBFNetwork_aprox.png,27.83
confusion_212260666_all_sinArtefactosConservador_RandomForest.png,/kaggle/working/outputs/TESE_pruebas/run_20260902_145353/processed_data/figures/212260666/confusion_212260666_all_sinArtefactosConservador_RandomForest.png,27.78
confusion_212260666_all_sinArtefactosConservador_SMO_SVM.png,/kaggle/working/outputs/TESE_pruebas/run_20260902_145353/processed_data/figures/212260666/confusion_212260666_all_sinArtefactosConservador_SMO_SVM.png,29.11
confusion_212260668_all_noOutliers_IBk_kNN.png,/kaggle/working/outputs/TESE_pruebas/run_20260902_145353/processed_data/figures/212260668/confusion_212260668_all_noOutliers_IBk_kNN.png,24.42
confusion_212260668_all_noOutliers_J48_C45.png,/kaggle/working/outputs/TESE_pruebas/run_20260902_145353/processed_data/figures/212260668/confusion_212260668_all_noOutliers_J48_C45.png,23.79
confusion_212260668_all_noOutliers_MLP.png,/kaggle/working/outputs/TESE_pruebas/run_20260902_145353/processed_data/figures/212260668/confusion_212260668_all_noOutliers_MLP.png,23.57
confusion_212260668_all_noOutliers_NaiveBayes.png,/kaggle/working/outputs/TESE_pruebas/run_20260902_145353/processed_data/figures/212260668/confusion_212260668_all_noOutliers_NaiveBayes.png,24.54
confusion_212260668_all_noOutliers_RBFNetwork_aprox.png,/kaggle/working/outputs/TESE_pruebas/run_20260902_145353/processed_data/figures/212260668/confusion_212260668_all_noOutliers_RBFNetwork_aprox.png,25.8
confusion_212260668_all_noOutliers_RandomForest.png,/kaggle/working/outputs/TESE_pruebas/run_20260902_145353/processed_data/figures/212260668/confusion_212260668_all_noOutliers_RandomForest.png,24.3
confusion_212260668_all_noOutliers_SMO_SVM.png,/kaggle/working/outputs/TESE_pruebas/run_20260902_145353/processed_data/figures/212260668/confusion_212260668_all_noOutliers_SMO_SVM.png,23.98
confusion_212260672_all_noOutliers_IBk_kNN.png,/kaggle/working/outputs/TESE_pruebas/run_20260902_145353/processed_data/figures/212260672/confusion_212260672_all_noOutliers_IBk_kNN.png,25.03
confusion_212260672_all_noOutliers_J48_C45.png,/kaggle/working/outputs/TESE_pruebas/run_20260902_145353/processed_data/figures/212260672/confusion_212260672_all_noOutliers_J48_C45.png,25.02
confusion_212260672_all_noOutliers_MLP.png,/kaggle/working/outputs/TESE_pruebas/run_20260902_145353/processed_data/figures/212260672/confusion_212260672_all_noOutliers_MLP.png,24.19
confusion_212260672_all_noOutliers_NaiveBayes.png,/kaggle/working/outputs/TESE_pruebas/run_20260902_145353/processed_data/figures/212260672/confusion_212260672_all_noOutliers_NaiveBayes.png,25.25
confusion_212260672_all_noOutliers_RBFNetwork_aprox.png,/kaggle/working/outputs/TESE_pruebas/run_20260902_145353/processed_data/figures/212260672/confusion_212260672_all_noOutliers_RBFNetwork_aprox.png,26.38
confusion_212260672_all_noOutliers_RandomForest.png,/kaggle/working/outputs/TESE_pruebas/run_20260902_145353/processed_data/figures/212260672/confusion_212260672_all_noOutliers_RandomForest.png,25.14
confusion_212260672_all_noOutliers_SMO_SVM.png,/kaggle/working/outputs/TESE_pruebas/run_20260902_145353/processed_data/figures/212260672/confusion_212260672_all_noOutliers_SMO_SVM.png,25.22
confusion_222260671_all_noOutliers_IBk_kNN.png,/kaggle/working/outputs/TESE_pruebas/run_20260902_145353/processed_data/figures/222260671/confusion_222260671_all_noOutliers_IBk_kNN.png,27.4
confusion_222260671_all_noOutliers_J48_C45.png,/kaggle/working/outputs/TESE_pruebas/run_20260902_145353/processed_data/figures/222260671/confusion_222260671_all_noOutliers_J48_C45.png,27.75
confusion_222260671_all_noOutliers_MLP.png,/kaggle/working/outputs/TESE_pruebas/run_20260902_145353/processed_data/figures/222260671/confusion_222260671_all_noOutliers_MLP.png,26.89
confusion_222260671_all_noOutliers_NaiveBayes.png,/kaggle/working/outputs/TESE_pruebas/run_20260902_145353/processed_data/figures/222260671/confusion_222260671_all_noOutliers_NaiveBayes.png,26.47
confusion_222260671_all_noOutliers_RBFNetwork_aprox.png,/kaggle/working/outputs/TESE_pruebas/run_20260902_145353/processed_data/figures/222260671/confusion_222260671_all_noOutliers_RBFNetwork_aprox.png,29.04
confusion_222260671_all_noOutliers_RandomForest.png,/kaggle/working/outputs/TESE_pruebas/run_20260902_145353/processed_data/figures/222260671/confusion_222260671_all_noOutliers_RandomForest.png,26.43
confusion_222260671_all_noOutliers_SMO_SVM.png,/kaggle/working/outputs/TESE_pruebas/run_20260902_145353/processed_data/figures/222260671/confusion_222260671_all_noOutliers_SMO_SVM.png,27.29
confusion_22260552_all_noOutliers_IBk_kNN.png,/kaggle/working/outputs/TESE_pruebas/run_20260902_145353/processed_data/figures/22260552/confusion_22260552_all_noOutliers_IBk_kNN.png,28.98
confusion_22260552_all_noOutliers_J48_C45.png,/kaggle/working/outputs/TESE_pruebas/run_20260902_145353/processed_data/figures/22260552/confusion_22260552_all_noOutliers_J48_C45.png,29.06
confusion_22260552_all_noOutliers_MLP.png,/kaggle/working/outputs/TESE_pruebas/run_20260902_145353/processed_data/figures/22260552/confusion_22260552_all_noOutliers_MLP.png,27.69
confusion_22260552_all_noOutliers_NaiveBayes.png,/kaggle/working/outputs/TESE_pruebas/run_20260902_145353/processed_data/figures/22260552/confusion_22260552_all_noOutliers_NaiveBayes.png,31.47
confusion_22260552_all_noOutliers_RBFNetwork_aprox.png,/kaggle/working/outputs/TESE_pruebas/run_20260902_145353/processed_data/figures/22260552/confusion_22260552_all_noOutliers_RBFNetwork_aprox.png,30.25
confusion_22260552_all_noOutliers_RandomForest.png,/kaggle/working/outputs/TESE_pruebas/run_20260902_145353/processed_data/figures/22260552/confusion_22260552_all_noOutliers_RandomForest.png,29.24
confusion_22260552_all_noOutliers_SMO_SVM.png,/kaggle/working/outputs/TESE_pruebas/run_20260902_145353/processed_data/figures/22260552/confusion_22260552_all_noOutliers_SMO_SVM.png,29.13
confusion_22260552_all_sinArtefactosConservador_IBk_kNN.png,/kaggle/working/outputs/TESE_pruebas/run_20260902_145353/processed_data/figures/22260552/confusion_22260552_all_sinArtefactosConservador_IBk_kNN.png,29.94
confusion_22260552_all_sinArtefactosConservador_J48_C45.png,/kaggle/working/outputs/TESE_pruebas/run_20260902_145353/processed_data/figures/22260552/confusion_22260552_all_sinArtefactosConservador_J48_C45.png,29.83
confusion_22260552_all_sinArtefactosConservador_MLP.png,/kaggle/working/outputs/TESE_pruebas/run_20260902_145353/processed_data/figures/22260552/confusion_22260552_all_sinArtefactosConservador_MLP.png,29.75
confusion_22260552_all_sinArtefactosConservador_NaiveBayes.png,/kaggle/working/outputs/TESE_pruebas/run_20260902_145353/processed_data/figures/22260552/confusion_22260552_all_sinArtefactosConservador_NaiveBayes.png,30.17
confusion_22260552_all_sinArtefactosConservador_RBFNetwork_aprox.png,/kaggle/working/outputs/TESE_pruebas/run_20260902_145353/processed_data/figures/22260552/confusion_22260552_all_sinArtefactosConservador_RBFNetwork_aprox.png,30.69
confusion_22260552_all_sinArtefactosConservador_RandomForest.png,/kaggle/working/outputs/TESE_pruebas/run_20260902_145353/processed_data/figures/22260552/confusion_22260552_all_sinArtefactosConservador_RandomForest.png,30.27
confusion_22260552_all_sinArtefactosConservador_SMO_SVM.png,/kaggle/working/outputs/TESE_pruebas/run_20260902_145353/processed_data/figures/22260552/confusion_22260552_all_sinArtefactosConservador_SMO_SVM.png,30.03
confusion_231260558_all_noOutliers_IBk_kNN.png,/kaggle/working/outputs/TESE_pruebas/run_20260902_145353/processed_data/figures/231260558/confusion_231260558_all_noOutliers_IBk_kNN.png,31.84
confusion_231260558_all_noOutliers_J48_C45.png,/kaggle/working/outputs/TESE_pruebas/run_20260902_145353/processed_data/figures/231260558/confusion_231260558_all_noOutliers_J48_C45.png,30.29
confusion_231260558_all_noOutliers_MLP.png,/kaggle/working/outputs/TESE_pruebas/run_20260902_145353/processed_data/figures/231260558/confusion_231260558_all_noOutliers_MLP.png,30.79
confusion_231260558_all_noOutliers_NaiveBayes.png,/kaggle/working/outputs/TESE_pruebas/run_20260902_145353/processed_data/figures/231260558/confusion_231260558_all_noOutliers_NaiveBayes.png,30.48
confusion_231260558_all_noOutliers_RBFNetwork_aprox.png,/kaggle/working/outputs/TESE_pruebas/run_20260902_145353/processed_data/figures/231260558/confusion_231260558_all_noOutliers_RBFNetwork_aprox.png,33.34
confusion_231260558_all_noOutliers_RandomForest.png,/kaggle/working/outputs/TESE_pruebas/run_20260902_145353/processed_data/figures/231260558/confusion_231260558_all_noOutliers_RandomForest.png,31.44
confusion_231260558_all_noOutliers_SMO_SVM.png,/kaggle/working/outputs/TESE_pruebas/run_20260902_145353/processed_data/figures/231260558/confusion_231260558_all_noOutliers_SMO_SVM.png,30.79
confusion_252260554_all_noOutliers_IBk_kNN.png,/kaggle/working/outputs/TESE_pruebas/run_20260902_145353/processed_data/figures/252260554/confusion_252260554_all_noOutliers_IBk_kNN.png,30.77
confusion_252260554_all_noOutliers_J48_C45.png,/kaggle/working/outputs/TESE_pruebas/run_20260902_145353/processed_data/figures/252260554/confusion_252260554_all_noOutliers_J48_C45.png,29.78
confusion_252260554_all_noOutliers_MLP.png,/kaggle/working/outputs/TESE_pruebas/run_20260902_145353/processed_data/figures/252260554/confusion_252260554_all_noOutliers_MLP.png,29.78
confusion_252260554_all_noOutliers_NaiveBayes.png,/kaggle/working/outputs/TESE_pruebas/run_20260902_145353/processed_data/figures/252260554/confusion_252260554_all_noOutliers_NaiveBayes.png,29.65
confusion_252260554_all_noOutliers_RBFNetwork_aprox.png,/kaggle/working/outputs/TESE_pruebas/run_20260902_145353/processed_data/figures/252260554/confusion_252260554_all_noOutliers_RBFNetwork_aprox.png,30.81
confusion_252260554_all_noOutliers_RandomForest.png,/kaggle/working/outputs/TESE_pruebas/run_20260902_145353/processed_data/figures/252260554/confusion_252260554_all_noOutliers_RandomForest.png,30.17
confusion_252260554_all_noOutliers_SMO_SVM.png,/kaggle/working/outputs/TESE_pruebas/run_20260902_145353/processed_data/figures/252260554/confusion_252260554_all_noOutliers_SMO_SVM.png,29.33
confusion_252260554_all_sinArtefactosConservador_IBk_kNN.png,/kaggle/working/outputs/TESE_pruebas/run_20260902_145353/processed_data/figures/252260554/confusion_252260554_all_sinArtefactosConservador_IBk_kNN.png,30.35
confusion_252260554_all_sinArtefactosConservador_J48_C45.png,/kaggle/working/outputs/TESE_pruebas/run_20260902_145353/processed_data/figures/252260554/confusion_252260554_all_sinArtefactosConservador_J48_C45.png,31.53
confusion_252260554_all_sinArtefactosConservador_MLP.png,/kaggle/working/outputs/TESE_pruebas/run_20260902_145353/processed_data/figures/252260554/confusion_252260554_all_sinArtefactosConservador_MLP.png,30.52
confusion_252260554_all_sinArtefactosConservador_NaiveBayes.png,/kaggle/working/outputs/TESE_pruebas/run_20260902_145353/processed_data/figures/252260554/confusion_252260554_all_sinArtefactosConservador_NaiveBayes.png,31.27
confusion_252260554_all_sinArtefactosConservador_RBFNetwork_aprox.png,/kaggle/working/outputs/TESE_pruebas/run_20260902_145353/processed_data/figures/252260554/confusion_252260554_all_sinArtefactosConservador_RBFNetwork_aprox.png,31.91
confusion_252260554_all_sinArtefactosConservador_RandomForest.png,/kaggle/working/outputs/TESE_pruebas/run_20260902_145353/processed_data/figures/252260554/confusion_252260554_all_sinArtefactosConservador_RandomForest.png,31.52
confusion_252260554_all_sinArtefactosConservador_SMO_SVM.png,/kaggle/working/outputs/TESE_pruebas/run_20260902_145353/processed_data/figures/252260554/confusion_252260554_all_sinArtefactosConservador_SMO_SVM.png,32.03
confusion_252260556_all_noOutliers_IBk_kNN.png,/kaggle/working/outputs/TESE_pruebas/run_20260902_145353/processed_data/figures/252260556/confusion_252260556_all_noOutliers_IBk_kNN.png,31.28
confusion_252260556_all_noOutliers_J48_C45.png,/kaggle/working/outputs/TESE_pruebas/run_20260902_145353/processed_data/figures/252260556/confusion_252260556_all_noOutliers_J48_C45.png,31.36
confusion_252260556_all_noOutliers_MLP.png,/kaggle/working/outputs/TESE_pruebas/run_20260902_145353/processed_data/figures/252260556/confusion_252260556_all_noOutliers_MLP.png,29.85
confusion_252260556_all_noOutliers_NaiveBayes.png,/kaggle/working/outputs/TESE_pruebas/run_20260902_145353/processed_data/figures/252260556/confusion_252260556_all_noOutliers_NaiveBayes.png,30.52
confusion_252260556_all_noOutliers_RBFNetwork_aprox.png,/kaggle/working/outputs/TESE_pruebas/run_20260902_145353/processed_data/figures/252260556/confusion_252260556_all_noOutliers_RBFNetwork_aprox.png,31.68
confusion_252260556_all_noOutliers_RandomForest.png,/kaggle/working/outputs/TESE_pruebas/run_20260902_145353/processed_data/figures/252260556/confusion_252260556_all_noOutliers_RandomForest.png,29.33
confusion_252260556_all_noOutliers_SMO_SVM.png,/kaggle/working/outputs/TESE_pruebas/run_20260902_145353/processed_data/figures/252260556/confusion_252260556_all_noOutliers_SMO_SVM.png,29.88
confusion_252260556_all_sinArtefactosConservador_IBk_kNN.png,/kaggle/working/outputs/TESE_pruebas/run_20260902_145353/processed_data/figures/252260556/confusion_252260556_all_sinArtefactosConservador_IBk_kNN.png,33.06
confusion_252260556_all_sinArtefactosConservador_J48_C45.png,/kaggle/working/outputs/TESE_pruebas/run_20260902_145353/processed_data/figures/252260556/confusion_252260556_all_sinArtefactosConservador_J48_C45.png,32.93
confusion_252260556_all_sinArtefactosConservador_MLP.png,/kaggle/working/outputs/TESE_pruebas/run_20260902_145353/processed_data/figures/252260556/confusion_252260556_all_sinArtefactosConservador_MLP.png,32.3
confusion_252260556_all_sinArtefactosConservador_NaiveBayes.png,/kaggle/working/outputs/TESE_pruebas/run_20260902_145353/processed_data/figures/252260556/confusion_252260556_all_sinArtefactosConservador_NaiveBayes.png,31.35
confusion_252260556_all_sinArtefactosConservador_RBFNetwork_aprox.png,/kaggle/working/outputs/TESE_pruebas/run_20260902_145353/processed_data/figures/252260556/confusion_252260556_all_sinArtefactosConservador_RBFNetwork_aprox.png,32.0
confusion_252260556_all_sinArtefactosConservador_RandomForest.png,/kaggle/working/outputs/TESE_pruebas/run_20260902_145353/processed_data/figures/252260556/confusion_252260556_all_sinArtefactosConservador_RandomForest.png,31.22
confusion_252260556_all_sinArtefactosConservador_SMO_SVM.png,/kaggle/working/outputs/TESE_pruebas/run_20260902_145353/processed_data/figures/252260556/confusion_252260556_all_sinArtefactosConservador_SMO_SVM.png,33.14
confusion_252260556_all_sinArtefactosEstricto_IBk_kNN.png,/kaggle/working/outputs/TESE_pruebas/run_20260902_145353/processed_data/figures/252260556/confusion_252260556_all_sinArtefactosEstricto_IBk_kNN.png,31.67
confusion_252260556_all_sinArtefactosEstricto_J48_C45.png,/kaggle/working/outputs/TESE_pruebas/run_20260902_145353/processed_data/figures/252260556/confusion_252260556_all_sinArtefactosEstricto_J48_C45.png,32.16
confusion_252260556_all_sinArtefactosEstricto_MLP.png,/kaggle/working/outputs/TESE_pruebas/run_20260902_145353/processed_data/figures/252260556/confusion_252260556_all_sinArtefactosEstricto_MLP.png,28.55
confusion_252260556_all_sinArtefactosEstricto_NaiveBayes.png,/kaggle/working/outputs/TESE_pruebas/run_20260902_145353/processed_data/figures/252260556/confusion_252260556_all_sinArtefactosEstricto_NaiveBayes.png,30.33
confusion_252260556_all_sinArtefactosEstricto_RBFNetwork_aprox.png,/kaggle/working/outputs/TESE_pruebas/run_20260902_145353/processed_data/figures/252260556/confusion_252260556_all_sinArtefactosEstricto_RBFNetwork_aprox.png,30.13
confusion_252260556_all_sinArtefactosEstricto_RandomForest.png,/kaggle/working/outputs/TESE_pruebas/run_20260902_145353/processed_data/figures/252260556/confusion_252260556_all_sinArtefactosEstricto_RandomForest.png,30.41
confusion_252260556_all_sinArtefactosEstricto_SMO_SVM.png,/kaggle/working/outputs/TESE_pruebas/run_20260902_145353/processed_data/figures/252260556/confusion_252260556_all_sinArtefactosEstricto_SMO_SVM.png,29.69
confusion_252260670_all_noOutliers_IBk_kNN.png,/kaggle/working/outputs/TESE_pruebas/run_20260902_145353/processed_data/figures/252260670/confusion_252260670_all_noOutliers_IBk_kNN.png,25.59
confusion_252260670_all_noOutliers_J48_C45.png,/kaggle/working/outputs/TESE_pruebas/run_20260902_145353/processed_data/figures/252260670/confusion_252260670_all_noOutliers_J48_C45.png,25.74
confusion_252260670_all_noOutliers_MLP.png,/kaggle/working/outputs/TESE_pruebas/run_20260902_145353/processed_data/figures/252260670/confusion_252260670_all_noOutliers_MLP.png,25.1
confusion_252260670_all_noOutliers_NaiveBayes.png,/kaggle/working/outputs/TESE_pruebas/run_20260902_145353/processed_data/figures/252260670/confusion_252260670_all_noOutliers_NaiveBayes.png,26.25
confusion_252260670_all_noOutliers_RBFNetwork_aprox.png,/kaggle/working/outputs/TESE_pruebas/run_20260902_145353/processed_data/figures/252260670/confusion_252260670_all_noOutliers_RBFNetwork_aprox.png,27.16
confusion_252260670_all_noOutliers_RandomForest.png,/kaggle/working/outputs/TESE_pruebas/run_20260902_145353/processed_data/figures/252260670/confusion_252260670_all_noOutliers_RandomForest.png,25.64
confusion_252260670_all_noOutliers_SMO_SVM.png,/kaggle/working/outputs/TESE_pruebas/run_20260902_145353/processed_data/figures/252260670/confusion_252260670_all_noOutliers_SMO_SVM.png,25.98
confusion_cano_all_noOutliers_IBk_kNN.png,/kaggle/working/outputs/TESE_pruebas/run_20260902_145353/processed_data/figures/cano/confusion_cano_all_noOutliers_IBk_kNN.png,26.12
confusion_cano_all_noOutliers_J48_C45.png,/kaggle/working/outputs/TESE_pruebas/run_20260902_145353/processed_data/figures/cano/confusion_cano_all_noOutliers_J48_C45.png,27.38
confusion_cano_all_noOutliers_MLP.png,/kaggle/working/outputs/TESE_pruebas/run_20260902_145353/processed_data/figures/cano/confusion_cano_all_noOutliers_MLP.png,28.49
confusion_cano_all_noOutliers_NaiveBayes.png,/kaggle/working/outputs/TESE_pruebas/run_20260902_145353/processed_data/figures/cano/confusion_cano_all_noOutliers_NaiveBayes.png,29.26
confusion_cano_all_noOutliers_RBFNetwork_aprox.png,/kaggle/working/outputs/TESE_pruebas/run_20260902_145353/processed_data/figures/cano/confusion_cano_all_noOutliers_RBFNetwork_aprox.png,30.37
confusion_cano_all_noOutliers_RandomForest.png,/kaggle/working/outputs/TESE_pruebas/run_20260902_145353/processed_data/figures/cano/confusion_cano_all_noOutliers_RandomForest.png,28.65
confusion_cano_all_noOutliers_SMO_SVM.png,/kaggle/working/outputs/TESE_pruebas/run_20260902_145353/processed_data/figures/cano/confusion_cano_all_noOutliers_SMO_SVM.png,28.8
confusion_cano_all_sinArtefactosConservador_IBk_kNN.png,/kaggle/working/outputs/TESE_pruebas/run_20260902_145353/processed_data/figures/cano/confusion_cano_all_sinArtefactosConservador_IBk_kNN.png,31.02
confusion_cano_all_sinArtefactosConservador_J48_C45.png,/kaggle/working/outputs/TESE_pruebas/run_20260902_145353/processed_data/figures/cano/confusion_cano_all_sinArtefactosConservador_J48_C45.png,30.38
confusion_cano_all_sinArtefactosConservador_MLP.png,/kaggle/working/outputs/TESE_pruebas/run_20260902_145353/processed_data/figures/cano/confusion_cano_all_sinArtefactosConservador_MLP.png,30.03
confusion_cano_all_sinArtefactosConservador_NaiveBayes.png,/kaggle/working/outputs/TESE_pruebas/run_20260902_145353/processed_data/figures/cano/confusion_cano_all_sinArtefactosConservador_NaiveBayes.png,31.17
confusion_cano_all_sinArtefactosConservador_RBFNetwork_aprox.png,/kaggle/working/outputs/TESE_pruebas/run_20260902_145353/processed_data/figures/cano/confusion_cano_all_sinArtefactosConservador_RBFNetwork_aprox.png,32.0
confusion_cano_all_sinArtefactosConservador_RandomForest.png,/kaggle/working/outputs/TESE_pruebas/run_20260902_145353/processed_data/figures/cano/confusion_cano_all_sinArtefactosConservador_RandomForest.png,30.74
confusion_cano_all_sinArtefactosConservador_SMO_SVM.png,/kaggle/working/outputs/TESE_pruebas/run_20260902_145353/processed_data/figures/cano/confusion_cano_all_sinArtefactosConservador_SMO_SVM.png,30.53
dashboard_eeg_neuroaction.html,/kaggle/working/outputs/TESE_pruebas/run_20260902_145353/processed_data/figures/dashboard_eeg_neuroaction.html,4550.07
211260561_all_cleanSmooth_resumen_visual.png,/kaggle/working/outputs/TESE_pruebas/run_20260902_145353/processed_data/figures/por_sujeto/211260561/211260561_all_cleanSmooth_resumen_visual.png,630.66
211260561_all_cleanSmooth_scroll_promedio_bandas.png,/kaggle/working/outputs/TESE_pruebas/run_20260902_145353/processed_data/figures/por_sujeto/211260561/211260561_all_cleanSmooth_scroll_promedio_bandas.png,663.74
211260561_all_cleanSmooth_spectral_bandpower.png,/kaggle/working/outputs/TESE_pruebas/run_20260902_145353/processed_data/figures/por_sujeto/211260561/211260561_all_cleanSmooth_spectral_bandpower.png,112.49
211260561_all_cleanSmooth_topomap_alpha.png,/kaggle/working/outputs/TESE_pruebas/run_20260902_145353/processed_data/figures/por_sujeto/211260561/211260561_all_cleanSmooth_topomap_alpha.png,264.82
211260561_all_cleanSmooth_topomap_betaH.png,/kaggle/working/outputs/TESE_pruebas/run_20260902_145353/processed_data/figures/por_sujeto/211260561/211260561_all_cleanSmooth_topomap_betaH.png,255.35
211260561_all_cleanSmooth_topomap_betaL.png,/kaggle/working/outputs/TESE_pruebas/run_20260902_145353/processed_data/figures/por_sujeto/211260561/211260561_all_cleanSmooth_topomap_betaL.png,280.41
211260561_all_cleanSmooth_topomap_gamma.png,/kaggle/working/outputs/TESE_pruebas/run_20260902_145353/processed_data/figures/por_sujeto/211260561/211260561_all_cleanSmooth_topomap_gamma.png,265.3
211260561_all_cleanSmooth_topomap_theta.png,/kaggle/working/outputs/TESE_pruebas/run_20260902_145353/processed_data/figures/por_sujeto/211260561/211260561_all_cleanSmooth_topomap_theta.png,183.57
211260561_all_noOutliers_resumen_visual.png,/kaggle/working/outputs/TESE_pruebas/run_20260902_145353/processed_data/figures/por_sujeto/211260561/211260561_all_noOutliers_resumen_visual.png,588.12
211260561_all_noOutliers_scroll_promedio_bandas.png,/kaggle/working/outputs/TESE_pruebas/run_20260902_145353/processed_data/figures/por_sujeto/211260561/211260561_all_noOutliers_scroll_promedio_bandas.png,238.86
211260561_all_noOutliers_spectral_bandpower.png,/kaggle/working/outputs/TESE_pruebas/run_20260902_145353/processed_data/figures/por_sujeto/211260561/211260561_all_noOutliers_spectral_bandpower.png,94.65
211260561_all_noOutliers_topomap_alpha.png,/kaggle/working/outputs/TESE_pruebas/run_20260902_145353/processed_data/figures/por_sujeto/211260561/211260561_all_noOutliers_topomap_alpha.png,216.52
211260561_all_noOutliers_topomap_betaH.png,/kaggle/working/outputs/TESE_pruebas/run_20260902_145353/processed_data/figures/por_sujeto/211260561/211260561_all_noOutliers_topomap_betaH.png,263.78
211260561_all_noOutliers_topomap_betaL.png,/kaggle/working/outputs/TESE_pruebas/run_20260902_145353/processed_data/figures/por_sujeto/211260561/211260561_all_noOutliers_topomap_betaL.png,246.0
211260561_all_noOutliers_topomap_gamma.png,/kaggle/working/outputs/TESE_pruebas/run_20260902_145353/processed_data/figures/por_sujeto/211260561/211260561_all_noOutliers_topomap_gamma.png,272.28
211260561_all_noOutliers_topomap_theta.png,/kaggle/working/outputs/TESE_pruebas/run_20260902_145353/processed_data/figures/por_sujeto/211260561/211260561_all_noOutliers_topomap_theta.png,193.01
211260561_all_sinArtefactosConservador_resumen_visual.png,/kaggle/working/outputs/TESE_pruebas/run_20260902_145353/processed_data/figures/por_sujeto/211260561/211260561_all_sinArtefactosConservador_resumen_visual.png,566.92
211260561_all_sinArtefactosConservador_scroll_promedio_bandas.png,/kaggle/working/outputs/TESE_pruebas/run_20260902_145353/processed_data/figures/por_sujeto/211260561/211260561_all_sinArtefactosConservador_scroll_promedio_bandas.png,728.25
211260561_all_sinArtefactosConservador_spectral_bandpower.png,/kaggle/working/outputs/TESE_pruebas/run_20260902_145353/processed_data/figures/por_sujeto/211260561/211260561_all_sinArtefactosConservador_spectral_bandpower.png,100.3
211260561_all_sinArtefactosConservador_topomap_alpha.png,/kaggle/working/outputs/TESE_pruebas/run_20260902_145353/processed_data/figures/por_sujeto/211260561/211260561_all_sinArtefactosConservador_topomap_alpha.png,218.06
211260561_all_sinArtefactosConservador_topomap_betaH.png,/kaggle/working/outputs/TESE_pruebas/run_20260902_145353/processed_data/figures/por_sujeto/211260561/211260561_all_sinArtefactosConservador_topomap_betaH.png,230.76
211260561_all_sinArtefactosConservador_topomap_betaL.png,/kaggle/working/outputs/TESE_pruebas/run_20260902_145353/processed_data/figures/por_sujeto/211260561/211260561_all_sinArtefactosConservador_topomap_betaL.png,207.1
211260561_all_sinArtefactosConservador_topomap_gamma.png,/kaggle/working/outputs/TESE_pruebas/run_20260902_145353/processed_data/figures/por_sujeto/211260561/211260561_all_sinArtefactosConservador_topomap_gamma.png,255.22
211260561_all_sinArtefactosConservador_topomap_theta.png,/kaggle/working/outputs/TESE_pruebas/run_20260902_145353/processed_data/figures/por_sujeto/211260561/211260561_all_sinArtefactosConservador_topomap_theta.png,234.53
211260561_all_sinArtefactosEstricto_resumen_visual.png,/kaggle/working/outputs/TESE_pruebas/run_20260902_145353/processed_data/figures/por_sujeto/211260561/211260561_all_sinArtefactosEstricto_resumen_visual.png,560.2
211260561_all_sinArtefactosEstricto_scroll_promedio_bandas.png,/kaggle/working/outputs/TESE_pruebas/run_20260902_145353/processed_data/figures/por_sujeto/211260561/211260561_all_sinArtefactosEstricto_scroll_promedio_bandas.png,630.3
211260561_all_sinArtefactosEstricto_spectral_bandpower.png,/kaggle/working/outputs/TESE_pruebas/run_20260902_145353/processed_data/figures/por_sujeto/211260561/211260561_all_sinArtefactosEstricto_spectral_bandpower.png,96.96
211260561_all_sinArtefactosEstricto_topomap_alpha.png,/kaggle/working/outputs/TESE_pruebas/run_20260902_145353/processed_data/figures/por_sujeto/211260561/211260561_all_sinArtefactosEstricto_topomap_alpha.png,215.73
211260561_all_sinArtefactosEstricto_topomap_betaH.png,/kaggle/working/outputs/TESE_pruebas/run_20260902_145353/processed_data/figures/por_sujeto/211260561/211260561_all_sinArtefactosEstricto_topomap_betaH.png,230.17
211260561_all_sinArtefactosEstricto_topomap_betaL.png,/kaggle/working/outputs/TESE_pruebas/run_20260902_145353/processed_data/figures/por_sujeto/211260561/211260561_all_sinArtefactosEstricto_topomap_betaL.png,204.24
211260561_all_sinArtefactosEstricto_topomap_gamma.png,/kaggle/working/outputs/TESE_pruebas/run_20260902_145353/processed_data/figures/por_sujeto/211260561/211260561_all_sinArtefactosEstricto_topomap_gamma.png,252.88
211260561_all_sinArtefactosEstricto_topomap_theta.png,/kaggle/working/outputs/TESE_pruebas/run_20260902_145353/processed_data/figures/por_sujeto/211260561/211260561_all_sinArtefactosEstricto_topomap_theta.png,228.88
212260563_all_cleanSmooth_resumen_visual.png,/kaggle/working/outputs/TESE_pruebas/run_20260902_145353/processed_data/figures/por_sujeto/212260563/212260563_all_cleanSmooth_resumen_visual.png,585.59
212260563_all_cleanSmooth_scroll_promedio_bandas.png,/kaggle/working/outputs/TESE_pruebas/run_20260902_145353/processed_data/figures/por_sujeto/212260563/212260563_all_cleanSmooth_scroll_promedio_bandas.png,344.31
212260563_all_cleanSmooth_spectral_bandpower.png,/kaggle/working/outputs/TESE_pruebas/run_20260902_145353/processed_data/figures/por_sujeto/212260563/212260563_all_cleanSmooth_spectral_bandpower.png,115.67
212260563_all_cleanSmooth_topomap_alpha.png,/kaggle/working/outputs/TESE_pruebas/run_20260902_145353/processed_data/figures/por_sujeto/212260563/212260563_all_cleanSmooth_topomap_alpha.png,272.44
212260563_all_cleanSmooth_topomap_betaH.png,/kaggle/working/outputs/TESE_pruebas/run_20260902_145353/processed_data/figures/por_sujeto/212260563/212260563_all_cleanSmooth_topomap_betaH.png,198.44
212260563_all_cleanSmooth_topomap_betaL.png,/kaggle/working/outputs/TESE_pruebas/run_20260902_145353/processed_data/figures/por_sujeto/212260563/212260563_all_cleanSmooth_topomap_betaL.png,192.04
212260563_all_cleanSmooth_topomap_gamma.png,/kaggle/working/outputs/TESE_pruebas/run_20260902_145353/processed_data/figures/por_sujeto/212260563/212260563_all_cleanSmooth_topomap_gamma.png,247.67
212260563_all_cleanSmooth_topomap_theta.png,/kaggle/working/outputs/TESE_pruebas/run_20260902_145353/processed_data/figures/por_sujeto/212260563/212260563_all_cleanSmooth_topomap_theta.png,224.09
212260563_all_noOutliers_resumen_visual.png,/kaggle/working/outputs/TESE_pruebas/run_20260902_145353/processed_data/figures/por_sujeto/212260563/212260563_all_noOutliers_resumen_visual.png,661.66
212260563_all_noOutliers_scroll_promedio_bandas.png,/kaggle/working/outputs/TESE_pruebas/run_20260902_145353/processed_data/figures/por_sujeto/212260563/212260563_all_noOutliers_scroll_promedio_bandas.png,368.74
212260563_all_noOutliers_spectral_bandpower.png,/kaggle/working/outputs/TESE_pruebas/run_20260902_145353/processed_data/figures/por_sujeto/212260563/212260563_all_noOutliers_spectral_bandpower.png,99.56
212260563_all_noOutliers_topomap_alpha.png,/kaggle/working/outputs/TESE_pruebas/run_20260902_145353/processed_data/figures/por_sujeto/212260563/212260563_all_noOutliers_topomap_alpha.png,253.97
212260563_all_noOutliers_topomap_betaH.png,/kaggle/working/outputs/TESE_pruebas/run_20260902_145353/processed_data/figures/por_sujeto/212260563/212260563_all_noOutliers_topomap_betaH.png,269.3
212260563_all_noOutliers_topomap_betaL.png,/kaggle/working/outputs/TESE_pruebas/run_20260902_145353/processed_data/figures/por_sujeto/212260563/212260563_all_noOutliers_topomap_betaL.png,256.51
212260563_all_noOutliers_topomap_gamma.png,/kaggle/working/outputs/TESE_pruebas/run_20260902_145353/processed_data/figures/por_sujeto/212260563/212260563_all_noOutliers_topomap_gamma.png,285.12
212260563_all_noOutliers_topomap_theta.png,/kaggle/working/outputs/TESE_pruebas/run_20260902_145353/processed_data/figures/por_sujeto/212260563/212260563_all_noOutliers_topomap_theta.png,257.42
212260563_all_sinArtefactosConservador_resumen_visual.png,/kaggle/working/outputs/TESE_pruebas/run_20260902_145353/processed_data/figures/por_sujeto/212260563/212260563_all_sinArtefactosConservador_resumen_visual.png,676.12
212260563_all_sinArtefactosConservador_scroll_promedio_bandas.png,/kaggle/working/outputs/TESE_pruebas/run_20260902_145353/processed_data/figures/por_sujeto/212260563/212260563_all_sinArtefactosConservador_scroll_promedio_bandas.png,389.12
212260563_all_sinArtefactosConservador_spectral_bandpower.png,/kaggle/working/outputs/TESE_pruebas/run_20260902_145353/processed_data/figures/por_sujeto/212260563/212260563_all_sinArtefactosConservador_spectral_bandpower.png,98.62
212260563_all_sinArtefactosConservador_topomap_alpha.png,/kaggle/working/outputs/TESE_pruebas/run_20260902_145353/processed_data/figures/por_sujeto/212260563/212260563_all_sinArtefactosConservador_topomap_alpha.png,226.96
212260563_all_sinArtefactosConservador_topomap_betaH.png,/kaggle/working/outputs/TESE_pruebas/run_20260902_145353/processed_data/figures/por_sujeto/212260563/212260563_all_sinArtefactosConservador_topomap_betaH.png,283.15
212260563_all_sinArtefactosConservador_topomap_betaL.png,/kaggle/working/outputs/TESE_pruebas/run_20260902_145353/processed_data/figures/por_sujeto/212260563/212260563_all_sinArtefactosConservador_topomap_betaL.png,275.39
212260563_all_sinArtefactosConservador_topomap_gamma.png,/kaggle/working/outputs/TESE_pruebas/run_20260902_145353/processed_data/figures/por_sujeto/212260563/212260563_all_sinArtefactosConservador_topomap_gamma.png,286.66
212260563_all_sinArtefactosConservador_topomap_theta.png,/kaggle/working/outputs/TESE_pruebas/run_20260902_145353/processed_data/figures/por_sujeto/212260563/212260563_all_sinArtefactosConservador_topomap_theta.png,252.31
212260563_all_sinArtefactosEstricto_resumen_visual.png,/kaggle/working/outputs/TESE_pruebas/run_20260902_145353/processed_data/figures/por_sujeto/212260563/212260563_all_sinArtefactosEstricto_resumen_visual.png,664.45
212260563_all_sinArtefactosEstricto_scroll_promedio_bandas.png,/kaggle/working/outputs/TESE_pruebas/run_20260902_145353/processed_data/figures/por_sujeto/212260563/212260563_all_sinArtefactosEstricto_scroll_promedio_bandas.png,301.16
212260563_all_sinArtefactosEstricto_spectral_bandpower.png,/kaggle/working/outputs/TESE_pruebas/run_20260902_145353/processed_data/figures/por_sujeto/212260563/212260563_all_sinArtefactosEstricto_spectral_bandpower.png,96.92
212260563_all_sinArtefactosEstricto_topomap_alpha.png,/kaggle/working/outputs/TESE_pruebas/run_20260902_145353/processed_data/figures/por_sujeto/212260563/212260563_all_sinArtefactosEstricto_topomap_alpha.png,230.17
212260563_all_sinArtefactosEstricto_topomap_betaH.png,/kaggle/working/outputs/TESE_pruebas/run_20260902_145353/processed_data/figures/por_sujeto/212260563/212260563_all_sinArtefactosEstricto_topomap_betaH.png,273.68
212260563_all_sinArtefactosEstricto_topomap_betaL.png,/kaggle/working/outputs/TESE_pruebas/run_20260902_145353/processed_data/figures/por_sujeto/212260563/212260563_all_sinArtefactosEstricto_topomap_betaL.png,269.77
212260563_all_sinArtefactosEstricto_topomap_gamma.png,/kaggle/working/outputs/TESE_pruebas/run_20260902_145353/processed_data/figures/por_sujeto/212260563/212260563_all_sinArtefactosEstricto_topomap_gamma.png,284.71
212260563_all_sinArtefactosEstricto_topomap_theta.png,/kaggle/working/outputs/TESE_pruebas/run_20260902_145353/processed_data/figures/por_sujeto/212260563/212260563_all_sinArtefactosEstricto_topomap_theta.png,257.24
212260567_all_cleanSmooth_resumen_visual.png,/kaggle/working/outputs/TESE_pruebas/run_20260902_145353/processed_data/figures/por_sujeto/212260567/212260567_all_cleanSmooth_resumen_visual.png,652.19
212260567_all_cleanSmooth_scroll_promedio_bandas.png,/kaggle/working/outputs/TESE_pruebas/run_20260902_145353/processed_data/figures/por_sujeto/212260567/212260567_all_cleanSmooth_scroll_promedio_bandas.png,401.2
212260567_all_cleanSmooth_spectral_bandpower.png,/kaggle/working/outputs/TESE_pruebas/run_20260902_145353/processed_data/figures/por_sujeto/212260567/212260567_all_cleanSmooth_spectral_bandpower.png,115.3
212260567_all_cleanSmooth_topomap_alpha.png,/kaggle/working/outputs/TESE_pruebas/run_20260902_145353/processed_data/figures/por_sujeto/212260567/212260567_all_cleanSmooth_topomap_alpha.png,270.17
212260567_all_cleanSmooth_topomap_betaH.png,/kaggle/working/outputs/TESE_pruebas/run_20260902_145353/processed_data/figures/por_sujeto/212260567/212260567_all_cleanSmooth_topomap_betaH.png,259.31
212260567_all_cleanSmooth_topomap_betaL.png,/kaggle/working/outputs/TESE_pruebas/run_20260902_145353/processed_data/figures/por_sujeto/212260567/212260567_all_cleanSmooth_topomap_betaL.png,260.99
212260567_all_cleanSmooth_topomap_gamma.png,/kaggle/working/outputs/TESE_pruebas/run_20260902_145353/processed_data/figures/por_sujeto/212260567/212260567_all_cleanSmooth_topomap_gamma.png,250.15
212260567_all_cleanSmooth_topomap_theta.png,/kaggle/working/outputs/TESE_pruebas/run_20260902_145353/processed_data/figures/por_sujeto/212260567/212260567_all_cleanSmooth_topomap_theta.png,225.9
212260567_all_noOutliers_resumen_visual.png,/kaggle/working/outputs/TESE_pruebas/run_20260902_145353/processed_data/figures/por_sujeto/212260567/212260567_all_noOutliers_resumen_visual.png,441.67
212260567_all_noOutliers_scroll_promedio_bandas.png,/kaggle/working/outputs/TESE_pruebas/run_20260902_145353/processed_data/figures/por_sujeto/212260567/212260567_all_noOutliers_scroll_promedio_bandas.png,314.96
212260567_all_noOutliers_spectral_bandpower.png,/kaggle/working/outputs/TESE_pruebas/run_20260902_145353/processed_data/figures/por_sujeto/212260567/212260567_all_noOutliers_spectral_bandpower.png,101.97
212260567_all_noOutliers_topomap_alpha.png,/kaggle/working/outputs/TESE_pruebas/run_20260902_145353/processed_data/figures/por_sujeto/212260567/212260567_all_noOutliers_topomap_alpha.png,196.79
212260567_all_noOutliers_topomap_betaH.png,/kaggle/working/outputs/TESE_pruebas/run_20260902_145353/processed_data/figures/por_sujeto/212260567/212260567_all_noOutliers_topomap_betaH.png,190.76
212260567_all_noOutliers_topomap_betaL.png,/kaggle/working/outputs/TESE_pruebas/run_20260902_145353/processed_data/figures/por_sujeto/212260567/212260567_all_noOutliers_topomap_betaL.png,191.89
212260567_all_noOutliers_topomap_gamma.png,/kaggle/working/outputs/TESE_pruebas/run_20260902_145353/processed_data/figures/por_sujeto/212260567/212260567_all_noOutliers_topomap_gamma.png,189.07
212260567_all_noOutliers_topomap_theta.png,/kaggle/working/outputs/TESE_pruebas/run_20260902_145353/processed_data/figures/por_sujeto/212260567/212260567_all_noOutliers_topomap_theta.png,194.5
212260567_all_sinArtefactosConservador_resumen_visual.png,/kaggle/working/outputs/TESE_pruebas/run_20260902_145353/processed_data/figures/por_sujeto/212260567/212260567_all_sinArtefactosConservador_resumen_visual.png,459.93
212260567_all_sinArtefactosConservador_scroll_promedio_bandas.png,/kaggle/working/outputs/TESE_pruebas/run_20260902_145353/processed_data/figures/por_sujeto/212260567/212260567_all_sinArtefactosConservador_scroll_promedio_bandas.png,286.54
212260567_all_sinArtefactosConservador_spectral_bandpower.png,/kaggle/working/outputs/TESE_pruebas/run_20260902_145353/processed_data/figures/por_sujeto/212260567/212260567_all_sinArtefactosConservador_spectral_bandpower.png,101.18
212260567_all_sinArtefactosConservador_topomap_alpha.png,/kaggle/working/outputs/TESE_pruebas/run_20260902_145353/processed_data/figures/por_sujeto/212260567/212260567_all_sinArtefactosConservador_topomap_alpha.png,201.0
212260567_all_sinArtefactosConservador_topomap_betaH.png,/kaggle/working/outputs/TESE_pruebas/run_20260902_145353/processed_data/figures/por_sujeto/212260567/212260567_all_sinArtefactosConservador_topomap_betaH.png,197.76
212260567_all_sinArtefactosConservador_topomap_betaL.png,/kaggle/working/outputs/TESE_pruebas/run_20260902_145353/processed_data/figures/por_sujeto/212260567/212260567_all_sinArtefactosConservador_topomap_betaL.png,190.14
212260567_all_sinArtefactosConservador_topomap_gamma.png,/kaggle/working/outputs/TESE_pruebas/run_20260902_145353/processed_data/figures/por_sujeto/212260567/212260567_all_sinArtefactosConservador_topomap_gamma.png,189.5
212260567_all_sinArtefactosConservador_topomap_theta.png,/kaggle/working/outputs/TESE_pruebas/run_20260902_145353/processed_data/figures/por_sujeto/212260567/212260567_all_sinArtefactosConservador_topomap_theta.png,202.51
212260567_all_sinArtefactosEstricto_resumen_visual.png,/kaggle/working/outputs/TESE_pruebas/run_20260902_145353/processed_data/figures/por_sujeto/212260567/212260567_all_sinArtefactosEstricto_resumen_visual.png,449.19
212260567_all_sinArtefactosEstricto_scroll_promedio_bandas.png,/kaggle/working/outputs/TESE_pruebas/run_20260902_145353/processed_data/figures/por_sujeto/212260567/212260567_all_sinArtefactosEstricto_scroll_promedio_bandas.png,204.81
212260567_all_sinArtefactosEstricto_spectral_bandpower.png,/kaggle/working/outputs/TESE_pruebas/run_20260902_145353/processed_data/figures/por_sujeto/212260567/212260567_all_sinArtefactosEstricto_spectral_bandpower.png,95.24
212260567_all_sinArtefactosEstricto_topomap_alpha.png,/kaggle/working/outputs/TESE_pruebas/run_20260902_145353/processed_data/figures/por_sujeto/212260567/212260567_all_sinArtefactosEstricto_topomap_alpha.png,193.28
212260567_all_sinArtefactosEstricto_topomap_betaH.png,/kaggle/working/outputs/TESE_pruebas/run_20260902_145353/processed_data/figures/por_sujeto/212260567/212260567_all_sinArtefactosEstricto_topomap_betaH.png,194.88
212260567_all_sinArtefactosEstricto_topomap_betaL.png,/kaggle/working/outputs/TESE_pruebas/run_20260902_145353/processed_data/figures/por_sujeto/212260567/212260567_all_sinArtefactosEstricto_topomap_betaL.png,192.48
212260567_all_sinArtefactosEstricto_topomap_gamma.png,/kaggle/working/outputs/TESE_pruebas/run_20260902_145353/processed_data/figures/por_sujeto/212260567/212260567_all_sinArtefactosEstricto_topomap_gamma.png,190.61
212260567_all_sinArtefactosEstricto_topomap_theta.png,/kaggle/working/outputs/TESE_pruebas/run_20260902_145353/processed_data/figures/por_sujeto/212260567/212260567_all_sinArtefactosEstricto_topomap_theta.png,194.09
212260569_all_cleanSmooth_resumen_visual.png,/kaggle/working/outputs/TESE_pruebas/run_20260902_145353/processed_data/figures/por_sujeto/212260569/212260569_all_cleanSmooth_resumen_visual.png,569.86
212260569_all_cleanSmooth_scroll_promedio_bandas.png,/kaggle/working/outputs/TESE_pruebas/run_20260902_145353/processed_data/figures/por_sujeto/212260569/212260569_all_cleanSmooth_scroll_promedio_bandas.png,476.6
212260569_all_cleanSmooth_spectral_bandpower.png,/kaggle/working/outputs/TESE_pruebas/run_20260902_145353/processed_data/figures/por_sujeto/212260569/212260569_all_cleanSmooth_spectral_bandpower.png,118.96
212260569_all_cleanSmooth_topomap_alpha.png,/kaggle/working/outputs/TESE_pruebas/run_20260902_145353/processed_data/figures/por_sujeto/212260569/212260569_all_cleanSmooth_topomap_alpha.png,210.82
212260569_all_cleanSmooth_topomap_betaH.png,/kaggle/working/outputs/TESE_pruebas/run_20260902_145353/processed_data/figures/por_sujeto/212260569/212260569_all_cleanSmooth_topomap_betaH.png,234.86
212260569_all_cleanSmooth_topomap_betaL.png,/kaggle/working/outputs/TESE_pruebas/run_20260902_145353/processed_data/figures/por_sujeto/212260569/212260569_all_cleanSmooth_topomap_betaL.png,201.43
212260569_all_cleanSmooth_topomap_gamma.png,/kaggle/working/outputs/TESE_pruebas/run_20260902_145353/processed_data/figures/por_sujeto/212260569/212260569_all_cleanSmooth_topomap_gamma.png,194.81
212260569_all_cleanSmooth_topomap_theta.png,/kaggle/working/outputs/TESE_pruebas/run_20260902_145353/processed_data/figures/por_sujeto/212260569/212260569_all_cleanSmooth_topomap_theta.png,244.7
212260569_all_noOutliers_resumen_visual.png,/kaggle/working/outputs/TESE_pruebas/run_20260902_145353/processed_data/figures/por_sujeto/212260569/212260569_all_noOutliers_resumen_visual.png,610.96
212260569_all_noOutliers_scroll_promedio_bandas.png,/kaggle/working/outputs/TESE_pruebas/run_20260902_145353/processed_data/figures/por_sujeto/212260569/212260569_all_noOutliers_scroll_promedio_bandas.png,408.71
212260569_all_noOutliers_spectral_bandpower.png,/kaggle/working/outputs/TESE_pruebas/run_20260902_145353/processed_data/figures/por_sujeto/212260569/212260569_all_noOutliers_spectral_bandpower.png,100.89
212260569_all_noOutliers_topomap_alpha.png,/kaggle/working/outputs/TESE_pruebas/run_20260902_145353/processed_data/figures/por_sujeto/212260569/212260569_all_noOutliers_topomap_alpha.png,267.45
212260569_all_noOutliers_topomap_betaH.png,/kaggle/working/outputs/TESE_pruebas/run_20260902_145353/processed_data/figures/por_sujeto/212260569/212260569_all_noOutliers_topomap_betaH.png,271.73
212260569_all_noOutliers_topomap_betaL.png,/kaggle/working/outputs/TESE_pruebas/run_20260902_145353/processed_data/figures/por_sujeto/212260569/212260569_all_noOutliers_topomap_betaL.png,274.52
212260569_all_noOutliers_topomap_gamma.png,/kaggle/working/outputs/TESE_pruebas/run_20260902_145353/processed_data/figures/por_sujeto/212260569/212260569_all_noOutliers_topomap_gamma.png,263.22
212260569_all_noOutliers_topomap_theta.png,/kaggle/working/outputs/TESE_pruebas/run_20260902_145353/processed_data/figures/por_sujeto/212260569/212260569_all_noOutliers_topomap_theta.png,260.98
212260569_all_sinArtefactosConservador_resumen_visual.png,/kaggle/working/outputs/TESE_pruebas/run_20260902_145353/processed_data/figures/por_sujeto/212260569/212260569_all_sinArtefactosConservador_resumen_visual.png,630.4
212260569_all_sinArtefactosConservador_scroll_promedio_bandas.png,/kaggle/working/outputs/TESE_pruebas/run_20260902_145353/processed_data/figures/por_sujeto/212260569/212260569_all_sinArtefactosConservador_scroll_promedio_bandas.png,424.45
212260569_all_sinArtefactosConservador_spectral_bandpower.png,/kaggle/working/outputs/TESE_pruebas/run_20260902_145353/processed_data/figures/por_sujeto/212260569/212260569_all_sinArtefactosConservador_spectral_bandpower.png,103.43
212260569_all_sinArtefactosConservador_topomap_alpha.png,/kaggle/working/outputs/TESE_pruebas/run_20260902_145353/processed_data/figures/por_sujeto/212260569/212260569_all_sinArtefactosConservador_topomap_alpha.png,270.85
212260569_all_sinArtefactosConservador_topomap_betaH.png,/kaggle/working/outputs/TESE_pruebas/run_20260902_145353/processed_data/figures/por_sujeto/212260569/212260569_all_sinArtefactosConservador_topomap_betaH.png,268.77
212260569_all_sinArtefactosConservador_topomap_betaL.png,/kaggle/working/outputs/TESE_pruebas/run_20260902_145353/processed_data/figures/por_sujeto/212260569/212260569_all_sinArtefactosConservador_topomap_betaL.png,267.76
212260569_all_sinArtefactosConservador_topomap_gamma.png,/kaggle/working/outputs/TESE_pruebas/run_20260902_145353/processed_data/figures/por_sujeto/212260569/212260569_all_sinArtefactosConservador_topomap_gamma.png,281.23
212260569_all_sinArtefactosConservador_topomap_theta.png,/kaggle/working/outputs/TESE_pruebas/run_20260902_145353/processed_data/figures/por_sujeto/212260569/212260569_all_sinArtefactosConservador_topomap_theta.png,261.9
212260569_all_sinArtefactosEstricto_resumen_visual.png,/kaggle/working/outputs/TESE_pruebas/run_20260902_145353/processed_data/figures/por_sujeto/212260569/212260569_all_sinArtefactosEstricto_resumen_visual.png,629.09
212260569_all_sinArtefactosEstricto_scroll_promedio_bandas.png,/kaggle/working/outputs/TESE_pruebas/run_20260902_145353/processed_data/figures/por_sujeto/212260569/212260569_all_sinArtefactosEstricto_scroll_promedio_bandas.png,344.56
212260569_all_sinArtefactosEstricto_spectral_bandpower.png,/kaggle/working/outputs/TESE_pruebas/run_20260902_145353/processed_data/figures/por_sujeto/212260569/212260569_all_sinArtefactosEstricto_spectral_bandpower.png,97.83
212260569_all_sinArtefactosEstricto_topomap_alpha.png,/kaggle/working/outputs/TESE_pruebas/run_20260902_145353/processed_data/figures/por_sujeto/212260569/212260569_all_sinArtefactosEstricto_topomap_alpha.png,268.3
212260569_all_sinArtefactosEstricto_topomap_betaH.png,/kaggle/working/outputs/TESE_pruebas/run_20260902_145353/processed_data/figures/por_sujeto/212260569/212260569_all_sinArtefactosEstricto_topomap_betaH.png,262.58
212260569_all_sinArtefactosEstricto_topomap_betaL.png,/kaggle/working/outputs/TESE_pruebas/run_20260902_145353/processed_data/figures/por_sujeto/212260569/212260569_all_sinArtefactosEstricto_topomap_betaL.png,254.17
212260569_all_sinArtefactosEstricto_topomap_gamma.png,/kaggle/working/outputs/TESE_pruebas/run_20260902_145353/processed_data/figures/por_sujeto/212260569/212260569_all_sinArtefactosEstricto_topomap_gamma.png,274.0
212260569_all_sinArtefactosEstricto_topomap_theta.png,/kaggle/working/outputs/TESE_pruebas/run_20260902_145353/processed_data/figures/por_sujeto/212260569/212260569_all_sinArtefactosEstricto_topomap_theta.png,261.98
212260666_all_cleanSmooth_resumen_visual.png,/kaggle/working/outputs/TESE_pruebas/run_20260902_145353/processed_data/figures/por_sujeto/212260666/212260666_all_cleanSmooth_resumen_visual.png,721.08
212260666_all_cleanSmooth_scroll_promedio_bandas.png,/kaggle/working/outputs/TESE_pruebas/run_20260902_145353/processed_data/figures/por_sujeto/212260666/212260666_all_cleanSmooth_scroll_promedio_bandas.png,450.71
212260666_all_cleanSmooth_spectral_bandpower.png,/kaggle/working/outputs/TESE_pruebas/run_20260902_145353/processed_data/figures/por_sujeto/212260666/212260666_all_cleanSmooth_spectral_bandpower.png,119.89
212260666_all_cleanSmooth_topomap_alpha.png,/kaggle/working/outputs/TESE_pruebas/run_20260902_145353/processed_data/figures/por_sujeto/212260666/212260666_all_cleanSmooth_topomap_alpha.png,278.22
212260666_all_cleanSmooth_topomap_betaH.png,/kaggle/working/outputs/TESE_pruebas/run_20260902_145353/processed_data/figures/por_sujeto/212260666/212260666_all_cleanSmooth_topomap_betaH.png,291.98
212260666_all_cleanSmooth_topomap_betaL.png,/kaggle/working/outputs/TESE_pruebas/run_20260902_145353/processed_data/figures/por_sujeto/212260666/212260666_all_cleanSmooth_topomap_betaL.png,299.22
212260666_all_cleanSmooth_topomap_gamma.png,/kaggle/working/outputs/TESE_pruebas/run_20260902_145353/processed_data/figures/por_sujeto/212260666/212260666_all_cleanSmooth_topomap_gamma.png,317.09
212260666_all_cleanSmooth_topomap_theta.png,/kaggle/working/outputs/TESE_pruebas/run_20260902_145353/processed_data/figures/por_sujeto/212260666/212260666_all_cleanSmooth_topomap_theta.png,269.65
212260666_all_noOutliers_resumen_visual.png,/kaggle/working/outputs/TESE_pruebas/run_20260902_145353/processed_data/figures/por_sujeto/212260666/212260666_all_noOutliers_resumen_visual.png,575.15
212260666_all_noOutliers_scroll_promedio_bandas.png,/kaggle/working/outputs/TESE_pruebas/run_20260902_145353/processed_data/figures/por_sujeto/212260666/212260666_all_noOutliers_scroll_promedio_bandas.png,537.19
212260666_all_noOutliers_spectral_bandpower.png,/kaggle/working/outputs/TESE_pruebas/run_20260902_145353/processed_data/figures/por_sujeto/212260666/212260666_all_noOutliers_spectral_bandpower.png,94.37
212260666_all_noOutliers_topomap_alpha.png,/kaggle/working/outputs/TESE_pruebas/run_20260902_145353/processed_data/figures/por_sujeto/212260666/212260666_all_noOutliers_topomap_alpha.png,228.05
212260666_all_noOutliers_topomap_betaH.png,/kaggle/working/outputs/TESE_pruebas/run_20260902_145353/processed_data/figures/por_sujeto/212260666/212260666_all_noOutliers_topomap_betaH.png,233.79
212260666_all_noOutliers_topomap_betaL.png,/kaggle/working/outputs/TESE_pruebas/run_20260902_145353/processed_data/figures/por_sujeto/212260666/212260666_all_noOutliers_topomap_betaL.png,236.08
212260666_all_noOutliers_topomap_gamma.png,/kaggle/working/outputs/TESE_pruebas/run_20260902_145353/processed_data/figures/por_sujeto/212260666/212260666_all_noOutliers_topomap_gamma.png,272.36
212260666_all_noOutliers_topomap_theta.png,/kaggle/working/outputs/TESE_pruebas/run_20260902_145353/processed_data/figures/por_sujeto/212260666/212260666_all_noOutliers_topomap_theta.png,225.11
212260666_all_sinArtefactosConservador_resumen_visual.png,/kaggle/working/outputs/TESE_pruebas/run_20260902_145353/processed_data/figures/por_sujeto/212260666/212260666_all_sinArtefactosConservador_resumen_visual.png,569.83
212260666_all_sinArtefactosConservador_scroll_promedio_bandas.png,/kaggle/working/outputs/TESE_pruebas/run_20260902_145353/processed_data/figures/por_sujeto/212260666/212260666_all_sinArtefactosConservador_scroll_promedio_bandas.png,447.27
212260666_all_sinArtefactosConservador_spectral_bandpower.png,/kaggle/working/outputs/TESE_pruebas/run_20260902_145353/processed_data/figures/por_sujeto/212260666/212260666_all_sinArtefactosConservador_spectral_bandpower.png,101.94
212260666_all_sinArtefactosConservador_topomap_alpha.png,/kaggle/working/outputs/TESE_pruebas/run_20260902_145353/processed_data/figures/por_sujeto/212260666/212260666_all_sinArtefactosConservador_topomap_alpha.png,226.22
212260666_all_sinArtefactosConservador_topomap_betaH.png,/kaggle/working/outputs/TESE_pruebas/run_20260902_145353/processed_data/figures/por_sujeto/212260666/212260666_all_sinArtefactosConservador_topomap_betaH.png,234.14
212260666_all_sinArtefactosConservador_topomap_betaL.png,/kaggle/working/outputs/TESE_pruebas/run_20260902_145353/processed_data/figures/por_sujeto/212260666/212260666_all_sinArtefactosConservador_topomap_betaL.png,235.03
212260666_all_sinArtefactosConservador_topomap_gamma.png,/kaggle/working/outputs/TESE_pruebas/run_20260902_145353/processed_data/figures/por_sujeto/212260666/212260666_all_sinArtefactosConservador_topomap_gamma.png,251.68
212260666_all_sinArtefactosConservador_topomap_theta.png,/kaggle/working/outputs/TESE_pruebas/run_20260902_145353/processed_data/figures/por_sujeto/212260666/212260666_all_sinArtefactosConservador_topomap_theta.png,222.58
212260666_all_sinArtefactosEstricto_resumen_visual.png,/kaggle/working/outputs/TESE_pruebas/run_20260902_145353/processed_data/figures/por_sujeto/212260666/212260666_all_sinArtefactosEstricto_resumen_visual.png,600.12
212260666_all_sinArtefactosEstricto_scroll_promedio_bandas.png,/kaggle/working/outputs/TESE_pruebas/run_20260902_145353/processed_data/figures/por_sujeto/212260666/212260666_all_sinArtefactosEstricto_scroll_promedio_bandas.png,379.62
212260666_all_sinArtefactosEstricto_spectral_bandpower.png,/kaggle/working/outputs/TESE_pruebas/run_20260902_145353/processed_data/figures/por_sujeto/212260666/212260666_all_sinArtefactosEstricto_spectral_bandpower.png,97.42
212260666_all_sinArtefactosEstricto_topomap_alpha.png,/kaggle/working/outputs/TESE_pruebas/run_20260902_145353/processed_data/figures/por_sujeto/212260666/212260666_all_sinArtefactosEstricto_topomap_alpha.png,241.69
212260666_all_sinArtefactosEstricto_topomap_betaH.png,/kaggle/working/outputs/TESE_pruebas/run_20260902_145353/processed_data/figures/por_sujeto/212260666/212260666_all_sinArtefactosEstricto_topomap_betaH.png,229.97
212260666_all_sinArtefactosEstricto_topomap_betaL.png,/kaggle/working/outputs/TESE_pruebas/run_20260902_145353/processed_data/figures/por_sujeto/212260666/212260666_all_sinArtefactosEstricto_topomap_betaL.png,242.88
212260666_all_sinArtefactosEstricto_topomap_gamma.png,/kaggle/working/outputs/TESE_pruebas/run_20260902_145353/processed_data/figures/por_sujeto/212260666/212260666_all_sinArtefactosEstricto_topomap_gamma.png,245.23
212260666_all_sinArtefactosEstricto_topomap_theta.png,/kaggle/working/outputs/TESE_pruebas/run_20260902_145353/processed_data/figures/por_sujeto/212260666/212260666_all_sinArtefactosEstricto_topomap_theta.png,242.02
212260668_all_cleanSmooth_resumen_visual.png,/kaggle/working/outputs/TESE_pruebas/run_20260902_145353/processed_data/figures/por_sujeto/212260668/212260668_all_cleanSmooth_resumen_visual.png,513.91
212260668_all_cleanSmooth_scroll_promedio_bandas.png,/kaggle/working/outputs/TESE_pruebas/run_20260902_145353/processed_data/figures/por_sujeto/212260668/212260668_all_cleanSmooth_scroll_promedio_bandas.png,384.04
212260668_all_cleanSmooth_spectral_bandpower.png,/kaggle/working/outputs/TESE_pruebas/run_20260902_145353/processed_data/figures/por_sujeto/212260668/212260668_all_cleanSmooth_spectral_bandpower.png,117.63
212260668_all_cleanSmooth_topomap_alpha.png,/kaggle/working/outputs/TESE_pruebas/run_20260902_145353/processed_data/figures/por_sujeto/212260668/212260668_all_cleanSmooth_topomap_alpha.png,176.73
212260668_all_cleanSmooth_topomap_betaH.png,/kaggle/working/outputs/TESE_pruebas/run_20260902_145353/processed_data/figures/por_sujeto/212260668/212260668_all_cleanSmooth_topomap_betaH.png,177.35
212260668_all_cleanSmooth_topomap_betaL.png,/kaggle/working/outputs/TESE_pruebas/run_20260902_145353/processed_data/figures/por_sujeto/212260668/212260668_all_cleanSmooth_topomap_betaL.png,182.31
212260668_all_cleanSmooth_topomap_gamma.png,/kaggle/working/outputs/TESE_pruebas/run_20260902_145353/processed_data/figures/por_sujeto/212260668/212260668_all_cleanSmooth_topomap_gamma.png,276.67
212260668_all_cleanSmooth_topomap_theta.png,/kaggle/working/outputs/TESE_pruebas/run_20260902_145353/processed_data/figures/por_sujeto/212260668/212260668_all_cleanSmooth_topomap_theta.png,194.75
212260668_all_noOutliers_resumen_visual.png,/kaggle/working/outputs/TESE_pruebas/run_20260902_145353/processed_data/figures/por_sujeto/212260668/212260668_all_noOutliers_resumen_visual.png,620.67
212260668_all_noOutliers_scroll_promedio_bandas.png,/kaggle/working/outputs/TESE_pruebas/run_20260902_145353/processed_data/figures/por_sujeto/212260668/212260668_all_noOutliers_scroll_promedio_bandas.png,429.92
212260668_all_noOutliers_spectral_bandpower.png,/kaggle/working/outputs/TESE_pruebas/run_20260902_145353/processed_data/figures/por_sujeto/212260668/212260668_all_noOutliers_spectral_bandpower.png,107.26
212260668_all_noOutliers_topomap_alpha.png,/kaggle/working/outputs/TESE_pruebas/run_20260902_145353/processed_data/figures/por_sujeto/212260668/212260668_all_noOutliers_topomap_alpha.png,261.63
212260668_all_noOutliers_topomap_betaH.png,/kaggle/working/outputs/TESE_pruebas/run_20260902_145353/processed_data/figures/por_sujeto/212260668/212260668_all_noOutliers_topomap_betaH.png,253.23
212260668_all_noOutliers_topomap_betaL.png,/kaggle/working/outputs/TESE_pruebas/run_20260902_145353/processed_data/figures/por_sujeto/212260668/212260668_all_noOutliers_topomap_betaL.png,255.75
212260668_all_noOutliers_topomap_gamma.png,/kaggle/working/outputs/TESE_pruebas/run_20260902_145353/processed_data/figures/por_sujeto/212260668/212260668_all_noOutliers_topomap_gamma.png,257.71
212260668_all_noOutliers_topomap_theta.png,/kaggle/working/outputs/TESE_pruebas/run_20260902_145353/processed_data/figures/por_sujeto/212260668/212260668_all_noOutliers_topomap_theta.png,257.65
212260668_all_sinArtefactosConservador_resumen_visual.png,/kaggle/working/outputs/TESE_pruebas/run_20260902_145353/processed_data/figures/por_sujeto/212260668/212260668_all_sinArtefactosConservador_resumen_visual.png,631.86
212260668_all_sinArtefactosConservador_scroll_promedio_bandas.png,/kaggle/working/outputs/TESE_pruebas/run_20260902_145353/processed_data/figures/por_sujeto/212260668/212260668_all_sinArtefactosConservador_scroll_promedio_bandas.png,387.01
212260668_all_sinArtefactosConservador_spectral_bandpower.png,/kaggle/working/outputs/TESE_pruebas/run_20260902_145353/processed_data/figures/por_sujeto/212260668/212260668_all_sinArtefactosConservador_spectral_bandpower.png,105.56
212260668_all_sinArtefactosConservador_topomap_alpha.png,/kaggle/working/outputs/TESE_pruebas/run_20260902_145353/processed_data/figures/por_sujeto/212260668/212260668_all_sinArtefactosConservador_topomap_alpha.png,262.44
212260668_all_sinArtefactosConservador_topomap_betaH.png,/kaggle/working/outputs/TESE_pruebas/run_20260902_145353/processed_data/figures/por_sujeto/212260668/212260668_all_sinArtefactosConservador_topomap_betaH.png,260.8
212260668_all_sinArtefactosConservador_topomap_betaL.png,/kaggle/working/outputs/TESE_pruebas/run_20260902_145353/processed_data/figures/por_sujeto/212260668/212260668_all_sinArtefactosConservador_topomap_betaL.png,258.96
212260668_all_sinArtefactosConservador_topomap_gamma.png,/kaggle/working/outputs/TESE_pruebas/run_20260902_145353/processed_data/figures/por_sujeto/212260668/212260668_all_sinArtefactosConservador_topomap_gamma.png,261.12
212260668_all_sinArtefactosConservador_topomap_theta.png,/kaggle/working/outputs/TESE_pruebas/run_20260902_145353/processed_data/figures/por_sujeto/212260668/212260668_all_sinArtefactosConservador_topomap_theta.png,222.69
212260668_all_sinArtefactosEstricto_resumen_visual.png,/kaggle/working/outputs/TESE_pruebas/run_20260902_145353/processed_data/figures/por_sujeto/212260668/212260668_all_sinArtefactosEstricto_resumen_visual.png,618.89
212260668_all_sinArtefactosEstricto_scroll_promedio_bandas.png,/kaggle/working/outputs/TESE_pruebas/run_20260902_145353/processed_data/figures/por_sujeto/212260668/212260668_all_sinArtefactosEstricto_scroll_promedio_bandas.png,349.84
212260668_all_sinArtefactosEstricto_spectral_bandpower.png,/kaggle/working/outputs/TESE_pruebas/run_20260902_145353/processed_data/figures/por_sujeto/212260668/212260668_all_sinArtefactosEstricto_spectral_bandpower.png,101.25
212260668_all_sinArtefactosEstricto_topomap_alpha.png,/kaggle/working/outputs/TESE_pruebas/run_20260902_145353/processed_data/figures/por_sujeto/212260668/212260668_all_sinArtefactosEstricto_topomap_alpha.png,244.49
212260668_all_sinArtefactosEstricto_topomap_betaH.png,/kaggle/working/outputs/TESE_pruebas/run_20260902_145353/processed_data/figures/por_sujeto/212260668/212260668_all_sinArtefactosEstricto_topomap_betaH.png,263.38
212260668_all_sinArtefactosEstricto_topomap_betaL.png,/kaggle/working/outputs/TESE_pruebas/run_20260902_145353/processed_data/figures/por_sujeto/212260668/212260668_all_sinArtefactosEstricto_topomap_betaL.png,259.13
212260668_all_sinArtefactosEstricto_topomap_gamma.png,/kaggle/working/outputs/TESE_pruebas/run_20260902_145353/processed_data/figures/por_sujeto/212260668/212260668_all_sinArtefactosEstricto_topomap_gamma.png,259.0
212260668_all_sinArtefactosEstricto_topomap_theta.png,/kaggle/working/outputs/TESE_pruebas/run_20260902_145353/processed_data/figures/por_sujeto/212260668/212260668_all_sinArtefactosEstricto_topomap_theta.png,202.1
212260672_all_cleanSmooth_resumen_visual.png,/kaggle/working/outputs/TESE_pruebas/run_20260902_145353/processed_data/figures/por_sujeto/212260672/212260672_all_cleanSmooth_resumen_visual.png,749.89
212260672_all_cleanSmooth_scroll_promedio_bandas.png,/kaggle/working/outputs/TESE_pruebas/run_20260902_145353/processed_data/figures/por_sujeto/212260672/212260672_all_cleanSmooth_scroll_promedio_bandas.png,370.24
212260672_all_cleanSmooth_spectral_bandpower.png,/kaggle/working/outputs/TESE_pruebas/run_20260902_145353/processed_data/figures/por_sujeto/212260672/212260672_all_cleanSmooth_spectral_bandpower.png,118.78
212260672_all_cleanSmooth_topomap_alpha.png,/kaggle/working/outputs/TESE_pruebas/run_20260902_145353/processed_data/figures/por_sujeto/212260672/212260672_all_cleanSmooth_topomap_alpha.png,303.84
212260672_all_cleanSmooth_topomap_betaH.png,/kaggle/working/outputs/TESE_pruebas/run_20260902_145353/processed_data/figures/por_sujeto/212260672/212260672_all_cleanSmooth_topomap_betaH.png,294.67
212260672_all_cleanSmooth_topomap_betaL.png,/kaggle/working/outputs/TESE_pruebas/run_20260902_145353/processed_data/figures/por_sujeto/212260672/212260672_all_cleanSmooth_topomap_betaL.png,301.75
212260672_all_cleanSmooth_topomap_gamma.png,/kaggle/working/outputs/TESE_pruebas/run_20260902_145353/processed_data/figures/por_sujeto/212260672/212260672_all_cleanSmooth_topomap_gamma.png,310.63
212260672_all_cleanSmooth_topomap_theta.png,/kaggle/working/outputs/TESE_pruebas/run_20260902_145353/processed_data/figures/por_sujeto/212260672/212260672_all_cleanSmooth_topomap_theta.png,288.03
212260672_all_noOutliers_resumen_visual.png,/kaggle/working/outputs/TESE_pruebas/run_20260902_145353/processed_data/figures/por_sujeto/212260672/212260672_all_noOutliers_resumen_visual.png,507.66
212260672_all_noOutliers_scroll_promedio_bandas.png,/kaggle/working/outputs/TESE_pruebas/run_20260902_145353/processed_data/figures/por_sujeto/212260672/212260672_all_noOutliers_scroll_promedio_bandas.png,390.72
212260672_all_noOutliers_spectral_bandpower.png,/kaggle/working/outputs/TESE_pruebas/run_20260902_145353/processed_data/figures/por_sujeto/212260672/212260672_all_noOutliers_spectral_bandpower.png,103.51
212260672_all_noOutliers_topomap_alpha.png,/kaggle/working/outputs/TESE_pruebas/run_20260902_145353/processed_data/figures/por_sujeto/212260672/212260672_all_noOutliers_topomap_alpha.png,177.42
212260672_all_noOutliers_topomap_betaH.png,/kaggle/working/outputs/TESE_pruebas/run_20260902_145353/processed_data/figures/por_sujeto/212260672/212260672_all_noOutliers_topomap_betaH.png,226.89
212260672_all_noOutliers_topomap_betaL.png,/kaggle/working/outputs/TESE_pruebas/run_20260902_145353/processed_data/figures/por_sujeto/212260672/212260672_all_noOutliers_topomap_betaL.png,183.76
212260672_all_noOutliers_topomap_gamma.png,/kaggle/working/outputs/TESE_pruebas/run_20260902_145353/processed_data/figures/por_sujeto/212260672/212260672_all_noOutliers_topomap_gamma.png,233.63
212260672_all_noOutliers_topomap_theta.png,/kaggle/working/outputs/TESE_pruebas/run_20260902_145353/processed_data/figures/por_sujeto/212260672/212260672_all_noOutliers_topomap_theta.png,193.68
212260672_all_sinArtefactosConservador_resumen_visual.png,/kaggle/working/outputs/TESE_pruebas/run_20260902_145353/processed_data/figures/por_sujeto/212260672/212260672_all_sinArtefactosConservador_resumen_visual.png,626.58
212260672_all_sinArtefactosConservador_scroll_promedio_bandas.png,/kaggle/working/outputs/TESE_pruebas/run_20260902_145353/processed_data/figures/por_sujeto/212260672/212260672_all_sinArtefactosConservador_scroll_promedio_bandas.png,404.94
212260672_all_sinArtefactosConservador_spectral_bandpower.png,/kaggle/working/outputs/TESE_pruebas/run_20260902_145353/processed_data/figures/por_sujeto/212260672/212260672_all_sinArtefactosConservador_spectral_bandpower.png,102.6
212260672_all_sinArtefactosConservador_topomap_alpha.png,/kaggle/working/outputs/TESE_pruebas/run_20260902_145353/processed_data/figures/por_sujeto/212260672/212260672_all_sinArtefactosConservador_topomap_alpha.png,229.72
212260672_all_sinArtefactosConservador_topomap_betaH.png,/kaggle/working/outputs/TESE_pruebas/run_20260902_145353/processed_data/figures/por_sujeto/212260672/212260672_all_sinArtefactosConservador_topomap_betaH.png,278.15
212260672_all_sinArtefactosConservador_topomap_betaL.png,/kaggle/working/outputs/TESE_pruebas/run_20260902_145353/processed_data/figures/por_sujeto/212260672/212260672_all_sinArtefactosConservador_topomap_betaL.png,219.77
212260672_all_sinArtefactosConservador_topomap_gamma.png,/kaggle/working/outputs/TESE_pruebas/run_20260902_145353/processed_data/figures/por_sujeto/212260672/212260672_all_sinArtefactosConservador_topomap_gamma.png,271.4
212260672_all_sinArtefactosConservador_topomap_theta.png,/kaggle/working/outputs/TESE_pruebas/run_20260902_145353/processed_data/figures/por_sujeto/212260672/212260672_all_sinArtefactosConservador_topomap_theta.png,256.92
212260672_all_sinArtefactosEstricto_resumen_visual.png,/kaggle/working/outputs/TESE_pruebas/run_20260902_145353/processed_data/figures/por_sujeto/212260672/212260672_all_sinArtefactosEstricto_resumen_visual.png,620.0
212260672_all_sinArtefactosEstricto_scroll_promedio_bandas.png,/kaggle/working/outputs/TESE_pruebas/run_20260902_145353/processed_data/figures/por_sujeto/212260672/212260672_all_sinArtefactosEstricto_scroll_promedio_bandas.png,327.92
212260672_all_sinArtefactosEstricto_spectral_bandpower.png,/kaggle/working/outputs/TESE_pruebas/run_20260902_145353/processed_data/figures/por_sujeto/212260672/212260672_all_sinArtefactosEstricto_spectral_bandpower.png,100.56
212260672_all_sinArtefactosEstricto_topomap_alpha.png,/kaggle/working/outputs/TESE_pruebas/run_20260902_145353/processed_data/figures/por_sujeto/212260672/212260672_all_sinArtefactosEstricto_topomap_alpha.png,219.27
212260672_all_sinArtefactosEstricto_topomap_betaH.png,/kaggle/working/outputs/TESE_pruebas/run_20260902_145353/processed_data/figures/por_sujeto/212260672/212260672_all_sinArtefactosEstricto_topomap_betaH.png,290.68
212260672_all_sinArtefactosEstricto_topomap_betaL.png,/kaggle/working/outputs/TESE_pruebas/run_20260902_145353/processed_data/figures/por_sujeto/212260672/212260672_all_sinArtefactosEstricto_topomap_betaL.png,232.31
212260672_all_sinArtefactosEstricto_topomap_gamma.png,/kaggle/working/outputs/TESE_pruebas/run_20260902_145353/processed_data/figures/por_sujeto/212260672/212260672_all_sinArtefactosEstricto_topomap_gamma.png,276.73
212260672_all_sinArtefactosEstricto_topomap_theta.png,/kaggle/working/outputs/TESE_pruebas/run_20260902_145353/processed_data/figures/por_sujeto/212260672/212260672_all_sinArtefactosEstricto_topomap_theta.png,221.0
222260671_all_cleanSmooth_resumen_visual.png,/kaggle/working/outputs/TESE_pruebas/run_20260902_145353/processed_data/figures/por_sujeto/222260671/222260671_all_cleanSmooth_resumen_visual.png,686.4
222260671_all_cleanSmooth_scroll_promedio_bandas.png,/kaggle/working/outputs/TESE_pruebas/run_20260902_145353/processed_data/figures/por_sujeto/222260671/222260671_all_cleanSmooth_scroll_promedio_bandas.png,435.48
222260671_all_cleanSmooth_spectral_bandpower.png,/kaggle/working/outputs/TESE_pruebas/run_20260902_145353/processed_data/figures/por_sujeto/222260671/222260671_all_cleanSmooth_spectral_bandpower.png,114.4
222260671_all_cleanSmooth_topomap_alpha.png,/kaggle/working/outputs/TESE_pruebas/run_20260902_145353/processed_data/figures/por_sujeto/222260671/222260671_all_cleanSmooth_topomap_alpha.png,254.71
222260671_all_cleanSmooth_topomap_betaH.png,/kaggle/working/outputs/TESE_pruebas/run_20260902_145353/processed_data/figures/por_sujeto/222260671/222260671_all_cleanSmooth_topomap_betaH.png,288.33
222260671_all_cleanSmooth_topomap_betaL.png,/kaggle/working/outputs/TESE_pruebas/run_20260902_145353/processed_data/figures/por_sujeto/222260671/222260671_all_cleanSmooth_topomap_betaL.png,271.43
222260671_all_cleanSmooth_topomap_gamma.png,/kaggle/working/outputs/TESE_pruebas/run_20260902_145353/processed_data/figures/por_sujeto/222260671/222260671_all_cleanSmooth_topomap_gamma.png,273.0
222260671_all_cleanSmooth_topomap_theta.png,/kaggle/working/outputs/TESE_pruebas/run_20260902_145353/processed_data/figures/por_sujeto/222260671/222260671_all_cleanSmooth_topomap_theta.png,277.6
222260671_all_noOutliers_resumen_visual.png,/kaggle/working/outputs/TESE_pruebas/run_20260902_145353/processed_data/figures/por_sujeto/222260671/222260671_all_noOutliers_resumen_visual.png,638.13
222260671_all_noOutliers_scroll_promedio_bandas.png,/kaggle/working/outputs/TESE_pruebas/run_20260902_145353/processed_data/figures/por_sujeto/222260671/222260671_all_noOutliers_scroll_promedio_bandas.png,246.9
222260671_all_noOutliers_spectral_bandpower.png,/kaggle/working/outputs/TESE_pruebas/run_20260902_145353/processed_data/figures/por_sujeto/222260671/222260671_all_noOutliers_spectral_bandpower.png,99.31
222260671_all_noOutliers_topomap_alpha.png,/kaggle/working/outputs/TESE_pruebas/run_20260902_145353/processed_data/figures/por_sujeto/222260671/222260671_all_noOutliers_topomap_alpha.png,263.65
222260671_all_noOutliers_topomap_betaH.png,/kaggle/working/outputs/TESE_pruebas/run_20260902_145353/processed_data/figures/por_sujeto/222260671/222260671_all_noOutliers_topomap_betaH.png,275.68
222260671_all_noOutliers_topomap_betaL.png,/kaggle/working/outputs/TESE_pruebas/run_20260902_145353/processed_data/figures/por_sujeto/222260671/222260671_all_noOutliers_topomap_betaL.png,291.67
222260671_all_noOutliers_topomap_gamma.png,/kaggle/working/outputs/TESE_pruebas/run_20260902_145353/processed_data/figures/por_sujeto/222260671/222260671_all_noOutliers_topomap_gamma.png,273.55
222260671_all_noOutliers_topomap_theta.png,/kaggle/working/outputs/TESE_pruebas/run_20260902_145353/processed_data/figures/por_sujeto/222260671/222260671_all_noOutliers_topomap_theta.png,237.29
222260671_all_sinArtefactosConservador_resumen_visual.png,/kaggle/working/outputs/TESE_pruebas/run_20260902_145353/processed_data/figures/por_sujeto/222260671/222260671_all_sinArtefactosConservador_resumen_visual.png,635.13
222260671_all_sinArtefactosConservador_scroll_promedio_bandas.png,/kaggle/working/outputs/TESE_pruebas/run_20260902_145353/processed_data/figures/por_sujeto/222260671/222260671_all_sinArtefactosConservador_scroll_promedio_bandas.png,401.36
222260671_all_sinArtefactosConservador_spectral_bandpower.png,/kaggle/working/outputs/TESE_pruebas/run_20260902_145353/processed_data/figures/por_sujeto/222260671/222260671_all_sinArtefactosConservador_spectral_bandpower.png,98.28
222260671_all_sinArtefactosConservador_topomap_alpha.png,/kaggle/working/outputs/TESE_pruebas/run_20260902_145353/processed_data/figures/por_sujeto/222260671/222260671_all_sinArtefactosConservador_topomap_alpha.png,279.28
222260671_all_sinArtefactosConservador_topomap_betaH.png,/kaggle/working/outputs/TESE_pruebas/run_20260902_145353/processed_data/figures/por_sujeto/222260671/222260671_all_sinArtefactosConservador_topomap_betaH.png,259.61
222260671_all_sinArtefactosConservador_topomap_betaL.png,/kaggle/working/outputs/TESE_pruebas/run_20260902_145353/processed_data/figures/por_sujeto/222260671/222260671_all_sinArtefactosConservador_topomap_betaL.png,263.08
222260671_all_sinArtefactosConservador_topomap_gamma.png,/kaggle/working/outputs/TESE_pruebas/run_20260902_145353/processed_data/figures/por_sujeto/222260671/222260671_all_sinArtefactosConservador_topomap_gamma.png,260.19
222260671_all_sinArtefactosConservador_topomap_theta.png,/kaggle/working/outputs/TESE_pruebas/run_20260902_145353/processed_data/figures/por_sujeto/222260671/222260671_all_sinArtefactosConservador_topomap_theta.png,269.46
222260671_all_sinArtefactosEstricto_resumen_visual.png,/kaggle/working/outputs/TESE_pruebas/run_20260902_145353/processed_data/figures/por_sujeto/222260671/222260671_all_sinArtefactosEstricto_resumen_visual.png,625.99
222260671_all_sinArtefactosEstricto_scroll_promedio_bandas.png,/kaggle/working/outputs/TESE_pruebas/run_20260902_145353/processed_data/figures/por_sujeto/222260671/222260671_all_sinArtefactosEstricto_scroll_promedio_bandas.png,333.66
222260671_all_sinArtefactosEstricto_spectral_bandpower.png,/kaggle/working/outputs/TESE_pruebas/run_20260902_145353/processed_data/figures/por_sujeto/222260671/222260671_all_sinArtefactosEstricto_spectral_bandpower.png,98.17
222260671_all_sinArtefactosEstricto_topomap_alpha.png,/kaggle/working/outputs/TESE_pruebas/run_20260902_145353/processed_data/figures/por_sujeto/222260671/222260671_all_sinArtefactosEstricto_topomap_alpha.png,266.5
222260671_all_sinArtefactosEstricto_topomap_betaH.png,/kaggle/working/outputs/TESE_pruebas/run_20260902_145353/processed_data/figures/por_sujeto/222260671/222260671_all_sinArtefactosEstricto_topomap_betaH.png,246.15
222260671_all_sinArtefactosEstricto_topomap_betaL.png,/kaggle/working/outputs/TESE_pruebas/run_20260902_145353/processed_data/figures/por_sujeto/222260671/222260671_all_sinArtefactosEstricto_topomap_betaL.png,259.03
222260671_all_sinArtefactosEstricto_topomap_gamma.png,/kaggle/working/outputs/TESE_pruebas/run_20260902_145353/processed_data/figures/por_sujeto/222260671/222260671_all_sinArtefactosEstricto_topomap_gamma.png,243.76
222260671_all_sinArtefactosEstricto_topomap_theta.png,/kaggle/working/outputs/TESE_pruebas/run_20260902_145353/processed_data/figures/por_sujeto/222260671/222260671_all_sinArtefactosEstricto_topomap_theta.png,281.5
22260552_all_cleanSmooth_resumen_visual.png,/kaggle/working/outputs/TESE_pruebas/run_20260902_145353/processed_data/figures/por_sujeto/22260552/22260552_all_cleanSmooth_resumen_visual.png,647.67
22260552_all_cleanSmooth_scroll_promedio_bandas.png,/kaggle/working/outputs/TESE_pruebas/run_20260902_145353/processed_data/figures/por_sujeto/22260552/22260552_all_cleanSmooth_scroll_promedio_bandas.png,724.89
22260552_all_cleanSmooth_spectral_bandpower.png,/kaggle/working/outputs/TESE_pruebas/run_20260902_145353/processed_data/figures/por_sujeto/22260552/22260552_all_cleanSmooth_spectral_bandpower.png,120.83
22260552_all_cleanSmooth_topomap_alpha.png,/kaggle/working/outputs/TESE_pruebas/run_20260902_145353/processed_data/figures/por_sujeto/22260552/22260552_all_cleanSmooth_topomap_alpha.png,230.95
22260552_all_cleanSmooth_topomap_betaH.png,/kaggle/working/outputs/TESE_pruebas/run_20260902_145353/processed_data/figures/por_sujeto/22260552/22260552_all_cleanSmooth_topomap_betaH.png,275.09
22260552_all_cleanSmooth_topomap_betaL.png,/kaggle/working/outputs/TESE_pruebas/run_20260902_145353/processed_data/figures/por_sujeto/22260552/22260552_all_cleanSmooth_topomap_betaL.png,259.84
22260552_all_cleanSmooth_topomap_gamma.png,/kaggle/working/outputs/TESE_pruebas/run_20260902_145353/processed_data/figures/por_sujeto/22260552/22260552_all_cleanSmooth_topomap_gamma.png,208.64
22260552_all_cleanSmooth_topomap_theta.png,/kaggle/working/outputs/TESE_pruebas/run_20260902_145353/processed_data/figures/por_sujeto/22260552/22260552_all_cleanSmooth_topomap_theta.png,255.48
22260552_all_noOutliers_resumen_visual.png,/kaggle/working/outputs/TESE_pruebas/run_20260902_145353/processed_data/figures/por_sujeto/22260552/22260552_all_noOutliers_resumen_visual.png,565.54
22260552_all_noOutliers_scroll_promedio_bandas.png,/kaggle/working/outputs/TESE_pruebas/run_20260902_145353/processed_data/figures/por_sujeto/22260552/22260552_all_noOutliers_scroll_promedio_bandas.png,614.2
22260552_all_noOutliers_spectral_bandpower.png,/kaggle/working/outputs/TESE_pruebas/run_20260902_145353/processed_data/figures/por_sujeto/22260552/22260552_all_noOutliers_spectral_bandpower.png,94.28
22260552_all_noOutliers_topomap_alpha.png,/kaggle/working/outputs/TESE_pruebas/run_20260902_145353/processed_data/figures/por_sujeto/22260552/22260552_all_noOutliers_topomap_alpha.png,201.53
22260552_all_noOutliers_topomap_betaH.png,/kaggle/working/outputs/TESE_pruebas/run_20260902_145353/processed_data/figures/por_sujeto/22260552/22260552_all_noOutliers_topomap_betaH.png,201.23
22260552_all_noOutliers_topomap_betaL.png,/kaggle/working/outputs/TESE_pruebas/run_20260902_145353/processed_data/figures/por_sujeto/22260552/22260552_all_noOutliers_topomap_betaL.png,198.54
22260552_all_noOutliers_topomap_gamma.png,/kaggle/working/outputs/TESE_pruebas/run_20260902_145353/processed_data/figures/por_sujeto/22260552/22260552_all_noOutliers_topomap_gamma.png,301.92
22260552_all_noOutliers_topomap_theta.png,/kaggle/working/outputs/TESE_pruebas/run_20260902_145353/processed_data/figures/por_sujeto/22260552/22260552_all_noOutliers_topomap_theta.png,201.55
22260552_all_sinArtefactosConservador_resumen_visual.png,/kaggle/working/outputs/TESE_pruebas/run_20260902_145353/processed_data/figures/por_sujeto/22260552/22260552_all_sinArtefactosConservador_resumen_visual.png,596.76
22260552_all_sinArtefactosConservador_scroll_promedio_bandas.png,/kaggle/working/outputs/TESE_pruebas/run_20260902_145353/processed_data/figures/por_sujeto/22260552/22260552_all_sinArtefactosConservador_scroll_promedio_bandas.png,796.55
22260552_all_sinArtefactosConservador_spectral_bandpower.png,/kaggle/working/outputs/TESE_pruebas/run_20260902_145353/processed_data/figures/por_sujeto/22260552/22260552_all_sinArtefactosConservador_spectral_bandpower.png,101.08
22260552_all_sinArtefactosConservador_topomap_alpha.png,/kaggle/working/outputs/TESE_pruebas/run_20260902_145353/processed_data/figures/por_sujeto/22260552/22260552_all_sinArtefactosConservador_topomap_alpha.png,227.83
22260552_all_sinArtefactosConservador_topomap_betaH.png,/kaggle/working/outputs/TESE_pruebas/run_20260902_145353/processed_data/figures/por_sujeto/22260552/22260552_all_sinArtefactosConservador_topomap_betaH.png,240.85
22260552_all_sinArtefactosConservador_topomap_betaL.png,/kaggle/working/outputs/TESE_pruebas/run_20260902_145353/processed_data/figures/por_sujeto/22260552/22260552_all_sinArtefactosConservador_topomap_betaL.png,201.35
22260552_all_sinArtefactosConservador_topomap_gamma.png,/kaggle/working/outputs/TESE_pruebas/run_20260902_145353/processed_data/figures/por_sujeto/22260552/22260552_all_sinArtefactosConservador_topomap_gamma.png,294.93
22260552_all_sinArtefactosConservador_topomap_theta.png,/kaggle/working/outputs/TESE_pruebas/run_20260902_145353/processed_data/figures/por_sujeto/22260552/22260552_all_sinArtefactosConservador_topomap_theta.png,204.66
22260552_all_sinArtefactosEstricto_resumen_visual.png,/kaggle/working/outputs/TESE_pruebas/run_20260902_145353/processed_data/figures/por_sujeto/22260552/22260552_all_sinArtefactosEstricto_resumen_visual.png,564.87
22260552_all_sinArtefactosEstricto_scroll_promedio_bandas.png,/kaggle/working/outputs/TESE_pruebas/run_20260902_145353/processed_data/figures/por_sujeto/22260552/22260552_all_sinArtefactosEstricto_scroll_promedio_bandas.png,575.67
22260552_all_sinArtefactosEstricto_spectral_bandpower.png,/kaggle/working/outputs/TESE_pruebas/run_20260902_145353/processed_data/figures/por_sujeto/22260552/22260552_all_sinArtefactosEstricto_spectral_bandpower.png,95.95
22260552_all_sinArtefactosEstricto_topomap_alpha.png,/kaggle/working/outputs/TESE_pruebas/run_20260902_145353/processed_data/figures/por_sujeto/22260552/22260552_all_sinArtefactosEstricto_topomap_alpha.png,230.16
22260552_all_sinArtefactosEstricto_topomap_betaH.png,/kaggle/working/outputs/TESE_pruebas/run_20260902_145353/processed_data/figures/por_sujeto/22260552/22260552_all_sinArtefactosEstricto_topomap_betaH.png,209.33
22260552_all_sinArtefactosEstricto_topomap_betaL.png,/kaggle/working/outputs/TESE_pruebas/run_20260902_145353/processed_data/figures/por_sujeto/22260552/22260552_all_sinArtefactosEstricto_topomap_betaL.png,226.75
22260552_all_sinArtefactosEstricto_topomap_gamma.png,/kaggle/working/outputs/TESE_pruebas/run_20260902_145353/processed_data/figures/por_sujeto/22260552/22260552_all_sinArtefactosEstricto_topomap_gamma.png,229.87
22260552_all_sinArtefactosEstricto_topomap_theta.png,/kaggle/working/outputs/TESE_pruebas/run_20260902_145353/processed_data/figures/por_sujeto/22260552/22260552_all_sinArtefactosEstricto_topomap_theta.png,201.16
231260558_all_cleanSmooth_resumen_visual.png,/kaggle/working/outputs/TESE_pruebas/run_20260902_145353/processed_data/figures/por_sujeto/231260558/231260558_all_cleanSmooth_resumen_visual.png,649.13
231260558_all_cleanSmooth_scroll_promedio_bandas.png,/kaggle/working/outputs/TESE_pruebas/run_20260902_145353/processed_data/figures/por_sujeto/231260558/231260558_all_cleanSmooth_scroll_promedio_bandas.png,840.36
231260558_all_cleanSmooth_spectral_bandpower.png,/kaggle/working/outputs/TESE_pruebas/run_20260902_145353/processed_data/figures/por_sujeto/231260558/231260558_all_cleanSmooth_spectral_bandpower.png,115.79
231260558_all_cleanSmooth_topomap_alpha.png,/kaggle/working/outputs/TESE_pruebas/run_20260902_145353/processed_data/figures/por_sujeto/231260558/231260558_all_cleanSmooth_topomap_alpha.png,271.34
231260558_all_cleanSmooth_topomap_betaH.png,/kaggle/working/outputs/TESE_pruebas/run_20260902_145353/processed_data/figures/por_sujeto/231260558/231260558_all_cleanSmooth_topomap_betaH.png,254.78
231260558_all_cleanSmooth_topomap_betaL.png,/kaggle/working/outputs/TESE_pruebas/run_20260902_145353/processed_data/figures/por_sujeto/231260558/231260558_all_cleanSmooth_topomap_betaL.png,264.61
231260558_all_cleanSmooth_topomap_gamma.png,/kaggle/working/outputs/TESE_pruebas/run_20260902_145353/processed_data/figures/por_sujeto/231260558/231260558_all_cleanSmooth_topomap_gamma.png,281.12
231260558_all_cleanSmooth_topomap_theta.png,/kaggle/working/outputs/TESE_pruebas/run_20260902_145353/processed_data/figures/por_sujeto/231260558/231260558_all_cleanSmooth_topomap_theta.png,212.37
231260558_all_noOutliers_resumen_visual.png,/kaggle/working/outputs/TESE_pruebas/run_20260902_145353/processed_data/figures/por_sujeto/231260558/231260558_all_noOutliers_resumen_visual.png,555.66
231260558_all_noOutliers_scroll_promedio_bandas.png,/kaggle/working/outputs/TESE_pruebas/run_20260902_145353/processed_data/figures/por_sujeto/231260558/231260558_all_noOutliers_scroll_promedio_bandas.png,635.46
231260558_all_noOutliers_spectral_bandpower.png,/kaggle/working/outputs/TESE_pruebas/run_20260902_145353/processed_data/figures/por_sujeto/231260558/231260558_all_noOutliers_spectral_bandpower.png,99.75
231260558_all_noOutliers_topomap_alpha.png,/kaggle/working/outputs/TESE_pruebas/run_20260902_145353/processed_data/figures/por_sujeto/231260558/231260558_all_noOutliers_topomap_alpha.png,228.81
231260558_all_noOutliers_topomap_betaH.png,/kaggle/working/outputs/TESE_pruebas/run_20260902_145353/processed_data/figures/por_sujeto/231260558/231260558_all_noOutliers_topomap_betaH.png,225.88
231260558_all_noOutliers_topomap_betaL.png,/kaggle/working/outputs/TESE_pruebas/run_20260902_145353/processed_data/figures/por_sujeto/231260558/231260558_all_noOutliers_topomap_betaL.png,228.49
231260558_all_noOutliers_topomap_gamma.png,/kaggle/working/outputs/TESE_pruebas/run_20260902_145353/processed_data/figures/por_sujeto/231260558/231260558_all_noOutliers_topomap_gamma.png,236.37
231260558_all_noOutliers_topomap_theta.png,/kaggle/working/outputs/TESE_pruebas/run_20260902_145353/processed_data/figures/por_sujeto/231260558/231260558_all_noOutliers_topomap_theta.png,236.58
231260558_all_sinArtefactosConservador_resumen_visual.png,/kaggle/working/outputs/TESE_pruebas/run_20260902_145353/processed_data/figures/por_sujeto/231260558/231260558_all_sinArtefactosConservador_resumen_visual.png,576.56
231260558_all_sinArtefactosConservador_scroll_promedio_bandas.png,/kaggle/working/outputs/TESE_pruebas/run_20260902_145353/processed_data/figures/por_sujeto/231260558/231260558_all_sinArtefactosConservador_scroll_promedio_bandas.png,957.86
231260558_all_sinArtefactosConservador_spectral_bandpower.png,/kaggle/working/outputs/TESE_pruebas/run_20260902_145353/processed_data/figures/por_sujeto/231260558/231260558_all_sinArtefactosConservador_spectral_bandpower.png,97.12
231260558_all_sinArtefactosConservador_topomap_alpha.png,/kaggle/working/outputs/TESE_pruebas/run_20260902_145353/processed_data/figures/por_sujeto/231260558/231260558_all_sinArtefactosConservador_topomap_alpha.png,231.53
231260558_all_sinArtefactosConservador_topomap_betaH.png,/kaggle/working/outputs/TESE_pruebas/run_20260902_145353/processed_data/figures/por_sujeto/231260558/231260558_all_sinArtefactosConservador_topomap_betaH.png,243.87
231260558_all_sinArtefactosConservador_topomap_betaL.png,/kaggle/working/outputs/TESE_pruebas/run_20260902_145353/processed_data/figures/por_sujeto/231260558/231260558_all_sinArtefactosConservador_topomap_betaL.png,233.18
231260558_all_sinArtefactosConservador_topomap_gamma.png,/kaggle/working/outputs/TESE_pruebas/run_20260902_145353/processed_data/figures/por_sujeto/231260558/231260558_all_sinArtefactosConservador_topomap_gamma.png,250.79
231260558_all_sinArtefactosConservador_topomap_theta.png,/kaggle/working/outputs/TESE_pruebas/run_20260902_145353/processed_data/figures/por_sujeto/231260558/231260558_all_sinArtefactosConservador_topomap_theta.png,232.76
231260558_all_sinArtefactosEstricto_resumen_visual.png,/kaggle/working/outputs/TESE_pruebas/run_20260902_145353/processed_data/figures/por_sujeto/231260558/231260558_all_sinArtefactosEstricto_resumen_visual.png,577.17
231260558_all_sinArtefactosEstricto_scroll_promedio_bandas.png,/kaggle/working/outputs/TESE_pruebas/run_20260902_145353/processed_data/figures/por_sujeto/231260558/231260558_all_sinArtefactosEstricto_scroll_promedio_bandas.png,829.77
231260558_all_sinArtefactosEstricto_spectral_bandpower.png,/kaggle/working/outputs/TESE_pruebas/run_20260902_145353/processed_data/figures/por_sujeto/231260558/231260558_all_sinArtefactosEstricto_spectral_bandpower.png,94.63
231260558_all_sinArtefactosEstricto_topomap_alpha.png,/kaggle/working/outputs/TESE_pruebas/run_20260902_145353/processed_data/figures/por_sujeto/231260558/231260558_all_sinArtefactosEstricto_topomap_alpha.png,230.0
231260558_all_sinArtefactosEstricto_topomap_betaH.png,/kaggle/working/outputs/TESE_pruebas/run_20260902_145353/processed_data/figures/por_sujeto/231260558/231260558_all_sinArtefactosEstricto_topomap_betaH.png,241.9
231260558_all_sinArtefactosEstricto_topomap_betaL.png,/kaggle/working/outputs/TESE_pruebas/run_20260902_145353/processed_data/figures/por_sujeto/231260558/231260558_all_sinArtefactosEstricto_topomap_betaL.png,230.37
231260558_all_sinArtefactosEstricto_topomap_gamma.png,/kaggle/working/outputs/TESE_pruebas/run_20260902_145353/processed_data/figures/por_sujeto/231260558/231260558_all_sinArtefactosEstricto_topomap_gamma.png,244.14
231260558_all_sinArtefactosEstricto_topomap_theta.png,/kaggle/working/outputs/TESE_pruebas/run_20260902_145353/processed_data/figures/por_sujeto/231260558/231260558_all_sinArtefactosEstricto_topomap_theta.png,240.85
252260554_all_cleanSmooth_resumen_visual.png,/kaggle/working/outputs/TESE_pruebas/run_20260902_145353/processed_data/figures/por_sujeto/252260554/252260554_all_cleanSmooth_resumen_visual.png,738.07
252260554_all_cleanSmooth_scroll_promedio_bandas.png,/kaggle/working/outputs/TESE_pruebas/run_20260902_145353/processed_data/figures/por_sujeto/252260554/252260554_all_cleanSmooth_scroll_promedio_bandas.png,748.45
252260554_all_cleanSmooth_spectral_bandpower.png,/kaggle/working/outputs/TESE_pruebas/run_20260902_145353/processed_data/figures/por_sujeto/252260554/252260554_all_cleanSmooth_spectral_bandpower.png,122.55
252260554_all_cleanSmooth_topomap_alpha.png,/kaggle/working/outputs/TESE_pruebas/run_20260902_145353/processed_data/figures/por_sujeto/252260554/252260554_all_cleanSmooth_topomap_alpha.png,295.07
252260554_all_cleanSmooth_topomap_betaH.png,/kaggle/working/outputs/TESE_pruebas/run_20260902_145353/processed_data/figures/por_sujeto/252260554/252260554_all_cleanSmooth_topomap_betaH.png,302.32
252260554_all_cleanSmooth_topomap_betaL.png,/kaggle/working/outputs/TESE_pruebas/run_20260902_145353/processed_data/figures/por_sujeto/252260554/252260554_all_cleanSmooth_topomap_betaL.png,309.47
252260554_all_cleanSmooth_topomap_gamma.png,/kaggle/working/outputs/TESE_pruebas/run_20260902_145353/processed_data/figures/por_sujeto/252260554/252260554_all_cleanSmooth_topomap_gamma.png,336.5
252260554_all_cleanSmooth_topomap_theta.png,/kaggle/working/outputs/TESE_pruebas/run_20260902_145353/processed_data/figures/por_sujeto/252260554/252260554_all_cleanSmooth_topomap_theta.png,243.95
252260554_all_noOutliers_resumen_visual.png,/kaggle/working/outputs/TESE_pruebas/run_20260902_145353/processed_data/figures/por_sujeto/252260554/252260554_all_noOutliers_resumen_visual.png,599.02
252260554_all_noOutliers_scroll_promedio_bandas.png,/kaggle/working/outputs/TESE_pruebas/run_20260902_145353/processed_data/figures/por_sujeto/252260554/252260554_all_noOutliers_scroll_promedio_bandas.png,743.96
252260554_all_noOutliers_spectral_bandpower.png,/kaggle/working/outputs/TESE_pruebas/run_20260902_145353/processed_data/figures/por_sujeto/252260554/252260554_all_noOutliers_spectral_bandpower.png,99.83
252260554_all_noOutliers_topomap_alpha.png,/kaggle/working/outputs/TESE_pruebas/run_20260902_145353/processed_data/figures/por_sujeto/252260554/252260554_all_noOutliers_topomap_alpha.png,229.81
252260554_all_noOutliers_topomap_betaH.png,/kaggle/working/outputs/TESE_pruebas/run_20260902_145353/processed_data/figures/por_sujeto/252260554/252260554_all_noOutliers_topomap_betaH.png,218.68
252260554_all_noOutliers_topomap_betaL.png,/kaggle/working/outputs/TESE_pruebas/run_20260902_145353/processed_data/figures/por_sujeto/252260554/252260554_all_noOutliers_topomap_betaL.png,220.66
252260554_all_noOutliers_topomap_gamma.png,/kaggle/working/outputs/TESE_pruebas/run_20260902_145353/processed_data/figures/por_sujeto/252260554/252260554_all_noOutliers_topomap_gamma.png,245.26
252260554_all_noOutliers_topomap_theta.png,/kaggle/working/outputs/TESE_pruebas/run_20260902_145353/processed_data/figures/por_sujeto/252260554/252260554_all_noOutliers_topomap_theta.png,239.96
252260554_all_sinArtefactosConservador_resumen_visual.png,/kaggle/working/outputs/TESE_pruebas/run_20260902_145353/processed_data/figures/por_sujeto/252260554/252260554_all_sinArtefactosConservador_resumen_visual.png,589.1
252260554_all_sinArtefactosConservador_scroll_promedio_bandas.png,/kaggle/working/outputs/TESE_pruebas/run_20260902_145353/processed_data/figures/por_sujeto/252260554/252260554_all_sinArtefactosConservador_scroll_promedio_bandas.png,648.72
252260554_all_sinArtefactosConservador_spectral_bandpower.png,/kaggle/working/outputs/TESE_pruebas/run_20260902_145353/processed_data/figures/por_sujeto/252260554/252260554_all_sinArtefactosConservador_spectral_bandpower.png,103.25
252260554_all_sinArtefactosConservador_topomap_alpha.png,/kaggle/working/outputs/TESE_pruebas/run_20260902_145353/processed_data/figures/por_sujeto/252260554/252260554_all_sinArtefactosConservador_topomap_alpha.png,224.53
252260554_all_sinArtefactosConservador_topomap_betaH.png,/kaggle/working/outputs/TESE_pruebas/run_20260902_145353/processed_data/figures/por_sujeto/252260554/252260554_all_sinArtefactosConservador_topomap_betaH.png,218.48
252260554_all_sinArtefactosConservador_topomap_betaL.png,/kaggle/working/outputs/TESE_pruebas/run_20260902_145353/processed_data/figures/por_sujeto/252260554/252260554_all_sinArtefactosConservador_topomap_betaL.png,219.6
252260554_all_sinArtefactosConservador_topomap_gamma.png,/kaggle/working/outputs/TESE_pruebas/run_20260902_145353/processed_data/figures/por_sujeto/252260554/252260554_all_sinArtefactosConservador_topomap_gamma.png,249.49
252260554_all_sinArtefactosConservador_topomap_theta.png,/kaggle/working/outputs/TESE_pruebas/run_20260902_145353/processed_data/figures/por_sujeto/252260554/252260554_all_sinArtefactosConservador_topomap_theta.png,216.75
252260554_all_sinArtefactosEstricto_resumen_visual.png,/kaggle/working/outputs/TESE_pruebas/run_20260902_145353/processed_data/figures/por_sujeto/252260554/252260554_all_sinArtefactosEstricto_resumen_visual.png,629.72
252260554_all_sinArtefactosEstricto_scroll_promedio_bandas.png,/kaggle/working/outputs/TESE_pruebas/run_20260902_145353/processed_data/figures/por_sujeto/252260554/252260554_all_sinArtefactosEstricto_scroll_promedio_bandas.png,676.78
252260554_all_sinArtefactosEstricto_spectral_bandpower.png,/kaggle/working/outputs/TESE_pruebas/run_20260902_145353/processed_data/figures/por_sujeto/252260554/252260554_all_sinArtefactosEstricto_spectral_bandpower.png,97.87
252260554_all_sinArtefactosEstricto_topomap_alpha.png,/kaggle/working/outputs/TESE_pruebas/run_20260902_145353/processed_data/figures/por_sujeto/252260554/252260554_all_sinArtefactosEstricto_topomap_alpha.png,221.1
252260554_all_sinArtefactosEstricto_topomap_betaH.png,/kaggle/working/outputs/TESE_pruebas/run_20260902_145353/processed_data/figures/por_sujeto/252260554/252260554_all_sinArtefactosEstricto_topomap_betaH.png,259.73
252260554_all_sinArtefactosEstricto_topomap_betaL.png,/kaggle/working/outputs/TESE_pruebas/run_20260902_145353/processed_data/figures/por_sujeto/252260554/252260554_all_sinArtefactosEstricto_topomap_betaL.png,218.36
252260554_all_sinArtefactosEstricto_topomap_gamma.png,/kaggle/working/outputs/TESE_pruebas/run_20260902_145353/processed_data/figures/por_sujeto/252260554/252260554_all_sinArtefactosEstricto_topomap_gamma.png,266.62
252260554_all_sinArtefactosEstricto_topomap_theta.png,/kaggle/working/outputs/TESE_pruebas/run_20260902_145353/processed_data/figures/por_sujeto/252260554/252260554_all_sinArtefactosEstricto_topomap_theta.png,241.89
252260556_all_cleanSmooth_resumen_visual.png,/kaggle/working/outputs/TESE_pruebas/run_20260902_145353/processed_data/figures/por_sujeto/252260556/252260556_all_cleanSmooth_resumen_visual.png,623.26
252260556_all_cleanSmooth_scroll_promedio_bandas.png,/kaggle/working/outputs/TESE_pruebas/run_20260902_145353/processed_data/figures/por_sujeto/252260556/252260556_all_cleanSmooth_scroll_promedio_bandas.png,838.19
252260556_all_cleanSmooth_spectral_bandpower.png,/kaggle/working/outputs/TESE_pruebas/run_20260902_145353/processed_data/figures/por_sujeto/252260556/252260556_all_cleanSmooth_spectral_bandpower.png,112.89
252260556_all_cleanSmooth_topomap_alpha.png,/kaggle/working/outputs/TESE_pruebas/run_20260902_145353/processed_data/figures/por_sujeto/252260556/252260556_all_cleanSmooth_topomap_alpha.png,250.23
252260556_all_cleanSmooth_topomap_betaH.png,/kaggle/working/outputs/TESE_pruebas/run_20260902_145353/processed_data/figures/por_sujeto/252260556/252260556_all_cleanSmooth_topomap_betaH.png,290.23
252260556_all_cleanSmooth_topomap_betaL.png,/kaggle/working/outputs/TESE_pruebas/run_20260902_145353/processed_data/figures/por_sujeto/252260556/252260556_all_cleanSmooth_topomap_betaL.png,213.48
252260556_all_cleanSmooth_topomap_gamma.png,/kaggle/working/outputs/TESE_pruebas/run_20260902_145353/processed_data/figures/por_sujeto/252260556/252260556_all_cleanSmooth_topomap_gamma.png,270.5
252260556_all_cleanSmooth_topomap_theta.png,/kaggle/working/outputs/TESE_pruebas/run_20260902_145353/processed_data/figures/por_sujeto/252260556/252260556_all_cleanSmooth_topomap_theta.png,199.33
252260556_all_noOutliers_resumen_visual.png,/kaggle/working/outputs/TESE_pruebas/run_20260902_145353/processed_data/figures/por_sujeto/252260556/252260556_all_noOutliers_resumen_visual.png,595.2
252260556_all_noOutliers_scroll_promedio_bandas.png,/kaggle/working/outputs/TESE_pruebas/run_20260902_145353/processed_data/figures/por_sujeto/252260556/252260556_all_noOutliers_scroll_promedio_bandas.png,805.15
252260556_all_noOutliers_spectral_bandpower.png,/kaggle/working/outputs/TESE_pruebas/run_20260902_145353/processed_data/figures/por_sujeto/252260556/252260556_all_noOutliers_spectral_bandpower.png,97.83
252260556_all_noOutliers_topomap_alpha.png,/kaggle/working/outputs/TESE_pruebas/run_20260902_145353/processed_data/figures/por_sujeto/252260556/252260556_all_noOutliers_topomap_alpha.png,242.09
252260556_all_noOutliers_topomap_betaH.png,/kaggle/working/outputs/TESE_pruebas/run_20260902_145353/processed_data/figures/por_sujeto/252260556/252260556_all_noOutliers_topomap_betaH.png,222.4
252260556_all_noOutliers_topomap_betaL.png,/kaggle/working/outputs/TESE_pruebas/run_20260902_145353/processed_data/figures/por_sujeto/252260556/252260556_all_noOutliers_topomap_betaL.png,249.67
252260556_all_noOutliers_topomap_gamma.png,/kaggle/working/outputs/TESE_pruebas/run_20260902_145353/processed_data/figures/por_sujeto/252260556/252260556_all_noOutliers_topomap_gamma.png,235.19
252260556_all_noOutliers_topomap_theta.png,/kaggle/working/outputs/TESE_pruebas/run_20260902_145353/processed_data/figures/por_sujeto/252260556/252260556_all_noOutliers_topomap_theta.png,238.27
252260556_all_sinArtefactosConservador_resumen_visual.png,/kaggle/working/outputs/TESE_pruebas/run_20260902_145353/processed_data/figures/por_sujeto/252260556/252260556_all_sinArtefactosConservador_resumen_visual.png,605.62
252260556_all_sinArtefactosConservador_scroll_promedio_bandas.png,/kaggle/working/outputs/TESE_pruebas/run_20260902_145353/processed_data/figures/por_sujeto/252260556/252260556_all_sinArtefactosConservador_scroll_promedio_bandas.png,899.56
252260556_all_sinArtefactosConservador_spectral_bandpower.png,/kaggle/working/outputs/TESE_pruebas/run_20260902_145353/processed_data/figures/por_sujeto/252260556/252260556_all_sinArtefactosConservador_spectral_bandpower.png,108.93
252260556_all_sinArtefactosConservador_topomap_alpha.png,/kaggle/working/outputs/TESE_pruebas/run_20260902_145353/processed_data/figures/por_sujeto/252260556/252260556_all_sinArtefactosConservador_topomap_alpha.png,252.16
252260556_all_sinArtefactosConservador_topomap_betaH.png,/kaggle/working/outputs/TESE_pruebas/run_20260902_145353/processed_data/figures/por_sujeto/252260556/252260556_all_sinArtefactosConservador_topomap_betaH.png,223.75
252260556_all_sinArtefactosConservador_topomap_betaL.png,/kaggle/working/outputs/TESE_pruebas/run_20260902_145353/processed_data/figures/por_sujeto/252260556/252260556_all_sinArtefactosConservador_topomap_betaL.png,246.46
252260556_all_sinArtefactosConservador_topomap_gamma.png,/kaggle/working/outputs/TESE_pruebas/run_20260902_145353/processed_data/figures/por_sujeto/252260556/252260556_all_sinArtefactosConservador_topomap_gamma.png,235.5
252260556_all_sinArtefactosConservador_topomap_theta.png,/kaggle/working/outputs/TESE_pruebas/run_20260902_145353/processed_data/figures/por_sujeto/252260556/252260556_all_sinArtefactosConservador_topomap_theta.png,234.02
252260556_all_sinArtefactosEstricto_resumen_visual.png,/kaggle/working/outputs/TESE_pruebas/run_20260902_145353/processed_data/figures/por_sujeto/252260556/252260556_all_sinArtefactosEstricto_resumen_visual.png,605.46
252260556_all_sinArtefactosEstricto_scroll_promedio_bandas.png,/kaggle/working/outputs/TESE_pruebas/run_20260902_145353/processed_data/figures/por_sujeto/252260556/252260556_all_sinArtefactosEstricto_scroll_promedio_bandas.png,835.1
252260556_all_sinArtefactosEstricto_spectral_bandpower.png,/kaggle/working/outputs/TESE_pruebas/run_20260902_145353/processed_data/figures/por_sujeto/252260556/252260556_all_sinArtefactosEstricto_spectral_bandpower.png,105.28
252260556_all_sinArtefactosEstricto_topomap_alpha.png,/kaggle/working/outputs/TESE_pruebas/run_20260902_145353/processed_data/figures/por_sujeto/252260556/252260556_all_sinArtefactosEstricto_topomap_alpha.png,250.91
252260556_all_sinArtefactosEstricto_topomap_betaH.png,/kaggle/working/outputs/TESE_pruebas/run_20260902_145353/processed_data/figures/por_sujeto/252260556/252260556_all_sinArtefactosEstricto_topomap_betaH.png,216.88
252260556_all_sinArtefactosEstricto_topomap_betaL.png,/kaggle/working/outputs/TESE_pruebas/run_20260902_145353/processed_data/figures/por_sujeto/252260556/252260556_all_sinArtefactosEstricto_topomap_betaL.png,240.23
252260556_all_sinArtefactosEstricto_topomap_gamma.png,/kaggle/working/outputs/TESE_pruebas/run_20260902_145353/processed_data/figures/por_sujeto/252260556/252260556_all_sinArtefactosEstricto_topomap_gamma.png,224.75
252260556_all_sinArtefactosEstricto_topomap_theta.png,/kaggle/working/outputs/TESE_pruebas/run_20260902_145353/processed_data/figures/por_sujeto/252260556/252260556_all_sinArtefactosEstricto_topomap_theta.png,252.2
252260670_all_cleanSmooth_resumen_visual.png,/kaggle/working/outputs/TESE_pruebas/run_20260902_145353/processed_data/figures/por_sujeto/252260670/252260670_all_cleanSmooth_resumen_visual.png,736.71
252260670_all_cleanSmooth_scroll_promedio_bandas.png,/kaggle/working/outputs/TESE_pruebas/run_20260902_145353/processed_data/figures/por_sujeto/252260670/252260670_all_cleanSmooth_scroll_promedio_bandas.png,395.56
252260670_all_cleanSmooth_spectral_bandpower.png,/kaggle/working/outputs/TESE_pruebas/run_20260902_145353/processed_data/figures/por_sujeto/252260670/252260670_all_cleanSmooth_spectral_bandpower.png,121.01
252260670_all_cleanSmooth_topomap_alpha.png,/kaggle/working/outputs/TESE_pruebas/run_20260902_145353/processed_data/figures/por_sujeto/252260670/252260670_all_cleanSmooth_topomap_alpha.png,257.6
252260670_all_cleanSmooth_topomap_betaH.png,/kaggle/working/outputs/TESE_pruebas/run_20260902_145353/processed_data/figures/por_sujeto/252260670/252260670_all_cleanSmooth_topomap_betaH.png,280.71
252260670_all_cleanSmooth_topomap_betaL.png,/kaggle/working/outputs/TESE_pruebas/run_20260902_145353/processed_data/figures/por_sujeto/252260670/252260670_all_cleanSmooth_topomap_betaL.png,275.67
252260670_all_cleanSmooth_topomap_gamma.png,/kaggle/working/outputs/TESE_pruebas/run_20260902_145353/processed_data/figures/por_sujeto/252260670/252260670_all_cleanSmooth_topomap_gamma.png,337.9
252260670_all_cleanSmooth_topomap_theta.png,/kaggle/working/outputs/TESE_pruebas/run_20260902_145353/processed_data/figures/por_sujeto/252260670/252260670_all_cleanSmooth_topomap_theta.png,305.2
252260670_all_noOutliers_resumen_visual.png,/kaggle/working/outputs/TESE_pruebas/run_20260902_145353/processed_data/figures/por_sujeto/252260670/252260670_all_noOutliers_resumen_visual.png,581.73
252260670_all_noOutliers_scroll_promedio_bandas.png,/kaggle/working/outputs/TESE_pruebas/run_20260902_145353/processed_data/figures/por_sujeto/252260670/252260670_all_noOutliers_scroll_promedio_bandas.png,475.44
252260670_all_noOutliers_spectral_bandpower.png,/kaggle/working/outputs/TESE_pruebas/run_20260902_145353/processed_data/figures/por_sujeto/252260670/252260670_all_noOutliers_spectral_bandpower.png,93.18
252260670_all_noOutliers_topomap_alpha.png,/kaggle/working/outputs/TESE_pruebas/run_20260902_145353/processed_data/figures/por_sujeto/252260670/252260670_all_noOutliers_topomap_alpha.png,237.87
252260670_all_noOutliers_topomap_betaH.png,/kaggle/working/outputs/TESE_pruebas/run_20260902_145353/processed_data/figures/por_sujeto/252260670/252260670_all_noOutliers_topomap_betaH.png,235.16
252260670_all_noOutliers_topomap_betaL.png,/kaggle/working/outputs/TESE_pruebas/run_20260902_145353/processed_data/figures/por_sujeto/252260670/252260670_all_noOutliers_topomap_betaL.png,236.51
252260670_all_noOutliers_topomap_gamma.png,/kaggle/working/outputs/TESE_pruebas/run_20260902_145353/processed_data/figures/por_sujeto/252260670/252260670_all_noOutliers_topomap_gamma.png,250.5
252260670_all_noOutliers_topomap_theta.png,/kaggle/working/outputs/TESE_pruebas/run_20260902_145353/processed_data/figures/por_sujeto/252260670/252260670_all_noOutliers_topomap_theta.png,255.56
252260670_all_sinArtefactosConservador_resumen_visual.png,/kaggle/working/outputs/TESE_pruebas/run_20260902_145353/processed_data/figures/por_sujeto/252260670/252260670_all_sinArtefactosConservador_resumen_visual.png,595.74
252260670_all_sinArtefactosConservador_scroll_promedio_bandas.png,/kaggle/working/outputs/TESE_pruebas/run_20260902_145353/processed_data/figures/por_sujeto/252260670/252260670_all_sinArtefactosConservador_scroll_promedio_bandas.png,364.42
252260670_all_sinArtefactosConservador_spectral_bandpower.png,/kaggle/working/outputs/TESE_pruebas/run_20260902_145353/processed_data/figures/por_sujeto/252260670/252260670_all_sinArtefactosConservador_spectral_bandpower.png,97.36
252260670_all_sinArtefactosConservador_topomap_alpha.png,/kaggle/working/outputs/TESE_pruebas/run_20260902_145353/processed_data/figures/por_sujeto/252260670/252260670_all_sinArtefactosConservador_topomap_alpha.png,244.13
252260670_all_sinArtefactosConservador_topomap_betaH.png,/kaggle/working/outputs/TESE_pruebas/run_20260902_145353/processed_data/figures/por_sujeto/252260670/252260670_all_sinArtefactosConservador_topomap_betaH.png,237.68
252260670_all_sinArtefactosConservador_topomap_betaL.png,/kaggle/working/outputs/TESE_pruebas/run_20260902_145353/processed_data/figures/por_sujeto/252260670/252260670_all_sinArtefactosConservador_topomap_betaL.png,236.55
252260670_all_sinArtefactosConservador_topomap_gamma.png,/kaggle/working/outputs/TESE_pruebas/run_20260902_145353/processed_data/figures/por_sujeto/252260670/252260670_all_sinArtefactosConservador_topomap_gamma.png,259.97
252260670_all_sinArtefactosConservador_topomap_theta.png,/kaggle/working/outputs/TESE_pruebas/run_20260902_145353/processed_data/figures/por_sujeto/252260670/252260670_all_sinArtefactosConservador_topomap_theta.png,243.76
252260670_all_sinArtefactosEstricto_resumen_visual.png,/kaggle/working/outputs/TESE_pruebas/run_20260902_145353/processed_data/figures/por_sujeto/252260670/252260670_all_sinArtefactosEstricto_resumen_visual.png,601.9
252260670_all_sinArtefactosEstricto_scroll_promedio_bandas.png,/kaggle/working/outputs/TESE_pruebas/run_20260902_145353/processed_data/figures/por_sujeto/252260670/252260670_all_sinArtefactosEstricto_scroll_promedio_bandas.png,328.48
252260670_all_sinArtefactosEstricto_spectral_bandpower.png,/kaggle/working/outputs/TESE_pruebas/run_20260902_145353/processed_data/figures/por_sujeto/252260670/252260670_all_sinArtefactosEstricto_spectral_bandpower.png,95.79
252260670_all_sinArtefactosEstricto_topomap_alpha.png,/kaggle/working/outputs/TESE_pruebas/run_20260902_145353/processed_data/figures/por_sujeto/252260670/252260670_all_sinArtefactosEstricto_topomap_alpha.png,245.21
252260670_all_sinArtefactosEstricto_topomap_betaH.png,/kaggle/working/outputs/TESE_pruebas/run_20260902_145353/processed_data/figures/por_sujeto/252260670/252260670_all_sinArtefactosEstricto_topomap_betaH.png,257.47
252260670_all_sinArtefactosEstricto_topomap_betaL.png,/kaggle/working/outputs/TESE_pruebas/run_20260902_145353/processed_data/figures/por_sujeto/252260670/252260670_all_sinArtefactosEstricto_topomap_betaL.png,244.6
252260670_all_sinArtefactosEstricto_topomap_gamma.png,/kaggle/working/outputs/TESE_pruebas/run_20260902_145353/processed_data/figures/por_sujeto/252260670/252260670_all_sinArtefactosEstricto_topomap_gamma.png,257.04
252260670_all_sinArtefactosEstricto_topomap_theta.png,/kaggle/working/outputs/TESE_pruebas/run_20260902_145353/processed_data/figures/por_sujeto/252260670/252260670_all_sinArtefactosEstricto_topomap_theta.png,245.25
cano_all_cleanSmooth_resumen_visual.png,/kaggle/working/outputs/TESE_pruebas/run_20260902_145353/processed_data/figures/por_sujeto/cano/cano_all_cleanSmooth_resumen_visual.png,649.22
cano_all_cleanSmooth_scroll_promedio_bandas.png,/kaggle/working/outputs/TESE_pruebas/run_20260902_145353/processed_data/figures/por_sujeto/cano/cano_all_cleanSmooth_scroll_promedio_bandas.png,451.96
cano_all_cleanSmooth_spectral_bandpower.png,/kaggle/working/outputs/TESE_pruebas/run_20260902_145353/processed_data/figures/por_sujeto/cano/cano_all_cleanSmooth_spectral_bandpower.png,98.47
cano_all_cleanSmooth_topomap_alpha.png,/kaggle/working/outputs/TESE_pruebas/run_20260902_145353/processed_data/figures/por_sujeto/cano/cano_all_cleanSmooth_topomap_alpha.png,248.1
cano_all_cleanSmooth_topomap_betaH.png,/kaggle/working/outputs/TESE_pruebas/run_20260902_145353/processed_data/figures/por_sujeto/cano/cano_all_cleanSmooth_topomap_betaH.png,240.09
cano_all_cleanSmooth_topomap_betaL.png,/kaggle/working/outputs/TESE_pruebas/run_20260902_145353/processed_data/figures/por_sujeto/cano/cano_all_cleanSmooth_topomap_betaL.png,301.27
cano_all_cleanSmooth_topomap_gamma.png,/kaggle/working/outputs/TESE_pruebas/run_20260902_145353/processed_data/figures/por_sujeto/cano/cano_all_cleanSmooth_topomap_gamma.png,244.46
cano_all_cleanSmooth_topomap_theta.png,/kaggle/working/outputs/TESE_pruebas/run_20260902_145353/processed_data/figures/por_sujeto/cano/cano_all_cleanSmooth_topomap_theta.png,217.03
cano_all_noOutliers_resumen_visual.png,/kaggle/working/outputs/TESE_pruebas/run_20260902_145353/processed_data/figures/por_sujeto/cano/cano_all_noOutliers_resumen_visual.png,665.65
cano_all_noOutliers_scroll_promedio_bandas.png,/kaggle/working/outputs/TESE_pruebas/run_20260902_145353/processed_data/figures/por_sujeto/cano/cano_all_noOutliers_scroll_promedio_bandas.png,485.8
cano_all_noOutliers_spectral_bandpower.png,/kaggle/working/outputs/TESE_pruebas/run_20260902_145353/processed_data/figures/por_sujeto/cano/cano_all_noOutliers_spectral_bandpower.png,97.58
cano_all_noOutliers_topomap_alpha.png,/kaggle/working/outputs/TESE_pruebas/run_20260902_145353/processed_data/figures/por_sujeto/cano/cano_all_noOutliers_topomap_alpha.png,262.45
cano_all_noOutliers_topomap_betaH.png,/kaggle/working/outputs/TESE_pruebas/run_20260902_145353/processed_data/figures/por_sujeto/cano/cano_all_noOutliers_topomap_betaH.png,259.5
cano_all_noOutliers_topomap_betaL.png,/kaggle/working/outputs/TESE_pruebas/run_20260902_145353/processed_data/figures/por_sujeto/cano/cano_all_noOutliers_topomap_betaL.png,250.69
cano_all_noOutliers_topomap_gamma.png,/kaggle/working/outputs/TESE_pruebas/run_20260902_145353/processed_data/figures/por_sujeto/cano/cano_all_noOutliers_topomap_gamma.png,273.28
cano_all_noOutliers_topomap_theta.png,/kaggle/working/outputs/TESE_pruebas/run_20260902_145353/processed_data/figures/por_sujeto/cano/cano_all_noOutliers_topomap_theta.png,244.52
cano_all_sinArtefactosConservador_resumen_visual.png,/kaggle/working/outputs/TESE_pruebas/run_20260902_145353/processed_data/figures/por_sujeto/cano/cano_all_sinArtefactosConservador_resumen_visual.png,700.48
cano_all_sinArtefactosConservador_scroll_promedio_bandas.png,/kaggle/working/outputs/TESE_pruebas/run_20260902_145353/processed_data/figures/por_sujeto/cano/cano_all_sinArtefactosConservador_scroll_promedio_bandas.png,977.67
cano_all_sinArtefactosConservador_spectral_bandpower.png,/kaggle/working/outputs/TESE_pruebas/run_20260902_145353/processed_data/figures/por_sujeto/cano/cano_all_sinArtefactosConservador_spectral_bandpower.png,108.4
cano_all_sinArtefactosConservador_topomap_alpha.png,/kaggle/working/outputs/TESE_pruebas/run_20260902_145353/processed_data/figures/por_sujeto/cano/cano_all_sinArtefactosConservador_topomap_alpha.png,285.8
cano_all_sinArtefactosConservador_topomap_betaH.png,/kaggle/working/outputs/TESE_pruebas/run_20260902_145353/processed_data/figures/por_sujeto/cano/cano_all_sinArtefactosConservador_topomap_betaH.png,283.27
cano_all_sinArtefactosConservador_topomap_betaL.png,/kaggle/working/outputs/TESE_pruebas/run_20260902_145353/processed_data/figures/por_sujeto/cano/cano_all_sinArtefactosConservador_topomap_betaL.png,284.09
cano_all_sinArtefactosConservador_topomap_gamma.png,/kaggle/working/outputs/TESE_pruebas/run_20260902_145353/processed_data/figures/por_sujeto/cano/cano_all_sinArtefactosConservador_topomap_gamma.png,285.86
cano_all_sinArtefactosConservador_topomap_theta.png,/kaggle/working/outputs/TESE_pruebas/run_20260902_145353/processed_data/figures/por_sujeto/cano/cano_all_sinArtefactosConservador_topomap_theta.png,294.0
cano_all_sinArtefactosEstricto_resumen_visual.png,/kaggle/working/outputs/TESE_pruebas/run_20260902_145353/processed_data/figures/por_sujeto/cano/cano_all_sinArtefactosEstricto_resumen_visual.png,703.03
cano_all_sinArtefactosEstricto_scroll_promedio_bandas.png,/kaggle/working/outputs/TESE_pruebas/run_20260902_145353/processed_data/figures/por_sujeto/cano/cano_all_sinArtefactosEstricto_scroll_promedio_bandas.png,835.75
cano_all_sinArtefactosEstricto_spectral_bandpower.png,/kaggle/working/outputs/TESE_pruebas/run_20260902_145353/processed_data/figures/por_sujeto/cano/cano_all_sinArtefactosEstricto_spectral_bandpower.png,103.32
cano_all_sinArtefactosEstricto_topomap_alpha.png,/kaggle/working/outputs/TESE_pruebas/run_20260902_145353/processed_data/figures/por_sujeto/cano/cano_all_sinArtefactosEstricto_topomap_alpha.png,283.07
cano_all_sinArtefactosEstricto_topomap_betaH.png,/kaggle/working/outputs/TESE_pruebas/run_20260902_145353/processed_data/figures/por_sujeto/cano/cano_all_sinArtefactosEstricto_topomap_betaH.png,280.29
cano_all_sinArtefactosEstricto_topomap_betaL.png,/kaggle/working/outputs/TESE_pruebas/run_20260902_145353/processed_data/figures/por_sujeto/cano/cano_all_sinArtefactosEstricto_topomap_betaL.png,273.65
cano_all_sinArtefactosEstricto_topomap_gamma.png,/kaggle/working/outputs/TESE_pruebas/run_20260902_145353/processed_data/figures/por_sujeto/cano/cano_all_sinArtefactosEstricto_topomap_gamma.png,283.87
cano_all_sinArtefactosEstricto_topomap_theta.png,/kaggle/working/outputs/TESE_pruebas/run_20260902_145353/processed_data/figures/por_sujeto/cano/cano_all_sinArtefactosEstricto_topomap_theta.png,296.66
villanueva_all_cleanSmooth_resumen_visual.png,/kaggle/working/outputs/TESE_pruebas/run_20260902_145353/processed_data/figures/por_sujeto/villanueva/villanueva_all_cleanSmooth_resumen_visual.png,610.78
villanueva_all_cleanSmooth_scroll_promedio_bandas.png,/kaggle/working/outputs/TESE_pruebas/run_20260902_145353/processed_data/figures/por_sujeto/villanueva/villanueva_all_cleanSmooth_scroll_promedio_bandas.png,822.27
villanueva_all_cleanSmooth_spectral_bandpower.png,/kaggle/working/outputs/TESE_pruebas/run_20260902_145353/processed_data/figures/por_sujeto/villanueva/villanueva_all_cleanSmooth_spectral_bandpower.png,110.33
villanueva_all_cleanSmooth_topomap_alpha.png,/kaggle/working/outputs/TESE_pruebas/run_20260902_145353/processed_data/figures/por_sujeto/villanueva/villanueva_all_cleanSmooth_topomap_alpha.png,237.21
villanueva_all_cleanSmooth_topomap_betaH.png,/kaggle/working/outputs/TESE_pruebas/run_20260902_145353/processed_data/figures/por_sujeto/villanueva/villanueva_all_cleanSmooth_topomap_betaH.png,237.01
villanueva_all_cleanSmooth_topomap_betaL.png,/kaggle/working/outputs/TESE_pruebas/run_20260902_145353/processed_data/figures/por_sujeto/villanueva/villanueva_all_cleanSmooth_topomap_betaL.png,219.02
villanueva_all_cleanSmooth_topomap_gamma.png,/kaggle/working/outputs/TESE_pruebas/run_20260902_145353/processed_data/figures/por_sujeto/villanueva/villanueva_all_cleanSmooth_topomap_gamma.png,275.25
villanueva_all_cleanSmooth_topomap_theta.png,/kaggle/working/outputs/TESE_pruebas/run_20260902_145353/processed_data/figures/por_sujeto/villanueva/villanueva_all_cleanSmooth_topomap_theta.png,223.37
villanueva_all_noOutliers_resumen_visual.png,/kaggle/working/outputs/TESE_pruebas/run_20260902_145353/processed_data/figures/por_sujeto/villanueva/villanueva_all_noOutliers_resumen_visual.png,589.29
villanueva_all_noOutliers_scroll_promedio_bandas.png,/kaggle/working/outputs/TESE_pruebas/run_20260902_145353/processed_data/figures/por_sujeto/villanueva/villanueva_all_noOutliers_scroll_promedio_bandas.png,926.03
villanueva_all_noOutliers_spectral_bandpower.png,/kaggle/working/outputs/TESE_pruebas/run_20260902_145353/processed_data/figures/por_sujeto/villanueva/villanueva_all_noOutliers_spectral_bandpower.png,95.7
villanueva_all_noOutliers_topomap_alpha.png,/kaggle/working/outputs/TESE_pruebas/run_20260902_145353/processed_data/figures/por_sujeto/villanueva/villanueva_all_noOutliers_topomap_alpha.png,243.28
villanueva_all_noOutliers_topomap_betaH.png,/kaggle/working/outputs/TESE_pruebas/run_20260902_145353/processed_data/figures/por_sujeto/villanueva/villanueva_all_noOutliers_topomap_betaH.png,223.01
villanueva_all_noOutliers_topomap_betaL.png,/kaggle/working/outputs/TESE_pruebas/run_20260902_145353/processed_data/figures/por_sujeto/villanueva/villanueva_all_noOutliers_topomap_betaL.png,214.03
villanueva_all_noOutliers_topomap_gamma.png,/kaggle/working/outputs/TESE_pruebas/run_20260902_145353/processed_data/figures/por_sujeto/villanueva/villanueva_all_noOutliers_topomap_gamma.png,234.37
villanueva_all_noOutliers_topomap_theta.png,/kaggle/working/outputs/TESE_pruebas/run_20260902_145353/processed_data/figures/por_sujeto/villanueva/villanueva_all_noOutliers_topomap_theta.png,247.59
villanueva_all_sinArtefactosConservador_resumen_visual.png,/kaggle/working/outputs/TESE_pruebas/run_20260902_145353/processed_data/figures/por_sujeto/villanueva/villanueva_all_sinArtefactosConservador_resumen_visual.png,609.91
villanueva_all_sinArtefactosConservador_scroll_promedio_bandas.png,/kaggle/working/outputs/TESE_pruebas/run_20260902_145353/processed_data/figures/por_sujeto/villanueva/villanueva_all_sinArtefactosConservador_scroll_promedio_bandas.png,927.98
villanueva_all_sinArtefactosConservador_spectral_bandpower.png,/kaggle/working/outputs/TESE_pruebas/run_20260902_145353/processed_data/figures/por_sujeto/villanueva/villanueva_all_sinArtefactosConservador_spectral_bandpower.png,97.3
villanueva_all_sinArtefactosConservador_topomap_alpha.png,/kaggle/working/outputs/TESE_pruebas/run_20260902_145353/processed_data/figures/por_sujeto/villanueva/villanueva_all_sinArtefactosConservador_topomap_alpha.png,241.24
villanueva_all_sinArtefactosConservador_topomap_betaH.png,/kaggle/working/outputs/TESE_pruebas/run_20260902_145353/processed_data/figures/por_sujeto/villanueva/villanueva_all_sinArtefactosConservador_topomap_betaH.png,228.71
villanueva_all_sinArtefactosConservador_topomap_betaL.png,/kaggle/working/outputs/TESE_pruebas/run_20260902_145353/processed_data/figures/por_sujeto/villanueva/villanueva_all_sinArtefactosConservador_topomap_betaL.png,216.93
villanueva_all_sinArtefactosConservador_topomap_gamma.png,/kaggle/working/outputs/TESE_pruebas/run_20260902_145353/processed_data/figures/por_sujeto/villanueva/villanueva_all_sinArtefactosConservador_topomap_gamma.png,240.13
villanueva_all_sinArtefactosConservador_topomap_theta.png,/kaggle/working/outputs/TESE_pruebas/run_20260902_145353/processed_data/figures/por_sujeto/villanueva/villanueva_all_sinArtefactosConservador_topomap_theta.png,255.54
villanueva_all_sinArtefactosEstricto_resumen_visual.png,/kaggle/working/outputs/TESE_pruebas/run_20260902_145353/processed_data/figures/por_sujeto/villanueva/villanueva_all_sinArtefactosEstricto_resumen_visual.png,601.61
villanueva_all_sinArtefactosEstricto_scroll_promedio_bandas.png,/kaggle/working/outputs/TESE_pruebas/run_20260902_145353/processed_data/figures/por_sujeto/villanueva/villanueva_all_sinArtefactosEstricto_scroll_promedio_bandas.png,857.12
villanueva_all_sinArtefactosEstricto_spectral_bandpower.png,/kaggle/working/outputs/TESE_pruebas/run_20260902_145353/processed_data/figures/por_sujeto/villanueva/villanueva_all_sinArtefactosEstricto_spectral_bandpower.png,103.81
villanueva_all_sinArtefactosEstricto_topomap_alpha.png,/kaggle/working/outputs/TESE_pruebas/run_20260902_145353/processed_data/figures/por_sujeto/villanueva/villanueva_all_sinArtefactosEstricto_topomap_alpha.png,236.23
villanueva_all_sinArtefactosEstricto_topomap_betaH.png,/kaggle/working/outputs/TESE_pruebas/run_20260902_145353/processed_data/figures/por_sujeto/villanueva/villanueva_all_sinArtefactosEstricto_topomap_betaH.png,214.47
villanueva_all_sinArtefactosEstricto_topomap_betaL.png,/kaggle/working/outputs/TESE_pruebas/run_20260902_145353/processed_data/figures/por_sujeto/villanueva/villanueva_all_sinArtefactosEstricto_topomap_betaL.png,204.26
villanueva_all_sinArtefactosEstricto_topomap_gamma.png,/kaggle/working/outputs/TESE_pruebas/run_20260902_145353/processed_data/figures/por_sujeto/villanueva/villanueva_all_sinArtefactosEstricto_topomap_gamma.png,242.76
villanueva_all_sinArtefactosEstricto_topomap_theta.png,/kaggle/working/outputs/TESE_pruebas/run_20260902_145353/processed_data/figures/por_sujeto/villanueva/villanueva_all_sinArtefactosEstricto_topomap_theta.png,249.47
reporte_figuras_generadas.csv,/kaggle/working/outputs/TESE_pruebas/run_20260902_145353/processed_data/figures/reporte_figuras_generadas.csv,232.1
211260561_all_cleanSmooth_resumen_visual.png,/kaggle/working/outputs/TESE_pruebas/run_20260902_145353/processed_data/figures/resumen/211260561_all_cleanSmooth_resumen_visual.png,630.66
211260561_all_noOutliers_resumen_visual.png,/kaggle/working/outputs/TESE_pruebas/run_20260902_145353/processed_data/figures/resumen/211260561_all_noOutliers_resumen_visual.png,588.12
211260561_all_sinArtefactosConservador_resumen_visual.png,/kaggle/working/outputs/TESE_pruebas/run_20260902_145353/processed_data/figures/resumen/211260561_all_sinArtefactosConservador_resumen_visual.png,566.92
211260561_all_sinArtefactosEstricto_resumen_visual.png,/kaggle/working/outputs/TESE_pruebas/run_20260902_145353/processed_data/figures/resumen/211260561_all_sinArtefactosEstricto_resumen_visual.png,560.2
212260563_all_cleanSmooth_resumen_visual.png,/kaggle/working/outputs/TESE_pruebas/run_20260902_145353/processed_data/figures/resumen/212260563_all_cleanSmooth_resumen_visual.png,585.59
212260563_all_noOutliers_resumen_visual.png,/kaggle/working/outputs/TESE_pruebas/run_20260902_145353/processed_data/figures/resumen/212260563_all_noOutliers_resumen_visual.png,661.66
212260563_all_sinArtefactosConservador_resumen_visual.png,/kaggle/working/outputs/TESE_pruebas/run_20260902_145353/processed_data/figures/resumen/212260563_all_sinArtefactosConservador_resumen_visual.png,676.12
212260563_all_sinArtefactosEstricto_resumen_visual.png,/kaggle/working/outputs/TESE_pruebas/run_20260902_145353/processed_data/figures/resumen/212260563_all_sinArtefactosEstricto_resumen_visual.png,664.45
212260567_all_cleanSmooth_resumen_visual.png,/kaggle/working/outputs/TESE_pruebas/run_20260902_145353/processed_data/figures/resumen/212260567_all_cleanSmooth_resumen_visual.png,652.19
212260567_all_noOutliers_resumen_visual.png,/kaggle/working/outputs/TESE_pruebas/run_20260902_145353/processed_data/figures/resumen/212260567_all_noOutliers_resumen_visual.png,441.67
212260567_all_sinArtefactosConservador_resumen_visual.png,/kaggle/working/outputs/TESE_pruebas/run_20260902_145353/processed_data/figures/resumen/212260567_all_sinArtefactosConservador_resumen_visual.png,459.93
212260567_all_sinArtefactosEstricto_resumen_visual.png,/kaggle/working/outputs/TESE_pruebas/run_20260902_145353/processed_data/figures/resumen/212260567_all_sinArtefactosEstricto_resumen_visual.png,449.19
212260569_all_cleanSmooth_resumen_visual.png,/kaggle/working/outputs/TESE_pruebas/run_20260902_145353/processed_data/figures/resumen/212260569_all_cleanSmooth_resumen_visual.png,569.86
212260569_all_noOutliers_resumen_visual.png,/kaggle/working/outputs/TESE_pruebas/run_20260902_145353/processed_data/figures/resumen/212260569_all_noOutliers_resumen_visual.png,610.96
212260569_all_sinArtefactosConservador_resumen_visual.png,/kaggle/working/outputs/TESE_pruebas/run_20260902_145353/processed_data/figures/resumen/212260569_all_sinArtefactosConservador_resumen_visual.png,630.4
212260569_all_sinArtefactosEstricto_resumen_visual.png,/kaggle/working/outputs/TESE_pruebas/run_20260902_145353/processed_data/figures/resumen/212260569_all_sinArtefactosEstricto_resumen_visual.png,629.09
212260666_all_cleanSmooth_resumen_visual.png,/kaggle/working/outputs/TESE_pruebas/run_20260902_145353/processed_data/figures/resumen/212260666_all_cleanSmooth_resumen_visual.png,721.08
212260666_all_noOutliers_resumen_visual.png,/kaggle/working/outputs/TESE_pruebas/run_20260902_145353/processed_data/figures/resumen/212260666_all_noOutliers_resumen_visual.png,575.15
212260666_all_sinArtefactosConservador_resumen_visual.png,/kaggle/working/outputs/TESE_pruebas/run_20260902_145353/processed_data/figures/resumen/212260666_all_sinArtefactosConservador_resumen_visual.png,569.83
212260666_all_sinArtefactosEstricto_resumen_visual.png,/kaggle/working/outputs/TESE_pruebas/run_20260902_145353/processed_data/figures/resumen/212260666_all_sinArtefactosEstricto_resumen_visual.png,600.12
212260668_all_cleanSmooth_resumen_visual.png,/kaggle/working/outputs/TESE_pruebas/run_20260902_145353/processed_data/figures/resumen/212260668_all_cleanSmooth_resumen_visual.png,513.91
212260668_all_noOutliers_resumen_visual.png,/kaggle/working/outputs/TESE_pruebas/run_20260902_145353/processed_data/figures/resumen/212260668_all_noOutliers_resumen_visual.png,620.67
212260668_all_sinArtefactosConservador_resumen_visual.png,/kaggle/working/outputs/TESE_pruebas/run_20260902_145353/processed_data/figures/resumen/212260668_all_sinArtefactosConservador_resumen_visual.png,631.86
212260668_all_sinArtefactosEstricto_resumen_visual.png,/kaggle/working/outputs/TESE_pruebas/run_20260902_145353/processed_data/figures/resumen/212260668_all_sinArtefactosEstricto_resumen_visual.png,618.89
212260672_all_cleanSmooth_resumen_visual.png,/kaggle/working/outputs/TESE_pruebas/run_20260902_145353/processed_data/figures/resumen/212260672_all_cleanSmooth_resumen_visual.png,749.89
212260672_all_noOutliers_resumen_visual.png,/kaggle/working/outputs/TESE_pruebas/run_20260902_145353/processed_data/figures/resumen/212260672_all_noOutliers_resumen_visual.png,507.66
212260672_all_sinArtefactosConservador_resumen_visual.png,/kaggle/working/outputs/TESE_pruebas/run_20260902_145353/processed_data/figures/resumen/212260672_all_sinArtefactosConservador_resumen_visual.png,626.58
212260672_all_sinArtefactosEstricto_resumen_visual.png,/kaggle/working/outputs/TESE_pruebas/run_20260902_145353/processed_data/figures/resumen/212260672_all_sinArtefactosEstricto_resumen_visual.png,620.0
222260671_all_cleanSmooth_resumen_visual.png,/kaggle/working/outputs/TESE_pruebas/run_20260902_145353/processed_data/figures/resumen/222260671_all_cleanSmooth_resumen_visual.png,686.4
222260671_all_noOutliers_resumen_visual.png,/kaggle/working/outputs/TESE_pruebas/run_20260902_145353/processed_data/figures/resumen/222260671_all_noOutliers_resumen_visual.png,638.13
222260671_all_sinArtefactosConservador_resumen_visual.png,/kaggle/working/outputs/TESE_pruebas/run_20260902_145353/processed_data/figures/resumen/222260671_all_sinArtefactosConservador_resumen_visual.png,635.13
222260671_all_sinArtefactosEstricto_resumen_visual.png,/kaggle/working/outputs/TESE_pruebas/run_20260902_145353/processed_data/figures/resumen/222260671_all_sinArtefactosEstricto_resumen_visual.png,625.99
22260552_all_cleanSmooth_resumen_visual.png,/kaggle/working/outputs/TESE_pruebas/run_20260902_145353/processed_data/figures/resumen/22260552_all_cleanSmooth_resumen_visual.png,647.67
22260552_all_noOutliers_resumen_visual.png,/kaggle/working/outputs/TESE_pruebas/run_20260902_145353/processed_data/figures/resumen/22260552_all_noOutliers_resumen_visual.png,565.54
22260552_all_sinArtefactosConservador_resumen_visual.png,/kaggle/working/outputs/TESE_pruebas/run_20260902_145353/processed_data/figures/resumen/22260552_all_sinArtefactosConservador_resumen_visual.png,596.76
22260552_all_sinArtefactosEstricto_resumen_visual.png,/kaggle/working/outputs/TESE_pruebas/run_20260902_145353/processed_data/figures/resumen/22260552_all_sinArtefactosEstricto_resumen_visual.png,564.87
231260558_all_cleanSmooth_resumen_visual.png,/kaggle/working/outputs/TESE_pruebas/run_20260902_145353/processed_data/figures/resumen/231260558_all_cleanSmooth_resumen_visual.png,649.13
231260558_all_noOutliers_resumen_visual.png,/kaggle/working/outputs/TESE_pruebas/run_20260902_145353/processed_data/figures/resumen/231260558_all_noOutliers_resumen_visual.png,555.66
231260558_all_sinArtefactosConservador_resumen_visual.png,/kaggle/working/outputs/TESE_pruebas/run_20260902_145353/processed_data/figures/resumen/231260558_all_sinArtefactosConservador_resumen_visual.png,576.56
231260558_all_sinArtefactosEstricto_resumen_visual.png,/kaggle/working/outputs/TESE_pruebas/run_20260902_145353/processed_data/figures/resumen/231260558_all_sinArtefactosEstricto_resumen_visual.png,577.17
252260554_all_cleanSmooth_resumen_visual.png,/kaggle/working/outputs/TESE_pruebas/run_20260902_145353/processed_data/figures/resumen/252260554_all_cleanSmooth_resumen_visual.png,738.07
252260554_all_noOutliers_resumen_visual.png,/kaggle/working/outputs/TESE_pruebas/run_20260902_145353/processed_data/figures/resumen/252260554_all_noOutliers_resumen_visual.png,599.02
252260554_all_sinArtefactosConservador_resumen_visual.png,/kaggle/working/outputs/TESE_pruebas/run_20260902_145353/processed_data/figures/resumen/252260554_all_sinArtefactosConservador_resumen_visual.png,589.1
252260554_all_sinArtefactosEstricto_resumen_visual.png,/kaggle/working/outputs/TESE_pruebas/run_20260902_145353/processed_data/figures/resumen/252260554_all_sinArtefactosEstricto_resumen_visual.png,629.72
252260556_all_cleanSmooth_resumen_visual.png,/kaggle/working/outputs/TESE_pruebas/run_20260902_145353/processed_data/figures/resumen/252260556_all_cleanSmooth_resumen_visual.png,623.26
252260556_all_noOutliers_resumen_visual.png,/kaggle/working/outputs/TESE_pruebas/run_20260902_145353/processed_data/figures/resumen/252260556_all_noOutliers_resumen_visual.png,595.2
252260556_all_sinArtefactosConservador_resumen_visual.png,/kaggle/working/outputs/TESE_pruebas/run_20260902_145353/processed_data/figures/resumen/252260556_all_sinArtefactosConservador_resumen_visual.png,605.62
252260556_all_sinArtefactosEstricto_resumen_visual.png,/kaggle/working/outputs/TESE_pruebas/run_20260902_145353/processed_data/figures/resumen/252260556_all_sinArtefactosEstricto_resumen_visual.png,605.46
252260670_all_cleanSmooth_resumen_visual.png,/kaggle/working/outputs/TESE_pruebas/run_20260902_145353/processed_data/figures/resumen/252260670_all_cleanSmooth_resumen_visual.png,736.71
252260670_all_noOutliers_resumen_visual.png,/kaggle/working/outputs/TESE_pruebas/run_20260902_145353/processed_data/figures/resumen/252260670_all_noOutliers_resumen_visual.png,581.73
252260670_all_sinArtefactosConservador_resumen_visual.png,/kaggle/working/outputs/TESE_pruebas/run_20260902_145353/processed_data/figures/resumen/252260670_all_sinArtefactosConservador_resumen_visual.png,595.74
252260670_all_sinArtefactosEstricto_resumen_visual.png,/kaggle/working/outputs/TESE_pruebas/run_20260902_145353/processed_data/figures/resumen/252260670_all_sinArtefactosEstricto_resumen_visual.png,601.9
cano_all_cleanSmooth_resumen_visual.png,/kaggle/working/outputs/TESE_pruebas/run_20260902_145353/processed_data/figures/resumen/cano_all_cleanSmooth_resumen_visual.png,649.22
cano_all_noOutliers_resumen_visual.png,/kaggle/working/outputs/TESE_pruebas/run_20260902_145353/processed_data/figures/resumen/cano_all_noOutliers_resumen_visual.png,665.65
cano_all_sinArtefactosConservador_resumen_visual.png,/kaggle/working/outputs/TESE_pruebas/run_20260902_145353/processed_data/figures/resumen/cano_all_sinArtefactosConservador_resumen_visual.png,700.48
cano_all_sinArtefactosEstricto_resumen_visual.png,/kaggle/working/outputs/TESE_pruebas/run_20260902_145353/processed_data/figures/resumen/cano_all_sinArtefactosEstricto_resumen_visual.png,703.03
villanueva_all_cleanSmooth_resumen_visual.png,/kaggle/working/outputs/TESE_pruebas/run_20260902_145353/processed_data/figures/resumen/villanueva_all_cleanSmooth_resumen_visual.png,610.78
villanueva_all_noOutliers_resumen_visual.png,/kaggle/working/outputs/TESE_pruebas/run_20260902_145353/processed_data/figures/resumen/villanueva_all_noOutliers_resumen_visual.png,589.29
villanueva_all_sinArtefactosConservador_resumen_visual.png,/kaggle/working/outputs/TESE_pruebas/run_20260902_145353/processed_data/figures/resumen/villanueva_all_sinArtefactosConservador_resumen_visual.png,609.91
villanueva_all_sinArtefactosEstricto_resumen_visual.png,/kaggle/working/outputs/TESE_pruebas/run_20260902_145353/processed_data/figures/resumen/villanueva_all_sinArtefactosEstricto_resumen_visual.png,601.61
211260561_all_cleanSmooth_scroll_promedio_bandas.png,/kaggle/working/outputs/TESE_pruebas/run_20260902_145353/processed_data/figures/scroll/211260561_all_cleanSmooth_scroll_promedio_bandas.png,663.74
211260561_all_noOutliers_scroll_promedio_bandas.png,/kaggle/working/outputs/TESE_pruebas/run_20260902_145353/processed_data/figures/scroll/211260561_all_noOutliers_scroll_promedio_bandas.png,238.86
211260561_all_sinArtefactosConservador_scroll_promedio_bandas.png,/kaggle/working/outputs/TESE_pruebas/run_20260902_145353/processed_data/figures/scroll/211260561_all_sinArtefactosConservador_scroll_promedio_bandas.png,728.25
211260561_all_sinArtefactosEstricto_scroll_promedio_bandas.png,/kaggle/working/outputs/TESE_pruebas/run_20260902_145353/processed_data/figures/scroll/211260561_all_sinArtefactosEstricto_scroll_promedio_bandas.png,630.3
212260563_all_cleanSmooth_scroll_promedio_bandas.png,/kaggle/working/outputs/TESE_pruebas/run_20260902_145353/processed_data/figures/scroll/212260563_all_cleanSmooth_scroll_promedio_bandas.png,344.31
212260563_all_noOutliers_scroll_promedio_bandas.png,/kaggle/working/outputs/TESE_pruebas/run_20260902_145353/processed_data/figures/scroll/212260563_all_noOutliers_scroll_promedio_bandas.png,368.74
212260563_all_sinArtefactosConservador_scroll_promedio_bandas.png,/kaggle/working/outputs/TESE_pruebas/run_20260902_145353/processed_data/figures/scroll/212260563_all_sinArtefactosConservador_scroll_promedio_bandas.png,389.12
212260563_all_sinArtefactosEstricto_scroll_promedio_bandas.png,/kaggle/working/outputs/TESE_pruebas/run_20260902_145353/processed_data/figures/scroll/212260563_all_sinArtefactosEstricto_scroll_promedio_bandas.png,301.16
212260567_all_cleanSmooth_scroll_promedio_bandas.png,/kaggle/working/outputs/TESE_pruebas/run_20260902_145353/processed_data/figures/scroll/212260567_all_cleanSmooth_scroll_promedio_bandas.png,401.2
212260567_all_noOutliers_scroll_promedio_bandas.png,/kaggle/working/outputs/TESE_pruebas/run_20260902_145353/processed_data/figures/scroll/212260567_all_noOutliers_scroll_promedio_bandas.png,314.96
212260567_all_sinArtefactosConservador_scroll_promedio_bandas.png,/kaggle/working/outputs/TESE_pruebas/run_20260902_145353/processed_data/figures/scroll/212260567_all_sinArtefactosConservador_scroll_promedio_bandas.png,286.54
212260567_all_sinArtefactosEstricto_scroll_promedio_bandas.png,/kaggle/working/outputs/TESE_pruebas/run_20260902_145353/processed_data/figures/scroll/212260567_all_sinArtefactosEstricto_scroll_promedio_bandas.png,204.81
212260569_all_cleanSmooth_scroll_promedio_bandas.png,/kaggle/working/outputs/TESE_pruebas/run_20260902_145353/processed_data/figures/scroll/212260569_all_cleanSmooth_scroll_promedio_bandas.png,476.6
212260569_all_noOutliers_scroll_promedio_bandas.png,/kaggle/working/outputs/TESE_pruebas/run_20260902_145353/processed_data/figures/scroll/212260569_all_noOutliers_scroll_promedio_bandas.png,408.71
212260569_all_sinArtefactosConservador_scroll_promedio_bandas.png,/kaggle/working/outputs/TESE_pruebas/run_20260902_145353/processed_data/figures/scroll/212260569_all_sinArtefactosConservador_scroll_promedio_bandas.png,424.45
212260569_all_sinArtefactosEstricto_scroll_promedio_bandas.png,/kaggle/working/outputs/TESE_pruebas/run_20260902_145353/processed_data/figures/scroll/212260569_all_sinArtefactosEstricto_scroll_promedio_bandas.png,344.56
212260666_all_cleanSmooth_scroll_promedio_bandas.png,/kaggle/working/outputs/TESE_pruebas/run_20260902_145353/processed_data/figures/scroll/212260666_all_cleanSmooth_scroll_promedio_bandas.png,450.71
212260666_all_noOutliers_scroll_promedio_bandas.png,/kaggle/working/outputs/TESE_pruebas/run_20260902_145353/processed_data/figures/scroll/212260666_all_noOutliers_scroll_promedio_bandas.png,537.19
212260666_all_sinArtefactosConservador_scroll_promedio_bandas.png,/kaggle/working/outputs/TESE_pruebas/run_20260902_145353/processed_data/figures/scroll/212260666_all_sinArtefactosConservador_scroll_promedio_bandas.png,447.27
212260666_all_sinArtefactosEstricto_scroll_promedio_bandas.png,/kaggle/working/outputs/TESE_pruebas/run_20260902_145353/processed_data/figures/scroll/212260666_all_sinArtefactosEstricto_scroll_promedio_bandas.png,379.62
212260668_all_cleanSmooth_scroll_promedio_bandas.png,/kaggle/working/outputs/TESE_pruebas/run_20260902_145353/processed_data/figures/scroll/212260668_all_cleanSmooth_scroll_promedio_bandas.png,384.04
212260668_all_noOutliers_scroll_promedio_bandas.png,/kaggle/working/outputs/TESE_pruebas/run_20260902_145353/processed_data/figures/scroll/212260668_all_noOutliers_scroll_promedio_bandas.png,429.92
212260668_all_sinArtefactosConservador_scroll_promedio_bandas.png,/kaggle/working/outputs/TESE_pruebas/run_20260902_145353/processed_data/figures/scroll/212260668_all_sinArtefactosConservador_scroll_promedio_bandas.png,387.01
212260668_all_sinArtefactosEstricto_scroll_promedio_bandas.png,/kaggle/working/outputs/TESE_pruebas/run_20260902_145353/processed_data/figures/scroll/212260668_all_sinArtefactosEstricto_scroll_promedio_bandas.png,349.84
212260672_all_cleanSmooth_scroll_promedio_bandas.png,/kaggle/working/outputs/TESE_pruebas/run_20260902_145353/processed_data/figures/scroll/212260672_all_cleanSmooth_scroll_promedio_bandas.png,370.24
212260672_all_noOutliers_scroll_promedio_bandas.png,/kaggle/working/outputs/TESE_pruebas/run_20260902_145353/processed_data/figures/scroll/212260672_all_noOutliers_scroll_promedio_bandas.png,390.72
212260672_all_sinArtefactosConservador_scroll_promedio_bandas.png,/kaggle/working/outputs/TESE_pruebas/run_20260902_145353/processed_data/figures/scroll/212260672_all_sinArtefactosConservador_scroll_promedio_bandas.png,404.94
212260672_all_sinArtefactosEstricto_scroll_promedio_bandas.png,/kaggle/working/outputs/TESE_pruebas/run_20260902_145353/processed_data/figures/scroll/212260672_all_sinArtefactosEstricto_scroll_promedio_bandas.png,327.92
222260671_all_cleanSmooth_scroll_promedio_bandas.png,/kaggle/working/outputs/TESE_pruebas/run_20260902_145353/processed_data/figures/scroll/222260671_all_cleanSmooth_scroll_promedio_bandas.png,435.48
222260671_all_noOutliers_scroll_promedio_bandas.png,/kaggle/working/outputs/TESE_pruebas/run_20260902_145353/processed_data/figures/scroll/222260671_all_noOutliers_scroll_promedio_bandas.png,246.9
222260671_all_sinArtefactosConservador_scroll_promedio_bandas.png,/kaggle/working/outputs/TESE_pruebas/run_20260902_145353/processed_data/figures/scroll/222260671_all_sinArtefactosConservador_scroll_promedio_bandas.png,401.36
222260671_all_sinArtefactosEstricto_scroll_promedio_bandas.png,/kaggle/working/outputs/TESE_pruebas/run_20260902_145353/processed_data/figures/scroll/222260671_all_sinArtefactosEstricto_scroll_promedio_bandas.png,333.66
22260552_all_cleanSmooth_scroll_promedio_bandas.png,/kaggle/working/outputs/TESE_pruebas/run_20260902_145353/processed_data/figures/scroll/22260552_all_cleanSmooth_scroll_promedio_bandas.png,724.89
22260552_all_noOutliers_scroll_promedio_bandas.png,/kaggle/working/outputs/TESE_pruebas/run_20260902_145353/processed_data/figures/scroll/22260552_all_noOutliers_scroll_promedio_bandas.png,614.2
22260552_all_sinArtefactosConservador_scroll_promedio_bandas.png,/kaggle/working/outputs/TESE_pruebas/run_20260902_145353/processed_data/figures/scroll/22260552_all_sinArtefactosConservador_scroll_promedio_bandas.png,796.55
22260552_all_sinArtefactosEstricto_scroll_promedio_bandas.png,/kaggle/working/outputs/TESE_pruebas/run_20260902_145353/processed_data/figures/scroll/22260552_all_sinArtefactosEstricto_scroll_promedio_bandas.png,575.67
231260558_all_cleanSmooth_scroll_promedio_bandas.png,/kaggle/working/outputs/TESE_pruebas/run_20260902_145353/processed_data/figures/scroll/231260558_all_cleanSmooth_scroll_promedio_bandas.png,840.36
231260558_all_noOutliers_scroll_promedio_bandas.png,/kaggle/working/outputs/TESE_pruebas/run_20260902_145353/processed_data/figures/scroll/231260558_all_noOutliers_scroll_promedio_bandas.png,635.46
231260558_all_sinArtefactosConservador_scroll_promedio_bandas.png,/kaggle/working/outputs/TESE_pruebas/run_20260902_145353/processed_data/figures/scroll/231260558_all_sinArtefactosConservador_scroll_promedio_bandas.png,957.86
231260558_all_sinArtefactosEstricto_scroll_promedio_bandas.png,/kaggle/working/outputs/TESE_pruebas/run_20260902_145353/processed_data/figures/scroll/231260558_all_sinArtefactosEstricto_scroll_promedio_bandas.png,829.77
252260554_all_cleanSmooth_scroll_promedio_bandas.png,/kaggle/working/outputs/TESE_pruebas/run_20260902_145353/processed_data/figures/scroll/252260554_all_cleanSmooth_scroll_promedio_bandas.png,748.45
252260554_all_noOutliers_scroll_promedio_bandas.png,/kaggle/working/outputs/TESE_pruebas/run_20260902_145353/processed_data/figures/scroll/252260554_all_noOutliers_scroll_promedio_bandas.png,743.96
252260554_all_sinArtefactosConservador_scroll_promedio_bandas.png,/kaggle/working/outputs/TESE_pruebas/run_20260902_145353/processed_data/figures/scroll/252260554_all_sinArtefactosConservador_scroll_promedio_bandas.png,648.72
252260554_all_sinArtefactosEstricto_scroll_promedio_bandas.png,/kaggle/working/outputs/TESE_pruebas/run_20260902_145353/processed_data/figures/scroll/252260554_all_sinArtefactosEstricto_scroll_promedio_bandas.png,676.78
252260556_all_cleanSmooth_scroll_promedio_bandas.png,/kaggle/working/outputs/TESE_pruebas/run_20260902_145353/processed_data/figures/scroll/252260556_all_cleanSmooth_scroll_promedio_bandas.png,838.19
252260556_all_noOutliers_scroll_promedio_bandas.png,/kaggle/working/outputs/TESE_pruebas/run_20260902_145353/processed_data/figures/scroll/252260556_all_noOutliers_scroll_promedio_bandas.png,805.15
252260556_all_sinArtefactosConservador_scroll_promedio_bandas.png,/kaggle/working/outputs/TESE_pruebas/run_20260902_145353/processed_data/figures/scroll/252260556_all_sinArtefactosConservador_scroll_promedio_bandas.png,899.56
252260556_all_sinArtefactosEstricto_scroll_promedio_bandas.png,/kaggle/working/outputs/TESE_pruebas/run_20260902_145353/processed_data/figures/scroll/252260556_all_sinArtefactosEstricto_scroll_promedio_bandas.png,835.1
252260670_all_cleanSmooth_scroll_promedio_bandas.png,/kaggle/working/outputs/TESE_pruebas/run_20260902_145353/processed_data/figures/scroll/252260670_all_cleanSmooth_scroll_promedio_bandas.png,395.56
252260670_all_noOutliers_scroll_promedio_bandas.png,/kaggle/working/outputs/TESE_pruebas/run_20260902_145353/processed_data/figures/scroll/252260670_all_noOutliers_scroll_promedio_bandas.png,475.44
252260670_all_sinArtefactosConservador_scroll_promedio_bandas.png,/kaggle/working/outputs/TESE_pruebas/run_20260902_145353/processed_data/figures/scroll/252260670_all_sinArtefactosConservador_scroll_promedio_bandas.png,364.42
252260670_all_sinArtefactosEstricto_scroll_promedio_bandas.png,/kaggle/working/outputs/TESE_pruebas/run_20260902_145353/processed_data/figures/scroll/252260670_all_sinArtefactosEstricto_scroll_promedio_bandas.png,328.48
cano_all_cleanSmooth_scroll_promedio_bandas.png,/kaggle/working/outputs/TESE_pruebas/run_20260902_145353/processed_data/figures/scroll/cano_all_cleanSmooth_scroll_promedio_bandas.png,451.96
cano_all_noOutliers_scroll_promedio_bandas.png,/kaggle/working/outputs/TESE_pruebas/run_20260902_145353/processed_data/figures/scroll/cano_all_noOutliers_scroll_promedio_bandas.png,485.8
cano_all_sinArtefactosConservador_scroll_promedio_bandas.png,/kaggle/working/outputs/TESE_pruebas/run_20260902_145353/processed_data/figures/scroll/cano_all_sinArtefactosConservador_scroll_promedio_bandas.png,977.67
cano_all_sinArtefactosEstricto_scroll_promedio_bandas.png,/kaggle/working/outputs/TESE_pruebas/run_20260902_145353/processed_data/figures/scroll/cano_all_sinArtefactosEstricto_scroll_promedio_bandas.png,835.75
villanueva_all_cleanSmooth_scroll_promedio_bandas.png,/kaggle/working/outputs/TESE_pruebas/run_20260902_145353/processed_data/figures/scroll/villanueva_all_cleanSmooth_scroll_promedio_bandas.png,822.27
villanueva_all_noOutliers_scroll_promedio_bandas.png,/kaggle/working/outputs/TESE_pruebas/run_20260902_145353/processed_data/figures/scroll/villanueva_all_noOutliers_scroll_promedio_bandas.png,926.03
villanueva_all_sinArtefactosConservador_scroll_promedio_bandas.png,/kaggle/working/outputs/TESE_pruebas/run_20260902_145353/processed_data/figures/scroll/villanueva_all_sinArtefactosConservador_scroll_promedio_bandas.png,927.98
villanueva_all_sinArtefactosEstricto_scroll_promedio_bandas.png,/kaggle/working/outputs/TESE_pruebas/run_20260902_145353/processed_data/figures/scroll/villanueva_all_sinArtefactosEstricto_scroll_promedio_bandas.png,857.12
211260561_all_cleanSmooth_spectral_bandpower.png,/kaggle/working/outputs/TESE_pruebas/run_20260902_145353/processed_data/figures/spectral/211260561_all_cleanSmooth_spectral_bandpower.png,112.49
211260561_all_noOutliers_spectral_bandpower.png,/kaggle/working/outputs/TESE_pruebas/run_20260902_145353/processed_data/figures/spectral/211260561_all_noOutliers_spectral_bandpower.png,94.65
211260561_all_sinArtefactosConservador_spectral_bandpower.png,/kaggle/working/outputs/TESE_pruebas/run_20260902_145353/processed_data/figures/spectral/211260561_all_sinArtefactosConservador_spectral_bandpower.png,100.3
211260561_all_sinArtefactosEstricto_spectral_bandpower.png,/kaggle/working/outputs/TESE_pruebas/run_20260902_145353/processed_data/figures/spectral/211260561_all_sinArtefactosEstricto_spectral_bandpower.png,96.96
212260563_all_cleanSmooth_spectral_bandpower.png,/kaggle/working/outputs/TESE_pruebas/run_20260902_145353/processed_data/figures/spectral/212260563_all_cleanSmooth_spectral_bandpower.png,115.67
212260563_all_noOutliers_spectral_bandpower.png,/kaggle/working/outputs/TESE_pruebas/run_20260902_145353/processed_data/figures/spectral/212260563_all_noOutliers_spectral_bandpower.png,99.56
212260563_all_sinArtefactosConservador_spectral_bandpower.png,/kaggle/working/outputs/TESE_pruebas/run_20260902_145353/processed_data/figures/spectral/212260563_all_sinArtefactosConservador_spectral_bandpower.png,98.62
212260563_all_sinArtefactosEstricto_spectral_bandpower.png,/kaggle/working/outputs/TESE_pruebas/run_20260902_145353/processed_data/figures/spectral/212260563_all_sinArtefactosEstricto_spectral_bandpower.png,96.92
212260567_all_cleanSmooth_spectral_bandpower.png,/kaggle/working/outputs/TESE_pruebas/run_20260902_145353/processed_data/figures/spectral/212260567_all_cleanSmooth_spectral_bandpower.png,115.3
212260567_all_noOutliers_spectral_bandpower.png,/kaggle/working/outputs/TESE_pruebas/run_20260902_145353/processed_data/figures/spectral/212260567_all_noOutliers_spectral_bandpower.png,101.97
212260567_all_sinArtefactosConservador_spectral_bandpower.png,/kaggle/working/outputs/TESE_pruebas/run_20260902_145353/processed_data/figures/spectral/212260567_all_sinArtefactosConservador_spectral_bandpower.png,101.18
212260567_all_sinArtefactosEstricto_spectral_bandpower.png,/kaggle/working/outputs/TESE_pruebas/run_20260902_145353/processed_data/figures/spectral/212260567_all_sinArtefactosEstricto_spectral_bandpower.png,95.24
212260569_all_cleanSmooth_spectral_bandpower.png,/kaggle/working/outputs/TESE_pruebas/run_20260902_145353/processed_data/figures/spectral/212260569_all_cleanSmooth_spectral_bandpower.png,118.96
212260569_all_noOutliers_spectral_bandpower.png,/kaggle/working/outputs/TESE_pruebas/run_20260902_145353/processed_data/figures/spectral/212260569_all_noOutliers_spectral_bandpower.png,100.89
212260569_all_sinArtefactosConservador_spectral_bandpower.png,/kaggle/working/outputs/TESE_pruebas/run_20260902_145353/processed_data/figures/spectral/212260569_all_sinArtefactosConservador_spectral_bandpower.png,103.43
212260569_all_sinArtefactosEstricto_spectral_bandpower.png,/kaggle/working/outputs/TESE_pruebas/run_20260902_145353/processed_data/figures/spectral/212260569_all_sinArtefactosEstricto_spectral_bandpower.png,97.83
212260666_all_cleanSmooth_spectral_bandpower.png,/kaggle/working/outputs/TESE_pruebas/run_20260902_145353/processed_data/figures/spectral/212260666_all_cleanSmooth_spectral_bandpower.png,119.89
212260666_all_noOutliers_spectral_bandpower.png,/kaggle/working/outputs/TESE_pruebas/run_20260902_145353/processed_data/figures/spectral/212260666_all_noOutliers_spectral_bandpower.png,94.37
212260666_all_sinArtefactosConservador_spectral_bandpower.png,/kaggle/working/outputs/TESE_pruebas/run_20260902_145353/processed_data/figures/spectral/212260666_all_sinArtefactosConservador_spectral_bandpower.png,101.94
212260666_all_sinArtefactosEstricto_spectral_bandpower.png,/kaggle/working/outputs/TESE_pruebas/run_20260902_145353/processed_data/figures/spectral/212260666_all_sinArtefactosEstricto_spectral_bandpower.png,97.42
212260668_all_cleanSmooth_spectral_bandpower.png,/kaggle/working/outputs/TESE_pruebas/run_20260902_145353/processed_data/figures/spectral/212260668_all_cleanSmooth_spectral_bandpower.png,117.63
212260668_all_noOutliers_spectral_bandpower.png,/kaggle/working/outputs/TESE_pruebas/run_20260902_145353/processed_data/figures/spectral/212260668_all_noOutliers_spectral_bandpower.png,107.26
212260668_all_sinArtefactosConservador_spectral_bandpower.png,/kaggle/working/outputs/TESE_pruebas/run_20260902_145353/processed_data/figures/spectral/212260668_all_sinArtefactosConservador_spectral_bandpower.png,105.56
212260668_all_sinArtefactosEstricto_spectral_bandpower.png,/kaggle/working/outputs/TESE_pruebas/run_20260902_145353/processed_data/figures/spectral/212260668_all_sinArtefactosEstricto_spectral_bandpower.png,101.25
212260672_all_cleanSmooth_spectral_bandpower.png,/kaggle/working/outputs/TESE_pruebas/run_20260902_145353/processed_data/figures/spectral/212260672_all_cleanSmooth_spectral_bandpower.png,118.78
212260672_all_noOutliers_spectral_bandpower.png,/kaggle/working/outputs/TESE_pruebas/run_20260902_145353/processed_data/figures/spectral/212260672_all_noOutliers_spectral_bandpower.png,103.51
212260672_all_sinArtefactosConservador_spectral_bandpower.png,/kaggle/working/outputs/TESE_pruebas/run_20260902_145353/processed_data/figures/spectral/212260672_all_sinArtefactosConservador_spectral_bandpower.png,102.6
212260672_all_sinArtefactosEstricto_spectral_bandpower.png,/kaggle/working/outputs/TESE_pruebas/run_20260902_145353/processed_data/figures/spectral/212260672_all_sinArtefactosEstricto_spectral_bandpower.png,100.56
222260671_all_cleanSmooth_spectral_bandpower.png,/kaggle/working/outputs/TESE_pruebas/run_20260902_145353/processed_data/figures/spectral/222260671_all_cleanSmooth_spectral_bandpower.png,114.4
222260671_all_noOutliers_spectral_bandpower.png,/kaggle/working/outputs/TESE_pruebas/run_20260902_145353/processed_data/figures/spectral/222260671_all_noOutliers_spectral_bandpower.png,99.31
222260671_all_sinArtefactosConservador_spectral_bandpower.png,/kaggle/working/outputs/TESE_pruebas/run_20260902_145353/processed_data/figures/spectral/222260671_all_sinArtefactosConservador_spectral_bandpower.png,98.28
222260671_all_sinArtefactosEstricto_spectral_bandpower.png,/kaggle/working/outputs/TESE_pruebas/run_20260902_145353/processed_data/figures/spectral/222260671_all_sinArtefactosEstricto_spectral_bandpower.png,98.17
22260552_all_cleanSmooth_spectral_bandpower.png,/kaggle/working/outputs/TESE_pruebas/run_20260902_145353/processed_data/figures/spectral/22260552_all_cleanSmooth_spectral_bandpower.png,120.83
22260552_all_noOutliers_spectral_bandpower.png,/kaggle/working/outputs/TESE_pruebas/run_20260902_145353/processed_data/figures/spectral/22260552_all_noOutliers_spectral_bandpower.png,94.28
22260552_all_sinArtefactosConservador_spectral_bandpower.png,/kaggle/working/outputs/TESE_pruebas/run_20260902_145353/processed_data/figures/spectral/22260552_all_sinArtefactosConservador_spectral_bandpower.png,101.08
22260552_all_sinArtefactosEstricto_spectral_bandpower.png,/kaggle/working/outputs/TESE_pruebas/run_20260902_145353/processed_data/figures/spectral/22260552_all_sinArtefactosEstricto_spectral_bandpower.png,95.95
231260558_all_cleanSmooth_spectral_bandpower.png,/kaggle/working/outputs/TESE_pruebas/run_20260902_145353/processed_data/figures/spectral/231260558_all_cleanSmooth_spectral_bandpower.png,115.79
231260558_all_noOutliers_spectral_bandpower.png,/kaggle/working/outputs/TESE_pruebas/run_20260902_145353/processed_data/figures/spectral/231260558_all_noOutliers_spectral_bandpower.png,99.75
231260558_all_sinArtefactosConservador_spectral_bandpower.png,/kaggle/working/outputs/TESE_pruebas/run_20260902_145353/processed_data/figures/spectral/231260558_all_sinArtefactosConservador_spectral_bandpower.png,97.12
231260558_all_sinArtefactosEstricto_spectral_bandpower.png,/kaggle/working/outputs/TESE_pruebas/run_20260902_145353/processed_data/figures/spectral/231260558_all_sinArtefactosEstricto_spectral_bandpower.png,94.63
252260554_all_cleanSmooth_spectral_bandpower.png,/kaggle/working/outputs/TESE_pruebas/run_20260902_145353/processed_data/figures/spectral/252260554_all_cleanSmooth_spectral_bandpower.png,122.55
252260554_all_noOutliers_spectral_bandpower.png,/kaggle/working/outputs/TESE_pruebas/run_20260902_145353/processed_data/figures/spectral/252260554_all_noOutliers_spectral_bandpower.png,99.83
252260554_all_sinArtefactosConservador_spectral_bandpower.png,/kaggle/working/outputs/TESE_pruebas/run_20260902_145353/processed_data/figures/spectral/252260554_all_sinArtefactosConservador_spectral_bandpower.png,103.25
252260554_all_sinArtefactosEstricto_spectral_bandpower.png,/kaggle/working/outputs/TESE_pruebas/run_20260902_145353/processed_data/figures/spectral/252260554_all_sinArtefactosEstricto_spectral_bandpower.png,97.87
252260556_all_cleanSmooth_spectral_bandpower.png,/kaggle/working/outputs/TESE_pruebas/run_20260902_145353/processed_data/figures/spectral/252260556_all_cleanSmooth_spectral_bandpower.png,112.89
252260556_all_noOutliers_spectral_bandpower.png,/kaggle/working/outputs/TESE_pruebas/run_20260902_145353/processed_data/figures/spectral/252260556_all_noOutliers_spectral_bandpower.png,97.83
252260556_all_sinArtefactosConservador_spectral_bandpower.png,/kaggle/working/outputs/TESE_pruebas/run_20260902_145353/processed_data/figures/spectral/252260556_all_sinArtefactosConservador_spectral_bandpower.png,108.93
252260556_all_sinArtefactosEstricto_spectral_bandpower.png,/kaggle/working/outputs/TESE_pruebas/run_20260902_145353/processed_data/figures/spectral/252260556_all_sinArtefactosEstricto_spectral_bandpower.png,105.28
252260670_all_cleanSmooth_spectral_bandpower.png,/kaggle/working/outputs/TESE_pruebas/run_20260902_145353/processed_data/figures/spectral/252260670_all_cleanSmooth_spectral_bandpower.png,121.01
252260670_all_noOutliers_spectral_bandpower.png,/kaggle/working/outputs/TESE_pruebas/run_20260902_145353/processed_data/figures/spectral/252260670_all_noOutliers_spectral_bandpower.png,93.18
252260670_all_sinArtefactosConservador_spectral_bandpower.png,/kaggle/working/outputs/TESE_pruebas/run_20260902_145353/processed_data/figures/spectral/252260670_all_sinArtefactosConservador_spectral_bandpower.png,97.36
252260670_all_sinArtefactosEstricto_spectral_bandpower.png,/kaggle/working/outputs/TESE_pruebas/run_20260902_145353/processed_data/figures/spectral/252260670_all_sinArtefactosEstricto_spectral_bandpower.png,95.79
cano_all_cleanSmooth_spectral_bandpower.png,/kaggle/working/outputs/TESE_pruebas/run_20260902_145353/processed_data/figures/spectral/cano_all_cleanSmooth_spectral_bandpower.png,98.47
cano_all_noOutliers_spectral_bandpower.png,/kaggle/working/outputs/TESE_pruebas/run_20260902_145353/processed_data/figures/spectral/cano_all_noOutliers_spectral_bandpower.png,97.58
cano_all_sinArtefactosConservador_spectral_bandpower.png,/kaggle/working/outputs/TESE_pruebas/run_20260902_145353/processed_data/figures/spectral/cano_all_sinArtefactosConservador_spectral_bandpower.png,108.4
cano_all_sinArtefactosEstricto_spectral_bandpower.png,/kaggle/working/outputs/TESE_pruebas/run_20260902_145353/processed_data/figures/spectral/cano_all_sinArtefactosEstricto_spectral_bandpower.png,103.32
villanueva_all_cleanSmooth_spectral_bandpower.png,/kaggle/working/outputs/TESE_pruebas/run_20260902_145353/processed_data/figures/spectral/villanueva_all_cleanSmooth_spectral_bandpower.png,110.33
villanueva_all_noOutliers_spectral_bandpower.png,/kaggle/working/outputs/TESE_pruebas/run_20260902_145353/processed_data/figures/spectral/villanueva_all_noOutliers_spectral_bandpower.png,95.7
villanueva_all_sinArtefactosConservador_spectral_bandpower.png,/kaggle/working/outputs/TESE_pruebas/run_20260902_145353/processed_data/figures/spectral/villanueva_all_sinArtefactosConservador_spectral_bandpower.png,97.3
villanueva_all_sinArtefactosEstricto_spectral_bandpower.png,/kaggle/working/outputs/TESE_pruebas/run_20260902_145353/processed_data/figures/spectral/villanueva_all_sinArtefactosEstricto_spectral_bandpower.png,103.81
211260561_all_cleanSmooth_topomap_alpha.png,/kaggle/working/outputs/TESE_pruebas/run_20260902_145353/processed_data/figures/topomaps/211260561_all_cleanSmooth_topomap_alpha.png,264.82
211260561_all_cleanSmooth_topomap_betaH.png,/kaggle/working/outputs/TESE_pruebas/run_20260902_145353/processed_data/figures/topomaps/211260561_all_cleanSmooth_topomap_betaH.png,255.35
211260561_all_cleanSmooth_topomap_betaL.png,/kaggle/working/outputs/TESE_pruebas/run_20260902_145353/processed_data/figures/topomaps/211260561_all_cleanSmooth_topomap_betaL.png,280.41
211260561_all_cleanSmooth_topomap_gamma.png,/kaggle/working/outputs/TESE_pruebas/run_20260902_145353/processed_data/figures/topomaps/211260561_all_cleanSmooth_topomap_gamma.png,265.3
211260561_all_cleanSmooth_topomap_theta.png,/kaggle/working/outputs/TESE_pruebas/run_20260902_145353/processed_data/figures/topomaps/211260561_all_cleanSmooth_topomap_theta.png,183.57
211260561_all_noOutliers_topomap_alpha.png,/kaggle/working/outputs/TESE_pruebas/run_20260902_145353/processed_data/figures/topomaps/211260561_all_noOutliers_topomap_alpha.png,216.52
211260561_all_noOutliers_topomap_betaH.png,/kaggle/working/outputs/TESE_pruebas/run_20260902_145353/processed_data/figures/topomaps/211260561_all_noOutliers_topomap_betaH.png,263.78
211260561_all_noOutliers_topomap_betaL.png,/kaggle/working/outputs/TESE_pruebas/run_20260902_145353/processed_data/figures/topomaps/211260561_all_noOutliers_topomap_betaL.png,246.0
211260561_all_noOutliers_topomap_gamma.png,/kaggle/working/outputs/TESE_pruebas/run_20260902_145353/processed_data/figures/topomaps/211260561_all_noOutliers_topomap_gamma.png,272.28
211260561_all_noOutliers_topomap_theta.png,/kaggle/working/outputs/TESE_pruebas/run_20260902_145353/processed_data/figures/topomaps/211260561_all_noOutliers_topomap_theta.png,193.01
211260561_all_sinArtefactosConservador_topomap_alpha.png,/kaggle/working/outputs/TESE_pruebas/run_20260902_145353/processed_data/figures/topomaps/211260561_all_sinArtefactosConservador_topomap_alpha.png,218.06
211260561_all_sinArtefactosConservador_topomap_betaH.png,/kaggle/working/outputs/TESE_pruebas/run_20260902_145353/processed_data/figures/topomaps/211260561_all_sinArtefactosConservador_topomap_betaH.png,230.76
211260561_all_sinArtefactosConservador_topomap_betaL.png,/kaggle/working/outputs/TESE_pruebas/run_20260902_145353/processed_data/figures/topomaps/211260561_all_sinArtefactosConservador_topomap_betaL.png,207.1
211260561_all_sinArtefactosConservador_topomap_gamma.png,/kaggle/working/outputs/TESE_pruebas/run_20260902_145353/processed_data/figures/topomaps/211260561_all_sinArtefactosConservador_topomap_gamma.png,255.22
211260561_all_sinArtefactosConservador_topomap_theta.png,/kaggle/working/outputs/TESE_pruebas/run_20260902_145353/processed_data/figures/topomaps/211260561_all_sinArtefactosConservador_topomap_theta.png,234.53
211260561_all_sinArtefactosEstricto_topomap_alpha.png,/kaggle/working/outputs/TESE_pruebas/run_20260902_145353/processed_data/figures/topomaps/211260561_all_sinArtefactosEstricto_topomap_alpha.png,215.73
211260561_all_sinArtefactosEstricto_topomap_betaH.png,/kaggle/working/outputs/TESE_pruebas/run_20260902_145353/processed_data/figures/topomaps/211260561_all_sinArtefactosEstricto_topomap_betaH.png,230.17
211260561_all_sinArtefactosEstricto_topomap_betaL.png,/kaggle/working/outputs/TESE_pruebas/run_20260902_145353/processed_data/figures/topomaps/211260561_all_sinArtefactosEstricto_topomap_betaL.png,204.24
211260561_all_sinArtefactosEstricto_topomap_gamma.png,/kaggle/working/outputs/TESE_pruebas/run_20260902_145353/processed_data/figures/topomaps/211260561_all_sinArtefactosEstricto_topomap_gamma.png,252.88
211260561_all_sinArtefactosEstricto_topomap_theta.png,/kaggle/working/outputs/TESE_pruebas/run_20260902_145353/processed_data/figures/topomaps/211260561_all_sinArtefactosEstricto_topomap_theta.png,228.88
212260563_all_cleanSmooth_topomap_alpha.png,/kaggle/working/outputs/TESE_pruebas/run_20260902_145353/processed_data/figures/topomaps/212260563_all_cleanSmooth_topomap_alpha.png,272.44
212260563_all_cleanSmooth_topomap_betaH.png,/kaggle/working/outputs/TESE_pruebas/run_20260902_145353/processed_data/figures/topomaps/212260563_all_cleanSmooth_topomap_betaH.png,198.44
212260563_all_cleanSmooth_topomap_betaL.png,/kaggle/working/outputs/TESE_pruebas/run_20260902_145353/processed_data/figures/topomaps/212260563_all_cleanSmooth_topomap_betaL.png,192.04
212260563_all_cleanSmooth_topomap_gamma.png,/kaggle/working/outputs/TESE_pruebas/run_20260902_145353/processed_data/figures/topomaps/212260563_all_cleanSmooth_topomap_gamma.png,247.67
212260563_all_cleanSmooth_topomap_theta.png,/kaggle/working/outputs/TESE_pruebas/run_20260902_145353/processed_data/figures/topomaps/212260563_all_cleanSmooth_topomap_theta.png,224.09
212260563_all_noOutliers_topomap_alpha.png,/kaggle/working/outputs/TESE_pruebas/run_20260902_145353/processed_data/figures/topomaps/212260563_all_noOutliers_topomap_alpha.png,253.97
212260563_all_noOutliers_topomap_betaH.png,/kaggle/working/outputs/TESE_pruebas/run_20260902_145353/processed_data/figures/topomaps/212260563_all_noOutliers_topomap_betaH.png,269.3
212260563_all_noOutliers_topomap_betaL.png,/kaggle/working/outputs/TESE_pruebas/run_20260902_145353/processed_data/figures/topomaps/212260563_all_noOutliers_topomap_betaL.png,256.51
212260563_all_noOutliers_topomap_gamma.png,/kaggle/working/outputs/TESE_pruebas/run_20260902_145353/processed_data/figures/topomaps/212260563_all_noOutliers_topomap_gamma.png,285.12
212260563_all_noOutliers_topomap_theta.png,/kaggle/working/outputs/TESE_pruebas/run_20260902_145353/processed_data/figures/topomaps/212260563_all_noOutliers_topomap_theta.png,257.42
212260563_all_sinArtefactosConservador_topomap_alpha.png,/kaggle/working/outputs/TESE_pruebas/run_20260902_145353/processed_data/figures/topomaps/212260563_all_sinArtefactosConservador_topomap_alpha.png,226.96
212260563_all_sinArtefactosConservador_topomap_betaH.png,/kaggle/working/outputs/TESE_pruebas/run_20260902_145353/processed_data/figures/topomaps/212260563_all_sinArtefactosConservador_topomap_betaH.png,283.15
212260563_all_sinArtefactosConservador_topomap_betaL.png,/kaggle/working/outputs/TESE_pruebas/run_20260902_145353/processed_data/figures/topomaps/212260563_all_sinArtefactosConservador_topomap_betaL.png,275.39
212260563_all_sinArtefactosConservador_topomap_gamma.png,/kaggle/working/outputs/TESE_pruebas/run_20260902_145353/processed_data/figures/topomaps/212260563_all_sinArtefactosConservador_topomap_gamma.png,286.66
212260563_all_sinArtefactosConservador_topomap_theta.png,/kaggle/working/outputs/TESE_pruebas/run_20260902_145353/processed_data/figures/topomaps/212260563_all_sinArtefactosConservador_topomap_theta.png,252.31
212260563_all_sinArtefactosEstricto_topomap_alpha.png,/kaggle/working/outputs/TESE_pruebas/run_20260902_145353/processed_data/figures/topomaps/212260563_all_sinArtefactosEstricto_topomap_alpha.png,230.17
212260563_all_sinArtefactosEstricto_topomap_betaH.png,/kaggle/working/outputs/TESE_pruebas/run_20260902_145353/processed_data/figures/topomaps/212260563_all_sinArtefactosEstricto_topomap_betaH.png,273.68
212260563_all_sinArtefactosEstricto_topomap_betaL.png,/kaggle/working/outputs/TESE_pruebas/run_20260902_145353/processed_data/figures/topomaps/212260563_all_sinArtefactosEstricto_topomap_betaL.png,269.77
212260563_all_sinArtefactosEstricto_topomap_gamma.png,/kaggle/working/outputs/TESE_pruebas/run_20260902_145353/processed_data/figures/topomaps/212260563_all_sinArtefactosEstricto_topomap_gamma.png,284.71
212260563_all_sinArtefactosEstricto_topomap_theta.png,/kaggle/working/outputs/TESE_pruebas/run_20260902_145353/processed_data/figures/topomaps/212260563_all_sinArtefactosEstricto_topomap_theta.png,257.24
212260567_all_cleanSmooth_topomap_alpha.png,/kaggle/working/outputs/TESE_pruebas/run_20260902_145353/processed_data/figures/topomaps/212260567_all_cleanSmooth_topomap_alpha.png,270.17
212260567_all_cleanSmooth_topomap_betaH.png,/kaggle/working/outputs/TESE_pruebas/run_20260902_145353/processed_data/figures/topomaps/212260567_all_cleanSmooth_topomap_betaH.png,259.31
212260567_all_cleanSmooth_topomap_betaL.png,/kaggle/working/outputs/TESE_pruebas/run_20260902_145353/processed_data/figures/topomaps/212260567_all_cleanSmooth_topomap_betaL.png,260.99
212260567_all_cleanSmooth_topomap_gamma.png,/kaggle/working/outputs/TESE_pruebas/run_20260902_145353/processed_data/figures/topomaps/212260567_all_cleanSmooth_topomap_gamma.png,250.15
212260567_all_cleanSmooth_topomap_theta.png,/kaggle/working/outputs/TESE_pruebas/run_20260902_145353/processed_data/figures/topomaps/212260567_all_cleanSmooth_topomap_theta.png,225.9
212260567_all_noOutliers_topomap_alpha.png,/kaggle/working/outputs/TESE_pruebas/run_20260902_145353/processed_data/figures/topomaps/212260567_all_noOutliers_topomap_alpha.png,196.79
212260567_all_noOutliers_topomap_betaH.png,/kaggle/working/outputs/TESE_pruebas/run_20260902_145353/processed_data/figures/topomaps/212260567_all_noOutliers_topomap_betaH.png,190.76
212260567_all_noOutliers_topomap_betaL.png,/kaggle/working/outputs/TESE_pruebas/run_20260902_145353/processed_data/figures/topomaps/212260567_all_noOutliers_topomap_betaL.png,191.89
212260567_all_noOutliers_topomap_gamma.png,/kaggle/working/outputs/TESE_pruebas/run_20260902_145353/processed_data/figures/topomaps/212260567_all_noOutliers_topomap_gamma.png,189.07
212260567_all_noOutliers_topomap_theta.png,/kaggle/working/outputs/TESE_pruebas/run_20260902_145353/processed_data/figures/topomaps/212260567_all_noOutliers_topomap_theta.png,194.5
212260567_all_sinArtefactosConservador_topomap_alpha.png,/kaggle/working/outputs/TESE_pruebas/run_20260902_145353/processed_data/figures/topomaps/212260567_all_sinArtefactosConservador_topomap_alpha.png,201.0
212260567_all_sinArtefactosConservador_topomap_betaH.png,/kaggle/working/outputs/TESE_pruebas/run_20260902_145353/processed_data/figures/topomaps/212260567_all_sinArtefactosConservador_topomap_betaH.png,197.76
212260567_all_sinArtefactosConservador_topomap_betaL.png,/kaggle/working/outputs/TESE_pruebas/run_20260902_145353/processed_data/figures/topomaps/212260567_all_sinArtefactosConservador_topomap_betaL.png,190.14
212260567_all_sinArtefactosConservador_topomap_gamma.png,/kaggle/working/outputs/TESE_pruebas/run_20260902_145353/processed_data/figures/topomaps/212260567_all_sinArtefactosConservador_topomap_gamma.png,189.5
212260567_all_sinArtefactosConservador_topomap_theta.png,/kaggle/working/outputs/TESE_pruebas/run_20260902_145353/processed_data/figures/topomaps/212260567_all_sinArtefactosConservador_topomap_theta.png,202.51
212260567_all_sinArtefactosEstricto_topomap_alpha.png,/kaggle/working/outputs/TESE_pruebas/run_20260902_145353/processed_data/figures/topomaps/212260567_all_sinArtefactosEstricto_topomap_alpha.png,193.28
212260567_all_sinArtefactosEstricto_topomap_betaH.png,/kaggle/working/outputs/TESE_pruebas/run_20260902_145353/processed_data/figures/topomaps/212260567_all_sinArtefactosEstricto_topomap_betaH.png,194.88
212260567_all_sinArtefactosEstricto_topomap_betaL.png,/kaggle/working/outputs/TESE_pruebas/run_20260902_145353/processed_data/figures/topomaps/212260567_all_sinArtefactosEstricto_topomap_betaL.png,192.48
212260567_all_sinArtefactosEstricto_topomap_gamma.png,/kaggle/working/outputs/TESE_pruebas/run_20260902_145353/processed_data/figures/topomaps/212260567_all_sinArtefactosEstricto_topomap_gamma.png,190.61
212260567_all_sinArtefactosEstricto_topomap_theta.png,/kaggle/working/outputs/TESE_pruebas/run_20260902_145353/processed_data/figures/topomaps/212260567_all_sinArtefactosEstricto_topomap_theta.png,194.09
212260569_all_cleanSmooth_topomap_alpha.png,/kaggle/working/outputs/TESE_pruebas/run_20260902_145353/processed_data/figures/topomaps/212260569_all_cleanSmooth_topomap_alpha.png,210.82
212260569_all_cleanSmooth_topomap_betaH.png,/kaggle/working/outputs/TESE_pruebas/run_20260902_145353/processed_data/figures/topomaps/212260569_all_cleanSmooth_topomap_betaH.png,234.86
212260569_all_cleanSmooth_topomap_betaL.png,/kaggle/working/outputs/TESE_pruebas/run_20260902_145353/processed_data/figures/topomaps/212260569_all_cleanSmooth_topomap_betaL.png,201.43
212260569_all_cleanSmooth_topomap_gamma.png,/kaggle/working/outputs/TESE_pruebas/run_20260902_145353/processed_data/figures/topomaps/212260569_all_cleanSmooth_topomap_gamma.png,194.81
212260569_all_cleanSmooth_topomap_theta.png,/kaggle/working/outputs/TESE_pruebas/run_20260902_145353/processed_data/figures/topomaps/212260569_all_cleanSmooth_topomap_theta.png,244.7
212260569_all_noOutliers_topomap_alpha.png,/kaggle/working/outputs/TESE_pruebas/run_20260902_145353/processed_data/figures/topomaps/212260569_all_noOutliers_topomap_alpha.png,267.45
212260569_all_noOutliers_topomap_betaH.png,/kaggle/working/outputs/TESE_pruebas/run_20260902_145353/processed_data/figures/topomaps/212260569_all_noOutliers_topomap_betaH.png,271.73
212260569_all_noOutliers_topomap_betaL.png,/kaggle/working/outputs/TESE_pruebas/run_20260902_145353/processed_data/figures/topomaps/212260569_all_noOutliers_topomap_betaL.png,274.52
212260569_all_noOutliers_topomap_gamma.png,/kaggle/working/outputs/TESE_pruebas/run_20260902_145353/processed_data/figures/topomaps/212260569_all_noOutliers_topomap_gamma.png,263.22
212260569_all_noOutliers_topomap_theta.png,/kaggle/working/outputs/TESE_pruebas/run_20260902_145353/processed_data/figures/topomaps/212260569_all_noOutliers_topomap_theta.png,260.98
212260569_all_sinArtefactosConservador_topomap_alpha.png,/kaggle/working/outputs/TESE_pruebas/run_20260902_145353/processed_data/figures/topomaps/212260569_all_sinArtefactosConservador_topomap_alpha.png,270.85
212260569_all_sinArtefactosConservador_topomap_betaH.png,/kaggle/working/outputs/TESE_pruebas/run_20260902_145353/processed_data/figures/topomaps/212260569_all_sinArtefactosConservador_topomap_betaH.png,268.77
212260569_all_sinArtefactosConservador_topomap_betaL.png,/kaggle/working/outputs/TESE_pruebas/run_20260902_145353/processed_data/figures/topomaps/212260569_all_sinArtefactosConservador_topomap_betaL.png,267.76
212260569_all_sinArtefactosConservador_topomap_gamma.png,/kaggle/working/outputs/TESE_pruebas/run_20260902_145353/processed_data/figures/topomaps/212260569_all_sinArtefactosConservador_topomap_gamma.png,281.23
212260569_all_sinArtefactosConservador_topomap_theta.png,/kaggle/working/outputs/TESE_pruebas/run_20260902_145353/processed_data/figures/topomaps/212260569_all_sinArtefactosConservador_topomap_theta.png,261.9
212260569_all_sinArtefactosEstricto_topomap_alpha.png,/kaggle/working/outputs/TESE_pruebas/run_20260902_145353/processed_data/figures/topomaps/212260569_all_sinArtefactosEstricto_topomap_alpha.png,268.3
212260569_all_sinArtefactosEstricto_topomap_betaH.png,/kaggle/working/outputs/TESE_pruebas/run_20260902_145353/processed_data/figures/topomaps/212260569_all_sinArtefactosEstricto_topomap_betaH.png,262.58
212260569_all_sinArtefactosEstricto_topomap_betaL.png,/kaggle/working/outputs/TESE_pruebas/run_20260902_145353/processed_data/figures/topomaps/212260569_all_sinArtefactosEstricto_topomap_betaL.png,254.17
212260569_all_sinArtefactosEstricto_topomap_gamma.png,/kaggle/working/outputs/TESE_pruebas/run_20260902_145353/processed_data/figures/topomaps/212260569_all_sinArtefactosEstricto_topomap_gamma.png,274.0
212260569_all_sinArtefactosEstricto_topomap_theta.png,/kaggle/working/outputs/TESE_pruebas/run_20260902_145353/processed_data/figures/topomaps/212260569_all_sinArtefactosEstricto_topomap_theta.png,261.98
212260666_all_cleanSmooth_topomap_alpha.png,/kaggle/working/outputs/TESE_pruebas/run_20260902_145353/processed_data/figures/topomaps/212260666_all_cleanSmooth_topomap_alpha.png,278.22
212260666_all_cleanSmooth_topomap_betaH.png,/kaggle/working/outputs/TESE_pruebas/run_20260902_145353/processed_data/figures/topomaps/212260666_all_cleanSmooth_topomap_betaH.png,291.98
212260666_all_cleanSmooth_topomap_betaL.png,/kaggle/working/outputs/TESE_pruebas/run_20260902_145353/processed_data/figures/topomaps/212260666_all_cleanSmooth_topomap_betaL.png,299.22
212260666_all_cleanSmooth_topomap_gamma.png,/kaggle/working/outputs/TESE_pruebas/run_20260902_145353/processed_data/figures/topomaps/212260666_all_cleanSmooth_topomap_gamma.png,317.09
212260666_all_cleanSmooth_topomap_theta.png,/kaggle/working/outputs/TESE_pruebas/run_20260902_145353/processed_data/figures/topomaps/212260666_all_cleanSmooth_topomap_theta.png,269.65
212260666_all_noOutliers_topomap_alpha.png,/kaggle/working/outputs/TESE_pruebas/run_20260902_145353/processed_data/figures/topomaps/212260666_all_noOutliers_topomap_alpha.png,228.05
212260666_all_noOutliers_topomap_betaH.png,/kaggle/working/outputs/TESE_pruebas/run_20260902_145353/processed_data/figures/topomaps/212260666_all_noOutliers_topomap_betaH.png,233.79
212260666_all_noOutliers_topomap_betaL.png,/kaggle/working/outputs/TESE_pruebas/run_20260902_145353/processed_data/figures/topomaps/212260666_all_noOutliers_topomap_betaL.png,236.08
212260666_all_noOutliers_topomap_gamma.png,/kaggle/working/outputs/TESE_pruebas/run_20260902_145353/processed_data/figures/topomaps/212260666_all_noOutliers_topomap_gamma.png,272.36
212260666_all_noOutliers_topomap_theta.png,/kaggle/working/outputs/TESE_pruebas/run_20260902_145353/processed_data/figures/topomaps/212260666_all_noOutliers_topomap_theta.png,225.11
212260666_all_sinArtefactosConservador_topomap_alpha.png,/kaggle/working/outputs/TESE_pruebas/run_20260902_145353/processed_data/figures/topomaps/212260666_all_sinArtefactosConservador_topomap_alpha.png,226.22
212260666_all_sinArtefactosConservador_topomap_betaH.png,/kaggle/working/outputs/TESE_pruebas/run_20260902_145353/processed_data/figures/topomaps/212260666_all_sinArtefactosConservador_topomap_betaH.png,234.14
212260666_all_sinArtefactosConservador_topomap_betaL.png,/kaggle/working/outputs/TESE_pruebas/run_20260902_145353/processed_data/figures/topomaps/212260666_all_sinArtefactosConservador_topomap_betaL.png,235.03
212260666_all_sinArtefactosConservador_topomap_gamma.png,/kaggle/working/outputs/TESE_pruebas/run_20260902_145353/processed_data/figures/topomaps/212260666_all_sinArtefactosConservador_topomap_gamma.png,251.68
212260666_all_sinArtefactosConservador_topomap_theta.png,/kaggle/working/outputs/TESE_pruebas/run_20260902_145353/processed_data/figures/topomaps/212260666_all_sinArtefactosConservador_topomap_theta.png,222.58
212260666_all_sinArtefactosEstricto_topomap_alpha.png,/kaggle/working/outputs/TESE_pruebas/run_20260902_145353/processed_data/figures/topomaps/212260666_all_sinArtefactosEstricto_topomap_alpha.png,241.69
212260666_all_sinArtefactosEstricto_topomap_betaH.png,/kaggle/working/outputs/TESE_pruebas/run_20260902_145353/processed_data/figures/topomaps/212260666_all_sinArtefactosEstricto_topomap_betaH.png,229.97
212260666_all_sinArtefactosEstricto_topomap_betaL.png,/kaggle/working/outputs/TESE_pruebas/run_20260902_145353/processed_data/figures/topomaps/212260666_all_sinArtefactosEstricto_topomap_betaL.png,242.88
212260666_all_sinArtefactosEstricto_topomap_gamma.png,/kaggle/working/outputs/TESE_pruebas/run_20260902_145353/processed_data/figures/topomaps/212260666_all_sinArtefactosEstricto_topomap_gamma.png,245.23
212260666_all_sinArtefactosEstricto_topomap_theta.png,/kaggle/working/outputs/TESE_pruebas/run_20260902_145353/processed_data/figures/topomaps/212260666_all_sinArtefactosEstricto_topomap_theta.png,242.02
212260668_all_cleanSmooth_topomap_alpha.png,/kaggle/working/outputs/TESE_pruebas/run_20260902_145353/processed_data/figures/topomaps/212260668_all_cleanSmooth_topomap_alpha.png,176.73
212260668_all_cleanSmooth_topomap_betaH.png,/kaggle/working/outputs/TESE_pruebas/run_20260902_145353/processed_data/figures/topomaps/212260668_all_cleanSmooth_topomap_betaH.png,177.35
212260668_all_cleanSmooth_topomap_betaL.png,/kaggle/working/outputs/TESE_pruebas/run_20260902_145353/processed_data/figures/topomaps/212260668_all_cleanSmooth_topomap_betaL.png,182.31
212260668_all_cleanSmooth_topomap_gamma.png,/kaggle/working/outputs/TESE_pruebas/run_20260902_145353/processed_data/figures/topomaps/212260668_all_cleanSmooth_topomap_gamma.png,276.67
212260668_all_cleanSmooth_topomap_theta.png,/kaggle/working/outputs/TESE_pruebas/run_20260902_145353/processed_data/figures/topomaps/212260668_all_cleanSmooth_topomap_theta.png,194.75
212260668_all_noOutliers_topomap_alpha.png,/kaggle/working/outputs/TESE_pruebas/run_20260902_145353/processed_data/figures/topomaps/212260668_all_noOutliers_topomap_alpha.png,261.63
212260668_all_noOutliers_topomap_betaH.png,/kaggle/working/outputs/TESE_pruebas/run_20260902_145353/processed_data/figures/topomaps/212260668_all_noOutliers_topomap_betaH.png,253.23
212260668_all_noOutliers_topomap_betaL.png,/kaggle/working/outputs/TESE_pruebas/run_20260902_145353/processed_data/figures/topomaps/212260668_all_noOutliers_topomap_betaL.png,255.75
212260668_all_noOutliers_topomap_gamma.png,/kaggle/working/outputs/TESE_pruebas/run_20260902_145353/processed_data/figures/topomaps/212260668_all_noOutliers_topomap_gamma.png,257.71
212260668_all_noOutliers_topomap_theta.png,/kaggle/working/outputs/TESE_pruebas/run_20260902_145353/processed_data/figures/topomaps/212260668_all_noOutliers_topomap_theta.png,257.65
212260668_all_sinArtefactosConservador_topomap_alpha.png,/kaggle/working/outputs/TESE_pruebas/run_20260902_145353/processed_data/figures/topomaps/212260668_all_sinArtefactosConservador_topomap_alpha.png,262.44
212260668_all_sinArtefactosConservador_topomap_betaH.png,/kaggle/working/outputs/TESE_pruebas/run_20260902_145353/processed_data/figures/topomaps/212260668_all_sinArtefactosConservador_topomap_betaH.png,260.8
212260668_all_sinArtefactosConservador_topomap_betaL.png,/kaggle/working/outputs/TESE_pruebas/run_20260902_145353/processed_data/figures/topomaps/212260668_all_sinArtefactosConservador_topomap_betaL.png,258.96
212260668_all_sinArtefactosConservador_topomap_gamma.png,/kaggle/working/outputs/TESE_pruebas/run_20260902_145353/processed_data/figures/topomaps/212260668_all_sinArtefactosConservador_topomap_gamma.png,261.12
212260668_all_sinArtefactosConservador_topomap_theta.png,/kaggle/working/outputs/TESE_pruebas/run_20260902_145353/processed_data/figures/topomaps/212260668_all_sinArtefactosConservador_topomap_theta.png,222.69
212260668_all_sinArtefactosEstricto_topomap_alpha.png,/kaggle/working/outputs/TESE_pruebas/run_20260902_145353/processed_data/figures/topomaps/212260668_all_sinArtefactosEstricto_topomap_alpha.png,244.49
212260668_all_sinArtefactosEstricto_topomap_betaH.png,/kaggle/working/outputs/TESE_pruebas/run_20260902_145353/processed_data/figures/topomaps/212260668_all_sinArtefactosEstricto_topomap_betaH.png,263.38
212260668_all_sinArtefactosEstricto_topomap_betaL.png,/kaggle/working/outputs/TESE_pruebas/run_20260902_145353/processed_data/figures/topomaps/212260668_all_sinArtefactosEstricto_topomap_betaL.png,259.13
212260668_all_sinArtefactosEstricto_topomap_gamma.png,/kaggle/working/outputs/TESE_pruebas/run_20260902_145353/processed_data/figures/topomaps/212260668_all_sinArtefactosEstricto_topomap_gamma.png,259.0
212260668_all_sinArtefactosEstricto_topomap_theta.png,/kaggle/working/outputs/TESE_pruebas/run_20260902_145353/processed_data/figures/topomaps/212260668_all_sinArtefactosEstricto_topomap_theta.png,202.1
212260672_all_cleanSmooth_topomap_alpha.png,/kaggle/working/outputs/TESE_pruebas/run_20260902_145353/processed_data/figures/topomaps/212260672_all_cleanSmooth_topomap_alpha.png,303.84
212260672_all_cleanSmooth_topomap_betaH.png,/kaggle/working/outputs/TESE_pruebas/run_20260902_145353/processed_data/figures/topomaps/212260672_all_cleanSmooth_topomap_betaH.png,294.67
212260672_all_cleanSmooth_topomap_betaL.png,/kaggle/working/outputs/TESE_pruebas/run_20260902_145353/processed_data/figures/topomaps/212260672_all_cleanSmooth_topomap_betaL.png,301.75
212260672_all_cleanSmooth_topomap_gamma.png,/kaggle/working/outputs/TESE_pruebas/run_20260902_145353/processed_data/figures/topomaps/212260672_all_cleanSmooth_topomap_gamma.png,310.63
212260672_all_cleanSmooth_topomap_theta.png,/kaggle/working/outputs/TESE_pruebas/run_20260902_145353/processed_data/figures/topomaps/212260672_all_cleanSmooth_topomap_theta.png,288.03
212260672_all_noOutliers_topomap_alpha.png,/kaggle/working/outputs/TESE_pruebas/run_20260902_145353/processed_data/figures/topomaps/212260672_all_noOutliers_topomap_alpha.png,177.42
212260672_all_noOutliers_topomap_betaH.png,/kaggle/working/outputs/TESE_pruebas/run_20260902_145353/processed_data/figures/topomaps/212260672_all_noOutliers_topomap_betaH.png,226.89
212260672_all_noOutliers_topomap_betaL.png,/kaggle/working/outputs/TESE_pruebas/run_20260902_145353/processed_data/figures/topomaps/212260672_all_noOutliers_topomap_betaL.png,183.76
212260672_all_noOutliers_topomap_gamma.png,/kaggle/working/outputs/TESE_pruebas/run_20260902_145353/processed_data/figures/topomaps/212260672_all_noOutliers_topomap_gamma.png,233.63
212260672_all_noOutliers_topomap_theta.png,/kaggle/working/outputs/TESE_pruebas/run_20260902_145353/processed_data/figures/topomaps/212260672_all_noOutliers_topomap_theta.png,193.68
212260672_all_sinArtefactosConservador_topomap_alpha.png,/kaggle/working/outputs/TESE_pruebas/run_20260902_145353/processed_data/figures/topomaps/212260672_all_sinArtefactosConservador_topomap_alpha.png,229.72
212260672_all_sinArtefactosConservador_topomap_betaH.png,/kaggle/working/outputs/TESE_pruebas/run_20260902_145353/processed_data/figures/topomaps/212260672_all_sinArtefactosConservador_topomap_betaH.png,278.15
212260672_all_sinArtefactosConservador_topomap_betaL.png,/kaggle/working/outputs/TESE_pruebas/run_20260902_145353/processed_data/figures/topomaps/212260672_all_sinArtefactosConservador_topomap_betaL.png,219.77
212260672_all_sinArtefactosConservador_topomap_gamma.png,/kaggle/working/outputs/TESE_pruebas/run_20260902_145353/processed_data/figures/topomaps/212260672_all_sinArtefactosConservador_topomap_gamma.png,271.4
212260672_all_sinArtefactosConservador_topomap_theta.png,/kaggle/working/outputs/TESE_pruebas/run_20260902_145353/processed_data/figures/topomaps/212260672_all_sinArtefactosConservador_topomap_theta.png,256.92
212260672_all_sinArtefactosEstricto_topomap_alpha.png,/kaggle/working/outputs/TESE_pruebas/run_20260902_145353/processed_data/figures/topomaps/212260672_all_sinArtefactosEstricto_topomap_alpha.png,219.27
212260672_all_sinArtefactosEstricto_topomap_betaH.png,/kaggle/working/outputs/TESE_pruebas/run_20260902_145353/processed_data/figures/topomaps/212260672_all_sinArtefactosEstricto_topomap_betaH.png,290.68
212260672_all_sinArtefactosEstricto_topomap_betaL.png,/kaggle/working/outputs/TESE_pruebas/run_20260902_145353/processed_data/figures/topomaps/212260672_all_sinArtefactosEstricto_topomap_betaL.png,232.31
212260672_all_sinArtefactosEstricto_topomap_gamma.png,/kaggle/working/outputs/TESE_pruebas/run_20260902_145353/processed_data/figures/topomaps/212260672_all_sinArtefactosEstricto_topomap_gamma.png,276.73
212260672_all_sinArtefactosEstricto_topomap_theta.png,/kaggle/working/outputs/TESE_pruebas/run_20260902_145353/processed_data/figures/topomaps/212260672_all_sinArtefactosEstricto_topomap_theta.png,221.0
222260671_all_cleanSmooth_topomap_alpha.png,/kaggle/working/outputs/TESE_pruebas/run_20260902_145353/processed_data/figures/topomaps/222260671_all_cleanSmooth_topomap_alpha.png,254.71
222260671_all_cleanSmooth_topomap_betaH.png,/kaggle/working/outputs/TESE_pruebas/run_20260902_145353/processed_data/figures/topomaps/222260671_all_cleanSmooth_topomap_betaH.png,288.33
222260671_all_cleanSmooth_topomap_betaL.png,/kaggle/working/outputs/TESE_pruebas/run_20260902_145353/processed_data/figures/topomaps/222260671_all_cleanSmooth_topomap_betaL.png,271.43
222260671_all_cleanSmooth_topomap_gamma.png,/kaggle/working/outputs/TESE_pruebas/run_20260902_145353/processed_data/figures/topomaps/222260671_all_cleanSmooth_topomap_gamma.png,273.0
222260671_all_cleanSmooth_topomap_theta.png,/kaggle/working/outputs/TESE_pruebas/run_20260902_145353/processed_data/figures/topomaps/222260671_all_cleanSmooth_topomap_theta.png,277.6
222260671_all_noOutliers_topomap_alpha.png,/kaggle/working/outputs/TESE_pruebas/run_20260902_145353/processed_data/figures/topomaps/222260671_all_noOutliers_topomap_alpha.png,263.65
222260671_all_noOutliers_topomap_betaH.png,/kaggle/working/outputs/TESE_pruebas/run_20260902_145353/processed_data/figures/topomaps/222260671_all_noOutliers_topomap_betaH.png,275.68
222260671_all_noOutliers_topomap_betaL.png,/kaggle/working/outputs/TESE_pruebas/run_20260902_145353/processed_data/figures/topomaps/222260671_all_noOutliers_topomap_betaL.png,291.67
222260671_all_noOutliers_topomap_gamma.png,/kaggle/working/outputs/TESE_pruebas/run_20260902_145353/processed_data/figures/topomaps/222260671_all_noOutliers_topomap_gamma.png,273.55
222260671_all_noOutliers_topomap_theta.png,/kaggle/working/outputs/TESE_pruebas/run_20260902_145353/processed_data/figures/topomaps/222260671_all_noOutliers_topomap_theta.png,237.29
222260671_all_sinArtefactosConservador_topomap_alpha.png,/kaggle/working/outputs/TESE_pruebas/run_20260902_145353/processed_data/figures/topomaps/222260671_all_sinArtefactosConservador_topomap_alpha.png,279.28
222260671_all_sinArtefactosConservador_topomap_betaH.png,/kaggle/working/outputs/TESE_pruebas/run_20260902_145353/processed_data/figures/topomaps/222260671_all_sinArtefactosConservador_topomap_betaH.png,259.61
222260671_all_sinArtefactosConservador_topomap_betaL.png,/kaggle/working/outputs/TESE_pruebas/run_20260902_145353/processed_data/figures/topomaps/222260671_all_sinArtefactosConservador_topomap_betaL.png,263.08
222260671_all_sinArtefactosConservador_topomap_gamma.png,/kaggle/working/outputs/TESE_pruebas/run_20260902_145353/processed_data/figures/topomaps/222260671_all_sinArtefactosConservador_topomap_gamma.png,260.19
222260671_all_sinArtefactosConservador_topomap_theta.png,/kaggle/working/outputs/TESE_pruebas/run_20260902_145353/processed_data/figures/topomaps/222260671_all_sinArtefactosConservador_topomap_theta.png,269.46
222260671_all_sinArtefactosEstricto_topomap_alpha.png,/kaggle/working/outputs/TESE_pruebas/run_20260902_145353/processed_data/figures/topomaps/222260671_all_sinArtefactosEstricto_topomap_alpha.png,266.5
222260671_all_sinArtefactosEstricto_topomap_betaH.png,/kaggle/working/outputs/TESE_pruebas/run_20260902_145353/processed_data/figures/topomaps/222260671_all_sinArtefactosEstricto_topomap_betaH.png,246.15
222260671_all_sinArtefactosEstricto_topomap_betaL.png,/kaggle/working/outputs/TESE_pruebas/run_20260902_145353/processed_data/figures/topomaps/222260671_all_sinArtefactosEstricto_topomap_betaL.png,259.03
222260671_all_sinArtefactosEstricto_topomap_gamma.png,/kaggle/working/outputs/TESE_pruebas/run_20260902_145353/processed_data/figures/topomaps/222260671_all_sinArtefactosEstricto_topomap_gamma.png,243.76
222260671_all_sinArtefactosEstricto_topomap_theta.png,/kaggle/working/outputs/TESE_pruebas/run_20260902_145353/processed_data/figures/topomaps/222260671_all_sinArtefactosEstricto_topomap_theta.png,281.5
22260552_all_cleanSmooth_topomap_alpha.png,/kaggle/working/outputs/TESE_pruebas/run_20260902_145353/processed_data/figures/topomaps/22260552_all_cleanSmooth_topomap_alpha.png,230.95
22260552_all_cleanSmooth_topomap_betaH.png,/kaggle/working/outputs/TESE_pruebas/run_20260902_145353/processed_data/figures/topomaps/22260552_all_cleanSmooth_topomap_betaH.png,275.09
22260552_all_cleanSmooth_topomap_betaL.png,/kaggle/working/outputs/TESE_pruebas/run_20260902_145353/processed_data/figures/topomaps/22260552_all_cleanSmooth_topomap_betaL.png,259.84
22260552_all_cleanSmooth_topomap_gamma.png,/kaggle/working/outputs/TESE_pruebas/run_20260902_145353/processed_data/figures/topomaps/22260552_all_cleanSmooth_topomap_gamma.png,208.64
22260552_all_cleanSmooth_topomap_theta.png,/kaggle/working/outputs/TESE_pruebas/run_20260902_145353/processed_data/figures/topomaps/22260552_all_cleanSmooth_topomap_theta.png,255.48
22260552_all_noOutliers_topomap_alpha.png,/kaggle/working/outputs/TESE_pruebas/run_20260902_145353/processed_data/figures/topomaps/22260552_all_noOutliers_topomap_alpha.png,201.53
22260552_all_noOutliers_topomap_betaH.png,/kaggle/working/outputs/TESE_pruebas/run_20260902_145353/processed_data/figures/topomaps/22260552_all_noOutliers_topomap_betaH.png,201.23
22260552_all_noOutliers_topomap_betaL.png,/kaggle/working/outputs/TESE_pruebas/run_20260902_145353/processed_data/figures/topomaps/22260552_all_noOutliers_topomap_betaL.png,198.54
22260552_all_noOutliers_topomap_gamma.png,/kaggle/working/outputs/TESE_pruebas/run_20260902_145353/processed_data/figures/topomaps/22260552_all_noOutliers_topomap_gamma.png,301.92
22260552_all_noOutliers_topomap_theta.png,/kaggle/working/outputs/TESE_pruebas/run_20260902_145353/processed_data/figures/topomaps/22260552_all_noOutliers_topomap_theta.png,201.55
22260552_all_sinArtefactosConservador_topomap_alpha.png,/kaggle/working/outputs/TESE_pruebas/run_20260902_145353/processed_data/figures/topomaps/22260552_all_sinArtefactosConservador_topomap_alpha.png,227.83
22260552_all_sinArtefactosConservador_topomap_betaH.png,/kaggle/working/outputs/TESE_pruebas/run_20260902_145353/processed_data/figures/topomaps/22260552_all_sinArtefactosConservador_topomap_betaH.png,240.85
22260552_all_sinArtefactosConservador_topomap_betaL.png,/kaggle/working/outputs/TESE_pruebas/run_20260902_145353/processed_data/figures/topomaps/22260552_all_sinArtefactosConservador_topomap_betaL.png,201.35
22260552_all_sinArtefactosConservador_topomap_gamma.png,/kaggle/working/outputs/TESE_pruebas/run_20260902_145353/processed_data/figures/topomaps/22260552_all_sinArtefactosConservador_topomap_gamma.png,294.93
22260552_all_sinArtefactosConservador_topomap_theta.png,/kaggle/working/outputs/TESE_pruebas/run_20260902_145353/processed_data/figures/topomaps/22260552_all_sinArtefactosConservador_topomap_theta.png,204.66
22260552_all_sinArtefactosEstricto_topomap_alpha.png,/kaggle/working/outputs/TESE_pruebas/run_20260902_145353/processed_data/figures/topomaps/22260552_all_sinArtefactosEstricto_topomap_alpha.png,230.16
22260552_all_sinArtefactosEstricto_topomap_betaH.png,/kaggle/working/outputs/TESE_pruebas/run_20260902_145353/processed_data/figures/topomaps/22260552_all_sinArtefactosEstricto_topomap_betaH.png,209.33
22260552_all_sinArtefactosEstricto_topomap_betaL.png,/kaggle/working/outputs/TESE_pruebas/run_20260902_145353/processed_data/figures/topomaps/22260552_all_sinArtefactosEstricto_topomap_betaL.png,226.75
22260552_all_sinArtefactosEstricto_topomap_gamma.png,/kaggle/working/outputs/TESE_pruebas/run_20260902_145353/processed_data/figures/topomaps/22260552_all_sinArtefactosEstricto_topomap_gamma.png,229.87
22260552_all_sinArtefactosEstricto_topomap_theta.png,/kaggle/working/outputs/TESE_pruebas/run_20260902_145353/processed_data/figures/topomaps/22260552_all_sinArtefactosEstricto_topomap_theta.png,201.16
231260558_all_cleanSmooth_topomap_alpha.png,/kaggle/working/outputs/TESE_pruebas/run_20260902_145353/processed_data/figures/topomaps/231260558_all_cleanSmooth_topomap_alpha.png,271.34
231260558_all_cleanSmooth_topomap_betaH.png,/kaggle/working/outputs/TESE_pruebas/run_20260902_145353/processed_data/figures/topomaps/231260558_all_cleanSmooth_topomap_betaH.png,254.78
231260558_all_cleanSmooth_topomap_betaL.png,/kaggle/working/outputs/TESE_pruebas/run_20260902_145353/processed_data/figures/topomaps/231260558_all_cleanSmooth_topomap_betaL.png,264.61
231260558_all_cleanSmooth_topomap_gamma.png,/kaggle/working/outputs/TESE_pruebas/run_20260902_145353/processed_data/figures/topomaps/231260558_all_cleanSmooth_topomap_gamma.png,281.12
231260558_all_cleanSmooth_topomap_theta.png,/kaggle/working/outputs/TESE_pruebas/run_20260902_145353/processed_data/figures/topomaps/231260558_all_cleanSmooth_topomap_theta.png,212.37
231260558_all_noOutliers_topomap_alpha.png,/kaggle/working/outputs/TESE_pruebas/run_20260902_145353/processed_data/figures/topomaps/231260558_all_noOutliers_topomap_alpha.png,228.81
231260558_all_noOutliers_topomap_betaH.png,/kaggle/working/outputs/TESE_pruebas/run_20260902_145353/processed_data/figures/topomaps/231260558_all_noOutliers_topomap_betaH.png,225.88
231260558_all_noOutliers_topomap_betaL.png,/kaggle/working/outputs/TESE_pruebas/run_20260902_145353/processed_data/figures/topomaps/231260558_all_noOutliers_topomap_betaL.png,228.49
231260558_all_noOutliers_topomap_gamma.png,/kaggle/working/outputs/TESE_pruebas/run_20260902_145353/processed_data/figures/topomaps/231260558_all_noOutliers_topomap_gamma.png,236.37
231260558_all_noOutliers_topomap_theta.png,/kaggle/working/outputs/TESE_pruebas/run_20260902_145353/processed_data/figures/topomaps/231260558_all_noOutliers_topomap_theta.png,236.58
231260558_all_sinArtefactosConservador_topomap_alpha.png,/kaggle/working/outputs/TESE_pruebas/run_20260902_145353/processed_data/figures/topomaps/231260558_all_sinArtefactosConservador_topomap_alpha.png,231.53
231260558_all_sinArtefactosConservador_topomap_betaH.png,/kaggle/working/outputs/TESE_pruebas/run_20260902_145353/processed_data/figures/topomaps/231260558_all_sinArtefactosConservador_topomap_betaH.png,243.87
231260558_all_sinArtefactosConservador_topomap_betaL.png,/kaggle/working/outputs/TESE_pruebas/run_20260902_145353/processed_data/figures/topomaps/231260558_all_sinArtefactosConservador_topomap_betaL.png,233.18
231260558_all_sinArtefactosConservador_topomap_gamma.png,/kaggle/working/outputs/TESE_pruebas/run_20260902_145353/processed_data/figures/topomaps/231260558_all_sinArtefactosConservador_topomap_gamma.png,250.79
231260558_all_sinArtefactosConservador_topomap_theta.png,/kaggle/working/outputs/TESE_pruebas/run_20260902_145353/processed_data/figures/topomaps/231260558_all_sinArtefactosConservador_topomap_theta.png,232.76
231260558_all_sinArtefactosEstricto_topomap_alpha.png,/kaggle/working/outputs/TESE_pruebas/run_20260902_145353/processed_data/figures/topomaps/231260558_all_sinArtefactosEstricto_topomap_alpha.png,230.0
231260558_all_sinArtefactosEstricto_topomap_betaH.png,/kaggle/working/outputs/TESE_pruebas/run_20260902_145353/processed_data/figures/topomaps/231260558_all_sinArtefactosEstricto_topomap_betaH.png,241.9
231260558_all_sinArtefactosEstricto_topomap_betaL.png,/kaggle/working/outputs/TESE_pruebas/run_20260902_145353/processed_data/figures/topomaps/231260558_all_sinArtefactosEstricto_topomap_betaL.png,230.37
231260558_all_sinArtefactosEstricto_topomap_gamma.png,/kaggle/working/outputs/TESE_pruebas/run_20260902_145353/processed_data/figures/topomaps/231260558_all_sinArtefactosEstricto_topomap_gamma.png,244.14
231260558_all_sinArtefactosEstricto_topomap_theta.png,/kaggle/working/outputs/TESE_pruebas/run_20260902_145353/processed_data/figures/topomaps/231260558_all_sinArtefactosEstricto_topomap_theta.png,240.85
252260554_all_cleanSmooth_topomap_alpha.png,/kaggle/working/outputs/TESE_pruebas/run_20260902_145353/processed_data/figures/topomaps/252260554_all_cleanSmooth_topomap_alpha.png,295.07
252260554_all_cleanSmooth_topomap_betaH.png,/kaggle/working/outputs/TESE_pruebas/run_20260902_145353/processed_data/figures/topomaps/252260554_all_cleanSmooth_topomap_betaH.png,302.32
252260554_all_cleanSmooth_topomap_betaL.png,/kaggle/working/outputs/TESE_pruebas/run_20260902_145353/processed_data/figures/topomaps/252260554_all_cleanSmooth_topomap_betaL.png,309.47
252260554_all_cleanSmooth_topomap_gamma.png,/kaggle/working/outputs/TESE_pruebas/run_20260902_145353/processed_data/figures/topomaps/252260554_all_cleanSmooth_topomap_gamma.png,336.5
252260554_all_cleanSmooth_topomap_theta.png,/kaggle/working/outputs/TESE_pruebas/run_20260902_145353/processed_data/figures/topomaps/252260554_all_cleanSmooth_topomap_theta.png,243.95
252260554_all_noOutliers_topomap_alpha.png,/kaggle/working/outputs/TESE_pruebas/run_20260902_145353/processed_data/figures/topomaps/252260554_all_noOutliers_topomap_alpha.png,229.81
252260554_all_noOutliers_topomap_betaH.png,/kaggle/working/outputs/TESE_pruebas/run_20260902_145353/processed_data/figures/topomaps/252260554_all_noOutliers_topomap_betaH.png,218.68
252260554_all_noOutliers_topomap_betaL.png,/kaggle/working/outputs/TESE_pruebas/run_20260902_145353/processed_data/figures/topomaps/252260554_all_noOutliers_topomap_betaL.png,220.66
252260554_all_noOutliers_topomap_gamma.png,/kaggle/working/outputs/TESE_pruebas/run_20260902_145353/processed_data/figures/topomaps/252260554_all_noOutliers_topomap_gamma.png,245.26
252260554_all_noOutliers_topomap_theta.png,/kaggle/working/outputs/TESE_pruebas/run_20260902_145353/processed_data/figures/topomaps/252260554_all_noOutliers_topomap_theta.png,239.96
252260554_all_sinArtefactosConservador_topomap_alpha.png,/kaggle/working/outputs/TESE_pruebas/run_20260902_145353/processed_data/figures/topomaps/252260554_all_sinArtefactosConservador_topomap_alpha.png,224.53
252260554_all_sinArtefactosConservador_topomap_betaH.png,/kaggle/working/outputs/TESE_pruebas/run_20260902_145353/processed_data/figures/topomaps/252260554_all_sinArtefactosConservador_topomap_betaH.png,218.48
252260554_all_sinArtefactosConservador_topomap_betaL.png,/kaggle/working/outputs/TESE_pruebas/run_20260902_145353/processed_data/figures/topomaps/252260554_all_sinArtefactosConservador_topomap_betaL.png,219.6
252260554_all_sinArtefactosConservador_topomap_gamma.png,/kaggle/working/outputs/TESE_pruebas/run_20260902_145353/processed_data/figures/topomaps/252260554_all_sinArtefactosConservador_topomap_gamma.png,249.49
252260554_all_sinArtefactosConservador_topomap_theta.png,/kaggle/working/outputs/TESE_pruebas/run_20260902_145353/processed_data/figures/topomaps/252260554_all_sinArtefactosConservador_topomap_theta.png,216.75
252260554_all_sinArtefactosEstricto_topomap_alpha.png,/kaggle/working/outputs/TESE_pruebas/run_20260902_145353/processed_data/figures/topomaps/252260554_all_sinArtefactosEstricto_topomap_alpha.png,221.1
252260554_all_sinArtefactosEstricto_topomap_betaH.png,/kaggle/working/outputs/TESE_pruebas/run_20260902_145353/processed_data/figures/topomaps/252260554_all_sinArtefactosEstricto_topomap_betaH.png,259.73
252260554_all_sinArtefactosEstricto_topomap_betaL.png,/kaggle/working/outputs/TESE_pruebas/run_20260902_145353/processed_data/figures/topomaps/252260554_all_sinArtefactosEstricto_topomap_betaL.png,218.36
252260554_all_sinArtefactosEstricto_topomap_gamma.png,/kaggle/working/outputs/TESE_pruebas/run_20260902_145353/processed_data/figures/topomaps/252260554_all_sinArtefactosEstricto_topomap_gamma.png,266.62
252260554_all_sinArtefactosEstricto_topomap_theta.png,/kaggle/working/outputs/TESE_pruebas/run_20260902_145353/processed_data/figures/topomaps/252260554_all_sinArtefactosEstricto_topomap_theta.png,241.89
252260556_all_cleanSmooth_topomap_alpha.png,/kaggle/working/outputs/TESE_pruebas/run_20260902_145353/processed_data/figures/topomaps/252260556_all_cleanSmooth_topomap_alpha.png,250.23
252260556_all_cleanSmooth_topomap_betaH.png,/kaggle/working/outputs/TESE_pruebas/run_20260902_145353/processed_data/figures/topomaps/252260556_all_cleanSmooth_topomap_betaH.png,290.23
252260556_all_cleanSmooth_topomap_betaL.png,/kaggle/working/outputs/TESE_pruebas/run_20260902_145353/processed_data/figures/topomaps/252260556_all_cleanSmooth_topomap_betaL.png,213.48
252260556_all_cleanSmooth_topomap_gamma.png,/kaggle/working/outputs/TESE_pruebas/run_20260902_145353/processed_data/figures/topomaps/252260556_all_cleanSmooth_topomap_gamma.png,270.5
252260556_all_cleanSmooth_topomap_theta.png,/kaggle/working/outputs/TESE_pruebas/run_20260902_145353/processed_data/figures/topomaps/252260556_all_cleanSmooth_topomap_theta.png,199.33
252260556_all_noOutliers_topomap_alpha.png,/kaggle/working/outputs/TESE_pruebas/run_20260902_145353/processed_data/figures/topomaps/252260556_all_noOutliers_topomap_alpha.png,242.09
252260556_all_noOutliers_topomap_betaH.png,/kaggle/working/outputs/TESE_pruebas/run_20260902_145353/processed_data/figures/topomaps/252260556_all_noOutliers_topomap_betaH.png,222.4
252260556_all_noOutliers_topomap_betaL.png,/kaggle/working/outputs/TESE_pruebas/run_20260902_145353/processed_data/figures/topomaps/252260556_all_noOutliers_topomap_betaL.png,249.67
252260556_all_noOutliers_topomap_gamma.png,/kaggle/working/outputs/TESE_pruebas/run_20260902_145353/processed_data/figures/topomaps/252260556_all_noOutliers_topomap_gamma.png,235.19
252260556_all_noOutliers_topomap_theta.png,/kaggle/working/outputs/TESE_pruebas/run_20260902_145353/processed_data/figures/topomaps/252260556_all_noOutliers_topomap_theta.png,238.27
252260556_all_sinArtefactosConservador_topomap_alpha.png,/kaggle/working/outputs/TESE_pruebas/run_20260902_145353/processed_data/figures/topomaps/252260556_all_sinArtefactosConservador_topomap_alpha.png,252.16
252260556_all_sinArtefactosConservador_topomap_betaH.png,/kaggle/working/outputs/TESE_pruebas/run_20260902_145353/processed_data/figures/topomaps/252260556_all_sinArtefactosConservador_topomap_betaH.png,223.75
252260556_all_sinArtefactosConservador_topomap_betaL.png,/kaggle/working/outputs/TESE_pruebas/run_20260902_145353/processed_data/figures/topomaps/252260556_all_sinArtefactosConservador_topomap_betaL.png,246.46
252260556_all_sinArtefactosConservador_topomap_gamma.png,/kaggle/working/outputs/TESE_pruebas/run_20260902_145353/processed_data/figures/topomaps/252260556_all_sinArtefactosConservador_topomap_gamma.png,235.5
252260556_all_sinArtefactosConservador_topomap_theta.png,/kaggle/working/outputs/TESE_pruebas/run_20260902_145353/processed_data/figures/topomaps/252260556_all_sinArtefactosConservador_topomap_theta.png,234.02
252260556_all_sinArtefactosEstricto_topomap_alpha.png,/kaggle/working/outputs/TESE_pruebas/run_20260902_145353/processed_data/figures/topomaps/252260556_all_sinArtefactosEstricto_topomap_alpha.png,250.91
252260556_all_sinArtefactosEstricto_topomap_betaH.png,/kaggle/working/outputs/TESE_pruebas/run_20260902_145353/processed_data/figures/topomaps/252260556_all_sinArtefactosEstricto_topomap_betaH.png,216.88
252260556_all_sinArtefactosEstricto_topomap_betaL.png,/kaggle/working/outputs/TESE_pruebas/run_20260902_145353/processed_data/figures/topomaps/252260556_all_sinArtefactosEstricto_topomap_betaL.png,240.23
252260556_all_sinArtefactosEstricto_topomap_gamma.png,/kaggle/working/outputs/TESE_pruebas/run_20260902_145353/processed_data/figures/topomaps/252260556_all_sinArtefactosEstricto_topomap_gamma.png,224.75
252260556_all_sinArtefactosEstricto_topomap_theta.png,/kaggle/working/outputs/TESE_pruebas/run_20260902_145353/processed_data/figures/topomaps/252260556_all_sinArtefactosEstricto_topomap_theta.png,252.2
252260670_all_cleanSmooth_topomap_alpha.png,/kaggle/working/outputs/TESE_pruebas/run_20260902_145353/processed_data/figures/topomaps/252260670_all_cleanSmooth_topomap_alpha.png,257.6
252260670_all_cleanSmooth_topomap_betaH.png,/kaggle/working/outputs/TESE_pruebas/run_20260902_145353/processed_data/figures/topomaps/252260670_all_cleanSmooth_topomap_betaH.png,280.71
252260670_all_cleanSmooth_topomap_betaL.png,/kaggle/working/outputs/TESE_pruebas/run_20260902_145353/processed_data/figures/topomaps/252260670_all_cleanSmooth_topomap_betaL.png,275.67
252260670_all_cleanSmooth_topomap_gamma.png,/kaggle/working/outputs/TESE_pruebas/run_20260902_145353/processed_data/figures/topomaps/252260670_all_cleanSmooth_topomap_gamma.png,337.9
252260670_all_cleanSmooth_topomap_theta.png,/kaggle/working/outputs/TESE_pruebas/run_20260902_145353/processed_data/figures/topomaps/252260670_all_cleanSmooth_topomap_theta.png,305.2
252260670_all_noOutliers_topomap_alpha.png,/kaggle/working/outputs/TESE_pruebas/run_20260902_145353/processed_data/figures/topomaps/252260670_all_noOutliers_topomap_alpha.png,237.87
252260670_all_noOutliers_topomap_betaH.png,/kaggle/working/outputs/TESE_pruebas/run_20260902_145353/processed_data/figures/topomaps/252260670_all_noOutliers_topomap_betaH.png,235.16
252260670_all_noOutliers_topomap_betaL.png,/kaggle/working/outputs/TESE_pruebas/run_20260902_145353/processed_data/figures/topomaps/252260670_all_noOutliers_topomap_betaL.png,236.51
252260670_all_noOutliers_topomap_gamma.png,/kaggle/working/outputs/TESE_pruebas/run_20260902_145353/processed_data/figures/topomaps/252260670_all_noOutliers_topomap_gamma.png,250.5
252260670_all_noOutliers_topomap_theta.png,/kaggle/working/outputs/TESE_pruebas/run_20260902_145353/processed_data/figures/topomaps/252260670_all_noOutliers_topomap_theta.png,255.56
252260670_all_sinArtefactosConservador_topomap_alpha.png,/kaggle/working/outputs/TESE_pruebas/run_20260902_145353/processed_data/figures/topomaps/252260670_all_sinArtefactosConservador_topomap_alpha.png,244.13
252260670_all_sinArtefactosConservador_topomap_betaH.png,/kaggle/working/outputs/TESE_pruebas/run_20260902_145353/processed_data/figures/topomaps/252260670_all_sinArtefactosConservador_topomap_betaH.png,237.68
252260670_all_sinArtefactosConservador_topomap_betaL.png,/kaggle/working/outputs/TESE_pruebas/run_20260902_145353/processed_data/figures/topomaps/252260670_all_sinArtefactosConservador_topomap_betaL.png,236.55
252260670_all_sinArtefactosConservador_topomap_gamma.png,/kaggle/working/outputs/TESE_pruebas/run_20260902_145353/processed_data/figures/topomaps/252260670_all_sinArtefactosConservador_topomap_gamma.png,259.97
252260670_all_sinArtefactosConservador_topomap_theta.png,/kaggle/working/outputs/TESE_pruebas/run_20260902_145353/processed_data/figures/topomaps/252260670_all_sinArtefactosConservador_topomap_theta.png,243.76
252260670_all_sinArtefactosEstricto_topomap_alpha.png,/kaggle/working/outputs/TESE_pruebas/run_20260902_145353/processed_data/figures/topomaps/252260670_all_sinArtefactosEstricto_topomap_alpha.png,245.21
252260670_all_sinArtefactosEstricto_topomap_betaH.png,/kaggle/working/outputs/TESE_pruebas/run_20260902_145353/processed_data/figures/topomaps/252260670_all_sinArtefactosEstricto_topomap_betaH.png,257.47
252260670_all_sinArtefactosEstricto_topomap_betaL.png,/kaggle/working/outputs/TESE_pruebas/run_20260902_145353/processed_data/figures/topomaps/252260670_all_sinArtefactosEstricto_topomap_betaL.png,244.6
252260670_all_sinArtefactosEstricto_topomap_gamma.png,/kaggle/working/outputs/TESE_pruebas/run_20260902_145353/processed_data/figures/topomaps/252260670_all_sinArtefactosEstricto_topomap_gamma.png,257.04
252260670_all_sinArtefactosEstricto_topomap_theta.png,/kaggle/working/outputs/TESE_pruebas/run_20260902_145353/processed_data/figures/topomaps/252260670_all_sinArtefactosEstricto_topomap_theta.png,245.25
cano_all_cleanSmooth_topomap_alpha.png,/kaggle/working/outputs/TESE_pruebas/run_20260902_145353/processed_data/figures/topomaps/cano_all_cleanSmooth_topomap_alpha.png,248.1
cano_all_cleanSmooth_topomap_betaH.png,/kaggle/working/outputs/TESE_pruebas/run_20260902_145353/processed_data/figures/topomaps/cano_all_cleanSmooth_topomap_betaH.png,240.09
cano_all_cleanSmooth_topomap_betaL.png,/kaggle/working/outputs/TESE_pruebas/run_20260902_145353/processed_data/figures/topomaps/cano_all_cleanSmooth_topomap_betaL.png,301.27
cano_all_cleanSmooth_topomap_gamma.png,/kaggle/working/outputs/TESE_pruebas/run_20260902_145353/processed_data/figures/topomaps/cano_all_cleanSmooth_topomap_gamma.png,244.46
cano_all_cleanSmooth_topomap_theta.png,/kaggle/working/outputs/TESE_pruebas/run_20260902_145353/processed_data/figures/topomaps/cano_all_cleanSmooth_topomap_theta.png,217.03
cano_all_noOutliers_topomap_alpha.png,/kaggle/working/outputs/TESE_pruebas/run_20260902_145353/processed_data/figures/topomaps/cano_all_noOutliers_topomap_alpha.png,262.45
cano_all_noOutliers_topomap_betaH.png,/kaggle/working/outputs/TESE_pruebas/run_20260902_145353/processed_data/figures/topomaps/cano_all_noOutliers_topomap_betaH.png,259.5
cano_all_noOutliers_topomap_betaL.png,/kaggle/working/outputs/TESE_pruebas/run_20260902_145353/processed_data/figures/topomaps/cano_all_noOutliers_topomap_betaL.png,250.69
cano_all_noOutliers_topomap_gamma.png,/kaggle/working/outputs/TESE_pruebas/run_20260902_145353/processed_data/figures/topomaps/cano_all_noOutliers_topomap_gamma.png,273.28
cano_all_noOutliers_topomap_theta.png,/kaggle/working/outputs/TESE_pruebas/run_20260902_145353/processed_data/figures/topomaps/cano_all_noOutliers_topomap_theta.png,244.52
cano_all_sinArtefactosConservador_topomap_alpha.png,/kaggle/working/outputs/TESE_pruebas/run_20260902_145353/processed_data/figures/topomaps/cano_all_sinArtefactosConservador_topomap_alpha.png,285.8
cano_all_sinArtefactosConservador_topomap_betaH.png,/kaggle/working/outputs/TESE_pruebas/run_20260902_145353/processed_data/figures/topomaps/cano_all_sinArtefactosConservador_topomap_betaH.png,283.27
cano_all_sinArtefactosConservador_topomap_betaL.png,/kaggle/working/outputs/TESE_pruebas/run_20260902_145353/processed_data/figures/topomaps/cano_all_sinArtefactosConservador_topomap_betaL.png,284.09
cano_all_sinArtefactosConservador_topomap_gamma.png,/kaggle/working/outputs/TESE_pruebas/run_20260902_145353/processed_data/figures/topomaps/cano_all_sinArtefactosConservador_topomap_gamma.png,285.86
cano_all_sinArtefactosConservador_topomap_theta.png,/kaggle/working/outputs/TESE_pruebas/run_20260902_145353/processed_data/figures/topomaps/cano_all_sinArtefactosConservador_topomap_theta.png,294.0
cano_all_sinArtefactosEstricto_topomap_alpha.png,/kaggle/working/outputs/TESE_pruebas/run_20260902_145353/processed_data/figures/topomaps/cano_all_sinArtefactosEstricto_topomap_alpha.png,283.07
cano_all_sinArtefactosEstricto_topomap_betaH.png,/kaggle/working/outputs/TESE_pruebas/run_20260902_145353/processed_data/figures/topomaps/cano_all_sinArtefactosEstricto_topomap_betaH.png,280.29
cano_all_sinArtefactosEstricto_topomap_betaL.png,/kaggle/working/outputs/TESE_pruebas/run_20260902_145353/processed_data/figures/topomaps/cano_all_sinArtefactosEstricto_topomap_betaL.png,273.65
cano_all_sinArtefactosEstricto_topomap_gamma.png,/kaggle/working/outputs/TESE_pruebas/run_20260902_145353/processed_data/figures/topomaps/cano_all_sinArtefactosEstricto_topomap_gamma.png,283.87
cano_all_sinArtefactosEstricto_topomap_theta.png,/kaggle/working/outputs/TESE_pruebas/run_20260902_145353/processed_data/figures/topomaps/cano_all_sinArtefactosEstricto_topomap_theta.png,296.66
villanueva_all_cleanSmooth_topomap_alpha.png,/kaggle/working/outputs/TESE_pruebas/run_20260902_145353/processed_data/figures/topomaps/villanueva_all_cleanSmooth_topomap_alpha.png,237.21
villanueva_all_cleanSmooth_topomap_betaH.png,/kaggle/working/outputs/TESE_pruebas/run_20260902_145353/processed_data/figures/topomaps/villanueva_all_cleanSmooth_topomap_betaH.png,237.01
villanueva_all_cleanSmooth_topomap_betaL.png,/kaggle/working/outputs/TESE_pruebas/run_20260902_145353/processed_data/figures/topomaps/villanueva_all_cleanSmooth_topomap_betaL.png,219.02
villanueva_all_cleanSmooth_topomap_gamma.png,/kaggle/working/outputs/TESE_pruebas/run_20260902_145353/processed_data/figures/topomaps/villanueva_all_cleanSmooth_topomap_gamma.png,275.25
villanueva_all_cleanSmooth_topomap_theta.png,/kaggle/working/outputs/TESE_pruebas/run_20260902_145353/processed_data/figures/topomaps/villanueva_all_cleanSmooth_topomap_theta.png,223.37
villanueva_all_noOutliers_topomap_alpha.png,/kaggle/working/outputs/TESE_pruebas/run_20260902_145353/processed_data/figures/topomaps/villanueva_all_noOutliers_topomap_alpha.png,243.28
villanueva_all_noOutliers_topomap_betaH.png,/kaggle/working/outputs/TESE_pruebas/run_20260902_145353/processed_data/figures/topomaps/villanueva_all_noOutliers_topomap_betaH.png,223.01
villanueva_all_noOutliers_topomap_betaL.png,/kaggle/working/outputs/TESE_pruebas/run_20260902_145353/processed_data/figures/topomaps/villanueva_all_noOutliers_topomap_betaL.png,214.03
villanueva_all_noOutliers_topomap_gamma.png,/kaggle/working/outputs/TESE_pruebas/run_20260902_145353/processed_data/figures/topomaps/villanueva_all_noOutliers_topomap_gamma.png,234.37
villanueva_all_noOutliers_topomap_theta.png,/kaggle/working/outputs/TESE_pruebas/run_20260902_145353/processed_data/figures/topomaps/villanueva_all_noOutliers_topomap_theta.png,247.59
villanueva_all_sinArtefactosConservador_topomap_alpha.png,/kaggle/working/outputs/TESE_pruebas/run_20260902_145353/processed_data/figures/topomaps/villanueva_all_sinArtefactosConservador_topomap_alpha.png,241.24
villanueva_all_sinArtefactosConservador_topomap_betaH.png,/kaggle/working/outputs/TESE_pruebas/run_20260902_145353/processed_data/figures/topomaps/villanueva_all_sinArtefactosConservador_topomap_betaH.png,228.71
villanueva_all_sinArtefactosConservador_topomap_betaL.png,/kaggle/working/outputs/TESE_pruebas/run_20260902_145353/processed_data/figures/topomaps/villanueva_all_sinArtefactosConservador_topomap_betaL.png,216.93
villanueva_all_sinArtefactosConservador_topomap_gamma.png,/kaggle/working/outputs/TESE_pruebas/run_20260902_145353/processed_data/figures/topomaps/villanueva_all_sinArtefactosConservador_topomap_gamma.png,240.13
villanueva_all_sinArtefactosConservador_topomap_theta.png,/kaggle/working/outputs/TESE_pruebas/run_20260902_145353/processed_data/figures/topomaps/villanueva_all_sinArtefactosConservador_topomap_theta.png,255.54
villanueva_all_sinArtefactosEstricto_topomap_alpha.png,/kaggle/working/outputs/TESE_pruebas/run_20260902_145353/processed_data/figures/topomaps/villanueva_all_sinArtefactosEstricto_topomap_alpha.png,236.23
villanueva_all_sinArtefactosEstricto_topomap_betaH.png,/kaggle/working/outputs/TESE_pruebas/run_20260902_145353/processed_data/figures/topomaps/villanueva_all_sinArtefactosEstricto_topomap_betaH.png,214.47
villanueva_all_sinArtefactosEstricto_topomap_betaL.png,/kaggle/working/outputs/TESE_pruebas/run_20260902_145353/processed_data/figures/topomaps/villanueva_all_sinArtefactosEstricto_topomap_betaL.png,204.26
villanueva_all_sinArtefactosEstricto_topomap_gamma.png,/kaggle/working/outputs/TESE_pruebas/run_20260902_145353/processed_data/figures/topomaps/villanueva_all_sinArtefactosEstricto_topomap_gamma.png,242.76
villanueva_all_sinArtefactosEstricto_topomap_theta.png,/kaggle/working/outputs/TESE_pruebas/run_20260902_145353/processed_data/figures/topomaps/villanueva_all_sinArtefactosEstricto_topomap_theta.png,249.47
confusion_villanueva_all_noOutliers_IBk_kNN.png,/kaggle/working/outputs/TESE_pruebas/run_20260902_145353/processed_data/figures/villanueva/confusion_villanueva_all_noOutliers_IBk_kNN.png,27.43
confusion_villanueva_all_noOutliers_J48_C45.png,/kaggle/working/outputs/TESE_pruebas/run_20260902_145353/processed_data/figures/villanueva/confusion_villanueva_all_noOutliers_J48_C45.png,29.38
confusion_villanueva_all_noOutliers_MLP.png,/kaggle/working/outputs/TESE_pruebas/run_20260902_145353/processed_data/figures/villanueva/confusion_villanueva_all_noOutliers_MLP.png,27.92
confusion_villanueva_all_noOutliers_NaiveBayes.png,/kaggle/working/outputs/TESE_pruebas/run_20260902_145353/processed_data/figures/villanueva/confusion_villanueva_all_noOutliers_NaiveBayes.png,27.21
confusion_villanueva_all_noOutliers_RBFNetwork_aprox.png,/kaggle/working/outputs/TESE_pruebas/run_20260902_145353/processed_data/figures/villanueva/confusion_villanueva_all_noOutliers_RBFNetwork_aprox.png,29.01
confusion_villanueva_all_noOutliers_RandomForest.png,/kaggle/working/outputs/TESE_pruebas/run_20260902_145353/processed_data/figures/villanueva/confusion_villanueva_all_noOutliers_RandomForest.png,28.29
confusion_villanueva_all_noOutliers_SMO_SVM.png,/kaggle/working/outputs/TESE_pruebas/run_20260902_145353/processed_data/figures/villanueva/confusion_villanueva_all_noOutliers_SMO_SVM.png,29.1
211260561_all_cleanNorm.csv,/kaggle/working/outputs/TESE_pruebas/run_20260902_145353/processed_data/filtrado/211260561_FILTRADO/211260561_all_cleanNorm.csv,683.23
211260561_all_cleanSmooth.csv,/kaggle/working/outputs/TESE_pruebas/run_20260902_145353/processed_data/filtrado/211260561_FILTRADO/211260561_all_cleanSmooth.csv,684.82
211260561_all_noOutliers.csv,/kaggle/working/outputs/TESE_pruebas/run_20260902_145353/processed_data/filtrado/211260561_FILTRADO/211260561_all_noOutliers.csv,207.93
211260561_all_outliers.csv,/kaggle/working/outputs/TESE_pruebas/run_20260902_145353/processed_data/filtrado/211260561_FILTRADO/211260561_all_outliers.csv,293.99
211260561_all_sinArtefactosConservador.csv,/kaggle/working/outputs/TESE_pruebas/run_20260902_145353/processed_data/filtrado/211260561_FILTRADO/211260561_all_sinArtefactosConservador.csv,166.34
211260561_all_sinArtefactosEstricto.csv,/kaggle/working/outputs/TESE_pruebas/run_20260902_145353/processed_data/filtrado/211260561_FILTRADO/211260561_all_sinArtefactosEstricto.csv,121.4
211260561_left_cleanNorm.csv,/kaggle/working/outputs/TESE_pruebas/run_20260902_145353/processed_data/filtrado/211260561_FILTRADO/211260561_left_cleanNorm.csv,298.95
211260561_left_cleanSmooth.csv,/kaggle/working/outputs/TESE_pruebas/run_20260902_145353/processed_data/filtrado/211260561_FILTRADO/211260561_left_cleanSmooth.csv,299.56
211260561_left_noOutliers.csv,/kaggle/working/outputs/TESE_pruebas/run_20260902_145353/processed_data/filtrado/211260561_FILTRADO/211260561_left_noOutliers.csv,91.38
211260561_left_outliers.csv,/kaggle/working/outputs/TESE_pruebas/run_20260902_145353/processed_data/filtrado/211260561_FILTRADO/211260561_left_outliers.csv,127.72
211260561_left_sinArtefactosConservador.csv,/kaggle/working/outputs/TESE_pruebas/run_20260902_145353/processed_data/filtrado/211260561_FILTRADO/211260561_left_sinArtefactosConservador.csv,91.38
211260561_left_sinArtefactosEstricto.csv,/kaggle/working/outputs/TESE_pruebas/run_20260902_145353/processed_data/filtrado/211260561_FILTRADO/211260561_left_sinArtefactosEstricto.csv,91.38
211260561_pull_cleanNorm.csv,/kaggle/working/outputs/TESE_pruebas/run_20260902_145353/processed_data/filtrado/211260561_FILTRADO/211260561_pull_cleanNorm.csv,111.47
211260561_pull_cleanSmooth.csv,/kaggle/working/outputs/TESE_pruebas/run_20260902_145353/processed_data/filtrado/211260561_FILTRADO/211260561_pull_cleanSmooth.csv,112.15
211260561_pull_noOutliers.csv,/kaggle/working/outputs/TESE_pruebas/run_20260902_145353/processed_data/filtrado/211260561_FILTRADO/211260561_pull_noOutliers.csv,34.52
211260561_pull_outliers.csv,/kaggle/working/outputs/TESE_pruebas/run_20260902_145353/processed_data/filtrado/211260561_FILTRADO/211260561_pull_outliers.csv,47.43
211260561_pull_sinArtefactosConservador.csv,/kaggle/working/outputs/TESE_pruebas/run_20260902_145353/processed_data/filtrado/211260561_FILTRADO/211260561_pull_sinArtefactosConservador.csv,34.52
211260561_pull_sinArtefactosEstricto.csv,/kaggle/working/outputs/TESE_pruebas/run_20260902_145353/processed_data/filtrado/211260561_FILTRADO/211260561_pull_sinArtefactosEstricto.csv,34.52
211260561_push_cleanNorm.csv,/kaggle/working/outputs/TESE_pruebas/run_20260902_145353/processed_data/filtrado/211260561_FILTRADO/211260561_push_cleanNorm.csv,186.09
211260561_push_cleanSmooth.csv,/kaggle/working/outputs/TESE_pruebas/run_20260902_145353/processed_data/filtrado/211260561_FILTRADO/211260561_push_cleanSmooth.csv,186.58
211260561_push_noOutliers.csv,/kaggle/working/outputs/TESE_pruebas/run_20260902_145353/processed_data/filtrado/211260561_FILTRADO/211260561_push_noOutliers.csv,57.06
211260561_push_outliers.csv,/kaggle/working/outputs/TESE_pruebas/run_20260902_145353/processed_data/filtrado/211260561_FILTRADO/211260561_push_outliers.csv,83.95
211260561_push_sinArtefactosConservador.csv,/kaggle/working/outputs/TESE_pruebas/run_20260902_145353/processed_data/filtrado/211260561_FILTRADO/211260561_push_sinArtefactosConservador.csv,57.06
211260561_push_sinArtefactosEstricto.csv,/kaggle/working/outputs/TESE_pruebas/run_20260902_145353/processed_data/filtrado/211260561_FILTRADO/211260561_push_sinArtefactosEstricto.csv,57.06
211260561_right_cleanNorm.csv,/kaggle/working/outputs/TESE_pruebas/run_20260902_145353/processed_data/filtrado/211260561_FILTRADO/211260561_right_cleanNorm.csv,93.92
211260561_right_cleanSmooth.csv,/kaggle/working/outputs/TESE_pruebas/run_20260902_145353/processed_data/filtrado/211260561_FILTRADO/211260561_right_cleanSmooth.csv,94.3
211260561_right_noOutliers.csv,/kaggle/working/outputs/TESE_pruebas/run_20260902_145353/processed_data/filtrado/211260561_FILTRADO/211260561_right_noOutliers.csv,28.98
211260561_right_outliers.csv,/kaggle/working/outputs/TESE_pruebas/run_20260902_145353/processed_data/filtrado/211260561_FILTRADO/211260561_right_outliers.csv,36.82
211260561_right_sinArtefactosConservador.csv,/kaggle/working/outputs/TESE_pruebas/run_20260902_145353/processed_data/filtrado/211260561_FILTRADO/211260561_right_sinArtefactosConservador.csv,28.98
211260561_right_sinArtefactosEstricto.csv,/kaggle/working/outputs/TESE_pruebas/run_20260902_145353/processed_data/filtrado/211260561_FILTRADO/211260561_right_sinArtefactosEstricto.csv,28.98
212260563_all_cleanNorm.csv,/kaggle/working/outputs/TESE_pruebas/run_20260902_145353/processed_data/filtrado/212260563_FILTRADO/212260563_all_cleanNorm.csv,181.75
212260563_all_cleanSmooth.csv,/kaggle/working/outputs/TESE_pruebas/run_20260902_145353/processed_data/filtrado/212260563_FILTRADO/212260563_all_cleanSmooth.csv,181.62
212260563_all_noOutliers.csv,/kaggle/working/outputs/TESE_pruebas/run_20260902_145353/processed_data/filtrado/212260563_FILTRADO/212260563_all_noOutliers.csv,55.08
212260563_all_outliers.csv,/kaggle/working/outputs/TESE_pruebas/run_20260902_145353/processed_data/filtrado/212260563_FILTRADO/212260563_all_outliers.csv,69.23
212260563_all_sinArtefactosConservador.csv,/kaggle/working/outputs/TESE_pruebas/run_20260902_145353/processed_data/filtrado/212260563_FILTRADO/212260563_all_sinArtefactosConservador.csv,32.43
212260563_all_sinArtefactosEstricto.csv,/kaggle/working/outputs/TESE_pruebas/run_20260902_145353/processed_data/filtrado/212260563_FILTRADO/212260563_all_sinArtefactosEstricto.csv,19.36
212260563_left_cleanNorm.csv,/kaggle/working/outputs/TESE_pruebas/run_20260902_145353/processed_data/filtrado/212260563_FILTRADO/212260563_left_cleanNorm.csv,84.08
212260563_left_cleanSmooth.csv,/kaggle/working/outputs/TESE_pruebas/run_20260902_145353/processed_data/filtrado/212260563_FILTRADO/212260563_left_cleanSmooth.csv,83.84
212260563_left_noOutliers.csv,/kaggle/working/outputs/TESE_pruebas/run_20260902_145353/processed_data/filtrado/212260563_FILTRADO/212260563_left_noOutliers.csv,25.37
212260563_left_outliers.csv,/kaggle/working/outputs/TESE_pruebas/run_20260902_145353/processed_data/filtrado/212260563_FILTRADO/212260563_left_outliers.csv,30.33
212260563_left_sinArtefactosConservador.csv,/kaggle/working/outputs/TESE_pruebas/run_20260902_145353/processed_data/filtrado/212260563_FILTRADO/212260563_left_sinArtefactosConservador.csv,25.37
212260563_left_sinArtefactosEstricto.csv,/kaggle/working/outputs/TESE_pruebas/run_20260902_145353/processed_data/filtrado/212260563_FILTRADO/212260563_left_sinArtefactosEstricto.csv,25.37
212260563_pull_cleanNorm.csv,/kaggle/working/outputs/TESE_pruebas/run_20260902_145353/processed_data/filtrado/212260563_FILTRADO/212260563_pull_cleanNorm.csv,43.69
212260563_pull_cleanSmooth.csv,/kaggle/working/outputs/TESE_pruebas/run_20260902_145353/processed_data/filtrado/212260563_FILTRADO/212260563_pull_cleanSmooth.csv,44.06
212260563_pull_noOutliers.csv,/kaggle/working/outputs/TESE_pruebas/run_20260902_145353/processed_data/filtrado/212260563_FILTRADO/212260563_pull_noOutliers.csv,14.36
212260563_pull_outliers.csv,/kaggle/working/outputs/TESE_pruebas/run_20260902_145353/processed_data/filtrado/212260563_FILTRADO/212260563_pull_outliers.csv,16.99
212260563_pull_sinArtefactosConservador.csv,/kaggle/working/outputs/TESE_pruebas/run_20260902_145353/processed_data/filtrado/212260563_FILTRADO/212260563_pull_sinArtefactosConservador.csv,14.36
212260563_pull_sinArtefactosEstricto.csv,/kaggle/working/outputs/TESE_pruebas/run_20260902_145353/processed_data/filtrado/212260563_FILTRADO/212260563_pull_sinArtefactosEstricto.csv,14.36
212260563_push_cleanNorm.csv,/kaggle/working/outputs/TESE_pruebas/run_20260902_145353/processed_data/filtrado/212260563_FILTRADO/212260563_push_cleanNorm.csv,7.34
212260563_push_cleanSmooth.csv,/kaggle/working/outputs/TESE_pruebas/run_20260902_145353/processed_data/filtrado/212260563_FILTRADO/212260563_push_cleanSmooth.csv,7.53
212260563_push_noOutliers.csv,/kaggle/working/outputs/TESE_pruebas/run_20260902_145353/processed_data/filtrado/212260563_FILTRADO/212260563_push_noOutliers.csv,2.75
212260563_push_outliers.csv,/kaggle/working/outputs/TESE_pruebas/run_20260902_145353/processed_data/filtrado/212260563_FILTRADO/212260563_push_outliers.csv,2.75
212260563_push_sinArtefactosConservador.csv,/kaggle/working/outputs/TESE_pruebas/run_20260902_145353/processed_data/filtrado/212260563_FILTRADO/212260563_push_sinArtefactosConservador.csv,2.75
212260563_push_sinArtefactosEstricto.csv,/kaggle/working/outputs/TESE_pruebas/run_20260902_145353/processed_data/filtrado/212260563_FILTRADO/212260563_push_sinArtefactosEstricto.csv,2.75
212260563_right_cleanNorm.csv,/kaggle/working/outputs/TESE_pruebas/run_20260902_145353/processed_data/filtrado/212260563_FILTRADO/212260563_right_cleanNorm.csv,54.86
212260563_right_cleanSmooth.csv,/kaggle/working/outputs/TESE_pruebas/run_20260902_145353/processed_data/filtrado/212260563_FILTRADO/212260563_right_cleanSmooth.csv,55.01
212260563_right_noOutliers.csv,/kaggle/working/outputs/TESE_pruebas/run_20260902_145353/processed_data/filtrado/212260563_FILTRADO/212260563_right_noOutliers.csv,16.96
212260563_right_outliers.csv,/kaggle/working/outputs/TESE_pruebas/run_20260902_145353/processed_data/filtrado/212260563_FILTRADO/212260563_right_outliers.csv,21.09
212260563_right_sinArtefactosConservador.csv,/kaggle/working/outputs/TESE_pruebas/run_20260902_145353/processed_data/filtrado/212260563_FILTRADO/212260563_right_sinArtefactosConservador.csv,16.96
212260563_right_sinArtefactosEstricto.csv,/kaggle/working/outputs/TESE_pruebas/run_20260902_145353/processed_data/filtrado/212260563_FILTRADO/212260563_right_sinArtefactosEstricto.csv,16.96
212260567_all_cleanNorm.csv,/kaggle/working/outputs/TESE_pruebas/run_20260902_145353/processed_data/filtrado/212260567_FILTRADO/212260567_all_cleanNorm.csv,168.15
212260567_all_cleanSmooth.csv,/kaggle/working/outputs/TESE_pruebas/run_20260902_145353/processed_data/filtrado/212260567_FILTRADO/212260567_all_cleanSmooth.csv,169.0
212260567_all_noOutliers.csv,/kaggle/working/outputs/TESE_pruebas/run_20260902_145353/processed_data/filtrado/212260567_FILTRADO/212260567_all_noOutliers.csv,54.35
212260567_all_outliers.csv,/kaggle/working/outputs/TESE_pruebas/run_20260902_145353/processed_data/filtrado/212260567_FILTRADO/212260567_all_outliers.csv,71.36
212260567_all_sinArtefactosConservador.csv,/kaggle/working/outputs/TESE_pruebas/run_20260902_145353/processed_data/filtrado/212260567_FILTRADO/212260567_all_sinArtefactosConservador.csv,37.46
212260567_all_sinArtefactosEstricto.csv,/kaggle/working/outputs/TESE_pruebas/run_20260902_145353/processed_data/filtrado/212260567_FILTRADO/212260567_all_sinArtefactosEstricto.csv,15.29
212260567_left_cleanNorm.csv,/kaggle/working/outputs/TESE_pruebas/run_20260902_145353/processed_data/filtrado/212260567_FILTRADO/212260567_left_cleanNorm.csv,64.9
212260567_left_cleanSmooth.csv,/kaggle/working/outputs/TESE_pruebas/run_20260902_145353/processed_data/filtrado/212260567_FILTRADO/212260567_left_cleanSmooth.csv,64.98
212260567_left_noOutliers.csv,/kaggle/working/outputs/TESE_pruebas/run_20260902_145353/processed_data/filtrado/212260567_FILTRADO/212260567_left_noOutliers.csv,21.16
212260567_left_outliers.csv,/kaggle/working/outputs/TESE_pruebas/run_20260902_145353/processed_data/filtrado/212260567_FILTRADO/212260567_left_outliers.csv,25.8
212260567_left_sinArtefactosConservador.csv,/kaggle/working/outputs/TESE_pruebas/run_20260902_145353/processed_data/filtrado/212260567_FILTRADO/212260567_left_sinArtefactosConservador.csv,21.16
212260567_left_sinArtefactosEstricto.csv,/kaggle/working/outputs/TESE_pruebas/run_20260902_145353/processed_data/filtrado/212260567_FILTRADO/212260567_left_sinArtefactosEstricto.csv,21.16
212260567_pull_cleanNorm.csv,/kaggle/working/outputs/TESE_pruebas/run_20260902_145353/processed_data/filtrado/212260567_FILTRADO/212260567_pull_cleanNorm.csv,73.79
212260567_pull_cleanSmooth.csv,/kaggle/working/outputs/TESE_pruebas/run_20260902_145353/processed_data/filtrado/212260567_FILTRADO/212260567_pull_cleanSmooth.csv,74.17
212260567_pull_noOutliers.csv,/kaggle/working/outputs/TESE_pruebas/run_20260902_145353/processed_data/filtrado/212260567_FILTRADO/212260567_pull_noOutliers.csv,24.38
212260567_pull_outliers.csv,/kaggle/working/outputs/TESE_pruebas/run_20260902_145353/processed_data/filtrado/212260567_FILTRADO/212260567_pull_outliers.csv,30.69
212260567_pull_sinArtefactosConservador.csv,/kaggle/working/outputs/TESE_pruebas/run_20260902_145353/processed_data/filtrado/212260567_FILTRADO/212260567_pull_sinArtefactosConservador.csv,24.38
212260567_pull_sinArtefactosEstricto.csv,/kaggle/working/outputs/TESE_pruebas/run_20260902_145353/processed_data/filtrado/212260567_FILTRADO/212260567_pull_sinArtefactosEstricto.csv,24.38
212260567_push_cleanNorm.csv,/kaggle/working/outputs/TESE_pruebas/run_20260902_145353/processed_data/filtrado/212260567_FILTRADO/212260567_push_cleanNorm.csv,35.9
212260567_push_cleanSmooth.csv,/kaggle/working/outputs/TESE_pruebas/run_20260902_145353/processed_data/filtrado/212260567_FILTRADO/212260567_push_cleanSmooth.csv,35.99
212260567_push_noOutliers.csv,/kaggle/working/outputs/TESE_pruebas/run_20260902_145353/processed_data/filtrado/212260567_FILTRADO/212260567_push_noOutliers.csv,12.08
212260567_push_outliers.csv,/kaggle/working/outputs/TESE_pruebas/run_20260902_145353/processed_data/filtrado/212260567_FILTRADO/212260567_push_outliers.csv,13.42
212260567_push_sinArtefactosConservador.csv,/kaggle/working/outputs/TESE_pruebas/run_20260902_145353/processed_data/filtrado/212260567_FILTRADO/212260567_push_sinArtefactosConservador.csv,12.08
212260567_push_sinArtefactosEstricto.csv,/kaggle/working/outputs/TESE_pruebas/run_20260902_145353/processed_data/filtrado/212260567_FILTRADO/212260567_push_sinArtefactosEstricto.csv,12.08
212260567_right_cleanNorm.csv,/kaggle/working/outputs/TESE_pruebas/run_20260902_145353/processed_data/filtrado/212260567_FILTRADO/212260567_right_cleanNorm.csv,8.71
212260567_right_cleanSmooth.csv,/kaggle/working/outputs/TESE_pruebas/run_20260902_145353/processed_data/filtrado/212260567_FILTRADO/212260567_right_cleanSmooth.csv,8.96
212260567_right_noOutliers.csv,/kaggle/working/outputs/TESE_pruebas/run_20260902_145353/processed_data/filtrado/212260567_FILTRADO/212260567_right_noOutliers.csv,3.37
212260567_right_outliers.csv,/kaggle/working/outputs/TESE_pruebas/run_20260902_145353/processed_data/filtrado/212260567_FILTRADO/212260567_right_outliers.csv,3.37
212260567_right_sinArtefactosConservador.csv,/kaggle/working/outputs/TESE_pruebas/run_20260902_145353/processed_data/filtrado/212260567_FILTRADO/212260567_right_sinArtefactosConservador.csv,3.37
212260567_right_sinArtefactosEstricto.csv,/kaggle/working/outputs/TESE_pruebas/run_20260902_145353/processed_data/filtrado/212260567_FILTRADO/212260567_right_sinArtefactosEstricto.csv,3.37
212260569_all_cleanNorm.csv,/kaggle/working/outputs/TESE_pruebas/run_20260902_145353/processed_data/filtrado/212260569_FILTRADO/212260569_all_cleanNorm.csv,271.16
212260569_all_cleanSmooth.csv,/kaggle/working/outputs/TESE_pruebas/run_20260902_145353/processed_data/filtrado/212260569_FILTRADO/212260569_all_cleanSmooth.csv,272.01
212260569_all_noOutliers.csv,/kaggle/working/outputs/TESE_pruebas/run_20260902_145353/processed_data/filtrado/212260569_FILTRADO/212260569_all_noOutliers.csv,92.04
212260569_all_outliers.csv,/kaggle/working/outputs/TESE_pruebas/run_20260902_145353/processed_data/filtrado/212260569_FILTRADO/212260569_all_outliers.csv,122.76
212260569_all_sinArtefactosConservador.csv,/kaggle/working/outputs/TESE_pruebas/run_20260902_145353/processed_data/filtrado/212260569_FILTRADO/212260569_all_sinArtefactosConservador.csv,59.66
212260569_all_sinArtefactosEstricto.csv,/kaggle/working/outputs/TESE_pruebas/run_20260902_145353/processed_data/filtrado/212260569_FILTRADO/212260569_all_sinArtefactosEstricto.csv,39.5
212260569_left_cleanNorm.csv,/kaggle/working/outputs/TESE_pruebas/run_20260902_145353/processed_data/filtrado/212260569_FILTRADO/212260569_left_cleanNorm.csv,101.28
212260569_left_cleanSmooth.csv,/kaggle/working/outputs/TESE_pruebas/run_20260902_145353/processed_data/filtrado/212260569_FILTRADO/212260569_left_cleanSmooth.csv,101.6
212260569_left_noOutliers.csv,/kaggle/working/outputs/TESE_pruebas/run_20260902_145353/processed_data/filtrado/212260569_FILTRADO/212260569_left_noOutliers.csv,34.96
212260569_left_outliers.csv,/kaggle/working/outputs/TESE_pruebas/run_20260902_145353/processed_data/filtrado/212260569_FILTRADO/212260569_left_outliers.csv,51.58
212260569_left_sinArtefactosConservador.csv,/kaggle/working/outputs/TESE_pruebas/run_20260902_145353/processed_data/filtrado/212260569_FILTRADO/212260569_left_sinArtefactosConservador.csv,34.96
212260569_left_sinArtefactosEstricto.csv,/kaggle/working/outputs/TESE_pruebas/run_20260902_145353/processed_data/filtrado/212260569_FILTRADO/212260569_left_sinArtefactosEstricto.csv,34.96
212260569_pull_cleanNorm.csv,/kaggle/working/outputs/TESE_pruebas/run_20260902_145353/processed_data/filtrado/212260569_FILTRADO/212260569_pull_cleanNorm.csv,33.61
212260569_pull_cleanSmooth.csv,/kaggle/working/outputs/TESE_pruebas/run_20260902_145353/processed_data/filtrado/212260569_FILTRADO/212260569_pull_cleanSmooth.csv,33.51
212260569_pull_noOutliers.csv,/kaggle/working/outputs/TESE_pruebas/run_20260902_145353/processed_data/filtrado/212260569_FILTRADO/212260569_pull_noOutliers.csv,11.76
212260569_pull_outliers.csv,/kaggle/working/outputs/TESE_pruebas/run_20260902_145353/processed_data/filtrado/212260569_FILTRADO/212260569_pull_outliers.csv,12.28
212260569_pull_sinArtefactosConservador.csv,/kaggle/working/outputs/TESE_pruebas/run_20260902_145353/processed_data/filtrado/212260569_FILTRADO/212260569_pull_sinArtefactosConservador.csv,11.76
212260569_pull_sinArtefactosEstricto.csv,/kaggle/working/outputs/TESE_pruebas/run_20260902_145353/processed_data/filtrado/212260569_FILTRADO/212260569_pull_sinArtefactosEstricto.csv,11.76
212260569_push_cleanNorm.csv,/kaggle/working/outputs/TESE_pruebas/run_20260902_145353/processed_data/filtrado/212260569_FILTRADO/212260569_push_cleanNorm.csv,140.37
212260569_push_cleanSmooth.csv,/kaggle/working/outputs/TESE_pruebas/run_20260902_145353/processed_data/filtrado/212260569_FILTRADO/212260569_push_cleanSmooth.csv,140.52
212260569_push_noOutliers.csv,/kaggle/working/outputs/TESE_pruebas/run_20260902_145353/processed_data/filtrado/212260569_FILTRADO/212260569_push_noOutliers.csv,47.58
212260569_push_outliers.csv,/kaggle/working/outputs/TESE_pruebas/run_20260902_145353/processed_data/filtrado/212260569_FILTRADO/212260569_push_outliers.csv,60.18
212260569_push_sinArtefactosConservador.csv,/kaggle/working/outputs/TESE_pruebas/run_20260902_145353/processed_data/filtrado/212260569_FILTRADO/212260569_push_sinArtefactosConservador.csv,47.58
212260569_push_sinArtefactosEstricto.csv,/kaggle/working/outputs/TESE_pruebas/run_20260902_145353/processed_data/filtrado/212260569_FILTRADO/212260569_push_sinArtefactosEstricto.csv,47.58
212260666_all_cleanNorm.csv,/kaggle/working/outputs/TESE_pruebas/run_20260902_145353/processed_data/filtrado/212260666_FILTRADO/212260666_all_cleanNorm.csv,272.54
212260666_all_cleanSmooth.csv,/kaggle/working/outputs/TESE_pruebas/run_20260902_145353/processed_data/filtrado/212260666_FILTRADO/212260666_all_cleanSmooth.csv,273.25
212260666_all_noOutliers.csv,/kaggle/working/outputs/TESE_pruebas/run_20260902_145353/processed_data/filtrado/212260666_FILTRADO/212260666_all_noOutliers.csv,84.4
212260666_all_outliers.csv,/kaggle/working/outputs/TESE_pruebas/run_20260902_145353/processed_data/filtrado/212260666_FILTRADO/212260666_all_outliers.csv,111.79
212260666_all_sinArtefactosConservador.csv,/kaggle/working/outputs/TESE_pruebas/run_20260902_145353/processed_data/filtrado/212260666_FILTRADO/212260666_all_sinArtefactosConservador.csv,52.06
212260666_all_sinArtefactosEstricto.csv,/kaggle/working/outputs/TESE_pruebas/run_20260902_145353/processed_data/filtrado/212260666_FILTRADO/212260666_all_sinArtefactosEstricto.csv,26.06
212260666_left_cleanNorm.csv,/kaggle/working/outputs/TESE_pruebas/run_20260902_145353/processed_data/filtrado/212260666_FILTRADO/212260666_left_cleanNorm.csv,22.06
212260666_left_cleanSmooth.csv,/kaggle/working/outputs/TESE_pruebas/run_20260902_145353/processed_data/filtrado/212260666_FILTRADO/212260666_left_cleanSmooth.csv,22.28
212260666_left_noOutliers.csv,/kaggle/working/outputs/TESE_pruebas/run_20260902_145353/processed_data/filtrado/212260666_FILTRADO/212260666_left_noOutliers.csv,7.32
212260666_left_outliers.csv,/kaggle/working/outputs/TESE_pruebas/run_20260902_145353/processed_data/filtrado/212260666_FILTRADO/212260666_left_outliers.csv,7.32
212260666_left_sinArtefactosConservador.csv,/kaggle/working/outputs/TESE_pruebas/run_20260902_145353/processed_data/filtrado/212260666_FILTRADO/212260666_left_sinArtefactosConservador.csv,7.32
212260666_left_sinArtefactosEstricto.csv,/kaggle/working/outputs/TESE_pruebas/run_20260902_145353/processed_data/filtrado/212260666_FILTRADO/212260666_left_sinArtefactosEstricto.csv,7.32
212260666_pull_cleanNorm.csv,/kaggle/working/outputs/TESE_pruebas/run_20260902_145353/processed_data/filtrado/212260666_FILTRADO/212260666_pull_cleanNorm.csv,154.61
212260666_pull_cleanSmooth.csv,/kaggle/working/outputs/TESE_pruebas/run_20260902_145353/processed_data/filtrado/212260666_FILTRADO/212260666_pull_cleanSmooth.csv,155.0
212260666_pull_noOutliers.csv,/kaggle/working/outputs/TESE_pruebas/run_20260902_145353/processed_data/filtrado/212260666_FILTRADO/212260666_pull_noOutliers.csv,48.27
212260666_pull_outliers.csv,/kaggle/working/outputs/TESE_pruebas/run_20260902_145353/processed_data/filtrado/212260666_FILTRADO/212260666_pull_outliers.csv,70.35
212260666_pull_sinArtefactosConservador.csv,/kaggle/working/outputs/TESE_pruebas/run_20260902_145353/processed_data/filtrado/212260666_FILTRADO/212260666_pull_sinArtefactosConservador.csv,48.27
212260666_pull_sinArtefactosEstricto.csv,/kaggle/working/outputs/TESE_pruebas/run_20260902_145353/processed_data/filtrado/212260666_FILTRADO/212260666_pull_sinArtefactosEstricto.csv,48.27
212260666_push_cleanNorm.csv,/kaggle/working/outputs/TESE_pruebas/run_20260902_145353/processed_data/filtrado/212260666_FILTRADO/212260666_push_cleanNorm.csv,45.41
212260666_push_cleanSmooth.csv,/kaggle/working/outputs/TESE_pruebas/run_20260902_145353/processed_data/filtrado/212260666_FILTRADO/212260666_push_cleanSmooth.csv,45.54
212260666_push_noOutliers.csv,/kaggle/working/outputs/TESE_pruebas/run_20260902_145353/processed_data/filtrado/212260666_FILTRADO/212260666_push_noOutliers.csv,14.59
212260666_push_outliers.csv,/kaggle/working/outputs/TESE_pruebas/run_20260902_145353/processed_data/filtrado/212260666_FILTRADO/212260666_push_outliers.csv,19.33
212260666_push_sinArtefactosConservador.csv,/kaggle/working/outputs/TESE_pruebas/run_20260902_145353/processed_data/filtrado/212260666_FILTRADO/212260666_push_sinArtefactosConservador.csv,14.59
212260666_push_sinArtefactosEstricto.csv,/kaggle/working/outputs/TESE_pruebas/run_20260902_145353/processed_data/filtrado/212260666_FILTRADO/212260666_push_sinArtefactosEstricto.csv,14.59
212260666_right_cleanNorm.csv,/kaggle/working/outputs/TESE_pruebas/run_20260902_145353/processed_data/filtrado/212260666_FILTRADO/212260666_right_cleanNorm.csv,48.7
212260666_right_cleanSmooth.csv,/kaggle/working/outputs/TESE_pruebas/run_20260902_145353/processed_data/filtrado/212260666_FILTRADO/212260666_right_cleanSmooth.csv,48.76
212260666_right_noOutliers.csv,/kaggle/working/outputs/TESE_pruebas/run_20260902_145353/processed_data/filtrado/212260666_FILTRADO/212260666_right_noOutliers.csv,15.4
212260666_right_outliers.csv,/kaggle/working/outputs/TESE_pruebas/run_20260902_145353/processed_data/filtrado/212260666_FILTRADO/212260666_right_outliers.csv,16.72
212260666_right_sinArtefactosConservador.csv,/kaggle/working/outputs/TESE_pruebas/run_20260902_145353/processed_data/filtrado/212260666_FILTRADO/212260666_right_sinArtefactosConservador.csv,15.4
212260666_right_sinArtefactosEstricto.csv,/kaggle/working/outputs/TESE_pruebas/run_20260902_145353/processed_data/filtrado/212260666_FILTRADO/212260666_right_sinArtefactosEstricto.csv,15.4
212260668_all_cleanNorm.csv,/kaggle/working/outputs/TESE_pruebas/run_20260902_145353/processed_data/filtrado/212260668_FILTRADO/212260668_all_cleanNorm.csv,269.49
212260668_all_cleanSmooth.csv,/kaggle/working/outputs/TESE_pruebas/run_20260902_145353/processed_data/filtrado/212260668_FILTRADO/212260668_all_cleanSmooth.csv,269.72
212260668_all_noOutliers.csv,/kaggle/working/outputs/TESE_pruebas/run_20260902_145353/processed_data/filtrado/212260668_FILTRADO/212260668_all_noOutliers.csv,90.6
212260668_all_outliers.csv,/kaggle/working/outputs/TESE_pruebas/run_20260902_145353/processed_data/filtrado/212260668_FILTRADO/212260668_all_outliers.csv,104.93
212260668_all_sinArtefactosConservador.csv,/kaggle/working/outputs/TESE_pruebas/run_20260902_145353/processed_data/filtrado/212260668_FILTRADO/212260668_all_sinArtefactosConservador.csv,60.29
212260668_all_sinArtefactosEstricto.csv,/kaggle/working/outputs/TESE_pruebas/run_20260902_145353/processed_data/filtrado/212260668_FILTRADO/212260668_all_sinArtefactosEstricto.csv,46.68
212260668_left_cleanNorm.csv,/kaggle/working/outputs/TESE_pruebas/run_20260902_145353/processed_data/filtrado/212260668_FILTRADO/212260668_left_cleanNorm.csv,8.63
212260668_left_cleanSmooth.csv,/kaggle/working/outputs/TESE_pruebas/run_20260902_145353/processed_data/filtrado/212260668_FILTRADO/212260668_left_cleanSmooth.csv,8.8
212260668_left_noOutliers.csv,/kaggle/working/outputs/TESE_pruebas/run_20260902_145353/processed_data/filtrado/212260668_FILTRADO/212260668_left_noOutliers.csv,3.64
212260668_left_outliers.csv,/kaggle/working/outputs/TESE_pruebas/run_20260902_145353/processed_data/filtrado/212260668_FILTRADO/212260668_left_outliers.csv,3.64
212260668_left_sinArtefactosConservador.csv,/kaggle/working/outputs/TESE_pruebas/run_20260902_145353/processed_data/filtrado/212260668_FILTRADO/212260668_left_sinArtefactosConservador.csv,3.64
212260668_left_sinArtefactosEstricto.csv,/kaggle/working/outputs/TESE_pruebas/run_20260902_145353/processed_data/filtrado/212260668_FILTRADO/212260668_left_sinArtefactosEstricto.csv,3.64
212260668_pull_cleanNorm.csv,/kaggle/working/outputs/TESE_pruebas/run_20260902_145353/processed_data/filtrado/212260668_FILTRADO/212260668_pull_cleanNorm.csv,89.14
212260668_pull_cleanSmooth.csv,/kaggle/working/outputs/TESE_pruebas/run_20260902_145353/processed_data/filtrado/212260668_FILTRADO/212260668_pull_cleanSmooth.csv,89.1
212260668_pull_noOutliers.csv,/kaggle/working/outputs/TESE_pruebas/run_20260902_145353/processed_data/filtrado/212260668_FILTRADO/212260668_pull_noOutliers.csv,27.53
212260668_pull_outliers.csv,/kaggle/working/outputs/TESE_pruebas/run_20260902_145353/processed_data/filtrado/212260668_FILTRADO/212260668_pull_outliers.csv,30.49
212260668_pull_sinArtefactosConservador.csv,/kaggle/working/outputs/TESE_pruebas/run_20260902_145353/processed_data/filtrado/212260668_FILTRADO/212260668_pull_sinArtefactosConservador.csv,27.53
212260668_pull_sinArtefactosEstricto.csv,/kaggle/working/outputs/TESE_pruebas/run_20260902_145353/processed_data/filtrado/212260668_FILTRADO/212260668_pull_sinArtefactosEstricto.csv,27.53
212260668_push_cleanNorm.csv,/kaggle/working/outputs/TESE_pruebas/run_20260902_145353/processed_data/filtrado/212260668_FILTRADO/212260668_push_cleanNorm.csv,95.55
212260668_push_cleanSmooth.csv,/kaggle/working/outputs/TESE_pruebas/run_20260902_145353/processed_data/filtrado/212260668_FILTRADO/212260668_push_cleanSmooth.csv,95.82
212260668_push_noOutliers.csv,/kaggle/working/outputs/TESE_pruebas/run_20260902_145353/processed_data/filtrado/212260668_FILTRADO/212260668_push_noOutliers.csv,32.5
212260668_push_outliers.csv,/kaggle/working/outputs/TESE_pruebas/run_20260902_145353/processed_data/filtrado/212260668_FILTRADO/212260668_push_outliers.csv,37.01
212260668_push_sinArtefactosConservador.csv,/kaggle/working/outputs/TESE_pruebas/run_20260902_145353/processed_data/filtrado/212260668_FILTRADO/212260668_push_sinArtefactosConservador.csv,32.5
212260668_push_sinArtefactosEstricto.csv,/kaggle/working/outputs/TESE_pruebas/run_20260902_145353/processed_data/filtrado/212260668_FILTRADO/212260668_push_sinArtefactosEstricto.csv,32.5
212260668_right_cleanNorm.csv,/kaggle/working/outputs/TESE_pruebas/run_20260902_145353/processed_data/filtrado/212260668_FILTRADO/212260668_right_cleanNorm.csv,85.86
212260668_right_cleanSmooth.csv,/kaggle/working/outputs/TESE_pruebas/run_20260902_145353/processed_data/filtrado/212260668_FILTRADO/212260668_right_cleanSmooth.csv,86.04
212260668_right_noOutliers.csv,/kaggle/working/outputs/TESE_pruebas/run_20260902_145353/processed_data/filtrado/212260668_FILTRADO/212260668_right_noOutliers.csv,32.55
212260668_right_outliers.csv,/kaggle/working/outputs/TESE_pruebas/run_20260902_145353/processed_data/filtrado/212260668_FILTRADO/212260668_right_outliers.csv,35.72
212260668_right_sinArtefactosConservador.csv,/kaggle/working/outputs/TESE_pruebas/run_20260902_145353/processed_data/filtrado/212260668_FILTRADO/212260668_right_sinArtefactosConservador.csv,32.55
212260668_right_sinArtefactosEstricto.csv,/kaggle/working/outputs/TESE_pruebas/run_20260902_145353/processed_data/filtrado/212260668_FILTRADO/212260668_right_sinArtefactosEstricto.csv,32.55
212260672_all_cleanNorm.csv,/kaggle/working/outputs/TESE_pruebas/run_20260902_145353/processed_data/filtrado/212260672_FILTRADO/212260672_all_cleanNorm.csv,128.03
212260672_all_cleanSmooth.csv,/kaggle/working/outputs/TESE_pruebas/run_20260902_145353/processed_data/filtrado/212260672_FILTRADO/212260672_all_cleanSmooth.csv,128.42
212260672_all_noOutliers.csv,/kaggle/working/outputs/TESE_pruebas/run_20260902_145353/processed_data/filtrado/212260672_FILTRADO/212260672_all_noOutliers.csv,39.01
212260672_all_outliers.csv,/kaggle/working/outputs/TESE_pruebas/run_20260902_145353/processed_data/filtrado/212260672_FILTRADO/212260672_all_outliers.csv,54.2
212260672_all_sinArtefactosConservador.csv,/kaggle/working/outputs/TESE_pruebas/run_20260902_145353/processed_data/filtrado/212260672_FILTRADO/212260672_all_sinArtefactosConservador.csv,23.04
212260672_all_sinArtefactosEstricto.csv,/kaggle/working/outputs/TESE_pruebas/run_20260902_145353/processed_data/filtrado/212260672_FILTRADO/212260672_all_sinArtefactosEstricto.csv,14.07
212260672_left_cleanNorm.csv,/kaggle/working/outputs/TESE_pruebas/run_20260902_145353/processed_data/filtrado/212260672_FILTRADO/212260672_left_cleanNorm.csv,21.12
212260672_left_cleanSmooth.csv,/kaggle/working/outputs/TESE_pruebas/run_20260902_145353/processed_data/filtrado/212260672_FILTRADO/212260672_left_cleanSmooth.csv,21.18
212260672_left_noOutliers.csv,/kaggle/working/outputs/TESE_pruebas/run_20260902_145353/processed_data/filtrado/212260672_FILTRADO/212260672_left_noOutliers.csv,6.79
212260672_left_outliers.csv,/kaggle/working/outputs/TESE_pruebas/run_20260902_145353/processed_data/filtrado/212260672_FILTRADO/212260672_left_outliers.csv,7.2
212260672_left_sinArtefactosConservador.csv,/kaggle/working/outputs/TESE_pruebas/run_20260902_145353/processed_data/filtrado/212260672_FILTRADO/212260672_left_sinArtefactosConservador.csv,6.79
212260672_left_sinArtefactosEstricto.csv,/kaggle/working/outputs/TESE_pruebas/run_20260902_145353/processed_data/filtrado/212260672_FILTRADO/212260672_left_sinArtefactosEstricto.csv,6.79
212260672_pull_cleanNorm.csv,/kaggle/working/outputs/TESE_pruebas/run_20260902_145353/processed_data/filtrado/212260672_FILTRADO/212260672_pull_cleanNorm.csv,72.44
212260672_pull_cleanSmooth.csv,/kaggle/working/outputs/TESE_pruebas/run_20260902_145353/processed_data/filtrado/212260672_FILTRADO/212260672_pull_cleanSmooth.csv,72.6
212260672_pull_noOutliers.csv,/kaggle/working/outputs/TESE_pruebas/run_20260902_145353/processed_data/filtrado/212260672_FILTRADO/212260672_pull_noOutliers.csv,22.21
212260672_pull_outliers.csv,/kaggle/working/outputs/TESE_pruebas/run_20260902_145353/processed_data/filtrado/212260672_FILTRADO/212260672_pull_outliers.csv,28.37
212260672_pull_sinArtefactosConservador.csv,/kaggle/working/outputs/TESE_pruebas/run_20260902_145353/processed_data/filtrado/212260672_FILTRADO/212260672_pull_sinArtefactosConservador.csv,22.21
212260672_pull_sinArtefactosEstricto.csv,/kaggle/working/outputs/TESE_pruebas/run_20260902_145353/processed_data/filtrado/212260672_FILTRADO/212260672_pull_sinArtefactosEstricto.csv,22.21
212260672_push_cleanNorm.csv,/kaggle/working/outputs/TESE_pruebas/run_20260902_145353/processed_data/filtrado/212260672_FILTRADO/212260672_push_cleanNorm.csv,15.42
212260672_push_cleanSmooth.csv,/kaggle/working/outputs/TESE_pruebas/run_20260902_145353/processed_data/filtrado/212260672_FILTRADO/212260672_push_cleanSmooth.csv,15.56
212260672_push_noOutliers.csv,/kaggle/working/outputs/TESE_pruebas/run_20260902_145353/processed_data/filtrado/212260672_FILTRADO/212260672_push_noOutliers.csv,5.12
212260672_push_outliers.csv,/kaggle/working/outputs/TESE_pruebas/run_20260902_145353/processed_data/filtrado/212260672_FILTRADO/212260672_push_outliers.csv,5.12
212260672_push_sinArtefactosConservador.csv,/kaggle/working/outputs/TESE_pruebas/run_20260902_145353/processed_data/filtrado/212260672_FILTRADO/212260672_push_sinArtefactosConservador.csv,5.12
212260672_push_sinArtefactosEstricto.csv,/kaggle/working/outputs/TESE_pruebas/run_20260902_145353/processed_data/filtrado/212260672_FILTRADO/212260672_push_sinArtefactosEstricto.csv,5.12
212260672_right_cleanNorm.csv,/kaggle/working/outputs/TESE_pruebas/run_20260902_145353/processed_data/filtrado/212260672_FILTRADO/212260672_right_cleanNorm.csv,39.85
212260672_right_cleanSmooth.csv,/kaggle/working/outputs/TESE_pruebas/run_20260902_145353/processed_data/filtrado/212260672_FILTRADO/212260672_right_cleanSmooth.csv,40.03
212260672_right_noOutliers.csv,/kaggle/working/outputs/TESE_pruebas/run_20260902_145353/processed_data/filtrado/212260672_FILTRADO/212260672_right_noOutliers.csv,12.55
212260672_right_outliers.csv,/kaggle/working/outputs/TESE_pruebas/run_20260902_145353/processed_data/filtrado/212260672_FILTRADO/212260672_right_outliers.csv,15.45
212260672_right_sinArtefactosConservador.csv,/kaggle/working/outputs/TESE_pruebas/run_20260902_145353/processed_data/filtrado/212260672_FILTRADO/212260672_right_sinArtefactosConservador.csv,12.55
212260672_right_sinArtefactosEstricto.csv,/kaggle/working/outputs/TESE_pruebas/run_20260902_145353/processed_data/filtrado/212260672_FILTRADO/212260672_right_sinArtefactosEstricto.csv,12.55
222260671_all_cleanNorm.csv,/kaggle/working/outputs/TESE_pruebas/run_20260902_145353/processed_data/filtrado/222260671_FILTRADO/222260671_all_cleanNorm.csv,233.16
222260671_all_cleanSmooth.csv,/kaggle/working/outputs/TESE_pruebas/run_20260902_145353/processed_data/filtrado/222260671_FILTRADO/222260671_all_cleanSmooth.csv,233.62
222260671_all_noOutliers.csv,/kaggle/working/outputs/TESE_pruebas/run_20260902_145353/processed_data/filtrado/222260671_FILTRADO/222260671_all_noOutliers.csv,71.64
222260671_all_outliers.csv,/kaggle/working/outputs/TESE_pruebas/run_20260902_145353/processed_data/filtrado/222260671_FILTRADO/222260671_all_outliers.csv,103.97
222260671_all_sinArtefactosConservador.csv,/kaggle/working/outputs/TESE_pruebas/run_20260902_145353/processed_data/filtrado/222260671_FILTRADO/222260671_all_sinArtefactosConservador.csv,48.61
222260671_all_sinArtefactosEstricto.csv,/kaggle/working/outputs/TESE_pruebas/run_20260902_145353/processed_data/filtrado/222260671_FILTRADO/222260671_all_sinArtefactosEstricto.csv,24.14
222260671_left_cleanNorm.csv,/kaggle/working/outputs/TESE_pruebas/run_20260902_145353/processed_data/filtrado/222260671_FILTRADO/222260671_left_cleanNorm.csv,38.39
222260671_left_cleanSmooth.csv,/kaggle/working/outputs/TESE_pruebas/run_20260902_145353/processed_data/filtrado/222260671_FILTRADO/222260671_left_cleanSmooth.csv,38.59
222260671_left_noOutliers.csv,/kaggle/working/outputs/TESE_pruebas/run_20260902_145353/processed_data/filtrado/222260671_FILTRADO/222260671_left_noOutliers.csv,12.48
222260671_left_outliers.csv,/kaggle/working/outputs/TESE_pruebas/run_20260902_145353/processed_data/filtrado/222260671_FILTRADO/222260671_left_outliers.csv,13.74
222260671_left_sinArtefactosConservador.csv,/kaggle/working/outputs/TESE_pruebas/run_20260902_145353/processed_data/filtrado/222260671_FILTRADO/222260671_left_sinArtefactosConservador.csv,12.48
222260671_left_sinArtefactosEstricto.csv,/kaggle/working/outputs/TESE_pruebas/run_20260902_145353/processed_data/filtrado/222260671_FILTRADO/222260671_left_sinArtefactosEstricto.csv,12.48
222260671_pull_cleanNorm.csv,/kaggle/working/outputs/TESE_pruebas/run_20260902_145353/processed_data/filtrado/222260671_FILTRADO/222260671_pull_cleanNorm.csv,46.54
222260671_pull_cleanSmooth.csv,/kaggle/working/outputs/TESE_pruebas/run_20260902_145353/processed_data/filtrado/222260671_FILTRADO/222260671_pull_cleanSmooth.csv,46.75
222260671_pull_noOutliers.csv,/kaggle/working/outputs/TESE_pruebas/run_20260902_145353/processed_data/filtrado/222260671_FILTRADO/222260671_pull_noOutliers.csv,14.7
222260671_pull_outliers.csv,/kaggle/working/outputs/TESE_pruebas/run_20260902_145353/processed_data/filtrado/222260671_FILTRADO/222260671_pull_outliers.csv,18.01
222260671_pull_sinArtefactosConservador.csv,/kaggle/working/outputs/TESE_pruebas/run_20260902_145353/processed_data/filtrado/222260671_FILTRADO/222260671_pull_sinArtefactosConservador.csv,14.7
222260671_pull_sinArtefactosEstricto.csv,/kaggle/working/outputs/TESE_pruebas/run_20260902_145353/processed_data/filtrado/222260671_FILTRADO/222260671_pull_sinArtefactosEstricto.csv,14.7
222260671_push_cleanNorm.csv,/kaggle/working/outputs/TESE_pruebas/run_20260902_145353/processed_data/filtrado/222260671_FILTRADO/222260671_push_cleanNorm.csv,28.96
222260671_push_cleanSmooth.csv,/kaggle/working/outputs/TESE_pruebas/run_20260902_145353/processed_data/filtrado/222260671_FILTRADO/222260671_push_cleanSmooth.csv,29.07
222260671_push_noOutliers.csv,/kaggle/working/outputs/TESE_pruebas/run_20260902_145353/processed_data/filtrado/222260671_FILTRADO/222260671_push_noOutliers.csv,9.27
222260671_push_outliers.csv,/kaggle/working/outputs/TESE_pruebas/run_20260902_145353/processed_data/filtrado/222260671_FILTRADO/222260671_push_outliers.csv,10.1
222260671_push_sinArtefactosConservador.csv,/kaggle/working/outputs/TESE_pruebas/run_20260902_145353/processed_data/filtrado/222260671_FILTRADO/222260671_push_sinArtefactosConservador.csv,9.27
222260671_push_sinArtefactosEstricto.csv,/kaggle/working/outputs/TESE_pruebas/run_20260902_145353/processed_data/filtrado/222260671_FILTRADO/222260671_push_sinArtefactosEstricto.csv,9.27
222260671_right_cleanNorm.csv,/kaggle/working/outputs/TESE_pruebas/run_20260902_145353/processed_data/filtrado/222260671_FILTRADO/222260671_right_cleanNorm.csv,137.99
222260671_right_cleanSmooth.csv,/kaggle/working/outputs/TESE_pruebas/run_20260902_145353/processed_data/filtrado/222260671_FILTRADO/222260671_right_cleanSmooth.csv,138.3
222260671_right_noOutliers.csv,/kaggle/working/outputs/TESE_pruebas/run_20260902_145353/processed_data/filtrado/222260671_FILTRADO/222260671_right_noOutliers.csv,42.61
222260671_right_outliers.csv,/kaggle/working/outputs/TESE_pruebas/run_20260902_145353/processed_data/filtrado/222260671_FILTRADO/222260671_right_outliers.csv,64.04
222260671_right_sinArtefactosConservador.csv,/kaggle/working/outputs/TESE_pruebas/run_20260902_145353/processed_data/filtrado/222260671_FILTRADO/222260671_right_sinArtefactosConservador.csv,42.61
222260671_right_sinArtefactosEstricto.csv,/kaggle/working/outputs/TESE_pruebas/run_20260902_145353/processed_data/filtrado/222260671_FILTRADO/222260671_right_sinArtefactosEstricto.csv,42.61
22260552_all_cleanNorm.csv,/kaggle/working/outputs/TESE_pruebas/run_20260902_145353/processed_data/filtrado/22260552_FILTRADO/22260552_all_cleanNorm.csv,1782.03
22260552_all_cleanSmooth.csv,/kaggle/working/outputs/TESE_pruebas/run_20260902_145353/processed_data/filtrado/22260552_FILTRADO/22260552_all_cleanSmooth.csv,1782.48
22260552_all_noOutliers.csv,/kaggle/working/outputs/TESE_pruebas/run_20260902_145353/processed_data/filtrado/22260552_FILTRADO/22260552_all_noOutliers.csv,531.17
22260552_all_outliers.csv,/kaggle/working/outputs/TESE_pruebas/run_20260902_145353/processed_data/filtrado/22260552_FILTRADO/22260552_all_outliers.csv,569.14
22260552_all_sinArtefactosConservador.csv,/kaggle/working/outputs/TESE_pruebas/run_20260902_145353/processed_data/filtrado/22260552_FILTRADO/22260552_all_sinArtefactosConservador.csv,267.18
22260552_all_sinArtefactosEstricto.csv,/kaggle/working/outputs/TESE_pruebas/run_20260902_145353/processed_data/filtrado/22260552_FILTRADO/22260552_all_sinArtefactosEstricto.csv,139.92
22260552_left_cleanNorm.csv,/kaggle/working/outputs/TESE_pruebas/run_20260902_145353/processed_data/filtrado/22260552_FILTRADO/22260552_left_cleanNorm.csv,273.05
22260552_left_cleanSmooth.csv,/kaggle/working/outputs/TESE_pruebas/run_20260902_145353/processed_data/filtrado/22260552_FILTRADO/22260552_left_cleanSmooth.csv,273.6
22260552_left_noOutliers.csv,/kaggle/working/outputs/TESE_pruebas/run_20260902_145353/processed_data/filtrado/22260552_FILTRADO/22260552_left_noOutliers.csv,82.75
22260552_left_outliers.csv,/kaggle/working/outputs/TESE_pruebas/run_20260902_145353/processed_data/filtrado/22260552_FILTRADO/22260552_left_outliers.csv,98.82
22260552_left_sinArtefactosConservador.csv,/kaggle/working/outputs/TESE_pruebas/run_20260902_145353/processed_data/filtrado/22260552_FILTRADO/22260552_left_sinArtefactosConservador.csv,82.75
22260552_left_sinArtefactosEstricto.csv,/kaggle/working/outputs/TESE_pruebas/run_20260902_145353/processed_data/filtrado/22260552_FILTRADO/22260552_left_sinArtefactosEstricto.csv,82.75
22260552_pull_cleanNorm.csv,/kaggle/working/outputs/TESE_pruebas/run_20260902_145353/processed_data/filtrado/22260552_FILTRADO/22260552_pull_cleanNorm.csv,708.84
22260552_pull_cleanSmooth.csv,/kaggle/working/outputs/TESE_pruebas/run_20260902_145353/processed_data/filtrado/22260552_FILTRADO/22260552_pull_cleanSmooth.csv,711.36
22260552_pull_noOutliers.csv,/kaggle/working/outputs/TESE_pruebas/run_20260902_145353/processed_data/filtrado/22260552_FILTRADO/22260552_pull_noOutliers.csv,214.81
22260552_pull_outliers.csv,/kaggle/working/outputs/TESE_pruebas/run_20260902_145353/processed_data/filtrado/22260552_FILTRADO/22260552_pull_outliers.csv,246.07
22260552_pull_sinArtefactosConservador.csv,/kaggle/working/outputs/TESE_pruebas/run_20260902_145353/processed_data/filtrado/22260552_FILTRADO/22260552_pull_sinArtefactosConservador.csv,214.81
22260552_pull_sinArtefactosEstricto.csv,/kaggle/working/outputs/TESE_pruebas/run_20260902_145353/processed_data/filtrado/22260552_FILTRADO/22260552_pull_sinArtefactosEstricto.csv,214.81
22260552_push_cleanNorm.csv,/kaggle/working/outputs/TESE_pruebas/run_20260902_145353/processed_data/filtrado/22260552_FILTRADO/22260552_push_cleanNorm.csv,99.01
22260552_push_cleanSmooth.csv,/kaggle/working/outputs/TESE_pruebas/run_20260902_145353/processed_data/filtrado/22260552_FILTRADO/22260552_push_cleanSmooth.csv,99.36
22260552_push_noOutliers.csv,/kaggle/working/outputs/TESE_pruebas/run_20260902_145353/processed_data/filtrado/22260552_FILTRADO/22260552_push_noOutliers.csv,30.08
22260552_push_outliers.csv,/kaggle/working/outputs/TESE_pruebas/run_20260902_145353/processed_data/filtrado/22260552_FILTRADO/22260552_push_outliers.csv,32.74
22260552_push_sinArtefactosConservador.csv,/kaggle/working/outputs/TESE_pruebas/run_20260902_145353/processed_data/filtrado/22260552_FILTRADO/22260552_push_sinArtefactosConservador.csv,30.08
22260552_push_sinArtefactosEstricto.csv,/kaggle/working/outputs/TESE_pruebas/run_20260902_145353/processed_data/filtrado/22260552_FILTRADO/22260552_push_sinArtefactosEstricto.csv,30.08
22260552_right_cleanNorm.csv,/kaggle/working/outputs/TESE_pruebas/run_20260902_145353/processed_data/filtrado/22260552_FILTRADO/22260552_right_cleanNorm.csv,612.08
22260552_right_cleanSmooth.csv,/kaggle/working/outputs/TESE_pruebas/run_20260902_145353/processed_data/filtrado/22260552_FILTRADO/22260552_right_cleanSmooth.csv,612.19
22260552_right_noOutliers.csv,/kaggle/working/outputs/TESE_pruebas/run_20260902_145353/processed_data/filtrado/22260552_FILTRADO/22260552_right_noOutliers.csv,181.62
22260552_right_outliers.csv,/kaggle/working/outputs/TESE_pruebas/run_20260902_145353/processed_data/filtrado/22260552_FILTRADO/22260552_right_outliers.csv,193.44
22260552_right_sinArtefactosConservador.csv,/kaggle/working/outputs/TESE_pruebas/run_20260902_145353/processed_data/filtrado/22260552_FILTRADO/22260552_right_sinArtefactosConservador.csv,181.62
22260552_right_sinArtefactosEstricto.csv,/kaggle/working/outputs/TESE_pruebas/run_20260902_145353/processed_data/filtrado/22260552_FILTRADO/22260552_right_sinArtefactosEstricto.csv,181.62
231260558_all_cleanNorm.csv,/kaggle/working/outputs/TESE_pruebas/run_20260902_145353/processed_data/filtrado/231260558_FILTRADO/231260558_all_cleanNorm.csv,1226.28
231260558_all_cleanSmooth.csv,/kaggle/working/outputs/TESE_pruebas/run_20260902_145353/processed_data/filtrado/231260558_FILTRADO/231260558_all_cleanSmooth.csv,1229.07
231260558_all_noOutliers.csv,/kaggle/working/outputs/TESE_pruebas/run_20260902_145353/processed_data/filtrado/231260558_FILTRADO/231260558_all_noOutliers.csv,374.54
231260558_all_outliers.csv,/kaggle/working/outputs/TESE_pruebas/run_20260902_145353/processed_data/filtrado/231260558_FILTRADO/231260558_all_outliers.csv,514.45
231260558_all_sinArtefactosConservador.csv,/kaggle/working/outputs/TESE_pruebas/run_20260902_145353/processed_data/filtrado/231260558_FILTRADO/231260558_all_sinArtefactosConservador.csv,316.73
231260558_all_sinArtefactosEstricto.csv,/kaggle/working/outputs/TESE_pruebas/run_20260902_145353/processed_data/filtrado/231260558_FILTRADO/231260558_all_sinArtefactosEstricto.csv,241.29
231260558_left_cleanNorm.csv,/kaggle/working/outputs/TESE_pruebas/run_20260902_145353/processed_data/filtrado/231260558_FILTRADO/231260558_left_cleanNorm.csv,300.16
231260558_left_cleanSmooth.csv,/kaggle/working/outputs/TESE_pruebas/run_20260902_145353/processed_data/filtrado/231260558_FILTRADO/231260558_left_cleanSmooth.csv,301.1
231260558_left_noOutliers.csv,/kaggle/working/outputs/TESE_pruebas/run_20260902_145353/processed_data/filtrado/231260558_FILTRADO/231260558_left_noOutliers.csv,92.11
231260558_left_outliers.csv,/kaggle/working/outputs/TESE_pruebas/run_20260902_145353/processed_data/filtrado/231260558_FILTRADO/231260558_left_outliers.csv,122.28
231260558_left_sinArtefactosConservador.csv,/kaggle/working/outputs/TESE_pruebas/run_20260902_145353/processed_data/filtrado/231260558_FILTRADO/231260558_left_sinArtefactosConservador.csv,92.11
231260558_left_sinArtefactosEstricto.csv,/kaggle/working/outputs/TESE_pruebas/run_20260902_145353/processed_data/filtrado/231260558_FILTRADO/231260558_left_sinArtefactosEstricto.csv,92.11
231260558_pull_cleanNorm.csv,/kaggle/working/outputs/TESE_pruebas/run_20260902_145353/processed_data/filtrado/231260558_FILTRADO/231260558_pull_cleanNorm.csv,542.82
231260558_pull_cleanSmooth.csv,/kaggle/working/outputs/TESE_pruebas/run_20260902_145353/processed_data/filtrado/231260558_FILTRADO/231260558_pull_cleanSmooth.csv,544.35
231260558_pull_noOutliers.csv,/kaggle/working/outputs/TESE_pruebas/run_20260902_145353/processed_data/filtrado/231260558_FILTRADO/231260558_pull_noOutliers.csv,166.32
231260558_pull_outliers.csv,/kaggle/working/outputs/TESE_pruebas/run_20260902_145353/processed_data/filtrado/231260558_FILTRADO/231260558_pull_outliers.csv,220.06
231260558_pull_sinArtefactosConservador.csv,/kaggle/working/outputs/TESE_pruebas/run_20260902_145353/processed_data/filtrado/231260558_FILTRADO/231260558_pull_sinArtefactosConservador.csv,166.32
231260558_pull_sinArtefactosEstricto.csv,/kaggle/working/outputs/TESE_pruebas/run_20260902_145353/processed_data/filtrado/231260558_FILTRADO/231260558_pull_sinArtefactosEstricto.csv,166.32
231260558_push_cleanNorm.csv,/kaggle/working/outputs/TESE_pruebas/run_20260902_145353/processed_data/filtrado/231260558_FILTRADO/231260558_push_cleanNorm.csv,194.13
231260558_push_cleanSmooth.csv,/kaggle/working/outputs/TESE_pruebas/run_20260902_145353/processed_data/filtrado/231260558_FILTRADO/231260558_push_cleanSmooth.csv,194.61
231260558_push_noOutliers.csv,/kaggle/working/outputs/TESE_pruebas/run_20260902_145353/processed_data/filtrado/231260558_FILTRADO/231260558_push_noOutliers.csv,61.23
231260558_push_outliers.csv,/kaggle/working/outputs/TESE_pruebas/run_20260902_145353/processed_data/filtrado/231260558_FILTRADO/231260558_push_outliers.csv,80.82
231260558_push_sinArtefactosConservador.csv,/kaggle/working/outputs/TESE_pruebas/run_20260902_145353/processed_data/filtrado/231260558_FILTRADO/231260558_push_sinArtefactosConservador.csv,61.23
231260558_push_sinArtefactosEstricto.csv,/kaggle/working/outputs/TESE_pruebas/run_20260902_145353/processed_data/filtrado/231260558_FILTRADO/231260558_push_sinArtefactosEstricto.csv,61.23
231260558_right_cleanNorm.csv,/kaggle/working/outputs/TESE_pruebas/run_20260902_145353/processed_data/filtrado/231260558_FILTRADO/231260558_right_cleanNorm.csv,206.02
231260558_right_cleanSmooth.csv,/kaggle/working/outputs/TESE_pruebas/run_20260902_145353/processed_data/filtrado/231260558_FILTRADO/231260558_right_cleanSmooth.csv,206.74
231260558_right_noOutliers.csv,/kaggle/working/outputs/TESE_pruebas/run_20260902_145353/processed_data/filtrado/231260558_FILTRADO/231260558_right_noOutliers.csv,63.67
231260558_right_outliers.csv,/kaggle/working/outputs/TESE_pruebas/run_20260902_145353/processed_data/filtrado/231260558_FILTRADO/231260558_right_outliers.csv,93.22
231260558_right_sinArtefactosConservador.csv,/kaggle/working/outputs/TESE_pruebas/run_20260902_145353/processed_data/filtrado/231260558_FILTRADO/231260558_right_sinArtefactosConservador.csv,63.67
231260558_right_sinArtefactosEstricto.csv,/kaggle/working/outputs/TESE_pruebas/run_20260902_145353/processed_data/filtrado/231260558_FILTRADO/231260558_right_sinArtefactosEstricto.csv,63.67
252260554_all_cleanNorm.csv,/kaggle/working/outputs/TESE_pruebas/run_20260902_145353/processed_data/filtrado/252260554_FILTRADO/252260554_all_cleanNorm.csv,730.42
252260554_all_cleanSmooth.csv,/kaggle/working/outputs/TESE_pruebas/run_20260902_145353/processed_data/filtrado/252260554_FILTRADO/252260554_all_cleanSmooth.csv,732.54
252260554_all_noOutliers.csv,/kaggle/working/outputs/TESE_pruebas/run_20260902_145353/processed_data/filtrado/252260554_FILTRADO/252260554_all_noOutliers.csv,220.32
252260554_all_outliers.csv,/kaggle/working/outputs/TESE_pruebas/run_20260902_145353/processed_data/filtrado/252260554_FILTRADO/252260554_all_outliers.csv,315.67
252260554_all_sinArtefactosConservador.csv,/kaggle/working/outputs/TESE_pruebas/run_20260902_145353/processed_data/filtrado/252260554_FILTRADO/252260554_all_sinArtefactosConservador.csv,169.2
252260554_all_sinArtefactosEstricto.csv,/kaggle/working/outputs/TESE_pruebas/run_20260902_145353/processed_data/filtrado/252260554_FILTRADO/252260554_all_sinArtefactosEstricto.csv,97.65
252260554_left_cleanNorm.csv,/kaggle/working/outputs/TESE_pruebas/run_20260902_145353/processed_data/filtrado/252260554_FILTRADO/252260554_left_cleanNorm.csv,304.97
252260554_left_cleanSmooth.csv,/kaggle/working/outputs/TESE_pruebas/run_20260902_145353/processed_data/filtrado/252260554_FILTRADO/252260554_left_cleanSmooth.csv,305.72
252260554_left_noOutliers.csv,/kaggle/working/outputs/TESE_pruebas/run_20260902_145353/processed_data/filtrado/252260554_FILTRADO/252260554_left_noOutliers.csv,92.46
252260554_left_outliers.csv,/kaggle/working/outputs/TESE_pruebas/run_20260902_145353/processed_data/filtrado/252260554_FILTRADO/252260554_left_outliers.csv,128.44
252260554_left_sinArtefactosConservador.csv,/kaggle/working/outputs/TESE_pruebas/run_20260902_145353/processed_data/filtrado/252260554_FILTRADO/252260554_left_sinArtefactosConservador.csv,92.46
252260554_left_sinArtefactosEstricto.csv,/kaggle/working/outputs/TESE_pruebas/run_20260902_145353/processed_data/filtrado/252260554_FILTRADO/252260554_left_sinArtefactosEstricto.csv,92.46
252260554_pull_cleanNorm.csv,/kaggle/working/outputs/TESE_pruebas/run_20260902_145353/processed_data/filtrado/252260554_FILTRADO/252260554_pull_cleanNorm.csv,54.74
252260554_pull_cleanSmooth.csv,/kaggle/working/outputs/TESE_pruebas/run_20260902_145353/processed_data/filtrado/252260554_FILTRADO/252260554_pull_cleanSmooth.csv,55.02
252260554_pull_noOutliers.csv,/kaggle/working/outputs/TESE_pruebas/run_20260902_145353/processed_data/filtrado/252260554_FILTRADO/252260554_pull_noOutliers.csv,17.01
252260554_pull_outliers.csv,/kaggle/working/outputs/TESE_pruebas/run_20260902_145353/processed_data/filtrado/252260554_FILTRADO/252260554_pull_outliers.csv,24.38
252260554_pull_sinArtefactosConservador.csv,/kaggle/working/outputs/TESE_pruebas/run_20260902_145353/processed_data/filtrado/252260554_FILTRADO/252260554_pull_sinArtefactosConservador.csv,17.01
252260554_pull_sinArtefactosEstricto.csv,/kaggle/working/outputs/TESE_pruebas/run_20260902_145353/processed_data/filtrado/252260554_FILTRADO/252260554_pull_sinArtefactosEstricto.csv,17.01
252260554_push_cleanNorm.csv,/kaggle/working/outputs/TESE_pruebas/run_20260902_145353/processed_data/filtrado/252260554_FILTRADO/252260554_push_cleanNorm.csv,289.3
252260554_push_cleanSmooth.csv,/kaggle/working/outputs/TESE_pruebas/run_20260902_145353/processed_data/filtrado/252260554_FILTRADO/252260554_push_cleanSmooth.csv,290.31
252260554_push_noOutliers.csv,/kaggle/working/outputs/TESE_pruebas/run_20260902_145353/processed_data/filtrado/252260554_FILTRADO/252260554_push_noOutliers.csv,87.68
252260554_push_outliers.csv,/kaggle/working/outputs/TESE_pruebas/run_20260902_145353/processed_data/filtrado/252260554_FILTRADO/252260554_push_outliers.csv,127.53
252260554_push_sinArtefactosConservador.csv,/kaggle/working/outputs/TESE_pruebas/run_20260902_145353/processed_data/filtrado/252260554_FILTRADO/252260554_push_sinArtefactosConservador.csv,87.68
252260554_push_sinArtefactosEstricto.csv,/kaggle/working/outputs/TESE_pruebas/run_20260902_145353/processed_data/filtrado/252260554_FILTRADO/252260554_push_sinArtefactosEstricto.csv,87.68
252260554_right_cleanNorm.csv,/kaggle/working/outputs/TESE_pruebas/run_20260902_145353/processed_data/filtrado/252260554_FILTRADO/252260554_right_cleanNorm.csv,83.38
252260554_right_cleanSmooth.csv,/kaggle/working/outputs/TESE_pruebas/run_20260902_145353/processed_data/filtrado/252260554_FILTRADO/252260554_right_cleanSmooth.csv,83.82
252260554_right_noOutliers.csv,/kaggle/working/outputs/TESE_pruebas/run_20260902_145353/processed_data/filtrado/252260554_FILTRADO/252260554_right_noOutliers.csv,25.66
252260554_right_outliers.csv,/kaggle/working/outputs/TESE_pruebas/run_20260902_145353/processed_data/filtrado/252260554_FILTRADO/252260554_right_outliers.csv,37.25
252260554_right_sinArtefactosConservador.csv,/kaggle/working/outputs/TESE_pruebas/run_20260902_145353/processed_data/filtrado/252260554_FILTRADO/252260554_right_sinArtefactosConservador.csv,25.66
252260554_right_sinArtefactosEstricto.csv,/kaggle/working/outputs/TESE_pruebas/run_20260902_145353/processed_data/filtrado/252260554_FILTRADO/252260554_right_sinArtefactosEstricto.csv,25.66
252260556_all_cleanNorm.csv,/kaggle/working/outputs/TESE_pruebas/run_20260902_145353/processed_data/filtrado/252260556_FILTRADO/252260556_all_cleanNorm.csv,1142.08
252260556_all_cleanSmooth.csv,/kaggle/working/outputs/TESE_pruebas/run_20260902_145353/processed_data/filtrado/252260556_FILTRADO/252260556_all_cleanSmooth.csv,1145.45
252260556_all_noOutliers.csv,/kaggle/working/outputs/TESE_pruebas/run_20260902_145353/processed_data/filtrado/252260556_FILTRADO/252260556_all_noOutliers.csv,343.13
252260556_all_outliers.csv,/kaggle/working/outputs/TESE_pruebas/run_20260902_145353/processed_data/filtrado/252260556_FILTRADO/252260556_all_outliers.csv,374.29
252260556_all_sinArtefactosConservador.csv,/kaggle/working/outputs/TESE_pruebas/run_20260902_145353/processed_data/filtrado/252260556_FILTRADO/252260556_all_sinArtefactosConservador.csv,275.92
252260556_all_sinArtefactosEstricto.csv,/kaggle/working/outputs/TESE_pruebas/run_20260902_145353/processed_data/filtrado/252260556_FILTRADO/252260556_all_sinArtefactosEstricto.csv,184.93
252260556_left_cleanNorm.csv,/kaggle/working/outputs/TESE_pruebas/run_20260902_145353/processed_data/filtrado/252260556_FILTRADO/252260556_left_cleanNorm.csv,439.69
252260556_left_cleanSmooth.csv,/kaggle/working/outputs/TESE_pruebas/run_20260902_145353/processed_data/filtrado/252260556_FILTRADO/252260556_left_cleanSmooth.csv,440.72
252260556_left_noOutliers.csv,/kaggle/working/outputs/TESE_pruebas/run_20260902_145353/processed_data/filtrado/252260556_FILTRADO/252260556_left_noOutliers.csv,132.43
252260556_left_outliers.csv,/kaggle/working/outputs/TESE_pruebas/run_20260902_145353/processed_data/filtrado/252260556_FILTRADO/252260556_left_outliers.csv,137.55
252260556_left_sinArtefactosConservador.csv,/kaggle/working/outputs/TESE_pruebas/run_20260902_145353/processed_data/filtrado/252260556_FILTRADO/252260556_left_sinArtefactosConservador.csv,132.43
252260556_left_sinArtefactosEstricto.csv,/kaggle/working/outputs/TESE_pruebas/run_20260902_145353/processed_data/filtrado/252260556_FILTRADO/252260556_left_sinArtefactosEstricto.csv,132.43
252260556_pull_cleanNorm.csv,/kaggle/working/outputs/TESE_pruebas/run_20260902_145353/processed_data/filtrado/252260556_FILTRADO/252260556_pull_cleanNorm.csv,346.7
252260556_pull_cleanSmooth.csv,/kaggle/working/outputs/TESE_pruebas/run_20260902_145353/processed_data/filtrado/252260556_FILTRADO/252260556_pull_cleanSmooth.csv,347.83
252260556_pull_noOutliers.csv,/kaggle/working/outputs/TESE_pruebas/run_20260902_145353/processed_data/filtrado/252260556_FILTRADO/252260556_pull_noOutliers.csv,104.78
252260556_pull_outliers.csv,/kaggle/working/outputs/TESE_pruebas/run_20260902_145353/processed_data/filtrado/252260556_FILTRADO/252260556_pull_outliers.csv,123.06
252260556_pull_sinArtefactosConservador.csv,/kaggle/working/outputs/TESE_pruebas/run_20260902_145353/processed_data/filtrado/252260556_FILTRADO/252260556_pull_sinArtefactosConservador.csv,104.78
252260556_pull_sinArtefactosEstricto.csv,/kaggle/working/outputs/TESE_pruebas/run_20260902_145353/processed_data/filtrado/252260556_FILTRADO/252260556_pull_sinArtefactosEstricto.csv,104.78
252260556_push_cleanNorm.csv,/kaggle/working/outputs/TESE_pruebas/run_20260902_145353/processed_data/filtrado/252260556_FILTRADO/252260556_push_cleanNorm.csv,161.36
252260556_push_cleanSmooth.csv,/kaggle/working/outputs/TESE_pruebas/run_20260902_145353/processed_data/filtrado/252260556_FILTRADO/252260556_push_cleanSmooth.csv,162.09
252260556_push_noOutliers.csv,/kaggle/working/outputs/TESE_pruebas/run_20260902_145353/processed_data/filtrado/252260556_FILTRADO/252260556_push_noOutliers.csv,49.19
252260556_push_outliers.csv,/kaggle/working/outputs/TESE_pruebas/run_20260902_145353/processed_data/filtrado/252260556_FILTRADO/252260556_push_outliers.csv,65.5
252260556_push_sinArtefactosConservador.csv,/kaggle/working/outputs/TESE_pruebas/run_20260902_145353/processed_data/filtrado/252260556_FILTRADO/252260556_push_sinArtefactosConservador.csv,49.19
252260556_push_sinArtefactosEstricto.csv,/kaggle/working/outputs/TESE_pruebas/run_20260902_145353/processed_data/filtrado/252260556_FILTRADO/252260556_push_sinArtefactosEstricto.csv,49.19
252260556_right_cleanNorm.csv,/kaggle/working/outputs/TESE_pruebas/run_20260902_145353/processed_data/filtrado/252260556_FILTRADO/252260556_right_cleanNorm.csv,123.71
252260556_right_cleanSmooth.csv,/kaggle/working/outputs/TESE_pruebas/run_20260902_145353/processed_data/filtrado/252260556_FILTRADO/252260556_right_cleanSmooth.csv,124.34
252260556_right_noOutliers.csv,/kaggle/working/outputs/TESE_pruebas/run_20260902_145353/processed_data/filtrado/252260556_FILTRADO/252260556_right_noOutliers.csv,37.81
252260556_right_outliers.csv,/kaggle/working/outputs/TESE_pruebas/run_20260902_145353/processed_data/filtrado/252260556_FILTRADO/252260556_right_outliers.csv,50.11
252260556_right_sinArtefactosConservador.csv,/kaggle/working/outputs/TESE_pruebas/run_20260902_145353/processed_data/filtrado/252260556_FILTRADO/252260556_right_sinArtefactosConservador.csv,37.81
252260556_right_sinArtefactosEstricto.csv,/kaggle/working/outputs/TESE_pruebas/run_20260902_145353/processed_data/filtrado/252260556_FILTRADO/252260556_right_sinArtefactosEstricto.csv,37.81
252260670_all_cleanNorm.csv,/kaggle/working/outputs/TESE_pruebas/run_20260902_145353/processed_data/filtrado/252260670_FILTRADO/252260670_all_cleanNorm.csv,178.44
252260670_all_cleanSmooth.csv,/kaggle/working/outputs/TESE_pruebas/run_20260902_145353/processed_data/filtrado/252260670_FILTRADO/252260670_all_cleanSmooth.csv,178.91
252260670_all_noOutliers.csv,/kaggle/working/outputs/TESE_pruebas/run_20260902_145353/processed_data/filtrado/252260670_FILTRADO/252260670_all_noOutliers.csv,54.36
252260670_all_outliers.csv,/kaggle/working/outputs/TESE_pruebas/run_20260902_145353/processed_data/filtrado/252260670_FILTRADO/252260670_all_outliers.csv,78.89
252260670_all_sinArtefactosConservador.csv,/kaggle/working/outputs/TESE_pruebas/run_20260902_145353/processed_data/filtrado/252260670_FILTRADO/252260670_all_sinArtefactosConservador.csv,34.67
252260670_all_sinArtefactosEstricto.csv,/kaggle/working/outputs/TESE_pruebas/run_20260902_145353/processed_data/filtrado/252260670_FILTRADO/252260670_all_sinArtefactosEstricto.csv,18.23
252260670_left_cleanNorm.csv,/kaggle/working/outputs/TESE_pruebas/run_20260902_145353/processed_data/filtrado/252260670_FILTRADO/252260670_left_cleanNorm.csv,12.76
252260670_left_cleanSmooth.csv,/kaggle/working/outputs/TESE_pruebas/run_20260902_145353/processed_data/filtrado/252260670_FILTRADO/252260670_left_cleanSmooth.csv,12.83
252260670_left_noOutliers.csv,/kaggle/working/outputs/TESE_pruebas/run_20260902_145353/processed_data/filtrado/252260670_FILTRADO/252260670_left_noOutliers.csv,4.29
252260670_left_outliers.csv,/kaggle/working/outputs/TESE_pruebas/run_20260902_145353/processed_data/filtrado/252260670_FILTRADO/252260670_left_outliers.csv,4.29
252260670_left_sinArtefactosConservador.csv,/kaggle/working/outputs/TESE_pruebas/run_20260902_145353/processed_data/filtrado/252260670_FILTRADO/252260670_left_sinArtefactosConservador.csv,4.29
252260670_left_sinArtefactosEstricto.csv,/kaggle/working/outputs/TESE_pruebas/run_20260902_145353/processed_data/filtrado/252260670_FILTRADO/252260670_left_sinArtefactosEstricto.csv,4.29
252260670_pull_cleanNorm.csv,/kaggle/working/outputs/TESE_pruebas/run_20260902_145353/processed_data/filtrado/252260670_FILTRADO/252260670_pull_cleanNorm.csv,24.96
252260670_pull_cleanSmooth.csv,/kaggle/working/outputs/TESE_pruebas/run_20260902_145353/processed_data/filtrado/252260670_FILTRADO/252260670_pull_cleanSmooth.csv,25.06
252260670_pull_noOutliers.csv,/kaggle/working/outputs/TESE_pruebas/run_20260902_145353/processed_data/filtrado/252260670_FILTRADO/252260670_pull_noOutliers.csv,7.99
252260670_pull_outliers.csv,/kaggle/working/outputs/TESE_pruebas/run_20260902_145353/processed_data/filtrado/252260670_FILTRADO/252260670_pull_outliers.csv,8.82
252260670_pull_sinArtefactosConservador.csv,/kaggle/working/outputs/TESE_pruebas/run_20260902_145353/processed_data/filtrado/252260670_FILTRADO/252260670_pull_sinArtefactosConservador.csv,7.99
252260670_pull_sinArtefactosEstricto.csv,/kaggle/working/outputs/TESE_pruebas/run_20260902_145353/processed_data/filtrado/252260670_FILTRADO/252260670_pull_sinArtefactosEstricto.csv,7.99
252260670_push_cleanNorm.csv,/kaggle/working/outputs/TESE_pruebas/run_20260902_145353/processed_data/filtrado/252260670_FILTRADO/252260670_push_cleanNorm.csv,79.74
252260670_push_cleanSmooth.csv,/kaggle/working/outputs/TESE_pruebas/run_20260902_145353/processed_data/filtrado/252260670_FILTRADO/252260670_push_cleanSmooth.csv,79.98
252260670_push_noOutliers.csv,/kaggle/working/outputs/TESE_pruebas/run_20260902_145353/processed_data/filtrado/252260670_FILTRADO/252260670_push_noOutliers.csv,24.37
252260670_push_outliers.csv,/kaggle/working/outputs/TESE_pruebas/run_20260902_145353/processed_data/filtrado/252260670_FILTRADO/252260670_push_outliers.csv,28.6
252260670_push_sinArtefactosConservador.csv,/kaggle/working/outputs/TESE_pruebas/run_20260902_145353/processed_data/filtrado/252260670_FILTRADO/252260670_push_sinArtefactosConservador.csv,24.37
252260670_push_sinArtefactosEstricto.csv,/kaggle/working/outputs/TESE_pruebas/run_20260902_145353/processed_data/filtrado/252260670_FILTRADO/252260670_push_sinArtefactosEstricto.csv,24.37
252260670_right_cleanNorm.csv,/kaggle/working/outputs/TESE_pruebas/run_20260902_145353/processed_data/filtrado/252260670_FILTRADO/252260670_right_cleanNorm.csv,95.53
252260670_right_cleanSmooth.csv,/kaggle/working/outputs/TESE_pruebas/run_20260902_145353/processed_data/filtrado/252260670_FILTRADO/252260670_right_cleanSmooth.csv,95.73
252260670_right_noOutliers.csv,/kaggle/working/outputs/TESE_pruebas/run_20260902_145353/processed_data/filtrado/252260670_FILTRADO/252260670_right_noOutliers.csv,29.55
252260670_right_outliers.csv,/kaggle/working/outputs/TESE_pruebas/run_20260902_145353/processed_data/filtrado/252260670_FILTRADO/252260670_right_outliers.csv,39.12
252260670_right_sinArtefactosConservador.csv,/kaggle/working/outputs/TESE_pruebas/run_20260902_145353/processed_data/filtrado/252260670_FILTRADO/252260670_right_sinArtefactosConservador.csv,29.55
252260670_right_sinArtefactosEstricto.csv,/kaggle/working/outputs/TESE_pruebas/run_20260902_145353/processed_data/filtrado/252260670_FILTRADO/252260670_right_sinArtefactosEstricto.csv,29.55
cano_all_cleanNorm.csv,/kaggle/working/outputs/TESE_pruebas/run_20260902_145353/processed_data/filtrado/cano_FILTRADO/cano_all_cleanNorm.csv,1234.73
cano_all_cleanSmooth.csv,/kaggle/working/outputs/TESE_pruebas/run_20260902_145353/processed_data/filtrado/cano_FILTRADO/cano_all_cleanSmooth.csv,1236.94
cano_all_noOutliers.csv,/kaggle/working/outputs/TESE_pruebas/run_20260902_145353/processed_data/filtrado/cano_FILTRADO/cano_all_noOutliers.csv,362.77
cano_all_outliers.csv,/kaggle/working/outputs/TESE_pruebas/run_20260902_145353/processed_data/filtrado/cano_FILTRADO/cano_all_outliers.csv,389.16
cano_all_sinArtefactosConservador.csv,/kaggle/working/outputs/TESE_pruebas/run_20260902_145353/processed_data/filtrado/cano_FILTRADO/cano_all_sinArtefactosConservador.csv,255.89
cano_all_sinArtefactosEstricto.csv,/kaggle/working/outputs/TESE_pruebas/run_20260902_145353/processed_data/filtrado/cano_FILTRADO/cano_all_sinArtefactosEstricto.csv,160.62
cano_left_cleanNorm.csv,/kaggle/working/outputs/TESE_pruebas/run_20260902_145353/processed_data/filtrado/cano_FILTRADO/cano_left_cleanNorm.csv,106.05
cano_left_cleanSmooth.csv,/kaggle/working/outputs/TESE_pruebas/run_20260902_145353/processed_data/filtrado/cano_FILTRADO/cano_left_cleanSmooth.csv,106.46
cano_left_noOutliers.csv,/kaggle/working/outputs/TESE_pruebas/run_20260902_145353/processed_data/filtrado/cano_FILTRADO/cano_left_noOutliers.csv,32.41
cano_left_outliers.csv,/kaggle/working/outputs/TESE_pruebas/run_20260902_145353/processed_data/filtrado/cano_FILTRADO/cano_left_outliers.csv,43.84
cano_left_sinArtefactosConservador.csv,/kaggle/working/outputs/TESE_pruebas/run_20260902_145353/processed_data/filtrado/cano_FILTRADO/cano_left_sinArtefactosConservador.csv,32.41
cano_left_sinArtefactosEstricto.csv,/kaggle/working/outputs/TESE_pruebas/run_20260902_145353/processed_data/filtrado/cano_FILTRADO/cano_left_sinArtefactosEstricto.csv,32.41
cano_pull_cleanNorm.csv,/kaggle/working/outputs/TESE_pruebas/run_20260902_145353/processed_data/filtrado/cano_FILTRADO/cano_pull_cleanNorm.csv,41.13
cano_pull_cleanSmooth.csv,/kaggle/working/outputs/TESE_pruebas/run_20260902_145353/processed_data/filtrado/cano_FILTRADO/cano_pull_cleanSmooth.csv,41.26
cano_pull_noOutliers.csv,/kaggle/working/outputs/TESE_pruebas/run_20260902_145353/processed_data/filtrado/cano_FILTRADO/cano_pull_noOutliers.csv,12.9
cano_pull_outliers.csv,/kaggle/working/outputs/TESE_pruebas/run_20260902_145353/processed_data/filtrado/cano_FILTRADO/cano_pull_outliers.csv,14.94
cano_pull_sinArtefactosConservador.csv,/kaggle/working/outputs/TESE_pruebas/run_20260902_145353/processed_data/filtrado/cano_FILTRADO/cano_pull_sinArtefactosConservador.csv,12.9
cano_pull_sinArtefactosEstricto.csv,/kaggle/working/outputs/TESE_pruebas/run_20260902_145353/processed_data/filtrado/cano_FILTRADO/cano_pull_sinArtefactosEstricto.csv,12.9
cano_push_cleanNorm.csv,/kaggle/working/outputs/TESE_pruebas/run_20260902_145353/processed_data/filtrado/cano_FILTRADO/cano_push_cleanNorm.csv,215.58
cano_push_cleanSmooth.csv,/kaggle/working/outputs/TESE_pruebas/run_20260902_145353/processed_data/filtrado/cano_FILTRADO/cano_push_cleanSmooth.csv,216.31
cano_push_noOutliers.csv,/kaggle/working/outputs/TESE_pruebas/run_20260902_145353/processed_data/filtrado/cano_FILTRADO/cano_push_noOutliers.csv,65.54
cano_push_outliers.csv,/kaggle/working/outputs/TESE_pruebas/run_20260902_145353/processed_data/filtrado/cano_FILTRADO/cano_push_outliers.csv,96.61
cano_push_sinArtefactosConservador.csv,/kaggle/working/outputs/TESE_pruebas/run_20260902_145353/processed_data/filtrado/cano_FILTRADO/cano_push_sinArtefactosConservador.csv,65.54
cano_push_sinArtefactosEstricto.csv,/kaggle/working/outputs/TESE_pruebas/run_20260902_145353/processed_data/filtrado/cano_FILTRADO/cano_push_sinArtefactosEstricto.csv,65.54
cano_right_cleanNorm.csv,/kaggle/working/outputs/TESE_pruebas/run_20260902_145353/processed_data/filtrado/cano_FILTRADO/cano_right_cleanNorm.csv,721.7
cano_right_cleanSmooth.csv,/kaggle/working/outputs/TESE_pruebas/run_20260902_145353/processed_data/filtrado/cano_FILTRADO/cano_right_cleanSmooth.csv,722.94
cano_right_noOutliers.csv,/kaggle/working/outputs/TESE_pruebas/run_20260902_145353/processed_data/filtrado/cano_FILTRADO/cano_right_noOutliers.csv,212.0
cano_right_outliers.csv,/kaggle/working/outputs/TESE_pruebas/run_20260902_145353/processed_data/filtrado/cano_FILTRADO/cano_right_outliers.csv,235.7
cano_right_sinArtefactosConservador.csv,/kaggle/working/outputs/TESE_pruebas/run_20260902_145353/processed_data/filtrado/cano_FILTRADO/cano_right_sinArtefactosConservador.csv,212.0
cano_right_sinArtefactosEstricto.csv,/kaggle/working/outputs/TESE_pruebas/run_20260902_145353/processed_data/filtrado/cano_FILTRADO/cano_right_sinArtefactosEstricto.csv,212.0
reporte_artefactos_sospechados_detalle.csv,/kaggle/working/outputs/TESE_pruebas/run_20260902_145353/processed_data/filtrado/reporte_artefactos_sospechados_detalle.csv,32291.25
reporte_artefactos_sospechados_resumen.csv,/kaggle/working/outputs/TESE_pruebas/run_20260902_145353/processed_data/filtrado/reporte_artefactos_sospechados_resumen.csv,24.66
reporte_filtrado.csv,/kaggle/working/outputs/TESE_pruebas/run_20260902_145353/processed_data/filtrado/reporte_filtrado.csv,4.22
reporte_limpieza_artefactos.csv,/kaggle/working/outputs/TESE_pruebas/run_20260902_145353/processed_data/filtrado/reporte_limpieza_artefactos.csv,17.94
villanueva_all_cleanNorm.csv,/kaggle/working/outputs/TESE_pruebas/run_20260902_145353/processed_data/filtrado/villanueva_FILTRADO/villanueva_all_cleanNorm.csv,858.8
villanueva_all_cleanSmooth.csv,/kaggle/working/outputs/TESE_pruebas/run_20260902_145353/processed_data/filtrado/villanueva_FILTRADO/villanueva_all_cleanSmooth.csv,861.46
villanueva_all_noOutliers.csv,/kaggle/working/outputs/TESE_pruebas/run_20260902_145353/processed_data/filtrado/villanueva_FILTRADO/villanueva_all_noOutliers.csv,258.38
villanueva_all_outliers.csv,/kaggle/working/outputs/TESE_pruebas/run_20260902_145353/processed_data/filtrado/villanueva_FILTRADO/villanueva_all_outliers.csv,282.18
villanueva_all_sinArtefactosConservador.csv,/kaggle/working/outputs/TESE_pruebas/run_20260902_145353/processed_data/filtrado/villanueva_FILTRADO/villanueva_all_sinArtefactosConservador.csv,226.58
villanueva_all_sinArtefactosEstricto.csv,/kaggle/working/outputs/TESE_pruebas/run_20260902_145353/processed_data/filtrado/villanueva_FILTRADO/villanueva_all_sinArtefactosEstricto.csv,147.45
villanueva_left_cleanNorm.csv,/kaggle/working/outputs/TESE_pruebas/run_20260902_145353/processed_data/filtrado/villanueva_FILTRADO/villanueva_left_cleanNorm.csv,23.57
villanueva_left_cleanSmooth.csv,/kaggle/working/outputs/TESE_pruebas/run_20260902_145353/processed_data/filtrado/villanueva_FILTRADO/villanueva_left_cleanSmooth.csv,23.74
villanueva_left_noOutliers.csv,/kaggle/working/outputs/TESE_pruebas/run_20260902_145353/processed_data/filtrado/villanueva_FILTRADO/villanueva_left_noOutliers.csv,7.57
villanueva_left_outliers.csv,/kaggle/working/outputs/TESE_pruebas/run_20260902_145353/processed_data/filtrado/villanueva_FILTRADO/villanueva_left_outliers.csv,7.57
villanueva_left_sinArtefactosConservador.csv,/kaggle/working/outputs/TESE_pruebas/run_20260902_145353/processed_data/filtrado/villanueva_FILTRADO/villanueva_left_sinArtefactosConservador.csv,7.57
villanueva_left_sinArtefactosEstricto.csv,/kaggle/working/outputs/TESE_pruebas/run_20260902_145353/processed_data/filtrado/villanueva_FILTRADO/villanueva_left_sinArtefactosEstricto.csv,7.57
villanueva_pull_cleanNorm.csv,/kaggle/working/outputs/TESE_pruebas/run_20260902_145353/processed_data/filtrado/villanueva_FILTRADO/villanueva_pull_cleanNorm.csv,493.01
villanueva_pull_cleanSmooth.csv,/kaggle/working/outputs/TESE_pruebas/run_20260902_145353/processed_data/filtrado/villanueva_FILTRADO/villanueva_pull_cleanSmooth.csv,495.17
villanueva_pull_noOutliers.csv,/kaggle/working/outputs/TESE_pruebas/run_20260902_145353/processed_data/filtrado/villanueva_FILTRADO/villanueva_pull_noOutliers.csv,148.66
villanueva_pull_outliers.csv,/kaggle/working/outputs/TESE_pruebas/run_20260902_145353/processed_data/filtrado/villanueva_FILTRADO/villanueva_pull_outliers.csv,162.81
villanueva_pull_sinArtefactosConservador.csv,/kaggle/working/outputs/TESE_pruebas/run_20260902_145353/processed_data/filtrado/villanueva_FILTRADO/villanueva_pull_sinArtefactosConservador.csv,148.66
villanueva_pull_sinArtefactosEstricto.csv,/kaggle/working/outputs/TESE_pruebas/run_20260902_145353/processed_data/filtrado/villanueva_FILTRADO/villanueva_pull_sinArtefactosEstricto.csv,148.66
villanueva_push_cleanNorm.csv,/kaggle/working/outputs/TESE_pruebas/run_20260902_145353/processed_data/filtrado/villanueva_FILTRADO/villanueva_push_cleanNorm.csv,287.02
villanueva_push_cleanSmooth.csv,/kaggle/working/outputs/TESE_pruebas/run_20260902_145353/processed_data/filtrado/villanueva_FILTRADO/villanueva_push_cleanSmooth.csv,287.61
villanueva_push_noOutliers.csv,/kaggle/working/outputs/TESE_pruebas/run_20260902_145353/processed_data/filtrado/villanueva_FILTRADO/villanueva_push_noOutliers.csv,86.68
villanueva_push_outliers.csv,/kaggle/working/outputs/TESE_pruebas/run_20260902_145353/processed_data/filtrado/villanueva_FILTRADO/villanueva_push_outliers.csv,93.0
villanueva_push_sinArtefactosConservador.csv,/kaggle/working/outputs/TESE_pruebas/run_20260902_145353/processed_data/filtrado/villanueva_FILTRADO/villanueva_push_sinArtefactosConservador.csv,86.68
villanueva_push_sinArtefactosEstricto.csv,/kaggle/working/outputs/TESE_pruebas/run_20260902_145353/processed_data/filtrado/villanueva_FILTRADO/villanueva_push_sinArtefactosEstricto.csv,86.68
villanueva_right_cleanNorm.csv,/kaggle/working/outputs/TESE_pruebas/run_20260902_145353/processed_data/filtrado/villanueva_FILTRADO/villanueva_right_cleanNorm.csv,57.83
villanueva_right_cleanSmooth.csv,/kaggle/working/outputs/TESE_pruebas/run_20260902_145353/processed_data/filtrado/villanueva_FILTRADO/villanueva_right_cleanSmooth.csv,57.82
villanueva_right_noOutliers.csv,/kaggle/working/outputs/TESE_pruebas/run_20260902_145353/processed_data/filtrado/villanueva_FILTRADO/villanueva_right_noOutliers.csv,17.82
villanueva_right_outliers.csv,/kaggle/working/outputs/TESE_pruebas/run_20260902_145353/processed_data/filtrado/villanueva_FILTRADO/villanueva_right_outliers.csv,20.73
villanueva_right_sinArtefactosConservador.csv,/kaggle/working/outputs/TESE_pruebas/run_20260902_145353/processed_data/filtrado/villanueva_FILTRADO/villanueva_right_sinArtefactosConservador.csv,17.82
villanueva_right_sinArtefactosEstricto.csv,/kaggle/working/outputs/TESE_pruebas/run_20260902_145353/processed_data/filtrado/villanueva_FILTRADO/villanueva_right_sinArtefactosEstricto.csv,17.82
211260561_Comparativa_Modelos_Final.csv,/kaggle/working/outputs/TESE_pruebas/run_20260902_145353/processed_data/models/211260561_MODELS/211260561_Comparativa_Modelos_Final.csv,2.17
211260561_Comparativa_Modelos_Final.xlsx,/kaggle/working/outputs/TESE_pruebas/run_20260902_145353/processed_data/models/211260561_MODELS/211260561_Comparativa_Modelos_Final.xlsx,6.52
211260561_all_cleanNorm_balanced.csv,/kaggle/working/outputs/TESE_pruebas/run_20260902_145353/processed_data/models/211260561_MODELS/211260561_all_cleanNorm_balanced.csv,667.61
211260561_all_cleanSmooth_balanced.csv,/kaggle/working/outputs/TESE_pruebas/run_20260902_145353/processed_data/models/211260561_MODELS/211260561_all_cleanSmooth_balanced.csv,667.76
211260561_all_noOutliers_balanced.csv,/kaggle/working/outputs/TESE_pruebas/run_20260902_145353/processed_data/models/211260561_MODELS/211260561_all_noOutliers_balanced.csv,206.6
211260561_all_outliers_balanced.csv,/kaggle/working/outputs/TESE_pruebas/run_20260902_145353/processed_data/models/211260561_MODELS/211260561_all_outliers_balanced.csv,293.1
211260561_all_sinArtefactosConservador_balanced.csv,/kaggle/working/outputs/TESE_pruebas/run_20260902_145353/processed_data/models/211260561_MODELS/211260561_all_sinArtefactosConservador_balanced.csv,165.16
211260561_all_sinArtefactosEstricto_balanced.csv,/kaggle/working/outputs/TESE_pruebas/run_20260902_145353/processed_data/models/211260561_MODELS/211260561_all_sinArtefactosEstricto_balanced.csv,120.6
211260561_left_cleanNorm_balanced.csv,/kaggle/working/outputs/TESE_pruebas/run_20260902_145353/processed_data/models/211260561_MODELS/211260561_left_cleanNorm_balanced.csv,293.63
211260561_left_cleanSmooth_balanced.csv,/kaggle/working/outputs/TESE_pruebas/run_20260902_145353/processed_data/models/211260561_MODELS/211260561_left_cleanSmooth_balanced.csv,293.64
211260561_left_noOutliers_balanced.csv,/kaggle/working/outputs/TESE_pruebas/run_20260902_145353/processed_data/models/211260561_MODELS/211260561_left_noOutliers_balanced.csv,91.38
211260561_left_outliers_balanced.csv,/kaggle/working/outputs/TESE_pruebas/run_20260902_145353/processed_data/models/211260561_MODELS/211260561_left_outliers_balanced.csv,127.72
211260561_left_sinArtefactosConservador_balanced.csv,/kaggle/working/outputs/TESE_pruebas/run_20260902_145353/processed_data/models/211260561_MODELS/211260561_left_sinArtefactosConservador_balanced.csv,91.38
211260561_left_sinArtefactosEstricto_balanced.csv,/kaggle/working/outputs/TESE_pruebas/run_20260902_145353/processed_data/models/211260561_MODELS/211260561_left_sinArtefactosEstricto_balanced.csv,91.38
211260561_pull_cleanNorm_balanced.csv,/kaggle/working/outputs/TESE_pruebas/run_20260902_145353/processed_data/models/211260561_MODELS/211260561_pull_cleanNorm_balanced.csv,109.61
211260561_pull_cleanSmooth_balanced.csv,/kaggle/working/outputs/TESE_pruebas/run_20260902_145353/processed_data/models/211260561_MODELS/211260561_pull_cleanSmooth_balanced.csv,109.79
211260561_pull_noOutliers_balanced.csv,/kaggle/working/outputs/TESE_pruebas/run_20260902_145353/processed_data/models/211260561_MODELS/211260561_pull_noOutliers_balanced.csv,34.52
211260561_pull_outliers_balanced.csv,/kaggle/working/outputs/TESE_pruebas/run_20260902_145353/processed_data/models/211260561_MODELS/211260561_pull_outliers_balanced.csv,47.43
211260561_pull_sinArtefactosConservador_balanced.csv,/kaggle/working/outputs/TESE_pruebas/run_20260902_145353/processed_data/models/211260561_MODELS/211260561_pull_sinArtefactosConservador_balanced.csv,34.52
211260561_pull_sinArtefactosEstricto_balanced.csv,/kaggle/working/outputs/TESE_pruebas/run_20260902_145353/processed_data/models/211260561_MODELS/211260561_pull_sinArtefactosEstricto_balanced.csv,34.52
211260561_push_cleanNorm_balanced.csv,/kaggle/working/outputs/TESE_pruebas/run_20260902_145353/processed_data/models/211260561_MODELS/211260561_push_cleanNorm_balanced.csv,182.91
211260561_push_cleanSmooth_balanced.csv,/kaggle/working/outputs/TESE_pruebas/run_20260902_145353/processed_data/models/211260561_MODELS/211260561_push_cleanSmooth_balanced.csv,182.88
211260561_push_noOutliers_balanced.csv,/kaggle/working/outputs/TESE_pruebas/run_20260902_145353/processed_data/models/211260561_MODELS/211260561_push_noOutliers_balanced.csv,57.06
211260561_push_outliers_balanced.csv,/kaggle/working/outputs/TESE_pruebas/run_20260902_145353/processed_data/models/211260561_MODELS/211260561_push_outliers_balanced.csv,83.95
211260561_push_sinArtefactosConservador_balanced.csv,/kaggle/working/outputs/TESE_pruebas/run_20260902_145353/processed_data/models/211260561_MODELS/211260561_push_sinArtefactosConservador_balanced.csv,57.06
211260561_push_sinArtefactosEstricto_balanced.csv,/kaggle/working/outputs/TESE_pruebas/run_20260902_145353/processed_data/models/211260561_MODELS/211260561_push_sinArtefactosEstricto_balanced.csv,57.06
211260561_right_cleanNorm_balanced.csv,/kaggle/working/outputs/TESE_pruebas/run_20260902_145353/processed_data/models/211260561_MODELS/211260561_right_cleanNorm_balanced.csv,92.36
211260561_right_cleanSmooth_balanced.csv,/kaggle/working/outputs/TESE_pruebas/run_20260902_145353/processed_data/models/211260561_MODELS/211260561_right_cleanSmooth_balanced.csv,92.43
211260561_right_noOutliers_balanced.csv,/kaggle/working/outputs/TESE_pruebas/run_20260902_145353/processed_data/models/211260561_MODELS/211260561_right_noOutliers_balanced.csv,28.98
211260561_right_outliers_balanced.csv,/kaggle/working/outputs/TESE_pruebas/run_20260902_145353/processed_data/models/211260561_MODELS/211260561_right_outliers_balanced.csv,36.82
211260561_right_sinArtefactosConservador_balanced.csv,/kaggle/working/outputs/TESE_pruebas/run_20260902_145353/processed_data/models/211260561_MODELS/211260561_right_sinArtefactosConservador_balanced.csv,28.98
211260561_right_sinArtefactosEstricto_balanced.csv,/kaggle/working/outputs/TESE_pruebas/run_20260902_145353/processed_data/models/211260561_MODELS/211260561_right_sinArtefactosEstricto_balanced.csv,28.98
212260563_Comparativa_Modelos_Final.csv,/kaggle/working/outputs/TESE_pruebas/run_20260902_145353/processed_data/models/212260563_MODELS/212260563_Comparativa_Modelos_Final.csv,0.71
212260563_Comparativa_Modelos_Final.xlsx,/kaggle/working/outputs/TESE_pruebas/run_20260902_145353/processed_data/models/212260563_MODELS/212260563_Comparativa_Modelos_Final.xlsx,5.5
212260563_all_cleanNorm_balanced.csv,/kaggle/working/outputs/TESE_pruebas/run_20260902_145353/processed_data/models/212260563_MODELS/212260563_all_cleanNorm_balanced.csv,176.61
212260563_all_cleanSmooth_balanced.csv,/kaggle/working/outputs/TESE_pruebas/run_20260902_145353/processed_data/models/212260563_MODELS/212260563_all_cleanSmooth_balanced.csv,176.24
212260563_all_noOutliers_balanced.csv,/kaggle/working/outputs/TESE_pruebas/run_20260902_145353/processed_data/models/212260563_MODELS/212260563_all_noOutliers_balanced.csv,55.51
212260563_all_outliers_balanced.csv,/kaggle/working/outputs/TESE_pruebas/run_20260902_145353/processed_data/models/212260563_MODELS/212260563_all_outliers_balanced.csv,69.75
212260563_all_sinArtefactosConservador_balanced.csv,/kaggle/working/outputs/TESE_pruebas/run_20260902_145353/processed_data/models/212260563_MODELS/212260563_all_sinArtefactosConservador_balanced.csv,32.57
212260563_all_sinArtefactosEstricto_balanced.csv,/kaggle/working/outputs/TESE_pruebas/run_20260902_145353/processed_data/models/212260563_MODELS/212260563_all_sinArtefactosEstricto_balanced.csv,18.97
212260563_left_cleanNorm_balanced.csv,/kaggle/working/outputs/TESE_pruebas/run_20260902_145353/processed_data/models/212260563_MODELS/212260563_left_cleanNorm_balanced.csv,81.72
212260563_left_cleanSmooth_balanced.csv,/kaggle/working/outputs/TESE_pruebas/run_20260902_145353/processed_data/models/212260563_MODELS/212260563_left_cleanSmooth_balanced.csv,81.51
212260563_left_noOutliers_balanced.csv,/kaggle/working/outputs/TESE_pruebas/run_20260902_145353/processed_data/models/212260563_MODELS/212260563_left_noOutliers_balanced.csv,25.37
212260563_left_outliers_balanced.csv,/kaggle/working/outputs/TESE_pruebas/run_20260902_145353/processed_data/models/212260563_MODELS/212260563_left_outliers_balanced.csv,30.33
212260563_left_sinArtefactosConservador_balanced.csv,/kaggle/working/outputs/TESE_pruebas/run_20260902_145353/processed_data/models/212260563_MODELS/212260563_left_sinArtefactosConservador_balanced.csv,25.37
212260563_left_sinArtefactosEstricto_balanced.csv,/kaggle/working/outputs/TESE_pruebas/run_20260902_145353/processed_data/models/212260563_MODELS/212260563_left_sinArtefactosEstricto_balanced.csv,25.37
212260563_pull_cleanNorm_balanced.csv,/kaggle/working/outputs/TESE_pruebas/run_20260902_145353/processed_data/models/212260563_MODELS/212260563_pull_cleanNorm_balanced.csv,43.03
212260563_pull_cleanSmooth_balanced.csv,/kaggle/working/outputs/TESE_pruebas/run_20260902_145353/processed_data/models/212260563_MODELS/212260563_pull_cleanSmooth_balanced.csv,43.2
212260563_pull_noOutliers_balanced.csv,/kaggle/working/outputs/TESE_pruebas/run_20260902_145353/processed_data/models/212260563_MODELS/212260563_pull_noOutliers_balanced.csv,14.36
212260563_pull_outliers_balanced.csv,/kaggle/working/outputs/TESE_pruebas/run_20260902_145353/processed_data/models/212260563_MODELS/212260563_pull_outliers_balanced.csv,16.99
212260563_pull_sinArtefactosConservador_balanced.csv,/kaggle/working/outputs/TESE_pruebas/run_20260902_145353/processed_data/models/212260563_MODELS/212260563_pull_sinArtefactosConservador_balanced.csv,14.36
212260563_pull_sinArtefactosEstricto_balanced.csv,/kaggle/working/outputs/TESE_pruebas/run_20260902_145353/processed_data/models/212260563_MODELS/212260563_pull_sinArtefactosEstricto_balanced.csv,14.36
212260563_push_cleanNorm_balanced.csv,/kaggle/working/outputs/TESE_pruebas/run_20260902_145353/processed_data/models/212260563_MODELS/212260563_push_cleanNorm_balanced.csv,7.3
212260563_push_cleanSmooth_balanced.csv,/kaggle/working/outputs/TESE_pruebas/run_20260902_145353/processed_data/models/212260563_MODELS/212260563_push_cleanSmooth_balanced.csv,7.37
212260563_push_noOutliers_balanced.csv,/kaggle/working/outputs/TESE_pruebas/run_20260902_145353/processed_data/models/212260563_MODELS/212260563_push_noOutliers_balanced.csv,2.75
212260563_push_outliers_balanced.csv,/kaggle/working/outputs/TESE_pruebas/run_20260902_145353/processed_data/models/212260563_MODELS/212260563_push_outliers_balanced.csv,2.75
212260563_push_sinArtefactosConservador_balanced.csv,/kaggle/working/outputs/TESE_pruebas/run_20260902_145353/processed_data/models/212260563_MODELS/212260563_push_sinArtefactosConservador_balanced.csv,2.75
212260563_push_sinArtefactosEstricto_balanced.csv,/kaggle/working/outputs/TESE_pruebas/run_20260902_145353/processed_data/models/212260563_MODELS/212260563_push_sinArtefactosEstricto_balanced.csv,2.75
212260563_right_cleanNorm_balanced.csv,/kaggle/working/outputs/TESE_pruebas/run_20260902_145353/processed_data/models/212260563_MODELS/212260563_right_cleanNorm_balanced.csv,53.96
212260563_right_cleanSmooth_balanced.csv,/kaggle/working/outputs/TESE_pruebas/run_20260902_145353/processed_data/models/212260563_MODELS/212260563_right_cleanSmooth_balanced.csv,53.97
212260563_right_noOutliers_balanced.csv,/kaggle/working/outputs/TESE_pruebas/run_20260902_145353/processed_data/models/212260563_MODELS/212260563_right_noOutliers_balanced.csv,16.96
212260563_right_outliers_balanced.csv,/kaggle/working/outputs/TESE_pruebas/run_20260902_145353/processed_data/models/212260563_MODELS/212260563_right_outliers_balanced.csv,21.09
212260563_right_sinArtefactosConservador_balanced.csv,/kaggle/working/outputs/TESE_pruebas/run_20260902_145353/processed_data/models/212260563_MODELS/212260563_right_sinArtefactosConservador_balanced.csv,16.96
212260563_right_sinArtefactosEstricto_balanced.csv,/kaggle/working/outputs/TESE_pruebas/run_20260902_145353/processed_data/models/212260563_MODELS/212260563_right_sinArtefactosEstricto_balanced.csv,16.96
212260567_Comparativa_Modelos_Final.csv,/kaggle/working/outputs/TESE_pruebas/run_20260902_145353/processed_data/models/212260567_MODELS/212260567_Comparativa_Modelos_Final.csv,0.72
212260567_Comparativa_Modelos_Final.xlsx,/kaggle/working/outputs/TESE_pruebas/run_20260902_145353/processed_data/models/212260567_MODELS/212260567_Comparativa_Modelos_Final.xlsx,5.5
212260567_all_cleanNorm_balanced.csv,/kaggle/working/outputs/TESE_pruebas/run_20260902_145353/processed_data/models/212260567_MODELS/212260567_all_cleanNorm_balanced.csv,161.42
212260567_all_cleanSmooth_balanced.csv,/kaggle/working/outputs/TESE_pruebas/run_20260902_145353/processed_data/models/212260567_MODELS/212260567_all_cleanSmooth_balanced.csv,161.38
212260567_all_noOutliers_balanced.csv,/kaggle/working/outputs/TESE_pruebas/run_20260902_145353/processed_data/models/212260567_MODELS/212260567_all_noOutliers_balanced.csv,53.11
212260567_all_outliers_balanced.csv,/kaggle/working/outputs/TESE_pruebas/run_20260902_145353/processed_data/models/212260567_MODELS/212260567_all_outliers_balanced.csv,71.5
212260567_all_sinArtefactosConservador_balanced.csv,/kaggle/working/outputs/TESE_pruebas/run_20260902_145353/processed_data/models/212260567_MODELS/212260567_all_sinArtefactosConservador_balanced.csv,37.39
212260567_all_sinArtefactosEstricto_balanced.csv,/kaggle/working/outputs/TESE_pruebas/run_20260902_145353/processed_data/models/212260567_MODELS/212260567_all_sinArtefactosEstricto_balanced.csv,1.77
212260567_left_cleanNorm_balanced.csv,/kaggle/working/outputs/TESE_pruebas/run_20260902_145353/processed_data/models/212260567_MODELS/212260567_left_cleanNorm_balanced.csv,63.64
212260567_left_cleanSmooth_balanced.csv,/kaggle/working/outputs/TESE_pruebas/run_20260902_145353/processed_data/models/212260567_MODELS/212260567_left_cleanSmooth_balanced.csv,63.58
212260567_left_noOutliers_balanced.csv,/kaggle/working/outputs/TESE_pruebas/run_20260902_145353/processed_data/models/212260567_MODELS/212260567_left_noOutliers_balanced.csv,21.16
212260567_left_outliers_balanced.csv,/kaggle/working/outputs/TESE_pruebas/run_20260902_145353/processed_data/models/212260567_MODELS/212260567_left_outliers_balanced.csv,25.8
212260567_left_sinArtefactosConservador_balanced.csv,/kaggle/working/outputs/TESE_pruebas/run_20260902_145353/processed_data/models/212260567_MODELS/212260567_left_sinArtefactosConservador_balanced.csv,21.16
212260567_left_sinArtefactosEstricto_balanced.csv,/kaggle/working/outputs/TESE_pruebas/run_20260902_145353/processed_data/models/212260567_MODELS/212260567_left_sinArtefactosEstricto_balanced.csv,21.16
212260567_pull_cleanNorm_balanced.csv,/kaggle/working/outputs/TESE_pruebas/run_20260902_145353/processed_data/models/212260567_MODELS/212260567_pull_cleanNorm_balanced.csv,72.61
212260567_pull_cleanSmooth_balanced.csv,/kaggle/working/outputs/TESE_pruebas/run_20260902_145353/processed_data/models/212260567_MODELS/212260567_pull_cleanSmooth_balanced.csv,72.74
212260567_pull_noOutliers_balanced.csv,/kaggle/working/outputs/TESE_pruebas/run_20260902_145353/processed_data/models/212260567_MODELS/212260567_pull_noOutliers_balanced.csv,24.38
212260567_pull_outliers_balanced.csv,/kaggle/working/outputs/TESE_pruebas/run_20260902_145353/processed_data/models/212260567_MODELS/212260567_pull_outliers_balanced.csv,30.69
212260567_pull_sinArtefactosConservador_balanced.csv,/kaggle/working/outputs/TESE_pruebas/run_20260902_145353/processed_data/models/212260567_MODELS/212260567_pull_sinArtefactosConservador_balanced.csv,24.38
212260567_pull_sinArtefactosEstricto_balanced.csv,/kaggle/working/outputs/TESE_pruebas/run_20260902_145353/processed_data/models/212260567_MODELS/212260567_pull_sinArtefactosEstricto_balanced.csv,24.38
212260567_push_cleanNorm_balanced.csv,/kaggle/working/outputs/TESE_pruebas/run_20260902_145353/processed_data/models/212260567_MODELS/212260567_push_cleanNorm_balanced.csv,35.32
212260567_push_cleanSmooth_balanced.csv,/kaggle/working/outputs/TESE_pruebas/run_20260902_145353/processed_data/models/212260567_MODELS/212260567_push_cleanSmooth_balanced.csv,35.34
212260567_push_noOutliers_balanced.csv,/kaggle/working/outputs/TESE_pruebas/run_20260902_145353/processed_data/models/212260567_MODELS/212260567_push_noOutliers_balanced.csv,12.08
212260567_push_outliers_balanced.csv,/kaggle/working/outputs/TESE_pruebas/run_20260902_145353/processed_data/models/212260567_MODELS/212260567_push_outliers_balanced.csv,13.42
212260567_push_sinArtefactosConservador_balanced.csv,/kaggle/working/outputs/TESE_pruebas/run_20260902_145353/processed_data/models/212260567_MODELS/212260567_push_sinArtefactosConservador_balanced.csv,12.08
212260567_push_sinArtefactosEstricto_balanced.csv,/kaggle/working/outputs/TESE_pruebas/run_20260902_145353/processed_data/models/212260567_MODELS/212260567_push_sinArtefactosEstricto_balanced.csv,12.08
212260567_right_cleanNorm_balanced.csv,/kaggle/working/outputs/TESE_pruebas/run_20260902_145353/processed_data/models/212260567_MODELS/212260567_right_cleanNorm_balanced.csv,8.61
212260567_right_cleanSmooth_balanced.csv,/kaggle/working/outputs/TESE_pruebas/run_20260902_145353/processed_data/models/212260567_MODELS/212260567_right_cleanSmooth_balanced.csv,8.69
212260567_right_noOutliers_balanced.csv,/kaggle/working/outputs/TESE_pruebas/run_20260902_145353/processed_data/models/212260567_MODELS/212260567_right_noOutliers_balanced.csv,3.37
212260567_right_outliers_balanced.csv,/kaggle/working/outputs/TESE_pruebas/run_20260902_145353/processed_data/models/212260567_MODELS/212260567_right_outliers_balanced.csv,3.37
212260567_right_sinArtefactosConservador_balanced.csv,/kaggle/working/outputs/TESE_pruebas/run_20260902_145353/processed_data/models/212260567_MODELS/212260567_right_sinArtefactosConservador_balanced.csv,3.37
212260567_right_sinArtefactosEstricto_balanced.csv,/kaggle/working/outputs/TESE_pruebas/run_20260902_145353/processed_data/models/212260567_MODELS/212260567_right_sinArtefactosEstricto_balanced.csv,3.37
212260569_Comparativa_Modelos_Final.csv,/kaggle/working/outputs/TESE_pruebas/run_20260902_145353/processed_data/models/212260569_MODELS/212260569_Comparativa_Modelos_Final.csv,1.46
212260569_Comparativa_Modelos_Final.xlsx,/kaggle/working/outputs/TESE_pruebas/run_20260902_145353/processed_data/models/212260569_MODELS/212260569_Comparativa_Modelos_Final.xlsx,6.06
212260569_all_cleanNorm_balanced.csv,/kaggle/working/outputs/TESE_pruebas/run_20260902_145353/processed_data/models/212260569_MODELS/212260569_all_cleanNorm_balanced.csv,265.04
212260569_all_cleanSmooth_balanced.csv,/kaggle/working/outputs/TESE_pruebas/run_20260902_145353/processed_data/models/212260569_MODELS/212260569_all_cleanSmooth_balanced.csv,264.9
212260569_all_noOutliers_balanced.csv,/kaggle/working/outputs/TESE_pruebas/run_20260902_145353/processed_data/models/212260569_MODELS/212260569_all_noOutliers_balanced.csv,91.62
212260569_all_outliers_balanced.csv,/kaggle/working/outputs/TESE_pruebas/run_20260902_145353/processed_data/models/212260569_MODELS/212260569_all_outliers_balanced.csv,121.74
212260569_all_sinArtefactosConservador_balanced.csv,/kaggle/working/outputs/TESE_pruebas/run_20260902_145353/processed_data/models/212260569_MODELS/212260569_all_sinArtefactosConservador_balanced.csv,59.22
212260569_all_sinArtefactosEstricto_balanced.csv,/kaggle/working/outputs/TESE_pruebas/run_20260902_145353/processed_data/models/212260569_MODELS/212260569_all_sinArtefactosEstricto_balanced.csv,38.54
212260569_left_cleanNorm_balanced.csv,/kaggle/working/outputs/TESE_pruebas/run_20260902_145353/processed_data/models/212260569_MODELS/212260569_left_cleanNorm_balanced.csv,99.43
212260569_left_cleanSmooth_balanced.csv,/kaggle/working/outputs/TESE_pruebas/run_20260902_145353/processed_data/models/212260569_MODELS/212260569_left_cleanSmooth_balanced.csv,99.36
212260569_left_noOutliers_balanced.csv,/kaggle/working/outputs/TESE_pruebas/run_20260902_145353/processed_data/models/212260569_MODELS/212260569_left_noOutliers_balanced.csv,34.96
212260569_left_outliers_balanced.csv,/kaggle/working/outputs/TESE_pruebas/run_20260902_145353/processed_data/models/212260569_MODELS/212260569_left_outliers_balanced.csv,51.58
212260569_left_sinArtefactosConservador_balanced.csv,/kaggle/working/outputs/TESE_pruebas/run_20260902_145353/processed_data/models/212260569_MODELS/212260569_left_sinArtefactosConservador_balanced.csv,34.96
212260569_left_sinArtefactosEstricto_balanced.csv,/kaggle/working/outputs/TESE_pruebas/run_20260902_145353/processed_data/models/212260569_MODELS/212260569_left_sinArtefactosEstricto_balanced.csv,34.96
212260569_pull_cleanNorm_balanced.csv,/kaggle/working/outputs/TESE_pruebas/run_20260902_145353/processed_data/models/212260569_MODELS/212260569_pull_cleanNorm_balanced.csv,32.87
212260569_pull_cleanSmooth_balanced.csv,/kaggle/working/outputs/TESE_pruebas/run_20260902_145353/processed_data/models/212260569_MODELS/212260569_pull_cleanSmooth_balanced.csv,32.69
212260569_pull_noOutliers_balanced.csv,/kaggle/working/outputs/TESE_pruebas/run_20260902_145353/processed_data/models/212260569_MODELS/212260569_pull_noOutliers_balanced.csv,11.76
212260569_pull_outliers_balanced.csv,/kaggle/working/outputs/TESE_pruebas/run_20260902_145353/processed_data/models/212260569_MODELS/212260569_pull_outliers_balanced.csv,12.28
212260569_pull_sinArtefactosConservador_balanced.csv,/kaggle/working/outputs/TESE_pruebas/run_20260902_145353/processed_data/models/212260569_MODELS/212260569_pull_sinArtefactosConservador_balanced.csv,11.76
212260569_pull_sinArtefactosEstricto_balanced.csv,/kaggle/working/outputs/TESE_pruebas/run_20260902_145353/processed_data/models/212260569_MODELS/212260569_pull_sinArtefactosEstricto_balanced.csv,11.76
212260569_push_cleanNorm_balanced.csv,/kaggle/working/outputs/TESE_pruebas/run_20260902_145353/processed_data/models/212260569_MODELS/212260569_push_cleanNorm_balanced.csv,138.16
212260569_push_cleanSmooth_balanced.csv,/kaggle/working/outputs/TESE_pruebas/run_20260902_145353/processed_data/models/212260569_MODELS/212260569_push_cleanSmooth_balanced.csv,138.0
212260569_push_noOutliers_balanced.csv,/kaggle/working/outputs/TESE_pruebas/run_20260902_145353/processed_data/models/212260569_MODELS/212260569_push_noOutliers_balanced.csv,47.58
212260569_push_outliers_balanced.csv,/kaggle/working/outputs/TESE_pruebas/run_20260902_145353/processed_data/models/212260569_MODELS/212260569_push_outliers_balanced.csv,60.18
212260569_push_sinArtefactosConservador_balanced.csv,/kaggle/working/outputs/TESE_pruebas/run_20260902_145353/processed_data/models/212260569_MODELS/212260569_push_sinArtefactosConservador_balanced.csv,47.58
212260569_push_sinArtefactosEstricto_balanced.csv,/kaggle/working/outputs/TESE_pruebas/run_20260902_145353/processed_data/models/212260569_MODELS/212260569_push_sinArtefactosEstricto_balanced.csv,47.58
212260666_Comparativa_Modelos_Final.csv,/kaggle/working/outputs/TESE_pruebas/run_20260902_145353/processed_data/models/212260666_MODELS/212260666_Comparativa_Modelos_Final.csv,1.46
212260666_Comparativa_Modelos_Final.xlsx,/kaggle/working/outputs/TESE_pruebas/run_20260902_145353/processed_data/models/212260666_MODELS/212260666_Comparativa_Modelos_Final.xlsx,6.03
212260666_all_cleanNorm_balanced.csv,/kaggle/working/outputs/TESE_pruebas/run_20260902_145353/processed_data/models/212260666_MODELS/212260666_all_cleanNorm_balanced.csv,263.85
212260666_all_cleanSmooth_balanced.csv,/kaggle/working/outputs/TESE_pruebas/run_20260902_145353/processed_data/models/212260666_MODELS/212260666_all_cleanSmooth_balanced.csv,263.83
212260666_all_noOutliers_balanced.csv,/kaggle/working/outputs/TESE_pruebas/run_20260902_145353/processed_data/models/212260666_MODELS/212260666_all_noOutliers_balanced.csv,83.07
212260666_all_outliers_balanced.csv,/kaggle/working/outputs/TESE_pruebas/run_20260902_145353/processed_data/models/212260666_MODELS/212260666_all_outliers_balanced.csv,110.63
212260666_all_sinArtefactosConservador_balanced.csv,/kaggle/working/outputs/TESE_pruebas/run_20260902_145353/processed_data/models/212260666_MODELS/212260666_all_sinArtefactosConservador_balanced.csv,50.76
212260666_all_sinArtefactosEstricto_balanced.csv,/kaggle/working/outputs/TESE_pruebas/run_20260902_145353/processed_data/models/212260666_MODELS/212260666_all_sinArtefactosEstricto_balanced.csv,25.58
212260666_left_cleanNorm_balanced.csv,/kaggle/working/outputs/TESE_pruebas/run_20260902_145353/processed_data/models/212260666_MODELS/212260666_left_cleanNorm_balanced.csv,21.75
212260666_left_cleanSmooth_balanced.csv,/kaggle/working/outputs/TESE_pruebas/run_20260902_145353/processed_data/models/212260666_MODELS/212260666_left_cleanSmooth_balanced.csv,21.81
212260666_left_noOutliers_balanced.csv,/kaggle/working/outputs/TESE_pruebas/run_20260902_145353/processed_data/models/212260666_MODELS/212260666_left_noOutliers_balanced.csv,7.32
212260666_left_outliers_balanced.csv,/kaggle/working/outputs/TESE_pruebas/run_20260902_145353/processed_data/models/212260666_MODELS/212260666_left_outliers_balanced.csv,7.32
212260666_left_sinArtefactosConservador_balanced.csv,/kaggle/working/outputs/TESE_pruebas/run_20260902_145353/processed_data/models/212260666_MODELS/212260666_left_sinArtefactosConservador_balanced.csv,7.32
212260666_left_sinArtefactosEstricto_balanced.csv,/kaggle/working/outputs/TESE_pruebas/run_20260902_145353/processed_data/models/212260666_MODELS/212260666_left_sinArtefactosEstricto_balanced.csv,7.32
212260666_pull_cleanNorm_balanced.csv,/kaggle/working/outputs/TESE_pruebas/run_20260902_145353/processed_data/models/212260666_MODELS/212260666_pull_cleanNorm_balanced.csv,151.74
212260666_pull_cleanSmooth_balanced.csv,/kaggle/working/outputs/TESE_pruebas/run_20260902_145353/processed_data/models/212260666_MODELS/212260666_pull_cleanSmooth_balanced.csv,151.76
212260666_pull_noOutliers_balanced.csv,/kaggle/working/outputs/TESE_pruebas/run_20260902_145353/processed_data/models/212260666_MODELS/212260666_pull_noOutliers_balanced.csv,48.27
212260666_pull_outliers_balanced.csv,/kaggle/working/outputs/TESE_pruebas/run_20260902_145353/processed_data/models/212260666_MODELS/212260666_pull_outliers_balanced.csv,70.35
212260666_pull_sinArtefactosConservador_balanced.csv,/kaggle/working/outputs/TESE_pruebas/run_20260902_145353/processed_data/models/212260666_MODELS/212260666_pull_sinArtefactosConservador_balanced.csv,48.27
212260666_pull_sinArtefactosEstricto_balanced.csv,/kaggle/working/outputs/TESE_pruebas/run_20260902_145353/processed_data/models/212260666_MODELS/212260666_pull_sinArtefactosEstricto_balanced.csv,48.27
212260666_push_cleanNorm_balanced.csv,/kaggle/working/outputs/TESE_pruebas/run_20260902_145353/processed_data/models/212260666_MODELS/212260666_push_cleanNorm_balanced.csv,44.64
212260666_push_cleanSmooth_balanced.csv,/kaggle/working/outputs/TESE_pruebas/run_20260902_145353/processed_data/models/212260666_MODELS/212260666_push_cleanSmooth_balanced.csv,44.61
212260666_push_noOutliers_balanced.csv,/kaggle/working/outputs/TESE_pruebas/run_20260902_145353/processed_data/models/212260666_MODELS/212260666_push_noOutliers_balanced.csv,14.59
212260666_push_outliers_balanced.csv,/kaggle/working/outputs/TESE_pruebas/run_20260902_145353/processed_data/models/212260666_MODELS/212260666_push_outliers_balanced.csv,19.33
212260666_push_sinArtefactosConservador_balanced.csv,/kaggle/working/outputs/TESE_pruebas/run_20260902_145353/processed_data/models/212260666_MODELS/212260666_push_sinArtefactosConservador_balanced.csv,14.59
212260666_push_sinArtefactosEstricto_balanced.csv,/kaggle/working/outputs/TESE_pruebas/run_20260902_145353/processed_data/models/212260666_MODELS/212260666_push_sinArtefactosEstricto_balanced.csv,14.59
212260666_right_cleanNorm_balanced.csv,/kaggle/working/outputs/TESE_pruebas/run_20260902_145353/processed_data/models/212260666_MODELS/212260666_right_cleanNorm_balanced.csv,47.58
212260666_right_cleanSmooth_balanced.csv,/kaggle/working/outputs/TESE_pruebas/run_20260902_145353/processed_data/models/212260666_MODELS/212260666_right_cleanSmooth_balanced.csv,47.57
212260666_right_noOutliers_balanced.csv,/kaggle/working/outputs/TESE_pruebas/run_20260902_145353/processed_data/models/212260666_MODELS/212260666_right_noOutliers_balanced.csv,15.4
212260666_right_outliers_balanced.csv,/kaggle/working/outputs/TESE_pruebas/run_20260902_145353/processed_data/models/212260666_MODELS/212260666_right_outliers_balanced.csv,16.72
212260666_right_sinArtefactosConservador_balanced.csv,/kaggle/working/outputs/TESE_pruebas/run_20260902_145353/processed_data/models/212260666_MODELS/212260666_right_sinArtefactosConservador_balanced.csv,15.4
212260666_right_sinArtefactosEstricto_balanced.csv,/kaggle/working/outputs/TESE_pruebas/run_20260902_145353/processed_data/models/212260666_MODELS/212260666_right_sinArtefactosEstricto_balanced.csv,15.4
212260668_Comparativa_Modelos_Final.csv,/kaggle/working/outputs/TESE_pruebas/run_20260902_145353/processed_data/models/212260668_MODELS/212260668_Comparativa_Modelos_Final.csv,0.72
212260668_Comparativa_Modelos_Final.xlsx,/kaggle/working/outputs/TESE_pruebas/run_20260902_145353/processed_data/models/212260668_MODELS/212260668_Comparativa_Modelos_Final.xlsx,5.51
212260668_all_cleanNorm_balanced.csv,/kaggle/working/outputs/TESE_pruebas/run_20260902_145353/processed_data/models/212260668_MODELS/212260668_all_cleanNorm_balanced.csv,264.49
212260668_all_cleanSmooth_balanced.csv,/kaggle/working/outputs/TESE_pruebas/run_20260902_145353/processed_data/models/212260668_MODELS/212260668_all_cleanSmooth_balanced.csv,264.53
212260668_all_noOutliers_balanced.csv,/kaggle/working/outputs/TESE_pruebas/run_20260902_145353/processed_data/models/212260668_MODELS/212260668_all_noOutliers_balanced.csv,91.21
212260668_all_outliers_balanced.csv,/kaggle/working/outputs/TESE_pruebas/run_20260902_145353/processed_data/models/212260668_MODELS/212260668_all_outliers_balanced.csv,105.16
212260668_all_sinArtefactosConservador_balanced.csv,/kaggle/working/outputs/TESE_pruebas/run_20260902_145353/processed_data/models/212260668_MODELS/212260668_all_sinArtefactosConservador_balanced.csv,59.12
212260668_all_sinArtefactosEstricto_balanced.csv,/kaggle/working/outputs/TESE_pruebas/run_20260902_145353/processed_data/models/212260668_MODELS/212260668_all_sinArtefactosEstricto_balanced.csv,46.43
212260668_left_cleanNorm_balanced.csv,/kaggle/working/outputs/TESE_pruebas/run_20260902_145353/processed_data/models/212260668_MODELS/212260668_left_cleanNorm_balanced.csv,8.58
212260668_left_cleanSmooth_balanced.csv,/kaggle/working/outputs/TESE_pruebas/run_20260902_145353/processed_data/models/212260668_MODELS/212260668_left_cleanSmooth_balanced.csv,8.61
212260668_left_noOutliers_balanced.csv,/kaggle/working/outputs/TESE_pruebas/run_20260902_145353/processed_data/models/212260668_MODELS/212260668_left_noOutliers_balanced.csv,3.64
212260668_left_outliers_balanced.csv,/kaggle/working/outputs/TESE_pruebas/run_20260902_145353/processed_data/models/212260668_MODELS/212260668_left_outliers_balanced.csv,3.64
212260668_left_sinArtefactosConservador_balanced.csv,/kaggle/working/outputs/TESE_pruebas/run_20260902_145353/processed_data/models/212260668_MODELS/212260668_left_sinArtefactosConservador_balanced.csv,3.64
212260668_left_sinArtefactosEstricto_balanced.csv,/kaggle/working/outputs/TESE_pruebas/run_20260902_145353/processed_data/models/212260668_MODELS/212260668_left_sinArtefactosEstricto_balanced.csv,3.64
212260668_pull_cleanNorm_balanced.csv,/kaggle/working/outputs/TESE_pruebas/run_20260902_145353/processed_data/models/212260668_MODELS/212260668_pull_cleanNorm_balanced.csv,87.06
212260668_pull_cleanSmooth_balanced.csv,/kaggle/working/outputs/TESE_pruebas/run_20260902_145353/processed_data/models/212260668_MODELS/212260668_pull_cleanSmooth_balanced.csv,86.95
212260668_pull_noOutliers_balanced.csv,/kaggle/working/outputs/TESE_pruebas/run_20260902_145353/processed_data/models/212260668_MODELS/212260668_pull_noOutliers_balanced.csv,27.53
212260668_pull_outliers_balanced.csv,/kaggle/working/outputs/TESE_pruebas/run_20260902_145353/processed_data/models/212260668_MODELS/212260668_pull_outliers_balanced.csv,30.49
212260668_pull_sinArtefactosConservador_balanced.csv,/kaggle/working/outputs/TESE_pruebas/run_20260902_145353/processed_data/models/212260668_MODELS/212260668_pull_sinArtefactosConservador_balanced.csv,27.53
212260668_pull_sinArtefactosEstricto_balanced.csv,/kaggle/working/outputs/TESE_pruebas/run_20260902_145353/processed_data/models/212260668_MODELS/212260668_pull_sinArtefactosEstricto_balanced.csv,27.53
212260668_push_cleanNorm_balanced.csv,/kaggle/working/outputs/TESE_pruebas/run_20260902_145353/processed_data/models/212260668_MODELS/212260668_push_cleanNorm_balanced.csv,94.17
212260668_push_cleanSmooth_balanced.csv,/kaggle/working/outputs/TESE_pruebas/run_20260902_145353/processed_data/models/212260668_MODELS/212260668_push_cleanSmooth_balanced.csv,94.15
212260668_push_noOutliers_balanced.csv,/kaggle/working/outputs/TESE_pruebas/run_20260902_145353/processed_data/models/212260668_MODELS/212260668_push_noOutliers_balanced.csv,32.5
212260668_push_outliers_balanced.csv,/kaggle/working/outputs/TESE_pruebas/run_20260902_145353/processed_data/models/212260668_MODELS/212260668_push_outliers_balanced.csv,37.01
212260668_push_sinArtefactosConservador_balanced.csv,/kaggle/working/outputs/TESE_pruebas/run_20260902_145353/processed_data/models/212260668_MODELS/212260668_push_sinArtefactosConservador_balanced.csv,32.5
212260668_push_sinArtefactosEstricto_balanced.csv,/kaggle/working/outputs/TESE_pruebas/run_20260902_145353/processed_data/models/212260668_MODELS/212260668_push_sinArtefactosEstricto_balanced.csv,32.5
212260668_right_cleanNorm_balanced.csv,/kaggle/working/outputs/TESE_pruebas/run_20260902_145353/processed_data/models/212260668_MODELS/212260668_right_cleanNorm_balanced.csv,84.43
212260668_right_cleanSmooth_balanced.csv,/kaggle/working/outputs/TESE_pruebas/run_20260902_145353/processed_data/models/212260668_MODELS/212260668_right_cleanSmooth_balanced.csv,84.45
212260668_right_noOutliers_balanced.csv,/kaggle/working/outputs/TESE_pruebas/run_20260902_145353/processed_data/models/212260668_MODELS/212260668_right_noOutliers_balanced.csv,32.55
212260668_right_outliers_balanced.csv,/kaggle/working/outputs/TESE_pruebas/run_20260902_145353/processed_data/models/212260668_MODELS/212260668_right_outliers_balanced.csv,35.72
212260668_right_sinArtefactosConservador_balanced.csv,/kaggle/working/outputs/TESE_pruebas/run_20260902_145353/processed_data/models/212260668_MODELS/212260668_right_sinArtefactosConservador_balanced.csv,32.55
212260668_right_sinArtefactosEstricto_balanced.csv,/kaggle/working/outputs/TESE_pruebas/run_20260902_145353/processed_data/models/212260668_MODELS/212260668_right_sinArtefactosEstricto_balanced.csv,32.55
212260672_Comparativa_Modelos_Final.csv,/kaggle/working/outputs/TESE_pruebas/run_20260902_145353/processed_data/models/212260672_MODELS/212260672_Comparativa_Modelos_Final.csv,0.72
212260672_Comparativa_Modelos_Final.xlsx,/kaggle/working/outputs/TESE_pruebas/run_20260902_145353/processed_data/models/212260672_MODELS/212260672_Comparativa_Modelos_Final.xlsx,5.52
212260672_all_cleanNorm_balanced.csv,/kaggle/working/outputs/TESE_pruebas/run_20260902_145353/processed_data/models/212260672_MODELS/212260672_all_cleanNorm_balanced.csv,122.84
212260672_all_cleanSmooth_balanced.csv,/kaggle/working/outputs/TESE_pruebas/run_20260902_145353/processed_data/models/212260672_MODELS/212260672_all_cleanSmooth_balanced.csv,122.87
212260672_all_noOutliers_balanced.csv,/kaggle/working/outputs/TESE_pruebas/run_20260902_145353/processed_data/models/212260672_MODELS/212260672_all_noOutliers_balanced.csv,38.25
212260672_all_outliers_balanced.csv,/kaggle/working/outputs/TESE_pruebas/run_20260902_145353/processed_data/models/212260672_MODELS/212260672_all_outliers_balanced.csv,53.02
212260672_all_sinArtefactosConservador_balanced.csv,/kaggle/working/outputs/TESE_pruebas/run_20260902_145353/processed_data/models/212260672_MODELS/212260672_all_sinArtefactosConservador_balanced.csv,21.83
212260672_all_sinArtefactosEstricto_balanced.csv,/kaggle/working/outputs/TESE_pruebas/run_20260902_145353/processed_data/models/212260672_MODELS/212260672_all_sinArtefactosEstricto_balanced.csv,13.65
212260672_left_cleanNorm_balanced.csv,/kaggle/working/outputs/TESE_pruebas/run_20260902_145353/processed_data/models/212260672_MODELS/212260672_left_cleanNorm_balanced.csv,20.68
212260672_left_cleanSmooth_balanced.csv,/kaggle/working/outputs/TESE_pruebas/run_20260902_145353/processed_data/models/212260672_MODELS/212260672_left_cleanSmooth_balanced.csv,20.7
212260672_left_noOutliers_balanced.csv,/kaggle/working/outputs/TESE_pruebas/run_20260902_145353/processed_data/models/212260672_MODELS/212260672_left_noOutliers_balanced.csv,6.79
212260672_left_outliers_balanced.csv,/kaggle/working/outputs/TESE_pruebas/run_20260902_145353/processed_data/models/212260672_MODELS/212260672_left_outliers_balanced.csv,7.2
212260672_left_sinArtefactosConservador_balanced.csv,/kaggle/working/outputs/TESE_pruebas/run_20260902_145353/processed_data/models/212260672_MODELS/212260672_left_sinArtefactosConservador_balanced.csv,6.79
212260672_left_sinArtefactosEstricto_balanced.csv,/kaggle/working/outputs/TESE_pruebas/run_20260902_145353/processed_data/models/212260672_MODELS/212260672_left_sinArtefactosEstricto_balanced.csv,6.79
212260672_pull_cleanNorm_balanced.csv,/kaggle/working/outputs/TESE_pruebas/run_20260902_145353/processed_data/models/212260672_MODELS/212260672_pull_cleanNorm_balanced.csv,71.19
212260672_pull_cleanSmooth_balanced.csv,/kaggle/working/outputs/TESE_pruebas/run_20260902_145353/processed_data/models/212260672_MODELS/212260672_pull_cleanSmooth_balanced.csv,71.24
212260672_pull_noOutliers_balanced.csv,/kaggle/working/outputs/TESE_pruebas/run_20260902_145353/processed_data/models/212260672_MODELS/212260672_pull_noOutliers_balanced.csv,22.21
212260672_pull_outliers_balanced.csv,/kaggle/working/outputs/TESE_pruebas/run_20260902_145353/processed_data/models/212260672_MODELS/212260672_pull_outliers_balanced.csv,28.37
212260672_pull_sinArtefactosConservador_balanced.csv,/kaggle/working/outputs/TESE_pruebas/run_20260902_145353/processed_data/models/212260672_MODELS/212260672_pull_sinArtefactosConservador_balanced.csv,22.21
212260672_pull_sinArtefactosEstricto_balanced.csv,/kaggle/working/outputs/TESE_pruebas/run_20260902_145353/processed_data/models/212260672_MODELS/212260672_pull_sinArtefactosEstricto_balanced.csv,22.21
212260672_push_cleanNorm_balanced.csv,/kaggle/working/outputs/TESE_pruebas/run_20260902_145353/processed_data/models/212260672_MODELS/212260672_push_cleanNorm_balanced.csv,15.21
212260672_push_cleanSmooth_balanced.csv,/kaggle/working/outputs/TESE_pruebas/run_20260902_145353/processed_data/models/212260672_MODELS/212260672_push_cleanSmooth_balanced.csv,15.29
212260672_push_noOutliers_balanced.csv,/kaggle/working/outputs/TESE_pruebas/run_20260902_145353/processed_data/models/212260672_MODELS/212260672_push_noOutliers_balanced.csv,5.12
212260672_push_outliers_balanced.csv,/kaggle/working/outputs/TESE_pruebas/run_20260902_145353/processed_data/models/212260672_MODELS/212260672_push_outliers_balanced.csv,5.12
212260672_push_sinArtefactosConservador_balanced.csv,/kaggle/working/outputs/TESE_pruebas/run_20260902_145353/processed_data/models/212260672_MODELS/212260672_push_sinArtefactosConservador_balanced.csv,5.12
212260672_push_sinArtefactosEstricto_balanced.csv,/kaggle/working/outputs/TESE_pruebas/run_20260902_145353/processed_data/models/212260672_MODELS/212260672_push_sinArtefactosEstricto_balanced.csv,5.12
212260672_right_cleanNorm_balanced.csv,/kaggle/working/outputs/TESE_pruebas/run_20260902_145353/processed_data/models/212260672_MODELS/212260672_right_cleanNorm_balanced.csv,39.21
212260672_right_cleanSmooth_balanced.csv,/kaggle/working/outputs/TESE_pruebas/run_20260902_145353/processed_data/models/212260672_MODELS/212260672_right_cleanSmooth_balanced.csv,39.25
212260672_right_noOutliers_balanced.csv,/kaggle/working/outputs/TESE_pruebas/run_20260902_145353/processed_data/models/212260672_MODELS/212260672_right_noOutliers_balanced.csv,12.55
212260672_right_outliers_balanced.csv,/kaggle/working/outputs/TESE_pruebas/run_20260902_145353/processed_data/models/212260672_MODELS/212260672_right_outliers_balanced.csv,15.45
212260672_right_sinArtefactosConservador_balanced.csv,/kaggle/working/outputs/TESE_pruebas/run_20260902_145353/processed_data/models/212260672_MODELS/212260672_right_sinArtefactosConservador_balanced.csv,12.55
212260672_right_sinArtefactosEstricto_balanced.csv,/kaggle/working/outputs/TESE_pruebas/run_20260902_145353/processed_data/models/212260672_MODELS/212260672_right_sinArtefactosEstricto_balanced.csv,12.55
222260671_Comparativa_Modelos_Final.csv,/kaggle/working/outputs/TESE_pruebas/run_20260902_145353/processed_data/models/222260671_MODELS/222260671_Comparativa_Modelos_Final.csv,0.72
222260671_Comparativa_Modelos_Final.xlsx,/kaggle/working/outputs/TESE_pruebas/run_20260902_145353/processed_data/models/222260671_MODELS/222260671_Comparativa_Modelos_Final.xlsx,5.51
222260671_all_cleanNorm_balanced.csv,/kaggle/working/outputs/TESE_pruebas/run_20260902_145353/processed_data/models/222260671_MODELS/222260671_all_cleanNorm_balanced.csv,224.22
222260671_all_cleanSmooth_balanced.csv,/kaggle/working/outputs/TESE_pruebas/run_20260902_145353/processed_data/models/222260671_MODELS/222260671_all_cleanSmooth_balanced.csv,224.28
222260671_all_noOutliers_balanced.csv,/kaggle/working/outputs/TESE_pruebas/run_20260902_145353/processed_data/models/222260671_MODELS/222260671_all_noOutliers_balanced.csv,70.42
222260671_all_outliers_balanced.csv,/kaggle/working/outputs/TESE_pruebas/run_20260902_145353/processed_data/models/222260671_MODELS/222260671_all_outliers_balanced.csv,103.93
222260671_all_sinArtefactosConservador_balanced.csv,/kaggle/working/outputs/TESE_pruebas/run_20260902_145353/processed_data/models/222260671_MODELS/222260671_all_sinArtefactosConservador_balanced.csv,48.73
222260671_all_sinArtefactosEstricto_balanced.csv,/kaggle/working/outputs/TESE_pruebas/run_20260902_145353/processed_data/models/222260671_MODELS/222260671_all_sinArtefactosEstricto_balanced.csv,24.07
222260671_left_cleanNorm_balanced.csv,/kaggle/working/outputs/TESE_pruebas/run_20260902_145353/processed_data/models/222260671_MODELS/222260671_left_cleanNorm_balanced.csv,37.8
222260671_left_cleanSmooth_balanced.csv,/kaggle/working/outputs/TESE_pruebas/run_20260902_145353/processed_data/models/222260671_MODELS/222260671_left_cleanSmooth_balanced.csv,37.85
222260671_left_noOutliers_balanced.csv,/kaggle/working/outputs/TESE_pruebas/run_20260902_145353/processed_data/models/222260671_MODELS/222260671_left_noOutliers_balanced.csv,12.48
222260671_left_outliers_balanced.csv,/kaggle/working/outputs/TESE_pruebas/run_20260902_145353/processed_data/models/222260671_MODELS/222260671_left_outliers_balanced.csv,13.74
222260671_left_sinArtefactosConservador_balanced.csv,/kaggle/working/outputs/TESE_pruebas/run_20260902_145353/processed_data/models/222260671_MODELS/222260671_left_sinArtefactosConservador_balanced.csv,12.48
222260671_left_sinArtefactosEstricto_balanced.csv,/kaggle/working/outputs/TESE_pruebas/run_20260902_145353/processed_data/models/222260671_MODELS/222260671_left_sinArtefactosEstricto_balanced.csv,12.48
222260671_pull_cleanNorm_balanced.csv,/kaggle/working/outputs/TESE_pruebas/run_20260902_145353/processed_data/models/222260671_MODELS/222260671_pull_cleanNorm_balanced.csv,45.87
222260671_pull_cleanSmooth_balanced.csv,/kaggle/working/outputs/TESE_pruebas/run_20260902_145353/processed_data/models/222260671_MODELS/222260671_pull_cleanSmooth_balanced.csv,45.9
222260671_pull_noOutliers_balanced.csv,/kaggle/working/outputs/TESE_pruebas/run_20260902_145353/processed_data/models/222260671_MODELS/222260671_pull_noOutliers_balanced.csv,14.7
222260671_pull_outliers_balanced.csv,/kaggle/working/outputs/TESE_pruebas/run_20260902_145353/processed_data/models/222260671_MODELS/222260671_pull_outliers_balanced.csv,18.01
222260671_pull_sinArtefactosConservador_balanced.csv,/kaggle/working/outputs/TESE_pruebas/run_20260902_145353/processed_data/models/222260671_MODELS/222260671_pull_sinArtefactosConservador_balanced.csv,14.7
222260671_pull_sinArtefactosEstricto_balanced.csv,/kaggle/working/outputs/TESE_pruebas/run_20260902_145353/processed_data/models/222260671_MODELS/222260671_pull_sinArtefactosEstricto_balanced.csv,14.7
222260671_push_cleanNorm_balanced.csv,/kaggle/working/outputs/TESE_pruebas/run_20260902_145353/processed_data/models/222260671_MODELS/222260671_push_cleanNorm_balanced.csv,28.58
222260671_push_cleanSmooth_balanced.csv,/kaggle/working/outputs/TESE_pruebas/run_20260902_145353/processed_data/models/222260671_MODELS/222260671_push_cleanSmooth_balanced.csv,28.58
222260671_push_noOutliers_balanced.csv,/kaggle/working/outputs/TESE_pruebas/run_20260902_145353/processed_data/models/222260671_MODELS/222260671_push_noOutliers_balanced.csv,9.27
222260671_push_outliers_balanced.csv,/kaggle/working/outputs/TESE_pruebas/run_20260902_145353/processed_data/models/222260671_MODELS/222260671_push_outliers_balanced.csv,10.1
222260671_push_sinArtefactosConservador_balanced.csv,/kaggle/working/outputs/TESE_pruebas/run_20260902_145353/processed_data/models/222260671_MODELS/222260671_push_sinArtefactosConservador_balanced.csv,9.27
222260671_push_sinArtefactosEstricto_balanced.csv,/kaggle/working/outputs/TESE_pruebas/run_20260902_145353/processed_data/models/222260671_MODELS/222260671_push_sinArtefactosEstricto_balanced.csv,9.27
222260671_right_cleanNorm_balanced.csv,/kaggle/working/outputs/TESE_pruebas/run_20260902_145353/processed_data/models/222260671_MODELS/222260671_right_cleanNorm_balanced.csv,135.41
222260671_right_cleanSmooth_balanced.csv,/kaggle/working/outputs/TESE_pruebas/run_20260902_145353/processed_data/models/222260671_MODELS/222260671_right_cleanSmooth_balanced.csv,135.45
222260671_right_noOutliers_balanced.csv,/kaggle/working/outputs/TESE_pruebas/run_20260902_145353/processed_data/models/222260671_MODELS/222260671_right_noOutliers_balanced.csv,42.61
222260671_right_outliers_balanced.csv,/kaggle/working/outputs/TESE_pruebas/run_20260902_145353/processed_data/models/222260671_MODELS/222260671_right_outliers_balanced.csv,64.04
222260671_right_sinArtefactosConservador_balanced.csv,/kaggle/working/outputs/TESE_pruebas/run_20260902_145353/processed_data/models/222260671_MODELS/222260671_right_sinArtefactosConservador_balanced.csv,42.61
222260671_right_sinArtefactosEstricto_balanced.csv,/kaggle/working/outputs/TESE_pruebas/run_20260902_145353/processed_data/models/222260671_MODELS/222260671_right_sinArtefactosEstricto_balanced.csv,42.61
22260552_Comparativa_Modelos_Final.csv,/kaggle/working/outputs/TESE_pruebas/run_20260902_145353/processed_data/models/22260552_MODELS/22260552_Comparativa_Modelos_Final.csv,1.43
22260552_Comparativa_Modelos_Final.xlsx,/kaggle/working/outputs/TESE_pruebas/run_20260902_145353/processed_data/models/22260552_MODELS/22260552_Comparativa_Modelos_Final.xlsx,6.04
22260552_all_cleanNorm_balanced.csv,/kaggle/working/outputs/TESE_pruebas/run_20260902_145353/processed_data/models/22260552_MODELS/22260552_all_cleanNorm_balanced.csv,1738.73
22260552_all_cleanSmooth_balanced.csv,/kaggle/working/outputs/TESE_pruebas/run_20260902_145353/processed_data/models/22260552_MODELS/22260552_all_cleanSmooth_balanced.csv,1738.31
22260552_all_noOutliers_balanced.csv,/kaggle/working/outputs/TESE_pruebas/run_20260902_145353/processed_data/models/22260552_MODELS/22260552_all_noOutliers_balanced.csv,531.11
22260552_all_outliers_balanced.csv,/kaggle/working/outputs/TESE_pruebas/run_20260902_145353/processed_data/models/22260552_MODELS/22260552_all_outliers_balanced.csv,568.23
22260552_all_sinArtefactosConservador_balanced.csv,/kaggle/working/outputs/TESE_pruebas/run_20260902_145353/processed_data/models/22260552_MODELS/22260552_all_sinArtefactosConservador_balanced.csv,267.22
22260552_all_sinArtefactosEstricto_balanced.csv,/kaggle/working/outputs/TESE_pruebas/run_20260902_145353/processed_data/models/22260552_MODELS/22260552_all_sinArtefactosEstricto_balanced.csv,139.4
22260552_left_cleanNorm_balanced.csv,/kaggle/working/outputs/TESE_pruebas/run_20260902_145353/processed_data/models/22260552_MODELS/22260552_left_cleanNorm_balanced.csv,268.4
22260552_left_cleanSmooth_balanced.csv,/kaggle/working/outputs/TESE_pruebas/run_20260902_145353/processed_data/models/22260552_MODELS/22260552_left_cleanSmooth_balanced.csv,268.53
22260552_left_noOutliers_balanced.csv,/kaggle/working/outputs/TESE_pruebas/run_20260902_145353/processed_data/models/22260552_MODELS/22260552_left_noOutliers_balanced.csv,82.75
22260552_left_outliers_balanced.csv,/kaggle/working/outputs/TESE_pruebas/run_20260902_145353/processed_data/models/22260552_MODELS/22260552_left_outliers_balanced.csv,98.82
22260552_left_sinArtefactosConservador_balanced.csv,/kaggle/working/outputs/TESE_pruebas/run_20260902_145353/processed_data/models/22260552_MODELS/22260552_left_sinArtefactosConservador_balanced.csv,82.75
22260552_left_sinArtefactosEstricto_balanced.csv,/kaggle/working/outputs/TESE_pruebas/run_20260902_145353/processed_data/models/22260552_MODELS/22260552_left_sinArtefactosEstricto_balanced.csv,82.75
22260552_pull_cleanNorm_balanced.csv,/kaggle/working/outputs/TESE_pruebas/run_20260902_145353/processed_data/models/22260552_MODELS/22260552_pull_cleanNorm_balanced.csv,696.11
22260552_pull_cleanSmooth_balanced.csv,/kaggle/working/outputs/TESE_pruebas/run_20260902_145353/processed_data/models/22260552_MODELS/22260552_pull_cleanSmooth_balanced.csv,696.5
22260552_pull_noOutliers_balanced.csv,/kaggle/working/outputs/TESE_pruebas/run_20260902_145353/processed_data/models/22260552_MODELS/22260552_pull_noOutliers_balanced.csv,214.81
22260552_pull_outliers_balanced.csv,/kaggle/working/outputs/TESE_pruebas/run_20260902_145353/processed_data/models/22260552_MODELS/22260552_pull_outliers_balanced.csv,246.07
22260552_pull_sinArtefactosConservador_balanced.csv,/kaggle/working/outputs/TESE_pruebas/run_20260902_145353/processed_data/models/22260552_MODELS/22260552_pull_sinArtefactosConservador_balanced.csv,214.81
22260552_pull_sinArtefactosEstricto_balanced.csv,/kaggle/working/outputs/TESE_pruebas/run_20260902_145353/processed_data/models/22260552_MODELS/22260552_pull_sinArtefactosEstricto_balanced.csv,214.81
22260552_push_cleanNorm_balanced.csv,/kaggle/working/outputs/TESE_pruebas/run_20260902_145353/processed_data/models/22260552_MODELS/22260552_push_cleanNorm_balanced.csv,96.9
22260552_push_cleanSmooth_balanced.csv,/kaggle/working/outputs/TESE_pruebas/run_20260902_145353/processed_data/models/22260552_MODELS/22260552_push_cleanSmooth_balanced.csv,96.95
22260552_push_noOutliers_balanced.csv,/kaggle/working/outputs/TESE_pruebas/run_20260902_145353/processed_data/models/22260552_MODELS/22260552_push_noOutliers_balanced.csv,30.08
22260552_push_outliers_balanced.csv,/kaggle/working/outputs/TESE_pruebas/run_20260902_145353/processed_data/models/22260552_MODELS/22260552_push_outliers_balanced.csv,32.74
22260552_push_sinArtefactosConservador_balanced.csv,/kaggle/working/outputs/TESE_pruebas/run_20260902_145353/processed_data/models/22260552_MODELS/22260552_push_sinArtefactosConservador_balanced.csv,30.08
22260552_push_sinArtefactosEstricto_balanced.csv,/kaggle/working/outputs/TESE_pruebas/run_20260902_145353/processed_data/models/22260552_MODELS/22260552_push_sinArtefactosEstricto_balanced.csv,30.08
22260552_right_cleanNorm_balanced.csv,/kaggle/working/outputs/TESE_pruebas/run_20260902_145353/processed_data/models/22260552_MODELS/22260552_right_cleanNorm_balanced.csv,592.49
22260552_right_cleanSmooth_balanced.csv,/kaggle/working/outputs/TESE_pruebas/run_20260902_145353/processed_data/models/22260552_MODELS/22260552_right_cleanSmooth_balanced.csv,591.87
22260552_right_noOutliers_balanced.csv,/kaggle/working/outputs/TESE_pruebas/run_20260902_145353/processed_data/models/22260552_MODELS/22260552_right_noOutliers_balanced.csv,181.62
22260552_right_outliers_balanced.csv,/kaggle/working/outputs/TESE_pruebas/run_20260902_145353/processed_data/models/22260552_MODELS/22260552_right_outliers_balanced.csv,193.44
22260552_right_sinArtefactosConservador_balanced.csv,/kaggle/working/outputs/TESE_pruebas/run_20260902_145353/processed_data/models/22260552_MODELS/22260552_right_sinArtefactosConservador_balanced.csv,181.62
22260552_right_sinArtefactosEstricto_balanced.csv,/kaggle/working/outputs/TESE_pruebas/run_20260902_145353/processed_data/models/22260552_MODELS/22260552_right_sinArtefactosEstricto_balanced.csv,181.62
231260558_Comparativa_Modelos_Final.csv,/kaggle/working/outputs/TESE_pruebas/run_20260902_145353/processed_data/models/231260558_MODELS/231260558_Comparativa_Modelos_Final.csv,0.72
231260558_Comparativa_Modelos_Final.xlsx,/kaggle/working/outputs/TESE_pruebas/run_20260902_145353/processed_data/models/231260558_MODELS/231260558_Comparativa_Modelos_Final.xlsx,5.52
231260558_all_cleanNorm_balanced.csv,/kaggle/working/outputs/TESE_pruebas/run_20260902_145353/processed_data/models/231260558_MODELS/231260558_all_cleanNorm_balanced.csv,1198.56
231260558_all_cleanSmooth_balanced.csv,/kaggle/working/outputs/TESE_pruebas/run_20260902_145353/processed_data/models/231260558_MODELS/231260558_all_cleanSmooth_balanced.csv,1199.1
231260558_all_noOutliers_balanced.csv,/kaggle/working/outputs/TESE_pruebas/run_20260902_145353/processed_data/models/231260558_MODELS/231260558_all_noOutliers_balanced.csv,375.34
231260558_all_outliers_balanced.csv,/kaggle/working/outputs/TESE_pruebas/run_20260902_145353/processed_data/models/231260558_MODELS/231260558_all_outliers_balanced.csv,514.38
231260558_all_sinArtefactosConservador_balanced.csv,/kaggle/working/outputs/TESE_pruebas/run_20260902_145353/processed_data/models/231260558_MODELS/231260558_all_sinArtefactosConservador_balanced.csv,317.33
231260558_all_sinArtefactosEstricto_balanced.csv,/kaggle/working/outputs/TESE_pruebas/run_20260902_145353/processed_data/models/231260558_MODELS/231260558_all_sinArtefactosEstricto_balanced.csv,240.21
231260558_left_cleanNorm_balanced.csv,/kaggle/working/outputs/TESE_pruebas/run_20260902_145353/processed_data/models/231260558_MODELS/231260558_left_cleanNorm_balanced.csv,295.05
231260558_left_cleanSmooth_balanced.csv,/kaggle/working/outputs/TESE_pruebas/run_20260902_145353/processed_data/models/231260558_MODELS/231260558_left_cleanSmooth_balanced.csv,295.28
231260558_left_noOutliers_balanced.csv,/kaggle/working/outputs/TESE_pruebas/run_20260902_145353/processed_data/models/231260558_MODELS/231260558_left_noOutliers_balanced.csv,92.11
231260558_left_outliers_balanced.csv,/kaggle/working/outputs/TESE_pruebas/run_20260902_145353/processed_data/models/231260558_MODELS/231260558_left_outliers_balanced.csv,122.28
231260558_left_sinArtefactosConservador_balanced.csv,/kaggle/working/outputs/TESE_pruebas/run_20260902_145353/processed_data/models/231260558_MODELS/231260558_left_sinArtefactosConservador_balanced.csv,92.11
231260558_left_sinArtefactosEstricto_balanced.csv,/kaggle/working/outputs/TESE_pruebas/run_20260902_145353/processed_data/models/231260558_MODELS/231260558_left_sinArtefactosEstricto_balanced.csv,92.11
231260558_pull_cleanNorm_balanced.csv,/kaggle/working/outputs/TESE_pruebas/run_20260902_145353/processed_data/models/231260558_MODELS/231260558_pull_cleanNorm_balanced.csv,533.71
231260558_pull_cleanSmooth_balanced.csv,/kaggle/working/outputs/TESE_pruebas/run_20260902_145353/processed_data/models/231260558_MODELS/231260558_pull_cleanSmooth_balanced.csv,534.09
231260558_pull_noOutliers_balanced.csv,/kaggle/working/outputs/TESE_pruebas/run_20260902_145353/processed_data/models/231260558_MODELS/231260558_pull_noOutliers_balanced.csv,166.32
231260558_pull_outliers_balanced.csv,/kaggle/working/outputs/TESE_pruebas/run_20260902_145353/processed_data/models/231260558_MODELS/231260558_pull_outliers_balanced.csv,220.06
231260558_pull_sinArtefactosConservador_balanced.csv,/kaggle/working/outputs/TESE_pruebas/run_20260902_145353/processed_data/models/231260558_MODELS/231260558_pull_sinArtefactosConservador_balanced.csv,166.32
231260558_pull_sinArtefactosEstricto_balanced.csv,/kaggle/working/outputs/TESE_pruebas/run_20260902_145353/processed_data/models/231260558_MODELS/231260558_pull_sinArtefactosEstricto_balanced.csv,166.32
231260558_push_cleanNorm_balanced.csv,/kaggle/working/outputs/TESE_pruebas/run_20260902_145353/processed_data/models/231260558_MODELS/231260558_push_cleanNorm_balanced.csv,190.81
231260558_push_cleanSmooth_balanced.csv,/kaggle/working/outputs/TESE_pruebas/run_20260902_145353/processed_data/models/231260558_MODELS/231260558_push_cleanSmooth_balanced.csv,190.98
231260558_push_noOutliers_balanced.csv,/kaggle/working/outputs/TESE_pruebas/run_20260902_145353/processed_data/models/231260558_MODELS/231260558_push_noOutliers_balanced.csv,61.23
231260558_push_outliers_balanced.csv,/kaggle/working/outputs/TESE_pruebas/run_20260902_145353/processed_data/models/231260558_MODELS/231260558_push_outliers_balanced.csv,80.82
231260558_push_sinArtefactosConservador_balanced.csv,/kaggle/working/outputs/TESE_pruebas/run_20260902_145353/processed_data/models/231260558_MODELS/231260558_push_sinArtefactosConservador_balanced.csv,61.23
231260558_push_sinArtefactosEstricto_balanced.csv,/kaggle/working/outputs/TESE_pruebas/run_20260902_145353/processed_data/models/231260558_MODELS/231260558_push_sinArtefactosEstricto_balanced.csv,61.23
231260558_right_cleanNorm_balanced.csv,/kaggle/working/outputs/TESE_pruebas/run_20260902_145353/processed_data/models/231260558_MODELS/231260558_right_cleanNorm_balanced.csv,202.67
231260558_right_cleanSmooth_balanced.csv,/kaggle/working/outputs/TESE_pruebas/run_20260902_145353/processed_data/models/231260558_MODELS/231260558_right_cleanSmooth_balanced.csv,202.85
231260558_right_noOutliers_balanced.csv,/kaggle/working/outputs/TESE_pruebas/run_20260902_145353/processed_data/models/231260558_MODELS/231260558_right_noOutliers_balanced.csv,63.67
231260558_right_outliers_balanced.csv,/kaggle/working/outputs/TESE_pruebas/run_20260902_145353/processed_data/models/231260558_MODELS/231260558_right_outliers_balanced.csv,93.22
231260558_right_sinArtefactosConservador_balanced.csv,/kaggle/working/outputs/TESE_pruebas/run_20260902_145353/processed_data/models/231260558_MODELS/231260558_right_sinArtefactosConservador_balanced.csv,63.67
231260558_right_sinArtefactosEstricto_balanced.csv,/kaggle/working/outputs/TESE_pruebas/run_20260902_145353/processed_data/models/231260558_MODELS/231260558_right_sinArtefactosEstricto_balanced.csv,63.67
252260554_Comparativa_Modelos_Final.csv,/kaggle/working/outputs/TESE_pruebas/run_20260902_145353/processed_data/models/252260554_MODELS/252260554_Comparativa_Modelos_Final.csv,1.46
252260554_Comparativa_Modelos_Final.xlsx,/kaggle/working/outputs/TESE_pruebas/run_20260902_145353/processed_data/models/252260554_MODELS/252260554_Comparativa_Modelos_Final.xlsx,6.03
252260554_all_cleanNorm_balanced.csv,/kaggle/working/outputs/TESE_pruebas/run_20260902_145353/processed_data/models/252260554_MODELS/252260554_all_cleanNorm_balanced.csv,714.76
252260554_all_cleanSmooth_balanced.csv,/kaggle/working/outputs/TESE_pruebas/run_20260902_145353/processed_data/models/252260554_MODELS/252260554_all_cleanSmooth_balanced.csv,715.52
252260554_all_noOutliers_balanced.csv,/kaggle/working/outputs/TESE_pruebas/run_20260902_145353/processed_data/models/252260554_MODELS/252260554_all_noOutliers_balanced.csv,219.73
252260554_all_outliers_balanced.csv,/kaggle/working/outputs/TESE_pruebas/run_20260902_145353/processed_data/models/252260554_MODELS/252260554_all_outliers_balanced.csv,315.26
252260554_all_sinArtefactosConservador_balanced.csv,/kaggle/working/outputs/TESE_pruebas/run_20260902_145353/processed_data/models/252260554_MODELS/252260554_all_sinArtefactosConservador_balanced.csv,168.83
252260554_all_sinArtefactosEstricto_balanced.csv,/kaggle/working/outputs/TESE_pruebas/run_20260902_145353/processed_data/models/252260554_MODELS/252260554_all_sinArtefactosEstricto_balanced.csv,96.82
252260554_left_cleanNorm_balanced.csv,/kaggle/working/outputs/TESE_pruebas/run_20260902_145353/processed_data/models/252260554_MODELS/252260554_left_cleanNorm_balanced.csv,299.7
252260554_left_cleanSmooth_balanced.csv,/kaggle/working/outputs/TESE_pruebas/run_20260902_145353/processed_data/models/252260554_MODELS/252260554_left_cleanSmooth_balanced.csv,299.9
252260554_left_noOutliers_balanced.csv,/kaggle/working/outputs/TESE_pruebas/run_20260902_145353/processed_data/models/252260554_MODELS/252260554_left_noOutliers_balanced.csv,92.46
252260554_left_outliers_balanced.csv,/kaggle/working/outputs/TESE_pruebas/run_20260902_145353/processed_data/models/252260554_MODELS/252260554_left_outliers_balanced.csv,128.44
252260554_left_sinArtefactosConservador_balanced.csv,/kaggle/working/outputs/TESE_pruebas/run_20260902_145353/processed_data/models/252260554_MODELS/252260554_left_sinArtefactosConservador_balanced.csv,92.46
252260554_left_sinArtefactosEstricto_balanced.csv,/kaggle/working/outputs/TESE_pruebas/run_20260902_145353/processed_data/models/252260554_MODELS/252260554_left_sinArtefactosEstricto_balanced.csv,92.46
252260554_pull_cleanNorm_balanced.csv,/kaggle/working/outputs/TESE_pruebas/run_20260902_145353/processed_data/models/252260554_MODELS/252260554_pull_cleanNorm_balanced.csv,53.87
252260554_pull_cleanSmooth_balanced.csv,/kaggle/working/outputs/TESE_pruebas/run_20260902_145353/processed_data/models/252260554_MODELS/252260554_pull_cleanSmooth_balanced.csv,53.88
252260554_pull_noOutliers_balanced.csv,/kaggle/working/outputs/TESE_pruebas/run_20260902_145353/processed_data/models/252260554_MODELS/252260554_pull_noOutliers_balanced.csv,17.01
252260554_pull_outliers_balanced.csv,/kaggle/working/outputs/TESE_pruebas/run_20260902_145353/processed_data/models/252260554_MODELS/252260554_pull_outliers_balanced.csv,24.38
252260554_pull_sinArtefactosConservador_balanced.csv,/kaggle/working/outputs/TESE_pruebas/run_20260902_145353/processed_data/models/252260554_MODELS/252260554_pull_sinArtefactosConservador_balanced.csv,17.01
252260554_pull_sinArtefactosEstricto_balanced.csv,/kaggle/working/outputs/TESE_pruebas/run_20260902_145353/processed_data/models/252260554_MODELS/252260554_pull_sinArtefactosEstricto_balanced.csv,17.01
252260554_push_cleanNorm_balanced.csv,/kaggle/working/outputs/TESE_pruebas/run_20260902_145353/processed_data/models/252260554_MODELS/252260554_push_cleanNorm_balanced.csv,284.2
252260554_push_cleanSmooth_balanced.csv,/kaggle/working/outputs/TESE_pruebas/run_20260902_145353/processed_data/models/252260554_MODELS/252260554_push_cleanSmooth_balanced.csv,284.45
252260554_push_noOutliers_balanced.csv,/kaggle/working/outputs/TESE_pruebas/run_20260902_145353/processed_data/models/252260554_MODELS/252260554_push_noOutliers_balanced.csv,87.68
252260554_push_outliers_balanced.csv,/kaggle/working/outputs/TESE_pruebas/run_20260902_145353/processed_data/models/252260554_MODELS/252260554_push_outliers_balanced.csv,127.53
252260554_push_sinArtefactosConservador_balanced.csv,/kaggle/working/outputs/TESE_pruebas/run_20260902_145353/processed_data/models/252260554_MODELS/252260554_push_sinArtefactosConservador_balanced.csv,87.68
252260554_push_sinArtefactosEstricto_balanced.csv,/kaggle/working/outputs/TESE_pruebas/run_20260902_145353/processed_data/models/252260554_MODELS/252260554_push_sinArtefactosEstricto_balanced.csv,87.68
252260554_right_cleanNorm_balanced.csv,/kaggle/working/outputs/TESE_pruebas/run_20260902_145353/processed_data/models/252260554_MODELS/252260554_right_cleanNorm_balanced.csv,81.86
252260554_right_cleanSmooth_balanced.csv,/kaggle/working/outputs/TESE_pruebas/run_20260902_145353/processed_data/models/252260554_MODELS/252260554_right_cleanSmooth_balanced.csv,81.96
252260554_right_noOutliers_balanced.csv,/kaggle/working/outputs/TESE_pruebas/run_20260902_145353/processed_data/models/252260554_MODELS/252260554_right_noOutliers_balanced.csv,25.66
252260554_right_outliers_balanced.csv,/kaggle/working/outputs/TESE_pruebas/run_20260902_145353/processed_data/models/252260554_MODELS/252260554_right_outliers_balanced.csv,37.25
252260554_right_sinArtefactosConservador_balanced.csv,/kaggle/working/outputs/TESE_pruebas/run_20260902_145353/processed_data/models/252260554_MODELS/252260554_right_sinArtefactosConservador_balanced.csv,25.66
252260554_right_sinArtefactosEstricto_balanced.csv,/kaggle/working/outputs/TESE_pruebas/run_20260902_145353/processed_data/models/252260554_MODELS/252260554_right_sinArtefactosEstricto_balanced.csv,25.66
252260556_Comparativa_Modelos_Final.csv,/kaggle/working/outputs/TESE_pruebas/run_20260902_145353/processed_data/models/252260556_MODELS/252260556_Comparativa_Modelos_Final.csv,2.17
252260556_Comparativa_Modelos_Final.xlsx,/kaggle/working/outputs/TESE_pruebas/run_20260902_145353/processed_data/models/252260556_MODELS/252260556_Comparativa_Modelos_Final.xlsx,6.55
252260556_all_cleanNorm_balanced.csv,/kaggle/working/outputs/TESE_pruebas/run_20260902_145353/processed_data/models/252260556_MODELS/252260556_all_cleanNorm_balanced.csv,1116.17
252260556_all_cleanSmooth_balanced.csv,/kaggle/working/outputs/TESE_pruebas/run_20260902_145353/processed_data/models/252260556_MODELS/252260556_all_cleanSmooth_balanced.csv,1117.0
252260556_all_noOutliers_balanced.csv,/kaggle/working/outputs/TESE_pruebas/run_20260902_145353/processed_data/models/252260556_MODELS/252260556_all_noOutliers_balanced.csv,341.96
252260556_all_outliers_balanced.csv,/kaggle/working/outputs/TESE_pruebas/run_20260902_145353/processed_data/models/252260556_MODELS/252260556_all_outliers_balanced.csv,373.37
252260556_all_sinArtefactosConservador_balanced.csv,/kaggle/working/outputs/TESE_pruebas/run_20260902_145353/processed_data/models/252260556_MODELS/252260556_all_sinArtefactosConservador_balanced.csv,274.86
252260556_all_sinArtefactosEstricto_balanced.csv,/kaggle/working/outputs/TESE_pruebas/run_20260902_145353/processed_data/models/252260556_MODELS/252260556_all_sinArtefactosEstricto_balanced.csv,185.08
252260556_left_cleanNorm_balanced.csv,/kaggle/working/outputs/TESE_pruebas/run_20260902_145353/processed_data/models/252260556_MODELS/252260556_left_cleanNorm_balanced.csv,431.41
252260556_left_cleanSmooth_balanced.csv,/kaggle/working/outputs/TESE_pruebas/run_20260902_145353/processed_data/models/252260556_MODELS/252260556_left_cleanSmooth_balanced.csv,431.6
252260556_left_noOutliers_balanced.csv,/kaggle/working/outputs/TESE_pruebas/run_20260902_145353/processed_data/models/252260556_MODELS/252260556_left_noOutliers_balanced.csv,132.43
252260556_left_outliers_balanced.csv,/kaggle/working/outputs/TESE_pruebas/run_20260902_145353/processed_data/models/252260556_MODELS/252260556_left_outliers_balanced.csv,137.55
252260556_left_sinArtefactosConservador_balanced.csv,/kaggle/working/outputs/TESE_pruebas/run_20260902_145353/processed_data/models/252260556_MODELS/252260556_left_sinArtefactosConservador_balanced.csv,132.43
252260556_left_sinArtefactosEstricto_balanced.csv,/kaggle/working/outputs/TESE_pruebas/run_20260902_145353/processed_data/models/252260556_MODELS/252260556_left_sinArtefactosEstricto_balanced.csv,132.43
252260556_pull_cleanNorm_balanced.csv,/kaggle/working/outputs/TESE_pruebas/run_20260902_145353/processed_data/models/252260556_MODELS/252260556_pull_cleanNorm_balanced.csv,340.28
252260556_pull_cleanSmooth_balanced.csv,/kaggle/working/outputs/TESE_pruebas/run_20260902_145353/processed_data/models/252260556_MODELS/252260556_pull_cleanSmooth_balanced.csv,340.44
252260556_pull_noOutliers_balanced.csv,/kaggle/working/outputs/TESE_pruebas/run_20260902_145353/processed_data/models/252260556_MODELS/252260556_pull_noOutliers_balanced.csv,104.78
252260556_pull_outliers_balanced.csv,/kaggle/working/outputs/TESE_pruebas/run_20260902_145353/processed_data/models/252260556_MODELS/252260556_pull_outliers_balanced.csv,123.06
252260556_pull_sinArtefactosConservador_balanced.csv,/kaggle/working/outputs/TESE_pruebas/run_20260902_145353/processed_data/models/252260556_MODELS/252260556_pull_sinArtefactosConservador_balanced.csv,104.78
252260556_pull_sinArtefactosEstricto_balanced.csv,/kaggle/working/outputs/TESE_pruebas/run_20260902_145353/processed_data/models/252260556_MODELS/252260556_pull_sinArtefactosEstricto_balanced.csv,104.78
252260556_push_cleanNorm_balanced.csv,/kaggle/working/outputs/TESE_pruebas/run_20260902_145353/processed_data/models/252260556_MODELS/252260556_push_cleanNorm_balanced.csv,158.64
252260556_push_cleanSmooth_balanced.csv,/kaggle/working/outputs/TESE_pruebas/run_20260902_145353/processed_data/models/252260556_MODELS/252260556_push_cleanSmooth_balanced.csv,158.78
252260556_push_noOutliers_balanced.csv,/kaggle/working/outputs/TESE_pruebas/run_20260902_145353/processed_data/models/252260556_MODELS/252260556_push_noOutliers_balanced.csv,49.19
252260556_push_outliers_balanced.csv,/kaggle/working/outputs/TESE_pruebas/run_20260902_145353/processed_data/models/252260556_MODELS/252260556_push_outliers_balanced.csv,65.5
252260556_push_sinArtefactosConservador_balanced.csv,/kaggle/working/outputs/TESE_pruebas/run_20260902_145353/processed_data/models/252260556_MODELS/252260556_push_sinArtefactosConservador_balanced.csv,49.19
252260556_push_sinArtefactosEstricto_balanced.csv,/kaggle/working/outputs/TESE_pruebas/run_20260902_145353/processed_data/models/252260556_MODELS/252260556_push_sinArtefactosEstricto_balanced.csv,49.19
252260556_right_cleanNorm_balanced.csv,/kaggle/working/outputs/TESE_pruebas/run_20260902_145353/processed_data/models/252260556_MODELS/252260556_right_cleanNorm_balanced.csv,121.62
252260556_right_cleanSmooth_balanced.csv,/kaggle/working/outputs/TESE_pruebas/run_20260902_145353/processed_data/models/252260556_MODELS/252260556_right_cleanSmooth_balanced.csv,121.89
252260556_right_noOutliers_balanced.csv,/kaggle/working/outputs/TESE_pruebas/run_20260902_145353/processed_data/models/252260556_MODELS/252260556_right_noOutliers_balanced.csv,37.81
252260556_right_outliers_balanced.csv,/kaggle/working/outputs/TESE_pruebas/run_20260902_145353/processed_data/models/252260556_MODELS/252260556_right_outliers_balanced.csv,50.11
252260556_right_sinArtefactosConservador_balanced.csv,/kaggle/working/outputs/TESE_pruebas/run_20260902_145353/processed_data/models/252260556_MODELS/252260556_right_sinArtefactosConservador_balanced.csv,37.81
252260556_right_sinArtefactosEstricto_balanced.csv,/kaggle/working/outputs/TESE_pruebas/run_20260902_145353/processed_data/models/252260556_MODELS/252260556_right_sinArtefactosEstricto_balanced.csv,37.81
252260670_Comparativa_Modelos_Final.csv,/kaggle/working/outputs/TESE_pruebas/run_20260902_145353/processed_data/models/252260670_MODELS/252260670_Comparativa_Modelos_Final.csv,0.72
252260670_Comparativa_Modelos_Final.xlsx,/kaggle/working/outputs/TESE_pruebas/run_20260902_145353/processed_data/models/252260670_MODELS/252260670_Comparativa_Modelos_Final.xlsx,5.51
252260670_all_cleanNorm_balanced.csv,/kaggle/working/outputs/TESE_pruebas/run_20260902_145353/processed_data/models/252260670_MODELS/252260670_all_cleanNorm_balanced.csv,171.07
252260670_all_cleanSmooth_balanced.csv,/kaggle/working/outputs/TESE_pruebas/run_20260902_145353/processed_data/models/252260670_MODELS/252260670_all_cleanSmooth_balanced.csv,170.95
252260670_all_noOutliers_balanced.csv,/kaggle/working/outputs/TESE_pruebas/run_20260902_145353/processed_data/models/252260670_MODELS/252260670_all_noOutliers_balanced.csv,52.84
252260670_all_outliers_balanced.csv,/kaggle/working/outputs/TESE_pruebas/run_20260902_145353/processed_data/models/252260670_MODELS/252260670_all_outliers_balanced.csv,77.66
252260670_all_sinArtefactosConservador_balanced.csv,/kaggle/working/outputs/TESE_pruebas/run_20260902_145353/processed_data/models/252260670_MODELS/252260670_all_sinArtefactosConservador_balanced.csv,0.91
252260670_all_sinArtefactosEstricto_balanced.csv,/kaggle/working/outputs/TESE_pruebas/run_20260902_145353/processed_data/models/252260670_MODELS/252260670_all_sinArtefactosEstricto_balanced.csv,1.24
252260670_left_cleanNorm_balanced.csv,/kaggle/working/outputs/TESE_pruebas/run_20260902_145353/processed_data/models/252260670_MODELS/252260670_left_cleanNorm_balanced.csv,12.62
252260670_left_cleanSmooth_balanced.csv,/kaggle/working/outputs/TESE_pruebas/run_20260902_145353/processed_data/models/252260670_MODELS/252260670_left_cleanSmooth_balanced.csv,12.63
252260670_left_noOutliers_balanced.csv,/kaggle/working/outputs/TESE_pruebas/run_20260902_145353/processed_data/models/252260670_MODELS/252260670_left_noOutliers_balanced.csv,4.29
252260670_left_outliers_balanced.csv,/kaggle/working/outputs/TESE_pruebas/run_20260902_145353/processed_data/models/252260670_MODELS/252260670_left_outliers_balanced.csv,4.29
252260670_left_sinArtefactosConservador_balanced.csv,/kaggle/working/outputs/TESE_pruebas/run_20260902_145353/processed_data/models/252260670_MODELS/252260670_left_sinArtefactosConservador_balanced.csv,4.29
252260670_left_sinArtefactosEstricto_balanced.csv,/kaggle/working/outputs/TESE_pruebas/run_20260902_145353/processed_data/models/252260670_MODELS/252260670_left_sinArtefactosEstricto_balanced.csv,4.29
252260670_pull_cleanNorm_balanced.csv,/kaggle/working/outputs/TESE_pruebas/run_20260902_145353/processed_data/models/252260670_MODELS/252260670_pull_cleanNorm_balanced.csv,24.6
252260670_pull_cleanSmooth_balanced.csv,/kaggle/working/outputs/TESE_pruebas/run_20260902_145353/processed_data/models/252260670_MODELS/252260670_pull_cleanSmooth_balanced.csv,24.62
252260670_pull_noOutliers_balanced.csv,/kaggle/working/outputs/TESE_pruebas/run_20260902_145353/processed_data/models/252260670_MODELS/252260670_pull_noOutliers_balanced.csv,7.99
252260670_pull_outliers_balanced.csv,/kaggle/working/outputs/TESE_pruebas/run_20260902_145353/processed_data/models/252260670_MODELS/252260670_pull_outliers_balanced.csv,8.82
252260670_pull_sinArtefactosConservador_balanced.csv,/kaggle/working/outputs/TESE_pruebas/run_20260902_145353/processed_data/models/252260670_MODELS/252260670_pull_sinArtefactosConservador_balanced.csv,7.99
252260670_pull_sinArtefactosEstricto_balanced.csv,/kaggle/working/outputs/TESE_pruebas/run_20260902_145353/processed_data/models/252260670_MODELS/252260670_pull_sinArtefactosEstricto_balanced.csv,7.99
252260670_push_cleanNorm_balanced.csv,/kaggle/working/outputs/TESE_pruebas/run_20260902_145353/processed_data/models/252260670_MODELS/252260670_push_cleanNorm_balanced.csv,78.13
252260670_push_cleanSmooth_balanced.csv,/kaggle/working/outputs/TESE_pruebas/run_20260902_145353/processed_data/models/252260670_MODELS/252260670_push_cleanSmooth_balanced.csv,78.13
252260670_push_noOutliers_balanced.csv,/kaggle/working/outputs/TESE_pruebas/run_20260902_145353/processed_data/models/252260670_MODELS/252260670_push_noOutliers_balanced.csv,24.37
252260670_push_outliers_balanced.csv,/kaggle/working/outputs/TESE_pruebas/run_20260902_145353/processed_data/models/252260670_MODELS/252260670_push_outliers_balanced.csv,28.6
252260670_push_sinArtefactosConservador_balanced.csv,/kaggle/working/outputs/TESE_pruebas/run_20260902_145353/processed_data/models/252260670_MODELS/252260670_push_sinArtefactosConservador_balanced.csv,24.37
252260670_push_sinArtefactosEstricto_balanced.csv,/kaggle/working/outputs/TESE_pruebas/run_20260902_145353/processed_data/models/252260670_MODELS/252260670_push_sinArtefactosEstricto_balanced.csv,24.37
252260670_right_cleanNorm_balanced.csv,/kaggle/working/outputs/TESE_pruebas/run_20260902_145353/processed_data/models/252260670_MODELS/252260670_right_cleanNorm_balanced.csv,93.93
252260670_right_cleanSmooth_balanced.csv,/kaggle/working/outputs/TESE_pruebas/run_20260902_145353/processed_data/models/252260670_MODELS/252260670_right_cleanSmooth_balanced.csv,93.97
252260670_right_noOutliers_balanced.csv,/kaggle/working/outputs/TESE_pruebas/run_20260902_145353/processed_data/models/252260670_MODELS/252260670_right_noOutliers_balanced.csv,29.55
252260670_right_outliers_balanced.csv,/kaggle/working/outputs/TESE_pruebas/run_20260902_145353/processed_data/models/252260670_MODELS/252260670_right_outliers_balanced.csv,39.12
252260670_right_sinArtefactosConservador_balanced.csv,/kaggle/working/outputs/TESE_pruebas/run_20260902_145353/processed_data/models/252260670_MODELS/252260670_right_sinArtefactosConservador_balanced.csv,29.55
252260670_right_sinArtefactosEstricto_balanced.csv,/kaggle/working/outputs/TESE_pruebas/run_20260902_145353/processed_data/models/252260670_MODELS/252260670_right_sinArtefactosEstricto_balanced.csv,29.55
cano_Comparativa_Modelos_Final.csv,/kaggle/working/outputs/TESE_pruebas/run_20260902_145353/processed_data/models/cano_MODELS/cano_Comparativa_Modelos_Final.csv,1.42
cano_Comparativa_Modelos_Final.xlsx,/kaggle/working/outputs/TESE_pruebas/run_20260902_145353/processed_data/models/cano_MODELS/cano_Comparativa_Modelos_Final.xlsx,6.01
cano_all_cleanNorm_balanced.csv,/kaggle/working/outputs/TESE_pruebas/run_20260902_145353/processed_data/models/cano_MODELS/cano_all_cleanNorm_balanced.csv,1191.17
cano_all_cleanSmooth_balanced.csv,/kaggle/working/outputs/TESE_pruebas/run_20260902_145353/processed_data/models/cano_MODELS/cano_all_cleanSmooth_balanced.csv,1191.1
cano_all_noOutliers_balanced.csv,/kaggle/working/outputs/TESE_pruebas/run_20260902_145353/processed_data/models/cano_MODELS/cano_all_noOutliers_balanced.csv,361.85
cano_all_outliers_balanced.csv,/kaggle/working/outputs/TESE_pruebas/run_20260902_145353/processed_data/models/cano_MODELS/cano_all_outliers_balanced.csv,386.75
cano_all_sinArtefactosConservador_balanced.csv,/kaggle/working/outputs/TESE_pruebas/run_20260902_145353/processed_data/models/cano_MODELS/cano_all_sinArtefactosConservador_balanced.csv,255.35
cano_all_sinArtefactosEstricto_balanced.csv,/kaggle/working/outputs/TESE_pruebas/run_20260902_145353/processed_data/models/cano_MODELS/cano_all_sinArtefactosEstricto_balanced.csv,160.58
cano_left_cleanNorm_balanced.csv,/kaggle/working/outputs/TESE_pruebas/run_20260902_145353/processed_data/models/cano_MODELS/cano_left_cleanNorm_balanced.csv,104.31
cano_left_cleanSmooth_balanced.csv,/kaggle/working/outputs/TESE_pruebas/run_20260902_145353/processed_data/models/cano_MODELS/cano_left_cleanSmooth_balanced.csv,104.33
cano_left_noOutliers_balanced.csv,/kaggle/working/outputs/TESE_pruebas/run_20260902_145353/processed_data/models/cano_MODELS/cano_left_noOutliers_balanced.csv,32.41
cano_left_outliers_balanced.csv,/kaggle/working/outputs/TESE_pruebas/run_20260902_145353/processed_data/models/cano_MODELS/cano_left_outliers_balanced.csv,43.84
cano_left_sinArtefactosConservador_balanced.csv,/kaggle/working/outputs/TESE_pruebas/run_20260902_145353/processed_data/models/cano_MODELS/cano_left_sinArtefactosConservador_balanced.csv,32.41
cano_left_sinArtefactosEstricto_balanced.csv,/kaggle/working/outputs/TESE_pruebas/run_20260902_145353/processed_data/models/cano_MODELS/cano_left_sinArtefactosEstricto_balanced.csv,32.41
cano_pull_cleanNorm_balanced.csv,/kaggle/working/outputs/TESE_pruebas/run_20260902_145353/processed_data/models/cano_MODELS/cano_pull_cleanNorm_balanced.csv,40.46
cano_pull_cleanSmooth_balanced.csv,/kaggle/working/outputs/TESE_pruebas/run_20260902_145353/processed_data/models/cano_MODELS/cano_pull_cleanSmooth_balanced.csv,40.49
cano_pull_noOutliers_balanced.csv,/kaggle/working/outputs/TESE_pruebas/run_20260902_145353/processed_data/models/cano_MODELS/cano_pull_noOutliers_balanced.csv,12.9
cano_pull_outliers_balanced.csv,/kaggle/working/outputs/TESE_pruebas/run_20260902_145353/processed_data/models/cano_MODELS/cano_pull_outliers_balanced.csv,14.94
cano_pull_sinArtefactosConservador_balanced.csv,/kaggle/working/outputs/TESE_pruebas/run_20260902_145353/processed_data/models/cano_MODELS/cano_pull_sinArtefactosConservador_balanced.csv,12.9
cano_pull_sinArtefactosEstricto_balanced.csv,/kaggle/working/outputs/TESE_pruebas/run_20260902_145353/processed_data/models/cano_MODELS/cano_pull_sinArtefactosEstricto_balanced.csv,12.9
cano_push_cleanNorm_balanced.csv,/kaggle/working/outputs/TESE_pruebas/run_20260902_145353/processed_data/models/cano_MODELS/cano_push_cleanNorm_balanced.csv,211.83
cano_push_cleanSmooth_balanced.csv,/kaggle/working/outputs/TESE_pruebas/run_20260902_145353/processed_data/models/cano_MODELS/cano_push_cleanSmooth_balanced.csv,212.03
cano_push_noOutliers_balanced.csv,/kaggle/working/outputs/TESE_pruebas/run_20260902_145353/processed_data/models/cano_MODELS/cano_push_noOutliers_balanced.csv,65.54
cano_push_outliers_balanced.csv,/kaggle/working/outputs/TESE_pruebas/run_20260902_145353/processed_data/models/cano_MODELS/cano_push_outliers_balanced.csv,96.61
cano_push_sinArtefactosConservador_balanced.csv,/kaggle/working/outputs/TESE_pruebas/run_20260902_145353/processed_data/models/cano_MODELS/cano_push_sinArtefactosConservador_balanced.csv,65.54
cano_push_sinArtefactosEstricto_balanced.csv,/kaggle/working/outputs/TESE_pruebas/run_20260902_145353/processed_data/models/cano_MODELS/cano_push_sinArtefactosEstricto_balanced.csv,65.54
cano_right_cleanNorm_balanced.csv,/kaggle/working/outputs/TESE_pruebas/run_20260902_145353/processed_data/models/cano_MODELS/cano_right_cleanNorm_balanced.csv,696.54
cano_right_cleanSmooth_balanced.csv,/kaggle/working/outputs/TESE_pruebas/run_20260902_145353/processed_data/models/cano_MODELS/cano_right_cleanSmooth_balanced.csv,696.75
cano_right_noOutliers_balanced.csv,/kaggle/working/outputs/TESE_pruebas/run_20260902_145353/processed_data/models/cano_MODELS/cano_right_noOutliers_balanced.csv,212.0
cano_right_outliers_balanced.csv,/kaggle/working/outputs/TESE_pruebas/run_20260902_145353/processed_data/models/cano_MODELS/cano_right_outliers_balanced.csv,235.7
cano_right_sinArtefactosConservador_balanced.csv,/kaggle/working/outputs/TESE_pruebas/run_20260902_145353/processed_data/models/cano_MODELS/cano_right_sinArtefactosConservador_balanced.csv,212.0
cano_right_sinArtefactosEstricto_balanced.csv,/kaggle/working/outputs/TESE_pruebas/run_20260902_145353/processed_data/models/cano_MODELS/cano_right_sinArtefactosEstricto_balanced.csv,212.0
villanueva_Comparativa_Modelos_Final.csv,/kaggle/working/outputs/TESE_pruebas/run_20260902_145353/processed_data/models/villanueva_MODELS/villanueva_Comparativa_Modelos_Final.csv,0.74
villanueva_Comparativa_Modelos_Final.xlsx,/kaggle/working/outputs/TESE_pruebas/run_20260902_145353/processed_data/models/villanueva_MODELS/villanueva_Comparativa_Modelos_Final.xlsx,5.5
villanueva_all_cleanNorm_balanced.csv,/kaggle/working/outputs/TESE_pruebas/run_20260902_145353/processed_data/models/villanueva_MODELS/villanueva_all_cleanNorm_balanced.csv,839.69
villanueva_all_cleanSmooth_balanced.csv,/kaggle/working/outputs/TESE_pruebas/run_20260902_145353/processed_data/models/villanueva_MODELS/villanueva_all_cleanSmooth_balanced.csv,839.71
villanueva_all_noOutliers_balanced.csv,/kaggle/working/outputs/TESE_pruebas/run_20260902_145353/processed_data/models/villanueva_MODELS/villanueva_all_noOutliers_balanced.csv,258.34
villanueva_all_outliers_balanced.csv,/kaggle/working/outputs/TESE_pruebas/run_20260902_145353/processed_data/models/villanueva_MODELS/villanueva_all_outliers_balanced.csv,281.64
villanueva_all_sinArtefactosConservador_balanced.csv,/kaggle/working/outputs/TESE_pruebas/run_20260902_145353/processed_data/models/villanueva_MODELS/villanueva_all_sinArtefactosConservador_balanced.csv,226.07
villanueva_all_sinArtefactosEstricto_balanced.csv,/kaggle/working/outputs/TESE_pruebas/run_20260902_145353/processed_data/models/villanueva_MODELS/villanueva_all_sinArtefactosEstricto_balanced.csv,147.51
villanueva_left_cleanNorm_balanced.csv,/kaggle/working/outputs/TESE_pruebas/run_20260902_145353/processed_data/models/villanueva_MODELS/villanueva_left_cleanNorm_balanced.csv,23.2
villanueva_left_cleanSmooth_balanced.csv,/kaggle/working/outputs/TESE_pruebas/run_20260902_145353/processed_data/models/villanueva_MODELS/villanueva_left_cleanSmooth_balanced.csv,23.3
villanueva_left_noOutliers_balanced.csv,/kaggle/working/outputs/TESE_pruebas/run_20260902_145353/processed_data/models/villanueva_MODELS/villanueva_left_noOutliers_balanced.csv,7.57
villanueva_left_outliers_balanced.csv,/kaggle/working/outputs/TESE_pruebas/run_20260902_145353/processed_data/models/villanueva_MODELS/villanueva_left_outliers_balanced.csv,7.57
villanueva_left_sinArtefactosConservador_balanced.csv,/kaggle/working/outputs/TESE_pruebas/run_20260902_145353/processed_data/models/villanueva_MODELS/villanueva_left_sinArtefactosConservador_balanced.csv,7.57
villanueva_left_sinArtefactosEstricto_balanced.csv,/kaggle/working/outputs/TESE_pruebas/run_20260902_145353/processed_data/models/villanueva_MODELS/villanueva_left_sinArtefactosEstricto_balanced.csv,7.57
villanueva_pull_cleanNorm_balanced.csv,/kaggle/working/outputs/TESE_pruebas/run_20260902_145353/processed_data/models/villanueva_MODELS/villanueva_pull_cleanNorm_balanced.csv,484.22
villanueva_pull_cleanSmooth_balanced.csv,/kaggle/working/outputs/TESE_pruebas/run_20260902_145353/processed_data/models/villanueva_MODELS/villanueva_pull_cleanSmooth_balanced.csv,484.26
villanueva_pull_noOutliers_balanced.csv,/kaggle/working/outputs/TESE_pruebas/run_20260902_145353/processed_data/models/villanueva_MODELS/villanueva_pull_noOutliers_balanced.csv,148.66
villanueva_pull_outliers_balanced.csv,/kaggle/working/outputs/TESE_pruebas/run_20260902_145353/processed_data/models/villanueva_MODELS/villanueva_pull_outliers_balanced.csv,162.81
villanueva_pull_sinArtefactosConservador_balanced.csv,/kaggle/working/outputs/TESE_pruebas/run_20260902_145353/processed_data/models/villanueva_MODELS/villanueva_pull_sinArtefactosConservador_balanced.csv,148.66
villanueva_pull_sinArtefactosEstricto_balanced.csv,/kaggle/working/outputs/TESE_pruebas/run_20260902_145353/processed_data/models/villanueva_MODELS/villanueva_pull_sinArtefactosEstricto_balanced.csv,148.66
villanueva_push_cleanNorm_balanced.csv,/kaggle/working/outputs/TESE_pruebas/run_20260902_145353/processed_data/models/villanueva_MODELS/villanueva_push_cleanNorm_balanced.csv,281.79
villanueva_push_cleanSmooth_balanced.csv,/kaggle/working/outputs/TESE_pruebas/run_20260902_145353/processed_data/models/villanueva_MODELS/villanueva_push_cleanSmooth_balanced.csv,281.76
villanueva_push_noOutliers_balanced.csv,/kaggle/working/outputs/TESE_pruebas/run_20260902_145353/processed_data/models/villanueva_MODELS/villanueva_push_noOutliers_balanced.csv,86.68
villanueva_push_outliers_balanced.csv,/kaggle/working/outputs/TESE_pruebas/run_20260902_145353/processed_data/models/villanueva_MODELS/villanueva_push_outliers_balanced.csv,93.0
villanueva_push_sinArtefactosConservador_balanced.csv,/kaggle/working/outputs/TESE_pruebas/run_20260902_145353/processed_data/models/villanueva_MODELS/villanueva_push_sinArtefactosConservador_balanced.csv,86.68
villanueva_push_sinArtefactosEstricto_balanced.csv,/kaggle/working/outputs/TESE_pruebas/run_20260902_145353/processed_data/models/villanueva_MODELS/villanueva_push_sinArtefactosEstricto_balanced.csv,86.68
villanueva_right_cleanNorm_balanced.csv,/kaggle/working/outputs/TESE_pruebas/run_20260902_145353/processed_data/models/villanueva_MODELS/villanueva_right_cleanNorm_balanced.csv,56.84
villanueva_right_cleanSmooth_balanced.csv,/kaggle/working/outputs/TESE_pruebas/run_20260902_145353/processed_data/models/villanueva_MODELS/villanueva_right_cleanSmooth_balanced.csv,56.78
villanueva_right_noOutliers_balanced.csv,/kaggle/working/outputs/TESE_pruebas/run_20260902_145353/processed_data/models/villanueva_MODELS/villanueva_right_noOutliers_balanced.csv,17.82
villanueva_right_outliers_balanced.csv,/kaggle/working/outputs/TESE_pruebas/run_20260902_145353/processed_data/models/villanueva_MODELS/villanueva_right_outliers_balanced.csv,20.73
villanueva_right_sinArtefactosConservador_balanced.csv,/kaggle/working/outputs/TESE_pruebas/run_20260902_145353/processed_data/models/villanueva_MODELS/villanueva_right_sinArtefactosConservador_balanced.csv,17.82
villanueva_right_sinArtefactosEstricto_balanced.csv,/kaggle/working/outputs/TESE_pruebas/run_20260902_145353/processed_data/models/villanueva_MODELS/villanueva_right_sinArtefactosEstricto_balanced.csv,17.82
archivos_eeg_reconocidos.csv,/kaggle/working/outputs/TESE_pruebas/run_20260902_145353/processed_data/reports/archivos_eeg_reconocidos.csv,5.17
archivos_eeg_reconocidos.xlsx,/kaggle/working/outputs/TESE_pruebas/run_20260902_145353/processed_data/reports/archivos_eeg_reconocidos.xlsx,6.87
comparacion_balanceo_modelos.csv,/kaggle/working/outputs/TESE_pruebas/run_20260902_145353/processed_data/reports/balanceo/comparacion_balanceo_modelos.csv,884.79
comparacion_balanceo_por_sujeto.csv,/kaggle/working/outputs/TESE_pruebas/run_20260902_145353/processed_data/reports/balanceo/comparacion_balanceo_por_sujeto.csv,4.3
confusion_211260561_all_noOutliers_class_weight_balanced_RBFNetwork_aprox.csv,/kaggle/working/outputs/TESE_pruebas/run_20260902_145353/processed_data/reports/balanceo/matrices_confusion_balanceo/confusion_211260561_all_noOutliers_class_weight_balanced_RBFNetwork_aprox.csv,0.13
confusion_211260561_all_noOutliers_class_weight_balanced_RBFNetwork_aprox.png,/kaggle/working/outputs/TESE_pruebas/run_20260902_145353/processed_data/reports/balanceo/matrices_confusion_balanceo/confusion_211260561_all_noOutliers_class_weight_balanced_RBFNetwork_aprox.png,35.64
confusion_211260561_all_noOutliers_class_weight_balanced_RandomForest.csv,/kaggle/working/outputs/TESE_pruebas/run_20260902_145353/processed_data/reports/balanceo/matrices_confusion_balanceo/confusion_211260561_all_noOutliers_class_weight_balanced_RandomForest.csv,0.12
confusion_211260561_all_noOutliers_class_weight_balanced_RandomForest.png,/kaggle/working/outputs/TESE_pruebas/run_20260902_145353/processed_data/reports/balanceo/matrices_confusion_balanceo/confusion_211260561_all_noOutliers_class_weight_balanced_RandomForest.png,33.66
confusion_211260561_all_noOutliers_class_weight_balanced_SMO_SVM.csv,/kaggle/working/outputs/TESE_pruebas/run_20260902_145353/processed_data/reports/balanceo/matrices_confusion_balanceo/confusion_211260561_all_noOutliers_class_weight_balanced_SMO_SVM.csv,0.13
confusion_211260561_all_noOutliers_class_weight_balanced_SMO_SVM.png,/kaggle/working/outputs/TESE_pruebas/run_20260902_145353/processed_data/reports/balanceo/matrices_confusion_balanceo/confusion_211260561_all_noOutliers_class_weight_balanced_SMO_SVM.png,32.55
confusion_211260561_all_noOutliers_random_oversampling_IBk_kNN.csv,/kaggle/working/outputs/TESE_pruebas/run_20260902_145353/processed_data/reports/balanceo/matrices_confusion_balanceo/confusion_211260561_all_noOutliers_random_oversampling_IBk_kNN.csv,0.13
confusion_211260561_all_noOutliers_random_oversampling_IBk_kNN.png,/kaggle/working/outputs/TESE_pruebas/run_20260902_145353/processed_data/reports/balanceo/matrices_confusion_balanceo/confusion_211260561_all_noOutliers_random_oversampling_IBk_kNN.png,33.31
confusion_211260561_all_noOutliers_random_oversampling_MLP.csv,/kaggle/working/outputs/TESE_pruebas/run_20260902_145353/processed_data/reports/balanceo/matrices_confusion_balanceo/confusion_211260561_all_noOutliers_random_oversampling_MLP.csv,0.12
confusion_211260561_all_noOutliers_random_oversampling_MLP.png,/kaggle/working/outputs/TESE_pruebas/run_20260902_145353/processed_data/reports/balanceo/matrices_confusion_balanceo/confusion_211260561_all_noOutliers_random_oversampling_MLP.png,32.27
confusion_211260561_all_noOutliers_random_oversampling_RBFNetwork_aprox.csv,/kaggle/working/outputs/TESE_pruebas/run_20260902_145353/processed_data/reports/balanceo/matrices_confusion_balanceo/confusion_211260561_all_noOutliers_random_oversampling_RBFNetwork_aprox.csv,0.13
confusion_211260561_all_noOutliers_random_oversampling_RBFNetwork_aprox.png,/kaggle/working/outputs/TESE_pruebas/run_20260902_145353/processed_data/reports/balanceo/matrices_confusion_balanceo/confusion_211260561_all_noOutliers_random_oversampling_RBFNetwork_aprox.png,34.91
confusion_211260561_all_noOutliers_random_oversampling_RandomForest.csv,/kaggle/working/outputs/TESE_pruebas/run_20260902_145353/processed_data/reports/balanceo/matrices_confusion_balanceo/confusion_211260561_all_noOutliers_random_oversampling_RandomForest.csv,0.13
confusion_211260561_all_noOutliers_random_oversampling_RandomForest.png,/kaggle/working/outputs/TESE_pruebas/run_20260902_145353/processed_data/reports/balanceo/matrices_confusion_balanceo/confusion_211260561_all_noOutliers_random_oversampling_RandomForest.png,33.42
confusion_211260561_all_noOutliers_random_oversampling_SMO_SVM.csv,/kaggle/working/outputs/TESE_pruebas/run_20260902_145353/processed_data/reports/balanceo/matrices_confusion_balanceo/confusion_211260561_all_noOutliers_random_oversampling_SMO_SVM.csv,0.13
confusion_211260561_all_noOutliers_random_oversampling_SMO_SVM.png,/kaggle/working/outputs/TESE_pruebas/run_20260902_145353/processed_data/reports/balanceo/matrices_confusion_balanceo/confusion_211260561_all_noOutliers_random_oversampling_SMO_SVM.png,32.53
confusion_211260561_all_noOutliers_random_undersampling_controlado_IBk_kNN.csv,/kaggle/working/outputs/TESE_pruebas/run_20260902_145353/processed_data/reports/balanceo/matrices_confusion_balanceo/confusion_211260561_all_noOutliers_random_undersampling_controlado_IBk_kNN.csv,0.13
confusion_211260561_all_noOutliers_random_undersampling_controlado_IBk_kNN.png,/kaggle/working/outputs/TESE_pruebas/run_20260902_145353/processed_data/reports/balanceo/matrices_confusion_balanceo/confusion_211260561_all_noOutliers_random_undersampling_controlado_IBk_kNN.png,35.77
confusion_211260561_all_noOutliers_random_undersampling_controlado_MLP.csv,/kaggle/working/outputs/TESE_pruebas/run_20260902_145353/processed_data/reports/balanceo/matrices_confusion_balanceo/confusion_211260561_all_noOutliers_random_undersampling_controlado_MLP.csv,0.12
confusion_211260561_all_noOutliers_random_undersampling_controlado_MLP.png,/kaggle/working/outputs/TESE_pruebas/run_20260902_145353/processed_data/reports/balanceo/matrices_confusion_balanceo/confusion_211260561_all_noOutliers_random_undersampling_controlado_MLP.png,32.58
confusion_211260561_all_noOutliers_random_undersampling_controlado_RBFNetwork_aprox.csv,/kaggle/working/outputs/TESE_pruebas/run_20260902_145353/processed_data/reports/balanceo/matrices_confusion_balanceo/confusion_211260561_all_noOutliers_random_undersampling_controlado_RBFNetwork_aprox.csv,0.13
confusion_211260561_all_noOutliers_random_undersampling_controlado_RBFNetwork_aprox.png,/kaggle/working/outputs/TESE_pruebas/run_20260902_145353/processed_data/reports/balanceo/matrices_confusion_balanceo/confusion_211260561_all_noOutliers_random_undersampling_controlado_RBFNetwork_aprox.png,35.14
confusion_211260561_all_noOutliers_random_undersampling_controlado_RandomForest.csv,/kaggle/working/outputs/TESE_pruebas/run_20260902_145353/processed_data/reports/balanceo/matrices_confusion_balanceo/confusion_211260561_all_noOutliers_random_undersampling_controlado_RandomForest.csv,0.13
confusion_211260561_all_noOutliers_random_undersampling_controlado_RandomForest.png,/kaggle/working/outputs/TESE_pruebas/run_20260902_145353/processed_data/reports/balanceo/matrices_confusion_balanceo/confusion_211260561_all_noOutliers_random_undersampling_controlado_RandomForest.png,36.51
confusion_211260561_all_noOutliers_random_undersampling_controlado_SMO_SVM.csv,/kaggle/working/outputs/TESE_pruebas/run_20260902_145353/processed_data/reports/balanceo/matrices_confusion_balanceo/confusion_211260561_all_noOutliers_random_undersampling_controlado_SMO_SVM.csv,0.13
confusion_211260561_all_noOutliers_random_undersampling_controlado_SMO_SVM.png,/kaggle/working/outputs/TESE_pruebas/run_20260902_145353/processed_data/reports/balanceo/matrices_confusion_balanceo/confusion_211260561_all_noOutliers_random_undersampling_controlado_SMO_SVM.png,34.37
confusion_211260561_all_noOutliers_sin_balanceo_IBk_kNN.csv,/kaggle/working/outputs/TESE_pruebas/run_20260902_145353/processed_data/reports/balanceo/matrices_confusion_balanceo/confusion_211260561_all_noOutliers_sin_balanceo_IBk_kNN.csv,0.13
confusion_211260561_all_noOutliers_sin_balanceo_IBk_kNN.png,/kaggle/working/outputs/TESE_pruebas/run_20260902_145353/processed_data/reports/balanceo/matrices_confusion_balanceo/confusion_211260561_all_noOutliers_sin_balanceo_IBk_kNN.png,31.63
confusion_211260561_all_noOutliers_sin_balanceo_MLP.csv,/kaggle/working/outputs/TESE_pruebas/run_20260902_145353/processed_data/reports/balanceo/matrices_confusion_balanceo/confusion_211260561_all_noOutliers_sin_balanceo_MLP.csv,0.12
confusion_211260561_all_noOutliers_sin_balanceo_MLP.png,/kaggle/working/outputs/TESE_pruebas/run_20260902_145353/processed_data/reports/balanceo/matrices_confusion_balanceo/confusion_211260561_all_noOutliers_sin_balanceo_MLP.png,31.58
confusion_211260561_all_noOutliers_sin_balanceo_RBFNetwork_aprox.csv,/kaggle/working/outputs/TESE_pruebas/run_20260902_145353/processed_data/reports/balanceo/matrices_confusion_balanceo/confusion_211260561_all_noOutliers_sin_balanceo_RBFNetwork_aprox.csv,0.12
confusion_211260561_all_noOutliers_sin_balanceo_RBFNetwork_aprox.png,/kaggle/working/outputs/TESE_pruebas/run_20260902_145353/processed_data/reports/balanceo/matrices_confusion_balanceo/confusion_211260561_all_noOutliers_sin_balanceo_RBFNetwork_aprox.png,33.45
confusion_211260561_all_noOutliers_sin_balanceo_RandomForest.csv,/kaggle/working/outputs/TESE_pruebas/run_20260902_145353/processed_data/reports/balanceo/matrices_confusion_balanceo/confusion_211260561_all_noOutliers_sin_balanceo_RandomForest.csv,0.12
confusion_211260561_all_noOutliers_sin_balanceo_RandomForest.png,/kaggle/working/outputs/TESE_pruebas/run_20260902_145353/processed_data/reports/balanceo/matrices_confusion_balanceo/confusion_211260561_all_noOutliers_sin_balanceo_RandomForest.png,32.57
confusion_211260561_all_noOutliers_sin_balanceo_SMO_SVM.csv,/kaggle/working/outputs/TESE_pruebas/run_20260902_145353/processed_data/reports/balanceo/matrices_confusion_balanceo/confusion_211260561_all_noOutliers_sin_balanceo_SMO_SVM.csv,0.13
confusion_211260561_all_noOutliers_sin_balanceo_SMO_SVM.png,/kaggle/working/outputs/TESE_pruebas/run_20260902_145353/processed_data/reports/balanceo/matrices_confusion_balanceo/confusion_211260561_all_noOutliers_sin_balanceo_SMO_SVM.png,31.4
confusion_211260561_all_noOutliers_smote_IBk_kNN.csv,/kaggle/working/outputs/TESE_pruebas/run_20260902_145353/processed_data/reports/balanceo/matrices_confusion_balanceo/confusion_211260561_all_noOutliers_smote_IBk_kNN.csv,0.13
confusion_211260561_all_noOutliers_smote_IBk_kNN.png,/kaggle/working/outputs/TESE_pruebas/run_20260902_145353/processed_data/reports/balanceo/matrices_confusion_balanceo/confusion_211260561_all_noOutliers_smote_IBk_kNN.png,30.93
confusion_211260561_all_noOutliers_smote_MLP.csv,/kaggle/working/outputs/TESE_pruebas/run_20260902_145353/processed_data/reports/balanceo/matrices_confusion_balanceo/confusion_211260561_all_noOutliers_smote_MLP.csv,0.12
confusion_211260561_all_noOutliers_smote_MLP.png,/kaggle/working/outputs/TESE_pruebas/run_20260902_145353/processed_data/reports/balanceo/matrices_confusion_balanceo/confusion_211260561_all_noOutliers_smote_MLP.png,30.56
confusion_211260561_all_noOutliers_smote_RBFNetwork_aprox.csv,/kaggle/working/outputs/TESE_pruebas/run_20260902_145353/processed_data/reports/balanceo/matrices_confusion_balanceo/confusion_211260561_all_noOutliers_smote_RBFNetwork_aprox.csv,0.13
confusion_211260561_all_noOutliers_smote_RBFNetwork_aprox.png,/kaggle/working/outputs/TESE_pruebas/run_20260902_145353/processed_data/reports/balanceo/matrices_confusion_balanceo/confusion_211260561_all_noOutliers_smote_RBFNetwork_aprox.png,33.4
confusion_211260561_all_noOutliers_smote_RandomForest.csv,/kaggle/working/outputs/TESE_pruebas/run_20260902_145353/processed_data/reports/balanceo/matrices_confusion_balanceo/confusion_211260561_all_noOutliers_smote_RandomForest.csv,0.13
confusion_211260561_all_noOutliers_smote_RandomForest.png,/kaggle/working/outputs/TESE_pruebas/run_20260902_145353/processed_data/reports/balanceo/matrices_confusion_balanceo/confusion_211260561_all_noOutliers_smote_RandomForest.png,32.43
confusion_211260561_all_noOutliers_smote_SMO_SVM.csv,/kaggle/working/outputs/TESE_pruebas/run_20260902_145353/processed_data/reports/balanceo/matrices_confusion_balanceo/confusion_211260561_all_noOutliers_smote_SMO_SVM.csv,0.13
confusion_211260561_all_noOutliers_smote_SMO_SVM.png,/kaggle/working/outputs/TESE_pruebas/run_20260902_145353/processed_data/reports/balanceo/matrices_confusion_balanceo/confusion_211260561_all_noOutliers_smote_SMO_SVM.png,30.89
confusion_211260561_all_noOutliers_smote_tomek_IBk_kNN.csv,/kaggle/working/outputs/TESE_pruebas/run_20260902_145353/processed_data/reports/balanceo/matrices_confusion_balanceo/confusion_211260561_all_noOutliers_smote_tomek_IBk_kNN.csv,0.13
confusion_211260561_all_noOutliers_smote_tomek_IBk_kNN.png,/kaggle/working/outputs/TESE_pruebas/run_20260902_145353/processed_data/reports/balanceo/matrices_confusion_balanceo/confusion_211260561_all_noOutliers_smote_tomek_IBk_kNN.png,31.41
confusion_211260561_all_noOutliers_smote_tomek_MLP.csv,/kaggle/working/outputs/TESE_pruebas/run_20260902_145353/processed_data/reports/balanceo/matrices_confusion_balanceo/confusion_211260561_all_noOutliers_smote_tomek_MLP.csv,0.12
confusion_211260561_all_noOutliers_smote_tomek_MLP.png,/kaggle/working/outputs/TESE_pruebas/run_20260902_145353/processed_data/reports/balanceo/matrices_confusion_balanceo/confusion_211260561_all_noOutliers_smote_tomek_MLP.png,31.22
confusion_211260561_all_noOutliers_smote_tomek_RBFNetwork_aprox.csv,/kaggle/working/outputs/TESE_pruebas/run_20260902_145353/processed_data/reports/balanceo/matrices_confusion_balanceo/confusion_211260561_all_noOutliers_smote_tomek_RBFNetwork_aprox.csv,0.13
confusion_211260561_all_noOutliers_smote_tomek_RBFNetwork_aprox.png,/kaggle/working/outputs/TESE_pruebas/run_20260902_145353/processed_data/reports/balanceo/matrices_confusion_balanceo/confusion_211260561_all_noOutliers_smote_tomek_RBFNetwork_aprox.png,33.88
confusion_211260561_all_noOutliers_smote_tomek_RandomForest.csv,/kaggle/working/outputs/TESE_pruebas/run_20260902_145353/processed_data/reports/balanceo/matrices_confusion_balanceo/confusion_211260561_all_noOutliers_smote_tomek_RandomForest.csv,0.13
confusion_211260561_all_noOutliers_smote_tomek_RandomForest.png,/kaggle/working/outputs/TESE_pruebas/run_20260902_145353/processed_data/reports/balanceo/matrices_confusion_balanceo/confusion_211260561_all_noOutliers_smote_tomek_RandomForest.png,32.78
confusion_211260561_all_noOutliers_smote_tomek_SMO_SVM.csv,/kaggle/working/outputs/TESE_pruebas/run_20260902_145353/processed_data/reports/balanceo/matrices_confusion_balanceo/confusion_211260561_all_noOutliers_smote_tomek_SMO_SVM.csv,0.13
confusion_211260561_all_noOutliers_smote_tomek_SMO_SVM.png,/kaggle/working/outputs/TESE_pruebas/run_20260902_145353/processed_data/reports/balanceo/matrices_confusion_balanceo/confusion_211260561_all_noOutliers_smote_tomek_SMO_SVM.png,31.53
confusion_211260561_all_sinArtefactosConservador_class_weight_balanced_RBFNetwork_aprox.csv,/kaggle/working/outputs/TESE_pruebas/run_20260902_145353/processed_data/reports/balanceo/matrices_confusion_balanceo/confusion_211260561_all_sinArtefactosConservador_class_weight_balanced_RBFNetwork_aprox.csv,0.12
confusion_211260561_all_sinArtefactosConservador_class_weight_balanced_RBFNetwork_aprox.png,/kaggle/working/outputs/TESE_pruebas/run_20260902_145353/processed_data/reports/balanceo/matrices_confusion_balanceo/confusion_211260561_all_sinArtefactosConservador_class_weight_balanced_RBFNetwork_aprox.png,34.19
confusion_211260561_all_sinArtefactosConservador_class_weight_balanced_RandomForest.csv,/kaggle/working/outputs/TESE_pruebas/run_20260902_145353/processed_data/reports/balanceo/matrices_confusion_balanceo/confusion_211260561_all_sinArtefactosConservador_class_weight_balanced_RandomForest.csv,0.12
confusion_211260561_all_sinArtefactosConservador_class_weight_balanced_RandomForest.png,/kaggle/working/outputs/TESE_pruebas/run_20260902_145353/processed_data/reports/balanceo/matrices_confusion_balanceo/confusion_211260561_all_sinArtefactosConservador_class_weight_balanced_RandomForest.png,34.14
confusion_211260561_all_sinArtefactosConservador_class_weight_balanced_SMO_SVM.csv,/kaggle/working/outputs/TESE_pruebas/run_20260902_145353/processed_data/reports/balanceo/matrices_confusion_balanceo/confusion_211260561_all_sinArtefactosConservador_class_weight_balanced_SMO_SVM.csv,0.12
confusion_211260561_all_sinArtefactosConservador_class_weight_balanced_SMO_SVM.png,/kaggle/working/outputs/TESE_pruebas/run_20260902_145353/processed_data/reports/balanceo/matrices_confusion_balanceo/confusion_211260561_all_sinArtefactosConservador_class_weight_balanced_SMO_SVM.png,33.91
confusion_211260561_all_sinArtefactosConservador_random_oversampling_IBk_kNN.csv,/kaggle/working/outputs/TESE_pruebas/run_20260902_145353/processed_data/reports/balanceo/matrices_confusion_balanceo/confusion_211260561_all_sinArtefactosConservador_random_oversampling_IBk_kNN.csv,0.13
confusion_211260561_all_sinArtefactosConservador_random_oversampling_IBk_kNN.png,/kaggle/working/outputs/TESE_pruebas/run_20260902_145353/processed_data/reports/balanceo/matrices_confusion_balanceo/confusion_211260561_all_sinArtefactosConservador_random_oversampling_IBk_kNN.png,34.62
confusion_211260561_all_sinArtefactosConservador_random_oversampling_MLP.csv,/kaggle/working/outputs/TESE_pruebas/run_20260902_145353/processed_data/reports/balanceo/matrices_confusion_balanceo/confusion_211260561_all_sinArtefactosConservador_random_oversampling_MLP.csv,0.13
confusion_211260561_all_sinArtefactosConservador_random_oversampling_MLP.png,/kaggle/working/outputs/TESE_pruebas/run_20260902_145353/processed_data/reports/balanceo/matrices_confusion_balanceo/confusion_211260561_all_sinArtefactosConservador_random_oversampling_MLP.png,33.09
confusion_211260561_all_sinArtefactosConservador_random_oversampling_RBFNetwork_aprox.csv,/kaggle/working/outputs/TESE_pruebas/run_20260902_145353/processed_data/reports/balanceo/matrices_confusion_balanceo/confusion_211260561_all_sinArtefactosConservador_random_oversampling_RBFNetwork_aprox.csv,0.13
confusion_211260561_all_sinArtefactosConservador_random_oversampling_RBFNetwork_aprox.png,/kaggle/working/outputs/TESE_pruebas/run_20260902_145353/processed_data/reports/balanceo/matrices_confusion_balanceo/confusion_211260561_all_sinArtefactosConservador_random_oversampling_RBFNetwork_aprox.png,34.58
confusion_211260561_all_sinArtefactosConservador_random_oversampling_RandomForest.csv,/kaggle/working/outputs/TESE_pruebas/run_20260902_145353/processed_data/reports/balanceo/matrices_confusion_balanceo/confusion_211260561_all_sinArtefactosConservador_random_oversampling_RandomForest.csv,0.13
confusion_211260561_all_sinArtefactosConservador_random_oversampling_RandomForest.png,/kaggle/working/outputs/TESE_pruebas/run_20260902_145353/processed_data/reports/balanceo/matrices_confusion_balanceo/confusion_211260561_all_sinArtefactosConservador_random_oversampling_RandomForest.png,34.79
confusion_211260561_all_sinArtefactosConservador_random_oversampling_SMO_SVM.csv,/kaggle/working/outputs/TESE_pruebas/run_20260902_145353/processed_data/reports/balanceo/matrices_confusion_balanceo/confusion_211260561_all_sinArtefactosConservador_random_oversampling_SMO_SVM.csv,0.12
confusion_211260561_all_sinArtefactosConservador_random_oversampling_SMO_SVM.png,/kaggle/working/outputs/TESE_pruebas/run_20260902_145353/processed_data/reports/balanceo/matrices_confusion_balanceo/confusion_211260561_all_sinArtefactosConservador_random_oversampling_SMO_SVM.png,34.16
confusion_211260561_all_sinArtefactosConservador_random_undersampling_controlado_IBk_kNN.csv,/kaggle/working/outputs/TESE_pruebas/run_20260902_145353/processed_data/reports/balanceo/matrices_confusion_balanceo/confusion_211260561_all_sinArtefactosConservador_random_undersampling_controlado_IBk_kNN.csv,0.13
confusion_211260561_all_sinArtefactosConservador_random_undersampling_controlado_IBk_kNN.png,/kaggle/working/outputs/TESE_pruebas/run_20260902_145353/processed_data/reports/balanceo/matrices_confusion_balanceo/confusion_211260561_all_sinArtefactosConservador_random_undersampling_controlado_IBk_kNN.png,33.85
confusion_211260561_all_sinArtefactosConservador_random_undersampling_controlado_MLP.csv,/kaggle/working/outputs/TESE_pruebas/run_20260902_145353/processed_data/reports/balanceo/matrices_confusion_balanceo/confusion_211260561_all_sinArtefactosConservador_random_undersampling_controlado_MLP.csv,0.13
confusion_211260561_all_sinArtefactosConservador_random_undersampling_controlado_MLP.png,/kaggle/working/outputs/TESE_pruebas/run_20260902_145353/processed_data/reports/balanceo/matrices_confusion_balanceo/confusion_211260561_all_sinArtefactosConservador_random_undersampling_controlado_MLP.png,33.48
confusion_211260561_all_sinArtefactosConservador_random_undersampling_controlado_RBFNetwork_aprox.csv,/kaggle/working/outputs/TESE_pruebas/run_20260902_145353/processed_data/reports/balanceo/matrices_confusion_balanceo/confusion_211260561_all_sinArtefactosConservador_random_undersampling_controlado_RBFNetwork_aprox.csv,0.13
confusion_211260561_all_sinArtefactosConservador_random_undersampling_controlado_RBFNetwork_aprox.png,/kaggle/working/outputs/TESE_pruebas/run_20260902_145353/processed_data/reports/balanceo/matrices_confusion_balanceo/confusion_211260561_all_sinArtefactosConservador_random_undersampling_controlado_RBFNetwork_aprox.png,34.24
confusion_211260561_all_sinArtefactosConservador_random_undersampling_controlado_RandomForest.csv,/kaggle/working/outputs/TESE_pruebas/run_20260902_145353/processed_data/reports/balanceo/matrices_confusion_balanceo/confusion_211260561_all_sinArtefactosConservador_random_undersampling_controlado_RandomForest.csv,0.13
confusion_211260561_all_sinArtefactosConservador_random_undersampling_controlado_RandomForest.png,/kaggle/working/outputs/TESE_pruebas/run_20260902_145353/processed_data/reports/balanceo/matrices_confusion_balanceo/confusion_211260561_all_sinArtefactosConservador_random_undersampling_controlado_RandomForest.png,34.45
confusion_211260561_all_sinArtefactosConservador_random_undersampling_controlado_SMO_SVM.csv,/kaggle/working/outputs/TESE_pruebas/run_20260902_145353/processed_data/reports/balanceo/matrices_confusion_balanceo/confusion_211260561_all_sinArtefactosConservador_random_undersampling_controlado_SMO_SVM.csv,0.12
confusion_211260561_all_sinArtefactosConservador_random_undersampling_controlado_SMO_SVM.png,/kaggle/working/outputs/TESE_pruebas/run_20260902_145353/processed_data/reports/balanceo/matrices_confusion_balanceo/confusion_211260561_all_sinArtefactosConservador_random_undersampling_controlado_SMO_SVM.png,33.53
confusion_211260561_all_sinArtefactosConservador_sin_balanceo_IBk_kNN.csv,/kaggle/working/outputs/TESE_pruebas/run_20260902_145353/processed_data/reports/balanceo/matrices_confusion_balanceo/confusion_211260561_all_sinArtefactosConservador_sin_balanceo_IBk_kNN.csv,0.13
confusion_211260561_all_sinArtefactosConservador_sin_balanceo_IBk_kNN.png,/kaggle/working/outputs/TESE_pruebas/run_20260902_145353/processed_data/reports/balanceo/matrices_confusion_balanceo/confusion_211260561_all_sinArtefactosConservador_sin_balanceo_IBk_kNN.png,33.42
confusion_211260561_all_sinArtefactosConservador_sin_balanceo_MLP.csv,/kaggle/working/outputs/TESE_pruebas/run_20260902_145353/processed_data/reports/balanceo/matrices_confusion_balanceo/confusion_211260561_all_sinArtefactosConservador_sin_balanceo_MLP.csv,0.13
confusion_211260561_all_sinArtefactosConservador_sin_balanceo_MLP.png,/kaggle/working/outputs/TESE_pruebas/run_20260902_145353/processed_data/reports/balanceo/matrices_confusion_balanceo/confusion_211260561_all_sinArtefactosConservador_sin_balanceo_MLP.png,31.29
confusion_211260561_all_sinArtefactosConservador_sin_balanceo_RBFNetwork_aprox.csv,/kaggle/working/outputs/TESE_pruebas/run_20260902_145353/processed_data/reports/balanceo/matrices_confusion_balanceo/confusion_211260561_all_sinArtefactosConservador_sin_balanceo_RBFNetwork_aprox.csv,0.12
confusion_211260561_all_sinArtefactosConservador_sin_balanceo_RBFNetwork_aprox.png,/kaggle/working/outputs/TESE_pruebas/run_20260902_145353/processed_data/reports/balanceo/matrices_confusion_balanceo/confusion_211260561_all_sinArtefactosConservador_sin_balanceo_RBFNetwork_aprox.png,34.03
confusion_211260561_all_sinArtefactosConservador_sin_balanceo_RandomForest.csv,/kaggle/working/outputs/TESE_pruebas/run_20260902_145353/processed_data/reports/balanceo/matrices_confusion_balanceo/confusion_211260561_all_sinArtefactosConservador_sin_balanceo_RandomForest.csv,0.12
confusion_211260561_all_sinArtefactosConservador_sin_balanceo_RandomForest.png,/kaggle/working/outputs/TESE_pruebas/run_20260902_145353/processed_data/reports/balanceo/matrices_confusion_balanceo/confusion_211260561_all_sinArtefactosConservador_sin_balanceo_RandomForest.png,33.58
confusion_211260561_all_sinArtefactosConservador_sin_balanceo_SMO_SVM.csv,/kaggle/working/outputs/TESE_pruebas/run_20260902_145353/processed_data/reports/balanceo/matrices_confusion_balanceo/confusion_211260561_all_sinArtefactosConservador_sin_balanceo_SMO_SVM.csv,0.12
confusion_211260561_all_sinArtefactosConservador_sin_balanceo_SMO_SVM.png,/kaggle/working/outputs/TESE_pruebas/run_20260902_145353/processed_data/reports/balanceo/matrices_confusion_balanceo/confusion_211260561_all_sinArtefactosConservador_sin_balanceo_SMO_SVM.png,32.94
confusion_211260561_all_sinArtefactosConservador_smote_IBk_kNN.csv,/kaggle/working/outputs/TESE_pruebas/run_20260902_145353/processed_data/reports/balanceo/matrices_confusion_balanceo/confusion_211260561_all_sinArtefactosConservador_smote_IBk_kNN.csv,0.13
confusion_211260561_all_sinArtefactosConservador_smote_IBk_kNN.png,/kaggle/working/outputs/TESE_pruebas/run_20260902_145353/processed_data/reports/balanceo/matrices_confusion_balanceo/confusion_211260561_all_sinArtefactosConservador_smote_IBk_kNN.png,32.04
confusion_211260561_all_sinArtefactosConservador_smote_MLP.csv,/kaggle/working/outputs/TESE_pruebas/run_20260902_145353/processed_data/reports/balanceo/matrices_confusion_balanceo/confusion_211260561_all_sinArtefactosConservador_smote_MLP.csv,0.13
confusion_211260561_all_sinArtefactosConservador_smote_MLP.png,/kaggle/working/outputs/TESE_pruebas/run_20260902_145353/processed_data/reports/balanceo/matrices_confusion_balanceo/confusion_211260561_all_sinArtefactosConservador_smote_MLP.png,31.5
confusion_211260561_all_sinArtefactosConservador_smote_RBFNetwork_aprox.csv,/kaggle/working/outputs/TESE_pruebas/run_20260902_145353/processed_data/reports/balanceo/matrices_confusion_balanceo/confusion_211260561_all_sinArtefactosConservador_smote_RBFNetwork_aprox.csv,0.13
confusion_211260561_all_sinArtefactosConservador_smote_RBFNetwork_aprox.png,/kaggle/working/outputs/TESE_pruebas/run_20260902_145353/processed_data/reports/balanceo/matrices_confusion_balanceo/confusion_211260561_all_sinArtefactosConservador_smote_RBFNetwork_aprox.png,33.96
confusion_211260561_all_sinArtefactosConservador_smote_RandomForest.csv,/kaggle/working/outputs/TESE_pruebas/run_20260902_145353/processed_data/reports/balanceo/matrices_confusion_balanceo/confusion_211260561_all_sinArtefactosConservador_smote_RandomForest.csv,0.12
confusion_211260561_all_sinArtefactosConservador_smote_RandomForest.png,/kaggle/working/outputs/TESE_pruebas/run_20260902_145353/processed_data/reports/balanceo/matrices_confusion_balanceo/confusion_211260561_all_sinArtefactosConservador_smote_RandomForest.png,32.93
confusion_211260561_all_sinArtefactosConservador_smote_SMO_SVM.csv,/kaggle/working/outputs/TESE_pruebas/run_20260902_145353/processed_data/reports/balanceo/matrices_confusion_balanceo/confusion_211260561_all_sinArtefactosConservador_smote_SMO_SVM.csv,0.12
confusion_211260561_all_sinArtefactosConservador_smote_SMO_SVM.png,/kaggle/working/outputs/TESE_pruebas/run_20260902_145353/processed_data/reports/balanceo/matrices_confusion_balanceo/confusion_211260561_all_sinArtefactosConservador_smote_SMO_SVM.png,33.05
confusion_211260561_all_sinArtefactosConservador_smote_tomek_IBk_kNN.csv,/kaggle/working/outputs/TESE_pruebas/run_20260902_145353/processed_data/reports/balanceo/matrices_confusion_balanceo/confusion_211260561_all_sinArtefactosConservador_smote_tomek_IBk_kNN.csv,0.13
confusion_211260561_all_sinArtefactosConservador_smote_tomek_IBk_kNN.png,/kaggle/working/outputs/TESE_pruebas/run_20260902_145353/processed_data/reports/balanceo/matrices_confusion_balanceo/confusion_211260561_all_sinArtefactosConservador_smote_tomek_IBk_kNN.png,32.69
confusion_211260561_all_sinArtefactosConservador_smote_tomek_MLP.csv,/kaggle/working/outputs/TESE_pruebas/run_20260902_145353/processed_data/reports/balanceo/matrices_confusion_balanceo/confusion_211260561_all_sinArtefactosConservador_smote_tomek_MLP.csv,0.13
confusion_211260561_all_sinArtefactosConservador_smote_tomek_MLP.png,/kaggle/working/outputs/TESE_pruebas/run_20260902_145353/processed_data/reports/balanceo/matrices_confusion_balanceo/confusion_211260561_all_sinArtefactosConservador_smote_tomek_MLP.png,32.28
confusion_211260561_all_sinArtefactosConservador_smote_tomek_RBFNetwork_aprox.csv,/kaggle/working/outputs/TESE_pruebas/run_20260902_145353/processed_data/reports/balanceo/matrices_confusion_balanceo/confusion_211260561_all_sinArtefactosConservador_smote_tomek_RBFNetwork_aprox.csv,0.13
confusion_211260561_all_sinArtefactosConservador_smote_tomek_RBFNetwork_aprox.png,/kaggle/working/outputs/TESE_pruebas/run_20260902_145353/processed_data/reports/balanceo/matrices_confusion_balanceo/confusion_211260561_all_sinArtefactosConservador_smote_tomek_RBFNetwork_aprox.png,34.98
confusion_211260561_all_sinArtefactosConservador_smote_tomek_RandomForest.csv,/kaggle/working/outputs/TESE_pruebas/run_20260902_145353/processed_data/reports/balanceo/matrices_confusion_balanceo/confusion_211260561_all_sinArtefactosConservador_smote_tomek_RandomForest.csv,0.12
confusion_211260561_all_sinArtefactosConservador_smote_tomek_RandomForest.png,/kaggle/working/outputs/TESE_pruebas/run_20260902_145353/processed_data/reports/balanceo/matrices_confusion_balanceo/confusion_211260561_all_sinArtefactosConservador_smote_tomek_RandomForest.png,33.98
confusion_211260561_all_sinArtefactosConservador_smote_tomek_SMO_SVM.csv,/kaggle/working/outputs/TESE_pruebas/run_20260902_145353/processed_data/reports/balanceo/matrices_confusion_balanceo/confusion_211260561_all_sinArtefactosConservador_smote_tomek_SMO_SVM.csv,0.12
confusion_211260561_all_sinArtefactosConservador_smote_tomek_SMO_SVM.png,/kaggle/working/outputs/TESE_pruebas/run_20260902_145353/processed_data/reports/balanceo/matrices_confusion_balanceo/confusion_211260561_all_sinArtefactosConservador_smote_tomek_SMO_SVM.png,33.85
confusion_211260561_all_sinArtefactosEstricto_class_weight_balanced_RBFNetwork_aprox.csv,/kaggle/working/outputs/TESE_pruebas/run_20260902_145353/processed_data/reports/balanceo/matrices_confusion_balanceo/confusion_211260561_all_sinArtefactosEstricto_class_weight_balanced_RBFNetwork_aprox.csv,0.12
confusion_211260561_all_sinArtefactosEstricto_class_weight_balanced_RBFNetwork_aprox.png,/kaggle/working/outputs/TESE_pruebas/run_20260902_145353/processed_data/reports/balanceo/matrices_confusion_balanceo/confusion_211260561_all_sinArtefactosEstricto_class_weight_balanced_RBFNetwork_aprox.png,32.08
confusion_211260561_all_sinArtefactosEstricto_class_weight_balanced_RandomForest.csv,/kaggle/working/outputs/TESE_pruebas/run_20260902_145353/processed_data/reports/balanceo/matrices_confusion_balanceo/confusion_211260561_all_sinArtefactosEstricto_class_weight_balanced_RandomForest.csv,0.12
confusion_211260561_all_sinArtefactosEstricto_class_weight_balanced_RandomForest.png,/kaggle/working/outputs/TESE_pruebas/run_20260902_145353/processed_data/reports/balanceo/matrices_confusion_balanceo/confusion_211260561_all_sinArtefactosEstricto_class_weight_balanced_RandomForest.png,31.0
confusion_211260561_all_sinArtefactosEstricto_class_weight_balanced_SMO_SVM.csv,/kaggle/working/outputs/TESE_pruebas/run_20260902_145353/processed_data/reports/balanceo/matrices_confusion_balanceo/confusion_211260561_all_sinArtefactosEstricto_class_weight_balanced_SMO_SVM.csv,0.12
confusion_211260561_all_sinArtefactosEstricto_class_weight_balanced_SMO_SVM.png,/kaggle/working/outputs/TESE_pruebas/run_20260902_145353/processed_data/reports/balanceo/matrices_confusion_balanceo/confusion_211260561_all_sinArtefactosEstricto_class_weight_balanced_SMO_SVM.png,31.98
confusion_211260561_all_sinArtefactosEstricto_random_oversampling_IBk_kNN.csv,/kaggle/working/outputs/TESE_pruebas/run_20260902_145353/processed_data/reports/balanceo/matrices_confusion_balanceo/confusion_211260561_all_sinArtefactosEstricto_random_oversampling_IBk_kNN.csv,0.12
confusion_211260561_all_sinArtefactosEstricto_random_oversampling_IBk_kNN.png,/kaggle/working/outputs/TESE_pruebas/run_20260902_145353/processed_data/reports/balanceo/matrices_confusion_balanceo/confusion_211260561_all_sinArtefactosEstricto_random_oversampling_IBk_kNN.png,30.46
confusion_211260561_all_sinArtefactosEstricto_random_oversampling_MLP.csv,/kaggle/working/outputs/TESE_pruebas/run_20260902_145353/processed_data/reports/balanceo/matrices_confusion_balanceo/confusion_211260561_all_sinArtefactosEstricto_random_oversampling_MLP.csv,0.12
confusion_211260561_all_sinArtefactosEstricto_random_oversampling_MLP.png,/kaggle/working/outputs/TESE_pruebas/run_20260902_145353/processed_data/reports/balanceo/matrices_confusion_balanceo/confusion_211260561_all_sinArtefactosEstricto_random_oversampling_MLP.png,30.53
confusion_211260561_all_sinArtefactosEstricto_random_oversampling_RBFNetwork_aprox.csv,/kaggle/working/outputs/TESE_pruebas/run_20260902_145353/processed_data/reports/balanceo/matrices_confusion_balanceo/confusion_211260561_all_sinArtefactosEstricto_random_oversampling_RBFNetwork_aprox.csv,0.12
confusion_211260561_all_sinArtefactosEstricto_random_oversampling_RBFNetwork_aprox.png,/kaggle/working/outputs/TESE_pruebas/run_20260902_145353/processed_data/reports/balanceo/matrices_confusion_balanceo/confusion_211260561_all_sinArtefactosEstricto_random_oversampling_RBFNetwork_aprox.png,31.97
confusion_211260561_all_sinArtefactosEstricto_random_oversampling_RandomForest.csv,/kaggle/working/outputs/TESE_pruebas/run_20260902_145353/processed_data/reports/balanceo/matrices_confusion_balanceo/confusion_211260561_all_sinArtefactosEstricto_random_oversampling_RandomForest.csv,0.12
confusion_211260561_all_sinArtefactosEstricto_random_oversampling_RandomForest.png,/kaggle/working/outputs/TESE_pruebas/run_20260902_145353/processed_data/reports/balanceo/matrices_confusion_balanceo/confusion_211260561_all_sinArtefactosEstricto_random_oversampling_RandomForest.png,31.86
confusion_211260561_all_sinArtefactosEstricto_random_oversampling_SMO_SVM.csv,/kaggle/working/outputs/TESE_pruebas/run_20260902_145353/processed_data/reports/balanceo/matrices_confusion_balanceo/confusion_211260561_all_sinArtefactosEstricto_random_oversampling_SMO_SVM.csv,0.12
confusion_211260561_all_sinArtefactosEstricto_random_oversampling_SMO_SVM.png,/kaggle/working/outputs/TESE_pruebas/run_20260902_145353/processed_data/reports/balanceo/matrices_confusion_balanceo/confusion_211260561_all_sinArtefactosEstricto_random_oversampling_SMO_SVM.png,31.71
confusion_211260561_all_sinArtefactosEstricto_random_undersampling_controlado_IBk_kNN.csv,/kaggle/working/outputs/TESE_pruebas/run_20260902_145353/processed_data/reports/balanceo/matrices_confusion_balanceo/confusion_211260561_all_sinArtefactosEstricto_random_undersampling_controlado_IBk_kNN.csv,0.12
confusion_211260561_all_sinArtefactosEstricto_random_undersampling_controlado_IBk_kNN.png,/kaggle/working/outputs/TESE_pruebas/run_20260902_145353/processed_data/reports/balanceo/matrices_confusion_balanceo/confusion_211260561_all_sinArtefactosEstricto_random_undersampling_controlado_IBk_kNN.png,33.81
confusion_211260561_all_sinArtefactosEstricto_random_undersampling_controlado_MLP.csv,/kaggle/working/outputs/TESE_pruebas/run_20260902_145353/processed_data/reports/balanceo/matrices_confusion_balanceo/confusion_211260561_all_sinArtefactosEstricto_random_undersampling_controlado_MLP.csv,0.12
confusion_211260561_all_sinArtefactosEstricto_random_undersampling_controlado_MLP.png,/kaggle/working/outputs/TESE_pruebas/run_20260902_145353/processed_data/reports/balanceo/matrices_confusion_balanceo/confusion_211260561_all_sinArtefactosEstricto_random_undersampling_controlado_MLP.png,33.8
confusion_211260561_all_sinArtefactosEstricto_random_undersampling_controlado_RBFNetwork_aprox.csv,/kaggle/working/outputs/TESE_pruebas/run_20260902_145353/processed_data/reports/balanceo/matrices_confusion_balanceo/confusion_211260561_all_sinArtefactosEstricto_random_undersampling_controlado_RBFNetwork_aprox.csv,0.12
confusion_211260561_all_sinArtefactosEstricto_random_undersampling_controlado_RBFNetwork_aprox.png,/kaggle/working/outputs/TESE_pruebas/run_20260902_145353/processed_data/reports/balanceo/matrices_confusion_balanceo/confusion_211260561_all_sinArtefactosEstricto_random_undersampling_controlado_RBFNetwork_aprox.png,34.42
confusion_211260561_all_sinArtefactosEstricto_random_undersampling_controlado_RandomForest.csv,/kaggle/working/outputs/TESE_pruebas/run_20260902_145353/processed_data/reports/balanceo/matrices_confusion_balanceo/confusion_211260561_all_sinArtefactosEstricto_random_undersampling_controlado_RandomForest.csv,0.12
confusion_211260561_all_sinArtefactosEstricto_random_undersampling_controlado_RandomForest.png,/kaggle/working/outputs/TESE_pruebas/run_20260902_145353/processed_data/reports/balanceo/matrices_confusion_balanceo/confusion_211260561_all_sinArtefactosEstricto_random_undersampling_controlado_RandomForest.png,34.23
confusion_211260561_all_sinArtefactosEstricto_random_undersampling_controlado_SMO_SVM.csv,/kaggle/working/outputs/TESE_pruebas/run_20260902_145353/processed_data/reports/balanceo/matrices_confusion_balanceo/confusion_211260561_all_sinArtefactosEstricto_random_undersampling_controlado_SMO_SVM.csv,0.12
confusion_211260561_all_sinArtefactosEstricto_random_undersampling_controlado_SMO_SVM.png,/kaggle/working/outputs/TESE_pruebas/run_20260902_145353/processed_data/reports/balanceo/matrices_confusion_balanceo/confusion_211260561_all_sinArtefactosEstricto_random_undersampling_controlado_SMO_SVM.png,34.02
confusion_211260561_all_sinArtefactosEstricto_sin_balanceo_IBk_kNN.csv,/kaggle/working/outputs/TESE_pruebas/run_20260902_145353/processed_data/reports/balanceo/matrices_confusion_balanceo/confusion_211260561_all_sinArtefactosEstricto_sin_balanceo_IBk_kNN.csv,0.12
confusion_211260561_all_sinArtefactosEstricto_sin_balanceo_IBk_kNN.png,/kaggle/working/outputs/TESE_pruebas/run_20260902_145353/processed_data/reports/balanceo/matrices_confusion_balanceo/confusion_211260561_all_sinArtefactosEstricto_sin_balanceo_IBk_kNN.png,31.06
confusion_211260561_all_sinArtefactosEstricto_sin_balanceo_MLP.csv,/kaggle/working/outputs/TESE_pruebas/run_20260902_145353/processed_data/reports/balanceo/matrices_confusion_balanceo/confusion_211260561_all_sinArtefactosEstricto_sin_balanceo_MLP.csv,0.12
confusion_211260561_all_sinArtefactosEstricto_sin_balanceo_MLP.png,/kaggle/working/outputs/TESE_pruebas/run_20260902_145353/processed_data/reports/balanceo/matrices_confusion_balanceo/confusion_211260561_all_sinArtefactosEstricto_sin_balanceo_MLP.png,29.06
confusion_211260561_all_sinArtefactosEstricto_sin_balanceo_RBFNetwork_aprox.csv,/kaggle/working/outputs/TESE_pruebas/run_20260902_145353/processed_data/reports/balanceo/matrices_confusion_balanceo/confusion_211260561_all_sinArtefactosEstricto_sin_balanceo_RBFNetwork_aprox.csv,0.12
confusion_211260561_all_sinArtefactosEstricto_sin_balanceo_RBFNetwork_aprox.png,/kaggle/working/outputs/TESE_pruebas/run_20260902_145353/processed_data/reports/balanceo/matrices_confusion_balanceo/confusion_211260561_all_sinArtefactosEstricto_sin_balanceo_RBFNetwork_aprox.png,32.15
confusion_211260561_all_sinArtefactosEstricto_sin_balanceo_RandomForest.csv,/kaggle/working/outputs/TESE_pruebas/run_20260902_145353/processed_data/reports/balanceo/matrices_confusion_balanceo/confusion_211260561_all_sinArtefactosEstricto_sin_balanceo_RandomForest.csv,0.12
confusion_211260561_all_sinArtefactosEstricto_sin_balanceo_RandomForest.png,/kaggle/working/outputs/TESE_pruebas/run_20260902_145353/processed_data/reports/balanceo/matrices_confusion_balanceo/confusion_211260561_all_sinArtefactosEstricto_sin_balanceo_RandomForest.png,31.22
confusion_211260561_all_sinArtefactosEstricto_sin_balanceo_SMO_SVM.csv,/kaggle/working/outputs/TESE_pruebas/run_20260902_145353/processed_data/reports/balanceo/matrices_confusion_balanceo/confusion_211260561_all_sinArtefactosEstricto_sin_balanceo_SMO_SVM.csv,0.12
confusion_211260561_all_sinArtefactosEstricto_sin_balanceo_SMO_SVM.png,/kaggle/working/outputs/TESE_pruebas/run_20260902_145353/processed_data/reports/balanceo/matrices_confusion_balanceo/confusion_211260561_all_sinArtefactosEstricto_sin_balanceo_SMO_SVM.png,30.84
confusion_211260561_all_sinArtefactosEstricto_smote_IBk_kNN.csv,/kaggle/working/outputs/TESE_pruebas/run_20260902_145353/processed_data/reports/balanceo/matrices_confusion_balanceo/confusion_211260561_all_sinArtefactosEstricto_smote_IBk_kNN.csv,0.12
confusion_211260561_all_sinArtefactosEstricto_smote_IBk_kNN.png,/kaggle/working/outputs/TESE_pruebas/run_20260902_145353/processed_data/reports/balanceo/matrices_confusion_balanceo/confusion_211260561_all_sinArtefactosEstricto_smote_IBk_kNN.png,31.44
confusion_211260561_all_sinArtefactosEstricto_smote_MLP.csv,/kaggle/working/outputs/TESE_pruebas/run_20260902_145353/processed_data/reports/balanceo/matrices_confusion_balanceo/confusion_211260561_all_sinArtefactosEstricto_smote_MLP.csv,0.12
confusion_211260561_all_sinArtefactosEstricto_smote_MLP.png,/kaggle/working/outputs/TESE_pruebas/run_20260902_145353/processed_data/reports/balanceo/matrices_confusion_balanceo/confusion_211260561_all_sinArtefactosEstricto_smote_MLP.png,29.03
confusion_211260561_all_sinArtefactosEstricto_smote_RBFNetwork_aprox.csv,/kaggle/working/outputs/TESE_pruebas/run_20260902_145353/processed_data/reports/balanceo/matrices_confusion_balanceo/confusion_211260561_all_sinArtefactosEstricto_smote_RBFNetwork_aprox.csv,0.12
confusion_211260561_all_sinArtefactosEstricto_smote_RBFNetwork_aprox.png,/kaggle/working/outputs/TESE_pruebas/run_20260902_145353/processed_data/reports/balanceo/matrices_confusion_balanceo/confusion_211260561_all_sinArtefactosEstricto_smote_RBFNetwork_aprox.png,31.87
confusion_211260561_all_sinArtefactosEstricto_smote_RandomForest.csv,/kaggle/working/outputs/TESE_pruebas/run_20260902_145353/processed_data/reports/balanceo/matrices_confusion_balanceo/confusion_211260561_all_sinArtefactosEstricto_smote_RandomForest.csv,0.12
confusion_211260561_all_sinArtefactosEstricto_smote_RandomForest.png,/kaggle/working/outputs/TESE_pruebas/run_20260902_145353/processed_data/reports/balanceo/matrices_confusion_balanceo/confusion_211260561_all_sinArtefactosEstricto_smote_RandomForest.png,32.4
confusion_211260561_all_sinArtefactosEstricto_smote_SMO_SVM.csv,/kaggle/working/outputs/TESE_pruebas/run_20260902_145353/processed_data/reports/balanceo/matrices_confusion_balanceo/confusion_211260561_all_sinArtefactosEstricto_smote_SMO_SVM.csv,0.12
confusion_211260561_all_sinArtefactosEstricto_smote_SMO_SVM.png,/kaggle/working/outputs/TESE_pruebas/run_20260902_145353/processed_data/reports/balanceo/matrices_confusion_balanceo/confusion_211260561_all_sinArtefactosEstricto_smote_SMO_SVM.png,30.02
confusion_211260561_all_sinArtefactosEstricto_smote_tomek_IBk_kNN.csv,/kaggle/working/outputs/TESE_pruebas/run_20260902_145353/processed_data/reports/balanceo/matrices_confusion_balanceo/confusion_211260561_all_sinArtefactosEstricto_smote_tomek_IBk_kNN.csv,0.12
confusion_211260561_all_sinArtefactosEstricto_smote_tomek_IBk_kNN.png,/kaggle/working/outputs/TESE_pruebas/run_20260902_145353/processed_data/reports/balanceo/matrices_confusion_balanceo/confusion_211260561_all_sinArtefactosEstricto_smote_tomek_IBk_kNN.png,31.9
confusion_211260561_all_sinArtefactosEstricto_smote_tomek_MLP.csv,/kaggle/working/outputs/TESE_pruebas/run_20260902_145353/processed_data/reports/balanceo/matrices_confusion_balanceo/confusion_211260561_all_sinArtefactosEstricto_smote_tomek_MLP.csv,0.12
confusion_211260561_all_sinArtefactosEstricto_smote_tomek_MLP.png,/kaggle/working/outputs/TESE_pruebas/run_20260902_145353/processed_data/reports/balanceo/matrices_confusion_balanceo/confusion_211260561_all_sinArtefactosEstricto_smote_tomek_MLP.png,29.8
confusion_211260561_all_sinArtefactosEstricto_smote_tomek_RBFNetwork_aprox.csv,/kaggle/working/outputs/TESE_pruebas/run_20260902_145353/processed_data/reports/balanceo/matrices_confusion_balanceo/confusion_211260561_all_sinArtefactosEstricto_smote_tomek_RBFNetwork_aprox.csv,0.12
confusion_211260561_all_sinArtefactosEstricto_smote_tomek_RBFNetwork_aprox.png,/kaggle/working/outputs/TESE_pruebas/run_20260902_145353/processed_data/reports/balanceo/matrices_confusion_balanceo/confusion_211260561_all_sinArtefactosEstricto_smote_tomek_RBFNetwork_aprox.png,32.4
confusion_211260561_all_sinArtefactosEstricto_smote_tomek_RandomForest.csv,/kaggle/working/outputs/TESE_pruebas/run_20260902_145353/processed_data/reports/balanceo/matrices_confusion_balanceo/confusion_211260561_all_sinArtefactosEstricto_smote_tomek_RandomForest.csv,0.12
confusion_211260561_all_sinArtefactosEstricto_smote_tomek_RandomForest.png,/kaggle/working/outputs/TESE_pruebas/run_20260902_145353/processed_data/reports/balanceo/matrices_confusion_balanceo/confusion_211260561_all_sinArtefactosEstricto_smote_tomek_RandomForest.png,30.53
confusion_211260561_all_sinArtefactosEstricto_smote_tomek_SMO_SVM.csv,/kaggle/working/outputs/TESE_pruebas/run_20260902_145353/processed_data/reports/balanceo/matrices_confusion_balanceo/confusion_211260561_all_sinArtefactosEstricto_smote_tomek_SMO_SVM.csv,0.12
confusion_211260561_all_sinArtefactosEstricto_smote_tomek_SMO_SVM.png,/kaggle/working/outputs/TESE_pruebas/run_20260902_145353/processed_data/reports/balanceo/matrices_confusion_balanceo/confusion_211260561_all_sinArtefactosEstricto_smote_tomek_SMO_SVM.png,30.84
confusion_212260563_all_noOutliers_class_weight_balanced_RBFNetwork_aprox.csv,/kaggle/working/outputs/TESE_pruebas/run_20260902_145353/processed_data/reports/balanceo/matrices_confusion_balanceo/confusion_212260563_all_noOutliers_class_weight_balanced_RBFNetwork_aprox.csv,0.12
confusion_212260563_all_noOutliers_class_weight_balanced_RBFNetwork_aprox.png,/kaggle/working/outputs/TESE_pruebas/run_20260902_145353/processed_data/reports/balanceo/matrices_confusion_balanceo/confusion_212260563_all_noOutliers_class_weight_balanced_RBFNetwork_aprox.png,30.45
confusion_212260563_all_noOutliers_class_weight_balanced_RandomForest.csv,/kaggle/working/outputs/TESE_pruebas/run_20260902_145353/processed_data/reports/balanceo/matrices_confusion_balanceo/confusion_212260563_all_noOutliers_class_weight_balanced_RandomForest.csv,0.12
confusion_212260563_all_noOutliers_class_weight_balanced_RandomForest.png,/kaggle/working/outputs/TESE_pruebas/run_20260902_145353/processed_data/reports/balanceo/matrices_confusion_balanceo/confusion_212260563_all_noOutliers_class_weight_balanced_RandomForest.png,29.28
confusion_212260563_all_noOutliers_class_weight_balanced_SMO_SVM.csv,/kaggle/working/outputs/TESE_pruebas/run_20260902_145353/processed_data/reports/balanceo/matrices_confusion_balanceo/confusion_212260563_all_noOutliers_class_weight_balanced_SMO_SVM.csv,0.12
confusion_212260563_all_noOutliers_class_weight_balanced_SMO_SVM.png,/kaggle/working/outputs/TESE_pruebas/run_20260902_145353/processed_data/reports/balanceo/matrices_confusion_balanceo/confusion_212260563_all_noOutliers_class_weight_balanced_SMO_SVM.png,29.34
confusion_212260563_all_noOutliers_random_oversampling_IBk_kNN.csv,/kaggle/working/outputs/TESE_pruebas/run_20260902_145353/processed_data/reports/balanceo/matrices_confusion_balanceo/confusion_212260563_all_noOutliers_random_oversampling_IBk_kNN.csv,0.12
confusion_212260563_all_noOutliers_random_oversampling_IBk_kNN.png,/kaggle/working/outputs/TESE_pruebas/run_20260902_145353/processed_data/reports/balanceo/matrices_confusion_balanceo/confusion_212260563_all_noOutliers_random_oversampling_IBk_kNN.png,28.87
confusion_212260563_all_noOutliers_random_oversampling_MLP.csv,/kaggle/working/outputs/TESE_pruebas/run_20260902_145353/processed_data/reports/balanceo/matrices_confusion_balanceo/confusion_212260563_all_noOutliers_random_oversampling_MLP.csv,0.12
confusion_212260563_all_noOutliers_random_oversampling_MLP.png,/kaggle/working/outputs/TESE_pruebas/run_20260902_145353/processed_data/reports/balanceo/matrices_confusion_balanceo/confusion_212260563_all_noOutliers_random_oversampling_MLP.png,28.28
confusion_212260563_all_noOutliers_random_oversampling_RBFNetwork_aprox.csv,/kaggle/working/outputs/TESE_pruebas/run_20260902_145353/processed_data/reports/balanceo/matrices_confusion_balanceo/confusion_212260563_all_noOutliers_random_oversampling_RBFNetwork_aprox.csv,0.12
confusion_212260563_all_noOutliers_random_oversampling_RBFNetwork_aprox.png,/kaggle/working/outputs/TESE_pruebas/run_20260902_145353/processed_data/reports/balanceo/matrices_confusion_balanceo/confusion_212260563_all_noOutliers_random_oversampling_RBFNetwork_aprox.png,30.77
confusion_212260563_all_noOutliers_random_oversampling_RandomForest.csv,/kaggle/working/outputs/TESE_pruebas/run_20260902_145353/processed_data/reports/balanceo/matrices_confusion_balanceo/confusion_212260563_all_noOutliers_random_oversampling_RandomForest.csv,0.12
confusion_212260563_all_noOutliers_random_oversampling_RandomForest.png,/kaggle/working/outputs/TESE_pruebas/run_20260902_145353/processed_data/reports/balanceo/matrices_confusion_balanceo/confusion_212260563_all_noOutliers_random_oversampling_RandomForest.png,29.24
confusion_212260563_all_noOutliers_random_oversampling_SMO_SVM.csv,/kaggle/working/outputs/TESE_pruebas/run_20260902_145353/processed_data/reports/balanceo/matrices_confusion_balanceo/confusion_212260563_all_noOutliers_random_oversampling_SMO_SVM.csv,0.12
confusion_212260563_all_noOutliers_random_oversampling_SMO_SVM.png,/kaggle/working/outputs/TESE_pruebas/run_20260902_145353/processed_data/reports/balanceo/matrices_confusion_balanceo/confusion_212260563_all_noOutliers_random_oversampling_SMO_SVM.png,29.1
confusion_212260563_all_noOutliers_random_undersampling_controlado_IBk_kNN.csv,/kaggle/working/outputs/TESE_pruebas/run_20260902_145353/processed_data/reports/balanceo/matrices_confusion_balanceo/confusion_212260563_all_noOutliers_random_undersampling_controlado_IBk_kNN.csv,0.12
confusion_212260563_all_noOutliers_random_undersampling_controlado_IBk_kNN.png,/kaggle/working/outputs/TESE_pruebas/run_20260902_145353/processed_data/reports/balanceo/matrices_confusion_balanceo/confusion_212260563_all_noOutliers_random_undersampling_controlado_IBk_kNN.png,31.62
confusion_212260563_all_noOutliers_random_undersampling_controlado_MLP.csv,/kaggle/working/outputs/TESE_pruebas/run_20260902_145353/processed_data/reports/balanceo/matrices_confusion_balanceo/confusion_212260563_all_noOutliers_random_undersampling_controlado_MLP.csv,0.12
confusion_212260563_all_noOutliers_random_undersampling_controlado_MLP.png,/kaggle/working/outputs/TESE_pruebas/run_20260902_145353/processed_data/reports/balanceo/matrices_confusion_balanceo/confusion_212260563_all_noOutliers_random_undersampling_controlado_MLP.png,30.92
confusion_212260563_all_noOutliers_random_undersampling_controlado_RBFNetwork_aprox.csv,/kaggle/working/outputs/TESE_pruebas/run_20260902_145353/processed_data/reports/balanceo/matrices_confusion_balanceo/confusion_212260563_all_noOutliers_random_undersampling_controlado_RBFNetwork_aprox.csv,0.12
confusion_212260563_all_noOutliers_random_undersampling_controlado_RBFNetwork_aprox.png,/kaggle/working/outputs/TESE_pruebas/run_20260902_145353/processed_data/reports/balanceo/matrices_confusion_balanceo/confusion_212260563_all_noOutliers_random_undersampling_controlado_RBFNetwork_aprox.png,32.1
confusion_212260563_all_noOutliers_random_undersampling_controlado_RandomForest.csv,/kaggle/working/outputs/TESE_pruebas/run_20260902_145353/processed_data/reports/balanceo/matrices_confusion_balanceo/confusion_212260563_all_noOutliers_random_undersampling_controlado_RandomForest.csv,0.12
confusion_212260563_all_noOutliers_random_undersampling_controlado_RandomForest.png,/kaggle/working/outputs/TESE_pruebas/run_20260902_145353/processed_data/reports/balanceo/matrices_confusion_balanceo/confusion_212260563_all_noOutliers_random_undersampling_controlado_RandomForest.png,31.96
confusion_212260563_all_noOutliers_random_undersampling_controlado_SMO_SVM.csv,/kaggle/working/outputs/TESE_pruebas/run_20260902_145353/processed_data/reports/balanceo/matrices_confusion_balanceo/confusion_212260563_all_noOutliers_random_undersampling_controlado_SMO_SVM.csv,0.12
confusion_212260563_all_noOutliers_random_undersampling_controlado_SMO_SVM.png,/kaggle/working/outputs/TESE_pruebas/run_20260902_145353/processed_data/reports/balanceo/matrices_confusion_balanceo/confusion_212260563_all_noOutliers_random_undersampling_controlado_SMO_SVM.png,31.93
confusion_212260563_all_noOutliers_sin_balanceo_IBk_kNN.csv,/kaggle/working/outputs/TESE_pruebas/run_20260902_145353/processed_data/reports/balanceo/matrices_confusion_balanceo/confusion_212260563_all_noOutliers_sin_balanceo_IBk_kNN.csv,0.12
confusion_212260563_all_noOutliers_sin_balanceo_IBk_kNN.png,/kaggle/working/outputs/TESE_pruebas/run_20260902_145353/processed_data/reports/balanceo/matrices_confusion_balanceo/confusion_212260563_all_noOutliers_sin_balanceo_IBk_kNN.png,28.1
confusion_212260563_all_noOutliers_sin_balanceo_MLP.csv,/kaggle/working/outputs/TESE_pruebas/run_20260902_145353/processed_data/reports/balanceo/matrices_confusion_balanceo/confusion_212260563_all_noOutliers_sin_balanceo_MLP.csv,0.12
confusion_212260563_all_noOutliers_sin_balanceo_MLP.png,/kaggle/working/outputs/TESE_pruebas/run_20260902_145353/processed_data/reports/balanceo/matrices_confusion_balanceo/confusion_212260563_all_noOutliers_sin_balanceo_MLP.png,27.57
confusion_212260563_all_noOutliers_sin_balanceo_RBFNetwork_aprox.csv,/kaggle/working/outputs/TESE_pruebas/run_20260902_145353/processed_data/reports/balanceo/matrices_confusion_balanceo/confusion_212260563_all_noOutliers_sin_balanceo_RBFNetwork_aprox.csv,0.12
confusion_212260563_all_noOutliers_sin_balanceo_RBFNetwork_aprox.png,/kaggle/working/outputs/TESE_pruebas/run_20260902_145353/processed_data/reports/balanceo/matrices_confusion_balanceo/confusion_212260563_all_noOutliers_sin_balanceo_RBFNetwork_aprox.png,30.21
confusion_212260563_all_noOutliers_sin_balanceo_RandomForest.csv,/kaggle/working/outputs/TESE_pruebas/run_20260902_145353/processed_data/reports/balanceo/matrices_confusion_balanceo/confusion_212260563_all_noOutliers_sin_balanceo_RandomForest.csv,0.12
confusion_212260563_all_noOutliers_sin_balanceo_RandomForest.png,/kaggle/working/outputs/TESE_pruebas/run_20260902_145353/processed_data/reports/balanceo/matrices_confusion_balanceo/confusion_212260563_all_noOutliers_sin_balanceo_RandomForest.png,28.62
confusion_212260563_all_noOutliers_sin_balanceo_SMO_SVM.csv,/kaggle/working/outputs/TESE_pruebas/run_20260902_145353/processed_data/reports/balanceo/matrices_confusion_balanceo/confusion_212260563_all_noOutliers_sin_balanceo_SMO_SVM.csv,0.12
confusion_212260563_all_noOutliers_sin_balanceo_SMO_SVM.png,/kaggle/working/outputs/TESE_pruebas/run_20260902_145353/processed_data/reports/balanceo/matrices_confusion_balanceo/confusion_212260563_all_noOutliers_sin_balanceo_SMO_SVM.png,28.39
confusion_212260567_all_noOutliers_class_weight_balanced_RBFNetwork_aprox.csv,/kaggle/working/outputs/TESE_pruebas/run_20260902_145353/processed_data/reports/balanceo/matrices_confusion_balanceo/confusion_212260567_all_noOutliers_class_weight_balanced_RBFNetwork_aprox.csv,0.12
confusion_212260567_all_noOutliers_class_weight_balanced_RBFNetwork_aprox.png,/kaggle/working/outputs/TESE_pruebas/run_20260902_145353/processed_data/reports/balanceo/matrices_confusion_balanceo/confusion_212260567_all_noOutliers_class_weight_balanced_RBFNetwork_aprox.png,30.8
confusion_212260567_all_noOutliers_class_weight_balanced_RandomForest.csv,/kaggle/working/outputs/TESE_pruebas/run_20260902_145353/processed_data/reports/balanceo/matrices_confusion_balanceo/confusion_212260567_all_noOutliers_class_weight_balanced_RandomForest.csv,0.12
confusion_212260567_all_noOutliers_class_weight_balanced_RandomForest.png,/kaggle/working/outputs/TESE_pruebas/run_20260902_145353/processed_data/reports/balanceo/matrices_confusion_balanceo/confusion_212260567_all_noOutliers_class_weight_balanced_RandomForest.png,28.85
confusion_212260567_all_noOutliers_class_weight_balanced_SMO_SVM.csv,/kaggle/working/outputs/TESE_pruebas/run_20260902_145353/processed_data/reports/balanceo/matrices_confusion_balanceo/confusion_212260567_all_noOutliers_class_weight_balanced_SMO_SVM.csv,0.12
confusion_212260567_all_noOutliers_class_weight_balanced_SMO_SVM.png,/kaggle/working/outputs/TESE_pruebas/run_20260902_145353/processed_data/reports/balanceo/matrices_confusion_balanceo/confusion_212260567_all_noOutliers_class_weight_balanced_SMO_SVM.png,29.28
confusion_212260567_all_noOutliers_random_oversampling_IBk_kNN.csv,/kaggle/working/outputs/TESE_pruebas/run_20260902_145353/processed_data/reports/balanceo/matrices_confusion_balanceo/confusion_212260567_all_noOutliers_random_oversampling_IBk_kNN.csv,0.12
confusion_212260567_all_noOutliers_random_oversampling_IBk_kNN.png,/kaggle/working/outputs/TESE_pruebas/run_20260902_145353/processed_data/reports/balanceo/matrices_confusion_balanceo/confusion_212260567_all_noOutliers_random_oversampling_IBk_kNN.png,29.42
confusion_212260567_all_noOutliers_random_oversampling_MLP.csv,/kaggle/working/outputs/TESE_pruebas/run_20260902_145353/processed_data/reports/balanceo/matrices_confusion_balanceo/confusion_212260567_all_noOutliers_random_oversampling_MLP.csv,0.12
confusion_212260567_all_noOutliers_random_oversampling_MLP.png,/kaggle/working/outputs/TESE_pruebas/run_20260902_145353/processed_data/reports/balanceo/matrices_confusion_balanceo/confusion_212260567_all_noOutliers_random_oversampling_MLP.png,27.68
confusion_212260567_all_noOutliers_random_oversampling_RBFNetwork_aprox.csv,/kaggle/working/outputs/TESE_pruebas/run_20260902_145353/processed_data/reports/balanceo/matrices_confusion_balanceo/confusion_212260567_all_noOutliers_random_oversampling_RBFNetwork_aprox.csv,0.12
confusion_212260567_all_noOutliers_random_oversampling_RBFNetwork_aprox.png,/kaggle/working/outputs/TESE_pruebas/run_20260902_145353/processed_data/reports/balanceo/matrices_confusion_balanceo/confusion_212260567_all_noOutliers_random_oversampling_RBFNetwork_aprox.png,30.44
confusion_212260567_all_noOutliers_random_oversampling_RandomForest.csv,/kaggle/working/outputs/TESE_pruebas/run_20260902_145353/processed_data/reports/balanceo/matrices_confusion_balanceo/confusion_212260567_all_noOutliers_random_oversampling_RandomForest.csv,0.12
confusion_212260567_all_noOutliers_random_oversampling_RandomForest.png,/kaggle/working/outputs/TESE_pruebas/run_20260902_145353/processed_data/reports/balanceo/matrices_confusion_balanceo/confusion_212260567_all_noOutliers_random_oversampling_RandomForest.png,29.1
confusion_212260567_all_noOutliers_random_oversampling_SMO_SVM.csv,/kaggle/working/outputs/TESE_pruebas/run_20260902_145353/processed_data/reports/balanceo/matrices_confusion_balanceo/confusion_212260567_all_noOutliers_random_oversampling_SMO_SVM.csv,0.12
confusion_212260567_all_noOutliers_random_oversampling_SMO_SVM.png,/kaggle/working/outputs/TESE_pruebas/run_20260902_145353/processed_data/reports/balanceo/matrices_confusion_balanceo/confusion_212260567_all_noOutliers_random_oversampling_SMO_SVM.png,29.04
confusion_212260567_all_noOutliers_random_undersampling_controlado_IBk_kNN.csv,/kaggle/working/outputs/TESE_pruebas/run_20260902_145353/processed_data/reports/balanceo/matrices_confusion_balanceo/confusion_212260567_all_noOutliers_random_undersampling_controlado_IBk_kNN.csv,0.12
confusion_212260567_all_noOutliers_random_undersampling_controlado_IBk_kNN.png,/kaggle/working/outputs/TESE_pruebas/run_20260902_145353/processed_data/reports/balanceo/matrices_confusion_balanceo/confusion_212260567_all_noOutliers_random_undersampling_controlado_IBk_kNN.png,30.69
confusion_212260567_all_noOutliers_random_undersampling_controlado_MLP.csv,/kaggle/working/outputs/TESE_pruebas/run_20260902_145353/processed_data/reports/balanceo/matrices_confusion_balanceo/confusion_212260567_all_noOutliers_random_undersampling_controlado_MLP.csv,0.12
confusion_212260567_all_noOutliers_random_undersampling_controlado_MLP.png,/kaggle/working/outputs/TESE_pruebas/run_20260902_145353/processed_data/reports/balanceo/matrices_confusion_balanceo/confusion_212260567_all_noOutliers_random_undersampling_controlado_MLP.png,29.41
confusion_212260567_all_noOutliers_random_undersampling_controlado_RBFNetwork_aprox.csv,/kaggle/working/outputs/TESE_pruebas/run_20260902_145353/processed_data/reports/balanceo/matrices_confusion_balanceo/confusion_212260567_all_noOutliers_random_undersampling_controlado_RBFNetwork_aprox.csv,0.12
confusion_212260567_all_noOutliers_random_undersampling_controlado_RBFNetwork_aprox.png,/kaggle/working/outputs/TESE_pruebas/run_20260902_145353/processed_data/reports/balanceo/matrices_confusion_balanceo/confusion_212260567_all_noOutliers_random_undersampling_controlado_RBFNetwork_aprox.png,31.26
confusion_212260567_all_noOutliers_random_undersampling_controlado_RandomForest.csv,/kaggle/working/outputs/TESE_pruebas/run_20260902_145353/processed_data/reports/balanceo/matrices_confusion_balanceo/confusion_212260567_all_noOutliers_random_undersampling_controlado_RandomForest.csv,0.12
confusion_212260567_all_noOutliers_random_undersampling_controlado_RandomForest.png,/kaggle/working/outputs/TESE_pruebas/run_20260902_145353/processed_data/reports/balanceo/matrices_confusion_balanceo/confusion_212260567_all_noOutliers_random_undersampling_controlado_RandomForest.png,31.35
confusion_212260567_all_noOutliers_random_undersampling_controlado_SMO_SVM.csv,/kaggle/working/outputs/TESE_pruebas/run_20260902_145353/processed_data/reports/balanceo/matrices_confusion_balanceo/confusion_212260567_all_noOutliers_random_undersampling_controlado_SMO_SVM.csv,0.12
confusion_212260567_all_noOutliers_random_undersampling_controlado_SMO_SVM.png,/kaggle/working/outputs/TESE_pruebas/run_20260902_145353/processed_data/reports/balanceo/matrices_confusion_balanceo/confusion_212260567_all_noOutliers_random_undersampling_controlado_SMO_SVM.png,31.3
confusion_212260567_all_noOutliers_sin_balanceo_IBk_kNN.csv,/kaggle/working/outputs/TESE_pruebas/run_20260902_145353/processed_data/reports/balanceo/matrices_confusion_balanceo/confusion_212260567_all_noOutliers_sin_balanceo_IBk_kNN.csv,0.12
confusion_212260567_all_noOutliers_sin_balanceo_IBk_kNN.png,/kaggle/working/outputs/TESE_pruebas/run_20260902_145353/processed_data/reports/balanceo/matrices_confusion_balanceo/confusion_212260567_all_noOutliers_sin_balanceo_IBk_kNN.png,28.4
confusion_212260567_all_noOutliers_sin_balanceo_MLP.csv,/kaggle/working/outputs/TESE_pruebas/run_20260902_145353/processed_data/reports/balanceo/matrices_confusion_balanceo/confusion_212260567_all_noOutliers_sin_balanceo_MLP.csv,0.12
confusion_212260567_all_noOutliers_sin_balanceo_MLP.png,/kaggle/working/outputs/TESE_pruebas/run_20260902_145353/processed_data/reports/balanceo/matrices_confusion_balanceo/confusion_212260567_all_noOutliers_sin_balanceo_MLP.png,27.0
confusion_212260567_all_noOutliers_sin_balanceo_RBFNetwork_aprox.csv,/kaggle/working/outputs/TESE_pruebas/run_20260902_145353/processed_data/reports/balanceo/matrices_confusion_balanceo/confusion_212260567_all_noOutliers_sin_balanceo_RBFNetwork_aprox.csv,0.12
confusion_212260567_all_noOutliers_sin_balanceo_RBFNetwork_aprox.png,/kaggle/working/outputs/TESE_pruebas/run_20260902_145353/processed_data/reports/balanceo/matrices_confusion_balanceo/confusion_212260567_all_noOutliers_sin_balanceo_RBFNetwork_aprox.png,29.56
confusion_212260567_all_noOutliers_sin_balanceo_RandomForest.csv,/kaggle/working/outputs/TESE_pruebas/run_20260902_145353/processed_data/reports/balanceo/matrices_confusion_balanceo/confusion_212260567_all_noOutliers_sin_balanceo_RandomForest.csv,0.12
confusion_212260567_all_noOutliers_sin_balanceo_RandomForest.png,/kaggle/working/outputs/TESE_pruebas/run_20260902_145353/processed_data/reports/balanceo/matrices_confusion_balanceo/confusion_212260567_all_noOutliers_sin_balanceo_RandomForest.png,28.51
confusion_212260567_all_noOutliers_sin_balanceo_SMO_SVM.csv,/kaggle/working/outputs/TESE_pruebas/run_20260902_145353/processed_data/reports/balanceo/matrices_confusion_balanceo/confusion_212260567_all_noOutliers_sin_balanceo_SMO_SVM.csv,0.12
confusion_212260567_all_noOutliers_sin_balanceo_SMO_SVM.png,/kaggle/working/outputs/TESE_pruebas/run_20260902_145353/processed_data/reports/balanceo/matrices_confusion_balanceo/confusion_212260567_all_noOutliers_sin_balanceo_SMO_SVM.png,28.13
confusion_212260569_all_noOutliers_class_weight_balanced_RBFNetwork_aprox.csv,/kaggle/working/outputs/TESE_pruebas/run_20260902_145353/processed_data/reports/balanceo/matrices_confusion_balanceo/confusion_212260569_all_noOutliers_class_weight_balanced_RBFNetwork_aprox.csv,0.08
confusion_212260569_all_noOutliers_class_weight_balanced_RBFNetwork_aprox.png,/kaggle/working/outputs/TESE_pruebas/run_20260902_145353/processed_data/reports/balanceo/matrices_confusion_balanceo/confusion_212260569_all_noOutliers_class_weight_balanced_RBFNetwork_aprox.png,30.02
confusion_212260569_all_noOutliers_class_weight_balanced_RandomForest.csv,/kaggle/working/outputs/TESE_pruebas/run_20260902_145353/processed_data/reports/balanceo/matrices_confusion_balanceo/confusion_212260569_all_noOutliers_class_weight_balanced_RandomForest.csv,0.08
confusion_212260569_all_noOutliers_class_weight_balanced_RandomForest.png,/kaggle/working/outputs/TESE_pruebas/run_20260902_145353/processed_data/reports/balanceo/matrices_confusion_balanceo/confusion_212260569_all_noOutliers_class_weight_balanced_RandomForest.png,26.43
confusion_212260569_all_noOutliers_class_weight_balanced_SMO_SVM.csv,/kaggle/working/outputs/TESE_pruebas/run_20260902_145353/processed_data/reports/balanceo/matrices_confusion_balanceo/confusion_212260569_all_noOutliers_class_weight_balanced_SMO_SVM.csv,0.08
confusion_212260569_all_noOutliers_class_weight_balanced_SMO_SVM.png,/kaggle/working/outputs/TESE_pruebas/run_20260902_145353/processed_data/reports/balanceo/matrices_confusion_balanceo/confusion_212260569_all_noOutliers_class_weight_balanced_SMO_SVM.png,27.3
confusion_212260569_all_noOutliers_random_oversampling_IBk_kNN.csv,/kaggle/working/outputs/TESE_pruebas/run_20260902_145353/processed_data/reports/balanceo/matrices_confusion_balanceo/confusion_212260569_all_noOutliers_random_oversampling_IBk_kNN.csv,0.08
confusion_212260569_all_noOutliers_random_oversampling_IBk_kNN.png,/kaggle/working/outputs/TESE_pruebas/run_20260902_145353/processed_data/reports/balanceo/matrices_confusion_balanceo/confusion_212260569_all_noOutliers_random_oversampling_IBk_kNN.png,28.32
confusion_212260569_all_noOutliers_random_oversampling_MLP.csv,/kaggle/working/outputs/TESE_pruebas/run_20260902_145353/processed_data/reports/balanceo/matrices_confusion_balanceo/confusion_212260569_all_noOutliers_random_oversampling_MLP.csv,0.08
confusion_212260569_all_noOutliers_random_oversampling_MLP.png,/kaggle/working/outputs/TESE_pruebas/run_20260902_145353/processed_data/reports/balanceo/matrices_confusion_balanceo/confusion_212260569_all_noOutliers_random_oversampling_MLP.png,25.33
confusion_212260569_all_noOutliers_random_oversampling_RBFNetwork_aprox.csv,/kaggle/working/outputs/TESE_pruebas/run_20260902_145353/processed_data/reports/balanceo/matrices_confusion_balanceo/confusion_212260569_all_noOutliers_random_oversampling_RBFNetwork_aprox.csv,0.08
confusion_212260569_all_noOutliers_random_oversampling_RBFNetwork_aprox.png,/kaggle/working/outputs/TESE_pruebas/run_20260902_145353/processed_data/reports/balanceo/matrices_confusion_balanceo/confusion_212260569_all_noOutliers_random_oversampling_RBFNetwork_aprox.png,30.05
confusion_212260569_all_noOutliers_random_oversampling_RandomForest.csv,/kaggle/working/outputs/TESE_pruebas/run_20260902_145353/processed_data/reports/balanceo/matrices_confusion_balanceo/confusion_212260569_all_noOutliers_random_oversampling_RandomForest.csv,0.08
confusion_212260569_all_noOutliers_random_oversampling_RandomForest.png,/kaggle/working/outputs/TESE_pruebas/run_20260902_145353/processed_data/reports/balanceo/matrices_confusion_balanceo/confusion_212260569_all_noOutliers_random_oversampling_RandomForest.png,26.53
confusion_212260569_all_noOutliers_random_oversampling_SMO_SVM.csv,/kaggle/working/outputs/TESE_pruebas/run_20260902_145353/processed_data/reports/balanceo/matrices_confusion_balanceo/confusion_212260569_all_noOutliers_random_oversampling_SMO_SVM.csv,0.08
confusion_212260569_all_noOutliers_random_oversampling_SMO_SVM.png,/kaggle/working/outputs/TESE_pruebas/run_20260902_145353/processed_data/reports/balanceo/matrices_confusion_balanceo/confusion_212260569_all_noOutliers_random_oversampling_SMO_SVM.png,27.08
confusion_212260569_all_noOutliers_random_undersampling_controlado_IBk_kNN.csv,/kaggle/working/outputs/TESE_pruebas/run_20260902_145353/processed_data/reports/balanceo/matrices_confusion_balanceo/confusion_212260569_all_noOutliers_random_undersampling_controlado_IBk_kNN.csv,0.09
confusion_212260569_all_noOutliers_random_undersampling_controlado_IBk_kNN.png,/kaggle/working/outputs/TESE_pruebas/run_20260902_145353/processed_data/reports/balanceo/matrices_confusion_balanceo/confusion_212260569_all_noOutliers_random_undersampling_controlado_IBk_kNN.png,28.38
confusion_212260569_all_noOutliers_random_undersampling_controlado_MLP.csv,/kaggle/working/outputs/TESE_pruebas/run_20260902_145353/processed_data/reports/balanceo/matrices_confusion_balanceo/confusion_212260569_all_noOutliers_random_undersampling_controlado_MLP.csv,0.08
confusion_212260569_all_noOutliers_random_undersampling_controlado_MLP.png,/kaggle/working/outputs/TESE_pruebas/run_20260902_145353/processed_data/reports/balanceo/matrices_confusion_balanceo/confusion_212260569_all_noOutliers_random_undersampling_controlado_MLP.png,28.67
confusion_212260569_all_noOutliers_random_undersampling_controlado_RBFNetwork_aprox.csv,/kaggle/working/outputs/TESE_pruebas/run_20260902_145353/processed_data/reports/balanceo/matrices_confusion_balanceo/confusion_212260569_all_noOutliers_random_undersampling_controlado_RBFNetwork_aprox.csv,0.08
confusion_212260569_all_noOutliers_random_undersampling_controlado_RBFNetwork_aprox.png,/kaggle/working/outputs/TESE_pruebas/run_20260902_145353/processed_data/reports/balanceo/matrices_confusion_balanceo/confusion_212260569_all_noOutliers_random_undersampling_controlado_RBFNetwork_aprox.png,29.79
confusion_212260569_all_noOutliers_random_undersampling_controlado_RandomForest.csv,/kaggle/working/outputs/TESE_pruebas/run_20260902_145353/processed_data/reports/balanceo/matrices_confusion_balanceo/confusion_212260569_all_noOutliers_random_undersampling_controlado_RandomForest.csv,0.08
confusion_212260569_all_noOutliers_random_undersampling_controlado_RandomForest.png,/kaggle/working/outputs/TESE_pruebas/run_20260902_145353/processed_data/reports/balanceo/matrices_confusion_balanceo/confusion_212260569_all_noOutliers_random_undersampling_controlado_RandomForest.png,28.62
confusion_212260569_all_noOutliers_random_undersampling_controlado_SMO_SVM.csv,/kaggle/working/outputs/TESE_pruebas/run_20260902_145353/processed_data/reports/balanceo/matrices_confusion_balanceo/confusion_212260569_all_noOutliers_random_undersampling_controlado_SMO_SVM.csv,0.08
confusion_212260569_all_noOutliers_random_undersampling_controlado_SMO_SVM.png,/kaggle/working/outputs/TESE_pruebas/run_20260902_145353/processed_data/reports/balanceo/matrices_confusion_balanceo/confusion_212260569_all_noOutliers_random_undersampling_controlado_SMO_SVM.png,29.75
confusion_212260569_all_noOutliers_sin_balanceo_IBk_kNN.csv,/kaggle/working/outputs/TESE_pruebas/run_20260902_145353/processed_data/reports/balanceo/matrices_confusion_balanceo/confusion_212260569_all_noOutliers_sin_balanceo_IBk_kNN.csv,0.08
confusion_212260569_all_noOutliers_sin_balanceo_IBk_kNN.png,/kaggle/working/outputs/TESE_pruebas/run_20260902_145353/processed_data/reports/balanceo/matrices_confusion_balanceo/confusion_212260569_all_noOutliers_sin_balanceo_IBk_kNN.png,27.93
confusion_212260569_all_noOutliers_sin_balanceo_MLP.csv,/kaggle/working/outputs/TESE_pruebas/run_20260902_145353/processed_data/reports/balanceo/matrices_confusion_balanceo/confusion_212260569_all_noOutliers_sin_balanceo_MLP.csv,0.08
confusion_212260569_all_noOutliers_sin_balanceo_MLP.png,/kaggle/working/outputs/TESE_pruebas/run_20260902_145353/processed_data/reports/balanceo/matrices_confusion_balanceo/confusion_212260569_all_noOutliers_sin_balanceo_MLP.png,24.78
confusion_212260569_all_noOutliers_sin_balanceo_RBFNetwork_aprox.csv,/kaggle/working/outputs/TESE_pruebas/run_20260902_145353/processed_data/reports/balanceo/matrices_confusion_balanceo/confusion_212260569_all_noOutliers_sin_balanceo_RBFNetwork_aprox.csv,0.08
confusion_212260569_all_noOutliers_sin_balanceo_RBFNetwork_aprox.png,/kaggle/working/outputs/TESE_pruebas/run_20260902_145353/processed_data/reports/balanceo/matrices_confusion_balanceo/confusion_212260569_all_noOutliers_sin_balanceo_RBFNetwork_aprox.png,29.3
confusion_212260569_all_noOutliers_sin_balanceo_RandomForest.csv,/kaggle/working/outputs/TESE_pruebas/run_20260902_145353/processed_data/reports/balanceo/matrices_confusion_balanceo/confusion_212260569_all_noOutliers_sin_balanceo_RandomForest.csv,0.08
confusion_212260569_all_noOutliers_sin_balanceo_RandomForest.png,/kaggle/working/outputs/TESE_pruebas/run_20260902_145353/processed_data/reports/balanceo/matrices_confusion_balanceo/confusion_212260569_all_noOutliers_sin_balanceo_RandomForest.png,25.77
confusion_212260569_all_noOutliers_sin_balanceo_SMO_SVM.csv,/kaggle/working/outputs/TESE_pruebas/run_20260902_145353/processed_data/reports/balanceo/matrices_confusion_balanceo/confusion_212260569_all_noOutliers_sin_balanceo_SMO_SVM.csv,0.08
confusion_212260569_all_noOutliers_sin_balanceo_SMO_SVM.png,/kaggle/working/outputs/TESE_pruebas/run_20260902_145353/processed_data/reports/balanceo/matrices_confusion_balanceo/confusion_212260569_all_noOutliers_sin_balanceo_SMO_SVM.png,26.29
confusion_212260569_all_sinArtefactosConservador_class_weight_balanced_RBFNetwork_aprox.csv,/kaggle/working/outputs/TESE_pruebas/run_20260902_145353/processed_data/reports/balanceo/matrices_confusion_balanceo/confusion_212260569_all_sinArtefactosConservador_class_weight_balanced_RBFNetwork_aprox.csv,0.08
confusion_212260569_all_sinArtefactosConservador_class_weight_balanced_RBFNetwork_aprox.png,/kaggle/working/outputs/TESE_pruebas/run_20260902_145353/processed_data/reports/balanceo/matrices_confusion_balanceo/confusion_212260569_all_sinArtefactosConservador_class_weight_balanced_RBFNetwork_aprox.png,28.15
confusion_212260569_all_sinArtefactosConservador_class_weight_balanced_RandomForest.csv,/kaggle/working/outputs/TESE_pruebas/run_20260902_145353/processed_data/reports/balanceo/matrices_confusion_balanceo/confusion_212260569_all_sinArtefactosConservador_class_weight_balanced_RandomForest.csv,0.08
confusion_212260569_all_sinArtefactosConservador_class_weight_balanced_RandomForest.png,/kaggle/working/outputs/TESE_pruebas/run_20260902_145353/processed_data/reports/balanceo/matrices_confusion_balanceo/confusion_212260569_all_sinArtefactosConservador_class_weight_balanced_RandomForest.png,28.81
confusion_212260569_all_sinArtefactosConservador_class_weight_balanced_SMO_SVM.csv,/kaggle/working/outputs/TESE_pruebas/run_20260902_145353/processed_data/reports/balanceo/matrices_confusion_balanceo/confusion_212260569_all_sinArtefactosConservador_class_weight_balanced_SMO_SVM.csv,0.08
confusion_212260569_all_sinArtefactosConservador_class_weight_balanced_SMO_SVM.png,/kaggle/working/outputs/TESE_pruebas/run_20260902_145353/processed_data/reports/balanceo/matrices_confusion_balanceo/confusion_212260569_all_sinArtefactosConservador_class_weight_balanced_SMO_SVM.png,29.04
confusion_212260569_all_sinArtefactosConservador_random_oversampling_IBk_kNN.csv,/kaggle/working/outputs/TESE_pruebas/run_20260902_145353/processed_data/reports/balanceo/matrices_confusion_balanceo/confusion_212260569_all_sinArtefactosConservador_random_oversampling_IBk_kNN.csv,0.08
confusion_212260569_all_sinArtefactosConservador_random_oversampling_IBk_kNN.png,/kaggle/working/outputs/TESE_pruebas/run_20260902_145353/processed_data/reports/balanceo/matrices_confusion_balanceo/confusion_212260569_all_sinArtefactosConservador_random_oversampling_IBk_kNN.png,28.28
confusion_212260569_all_sinArtefactosConservador_random_oversampling_MLP.csv,/kaggle/working/outputs/TESE_pruebas/run_20260902_145353/processed_data/reports/balanceo/matrices_confusion_balanceo/confusion_212260569_all_sinArtefactosConservador_random_oversampling_MLP.csv,0.08
confusion_212260569_all_sinArtefactosConservador_random_oversampling_MLP.png,/kaggle/working/outputs/TESE_pruebas/run_20260902_145353/processed_data/reports/balanceo/matrices_confusion_balanceo/confusion_212260569_all_sinArtefactosConservador_random_oversampling_MLP.png,28.16
confusion_212260569_all_sinArtefactosConservador_random_oversampling_RBFNetwork_aprox.csv,/kaggle/working/outputs/TESE_pruebas/run_20260902_145353/processed_data/reports/balanceo/matrices_confusion_balanceo/confusion_212260569_all_sinArtefactosConservador_random_oversampling_RBFNetwork_aprox.csv,0.08
confusion_212260569_all_sinArtefactosConservador_random_oversampling_RBFNetwork_aprox.png,/kaggle/working/outputs/TESE_pruebas/run_20260902_145353/processed_data/reports/balanceo/matrices_confusion_balanceo/confusion_212260569_all_sinArtefactosConservador_random_oversampling_RBFNetwork_aprox.png,28.72
confusion_212260569_all_sinArtefactosConservador_random_oversampling_RandomForest.csv,/kaggle/working/outputs/TESE_pruebas/run_20260902_145353/processed_data/reports/balanceo/matrices_confusion_balanceo/confusion_212260569_all_sinArtefactosConservador_random_oversampling_RandomForest.csv,0.08
confusion_212260569_all_sinArtefactosConservador_random_oversampling_RandomForest.png,/kaggle/working/outputs/TESE_pruebas/run_20260902_145353/processed_data/reports/balanceo/matrices_confusion_balanceo/confusion_212260569_all_sinArtefactosConservador_random_oversampling_RandomForest.png,28.94
confusion_212260569_all_sinArtefactosConservador_random_oversampling_SMO_SVM.csv,/kaggle/working/outputs/TESE_pruebas/run_20260902_145353/processed_data/reports/balanceo/matrices_confusion_balanceo/confusion_212260569_all_sinArtefactosConservador_random_oversampling_SMO_SVM.csv,0.08
confusion_212260569_all_sinArtefactosConservador_random_oversampling_SMO_SVM.png,/kaggle/working/outputs/TESE_pruebas/run_20260902_145353/processed_data/reports/balanceo/matrices_confusion_balanceo/confusion_212260569_all_sinArtefactosConservador_random_oversampling_SMO_SVM.png,29.08
confusion_212260569_all_sinArtefactosConservador_random_undersampling_controlado_IBk_kNN.csv,/kaggle/working/outputs/TESE_pruebas/run_20260902_145353/processed_data/reports/balanceo/matrices_confusion_balanceo/confusion_212260569_all_sinArtefactosConservador_random_undersampling_controlado_IBk_kNN.csv,0.08
confusion_212260569_all_sinArtefactosConservador_random_undersampling_controlado_IBk_kNN.png,/kaggle/working/outputs/TESE_pruebas/run_20260902_145353/processed_data/reports/balanceo/matrices_confusion_balanceo/confusion_212260569_all_sinArtefactosConservador_random_undersampling_controlado_IBk_kNN.png,29.89
confusion_212260569_all_sinArtefactosConservador_random_undersampling_controlado_MLP.csv,/kaggle/working/outputs/TESE_pruebas/run_20260902_145353/processed_data/reports/balanceo/matrices_confusion_balanceo/confusion_212260569_all_sinArtefactosConservador_random_undersampling_controlado_MLP.csv,0.08
confusion_212260569_all_sinArtefactosConservador_random_undersampling_controlado_MLP.png,/kaggle/working/outputs/TESE_pruebas/run_20260902_145353/processed_data/reports/balanceo/matrices_confusion_balanceo/confusion_212260569_all_sinArtefactosConservador_random_undersampling_controlado_MLP.png,30.2
confusion_212260569_all_sinArtefactosConservador_random_undersampling_controlado_RBFNetwork_aprox.csv,/kaggle/working/outputs/TESE_pruebas/run_20260902_145353/processed_data/reports/balanceo/matrices_confusion_balanceo/confusion_212260569_all_sinArtefactosConservador_random_undersampling_controlado_RBFNetwork_aprox.csv,0.08
confusion_212260569_all_sinArtefactosConservador_random_undersampling_controlado_RBFNetwork_aprox.png,/kaggle/working/outputs/TESE_pruebas/run_20260902_145353/processed_data/reports/balanceo/matrices_confusion_balanceo/confusion_212260569_all_sinArtefactosConservador_random_undersampling_controlado_RBFNetwork_aprox.png,30.31
confusion_212260569_all_sinArtefactosConservador_random_undersampling_controlado_RandomForest.csv,/kaggle/working/outputs/TESE_pruebas/run_20260902_145353/processed_data/reports/balanceo/matrices_confusion_balanceo/confusion_212260569_all_sinArtefactosConservador_random_undersampling_controlado_RandomForest.csv,0.08
confusion_212260569_all_sinArtefactosConservador_random_undersampling_controlado_RandomForest.png,/kaggle/working/outputs/TESE_pruebas/run_20260902_145353/processed_data/reports/balanceo/matrices_confusion_balanceo/confusion_212260569_all_sinArtefactosConservador_random_undersampling_controlado_RandomForest.png,27.44
confusion_212260569_all_sinArtefactosConservador_random_undersampling_controlado_SMO_SVM.csv,/kaggle/working/outputs/TESE_pruebas/run_20260902_145353/processed_data/reports/balanceo/matrices_confusion_balanceo/confusion_212260569_all_sinArtefactosConservador_random_undersampling_controlado_SMO_SVM.csv,0.08
confusion_212260569_all_sinArtefactosConservador_random_undersampling_controlado_SMO_SVM.png,/kaggle/working/outputs/TESE_pruebas/run_20260902_145353/processed_data/reports/balanceo/matrices_confusion_balanceo/confusion_212260569_all_sinArtefactosConservador_random_undersampling_controlado_SMO_SVM.png,27.95
confusion_212260569_all_sinArtefactosConservador_sin_balanceo_IBk_kNN.csv,/kaggle/working/outputs/TESE_pruebas/run_20260902_145353/processed_data/reports/balanceo/matrices_confusion_balanceo/confusion_212260569_all_sinArtefactosConservador_sin_balanceo_IBk_kNN.csv,0.08
confusion_212260569_all_sinArtefactosConservador_sin_balanceo_IBk_kNN.png,/kaggle/working/outputs/TESE_pruebas/run_20260902_145353/processed_data/reports/balanceo/matrices_confusion_balanceo/confusion_212260569_all_sinArtefactosConservador_sin_balanceo_IBk_kNN.png,27.24
confusion_212260569_all_sinArtefactosConservador_sin_balanceo_MLP.csv,/kaggle/working/outputs/TESE_pruebas/run_20260902_145353/processed_data/reports/balanceo/matrices_confusion_balanceo/confusion_212260569_all_sinArtefactosConservador_sin_balanceo_MLP.csv,0.08
confusion_212260569_all_sinArtefactosConservador_sin_balanceo_MLP.png,/kaggle/working/outputs/TESE_pruebas/run_20260902_145353/processed_data/reports/balanceo/matrices_confusion_balanceo/confusion_212260569_all_sinArtefactosConservador_sin_balanceo_MLP.png,27.12
confusion_212260569_all_sinArtefactosConservador_sin_balanceo_RBFNetwork_aprox.csv,/kaggle/working/outputs/TESE_pruebas/run_20260902_145353/processed_data/reports/balanceo/matrices_confusion_balanceo/confusion_212260569_all_sinArtefactosConservador_sin_balanceo_RBFNetwork_aprox.csv,0.08
confusion_212260569_all_sinArtefactosConservador_sin_balanceo_RBFNetwork_aprox.png,/kaggle/working/outputs/TESE_pruebas/run_20260902_145353/processed_data/reports/balanceo/matrices_confusion_balanceo/confusion_212260569_all_sinArtefactosConservador_sin_balanceo_RBFNetwork_aprox.png,28.23
confusion_212260569_all_sinArtefactosConservador_sin_balanceo_RandomForest.csv,/kaggle/working/outputs/TESE_pruebas/run_20260902_145353/processed_data/reports/balanceo/matrices_confusion_balanceo/confusion_212260569_all_sinArtefactosConservador_sin_balanceo_RandomForest.csv,0.08
confusion_212260569_all_sinArtefactosConservador_sin_balanceo_RandomForest.png,/kaggle/working/outputs/TESE_pruebas/run_20260902_145353/processed_data/reports/balanceo/matrices_confusion_balanceo/confusion_212260569_all_sinArtefactosConservador_sin_balanceo_RandomForest.png,27.99
confusion_212260569_all_sinArtefactosConservador_sin_balanceo_SMO_SVM.csv,/kaggle/working/outputs/TESE_pruebas/run_20260902_145353/processed_data/reports/balanceo/matrices_confusion_balanceo/confusion_212260569_all_sinArtefactosConservador_sin_balanceo_SMO_SVM.csv,0.08
confusion_212260569_all_sinArtefactosConservador_sin_balanceo_SMO_SVM.png,/kaggle/working/outputs/TESE_pruebas/run_20260902_145353/processed_data/reports/balanceo/matrices_confusion_balanceo/confusion_212260569_all_sinArtefactosConservador_sin_balanceo_SMO_SVM.png,28.31
confusion_212260666_all_noOutliers_class_weight_balanced_RBFNetwork_aprox.csv,/kaggle/working/outputs/TESE_pruebas/run_20260902_145353/processed_data/reports/balanceo/matrices_confusion_balanceo/confusion_212260666_all_noOutliers_class_weight_balanced_RBFNetwork_aprox.csv,0.12
confusion_212260666_all_noOutliers_class_weight_balanced_RBFNetwork_aprox.png,/kaggle/working/outputs/TESE_pruebas/run_20260902_145353/processed_data/reports/balanceo/matrices_confusion_balanceo/confusion_212260666_all_noOutliers_class_weight_balanced_RBFNetwork_aprox.png,31.8
confusion_212260666_all_noOutliers_class_weight_balanced_RandomForest.csv,/kaggle/working/outputs/TESE_pruebas/run_20260902_145353/processed_data/reports/balanceo/matrices_confusion_balanceo/confusion_212260666_all_noOutliers_class_weight_balanced_RandomForest.csv,0.12
confusion_212260666_all_noOutliers_class_weight_balanced_RandomForest.png,/kaggle/working/outputs/TESE_pruebas/run_20260902_145353/processed_data/reports/balanceo/matrices_confusion_balanceo/confusion_212260666_all_noOutliers_class_weight_balanced_RandomForest.png,29.45
confusion_212260666_all_noOutliers_class_weight_balanced_SMO_SVM.csv,/kaggle/working/outputs/TESE_pruebas/run_20260902_145353/processed_data/reports/balanceo/matrices_confusion_balanceo/confusion_212260666_all_noOutliers_class_weight_balanced_SMO_SVM.csv,0.12
confusion_212260666_all_noOutliers_class_weight_balanced_SMO_SVM.png,/kaggle/working/outputs/TESE_pruebas/run_20260902_145353/processed_data/reports/balanceo/matrices_confusion_balanceo/confusion_212260666_all_noOutliers_class_weight_balanced_SMO_SVM.png,30.95
confusion_212260666_all_noOutliers_random_oversampling_IBk_kNN.csv,/kaggle/working/outputs/TESE_pruebas/run_20260902_145353/processed_data/reports/balanceo/matrices_confusion_balanceo/confusion_212260666_all_noOutliers_random_oversampling_IBk_kNN.csv,0.12
confusion_212260666_all_noOutliers_random_oversampling_IBk_kNN.png,/kaggle/working/outputs/TESE_pruebas/run_20260902_145353/processed_data/reports/balanceo/matrices_confusion_balanceo/confusion_212260666_all_noOutliers_random_oversampling_IBk_kNN.png,31.83
confusion_212260666_all_noOutliers_random_oversampling_MLP.csv,/kaggle/working/outputs/TESE_pruebas/run_20260902_145353/processed_data/reports/balanceo/matrices_confusion_balanceo/confusion_212260666_all_noOutliers_random_oversampling_MLP.csv,0.12
confusion_212260666_all_noOutliers_random_oversampling_MLP.png,/kaggle/working/outputs/TESE_pruebas/run_20260902_145353/processed_data/reports/balanceo/matrices_confusion_balanceo/confusion_212260666_all_noOutliers_random_oversampling_MLP.png,28.97
confusion_212260666_all_noOutliers_random_oversampling_RBFNetwork_aprox.csv,/kaggle/working/outputs/TESE_pruebas/run_20260902_145353/processed_data/reports/balanceo/matrices_confusion_balanceo/confusion_212260666_all_noOutliers_random_oversampling_RBFNetwork_aprox.csv,0.12
confusion_212260666_all_noOutliers_random_oversampling_RBFNetwork_aprox.png,/kaggle/working/outputs/TESE_pruebas/run_20260902_145353/processed_data/reports/balanceo/matrices_confusion_balanceo/confusion_212260666_all_noOutliers_random_oversampling_RBFNetwork_aprox.png,31.37
confusion_212260666_all_noOutliers_random_oversampling_RandomForest.csv,/kaggle/working/outputs/TESE_pruebas/run_20260902_145353/processed_data/reports/balanceo/matrices_confusion_balanceo/confusion_212260666_all_noOutliers_random_oversampling_RandomForest.csv,0.12
confusion_212260666_all_noOutliers_random_oversampling_RandomForest.png,/kaggle/working/outputs/TESE_pruebas/run_20260902_145353/processed_data/reports/balanceo/matrices_confusion_balanceo/confusion_212260666_all_noOutliers_random_oversampling_RandomForest.png,30.32
confusion_212260666_all_noOutliers_random_oversampling_SMO_SVM.csv,/kaggle/working/outputs/TESE_pruebas/run_20260902_145353/processed_data/reports/balanceo/matrices_confusion_balanceo/confusion_212260666_all_noOutliers_random_oversampling_SMO_SVM.csv,0.12
confusion_212260666_all_noOutliers_random_oversampling_SMO_SVM.png,/kaggle/working/outputs/TESE_pruebas/run_20260902_145353/processed_data/reports/balanceo/matrices_confusion_balanceo/confusion_212260666_all_noOutliers_random_oversampling_SMO_SVM.png,31.02
confusion_212260666_all_noOutliers_random_undersampling_controlado_IBk_kNN.csv,/kaggle/working/outputs/TESE_pruebas/run_20260902_145353/processed_data/reports/balanceo/matrices_confusion_balanceo/confusion_212260666_all_noOutliers_random_undersampling_controlado_IBk_kNN.csv,0.12
confusion_212260666_all_noOutliers_random_undersampling_controlado_IBk_kNN.png,/kaggle/working/outputs/TESE_pruebas/run_20260902_145353/processed_data/reports/balanceo/matrices_confusion_balanceo/confusion_212260666_all_noOutliers_random_undersampling_controlado_IBk_kNN.png,30.26
confusion_212260666_all_noOutliers_random_undersampling_controlado_MLP.csv,/kaggle/working/outputs/TESE_pruebas/run_20260902_145353/processed_data/reports/balanceo/matrices_confusion_balanceo/confusion_212260666_all_noOutliers_random_undersampling_controlado_MLP.csv,0.12
confusion_212260666_all_noOutliers_random_undersampling_controlado_MLP.png,/kaggle/working/outputs/TESE_pruebas/run_20260902_145353/processed_data/reports/balanceo/matrices_confusion_balanceo/confusion_212260666_all_noOutliers_random_undersampling_controlado_MLP.png,31.31
confusion_212260666_all_noOutliers_random_undersampling_controlado_RBFNetwork_aprox.csv,/kaggle/working/outputs/TESE_pruebas/run_20260902_145353/processed_data/reports/balanceo/matrices_confusion_balanceo/confusion_212260666_all_noOutliers_random_undersampling_controlado_RBFNetwork_aprox.csv,0.12
confusion_212260666_all_noOutliers_random_undersampling_controlado_RBFNetwork_aprox.png,/kaggle/working/outputs/TESE_pruebas/run_20260902_145353/processed_data/reports/balanceo/matrices_confusion_balanceo/confusion_212260666_all_noOutliers_random_undersampling_controlado_RBFNetwork_aprox.png,33.51
confusion_212260666_all_noOutliers_random_undersampling_controlado_RandomForest.csv,/kaggle/working/outputs/TESE_pruebas/run_20260902_145353/processed_data/reports/balanceo/matrices_confusion_balanceo/confusion_212260666_all_noOutliers_random_undersampling_controlado_RandomForest.csv,0.12
confusion_212260666_all_noOutliers_random_undersampling_controlado_RandomForest.png,/kaggle/working/outputs/TESE_pruebas/run_20260902_145353/processed_data/reports/balanceo/matrices_confusion_balanceo/confusion_212260666_all_noOutliers_random_undersampling_controlado_RandomForest.png,33.23
confusion_212260666_all_noOutliers_random_undersampling_controlado_SMO_SVM.csv,/kaggle/working/outputs/TESE_pruebas/run_20260902_145353/processed_data/reports/balanceo/matrices_confusion_balanceo/confusion_212260666_all_noOutliers_random_undersampling_controlado_SMO_SVM.csv,0.12
confusion_212260666_all_noOutliers_random_undersampling_controlado_SMO_SVM.png,/kaggle/working/outputs/TESE_pruebas/run_20260902_145353/processed_data/reports/balanceo/matrices_confusion_balanceo/confusion_212260666_all_noOutliers_random_undersampling_controlado_SMO_SVM.png,32.0
confusion_212260666_all_noOutliers_sin_balanceo_IBk_kNN.csv,/kaggle/working/outputs/TESE_pruebas/run_20260902_145353/processed_data/reports/balanceo/matrices_confusion_balanceo/confusion_212260666_all_noOutliers_sin_balanceo_IBk_kNN.csv,0.12
confusion_212260666_all_noOutliers_sin_balanceo_IBk_kNN.png,/kaggle/working/outputs/TESE_pruebas/run_20260902_145353/processed_data/reports/balanceo/matrices_confusion_balanceo/confusion_212260666_all_noOutliers_sin_balanceo_IBk_kNN.png,31.54
confusion_212260666_all_noOutliers_sin_balanceo_MLP.csv,/kaggle/working/outputs/TESE_pruebas/run_20260902_145353/processed_data/reports/balanceo/matrices_confusion_balanceo/confusion_212260666_all_noOutliers_sin_balanceo_MLP.csv,0.12
confusion_212260666_all_noOutliers_sin_balanceo_MLP.png,/kaggle/working/outputs/TESE_pruebas/run_20260902_145353/processed_data/reports/balanceo/matrices_confusion_balanceo/confusion_212260666_all_noOutliers_sin_balanceo_MLP.png,29.0
confusion_212260666_all_noOutliers_sin_balanceo_RBFNetwork_aprox.csv,/kaggle/working/outputs/TESE_pruebas/run_20260902_145353/processed_data/reports/balanceo/matrices_confusion_balanceo/confusion_212260666_all_noOutliers_sin_balanceo_RBFNetwork_aprox.csv,0.12
confusion_212260666_all_noOutliers_sin_balanceo_RBFNetwork_aprox.png,/kaggle/working/outputs/TESE_pruebas/run_20260902_145353/processed_data/reports/balanceo/matrices_confusion_balanceo/confusion_212260666_all_noOutliers_sin_balanceo_RBFNetwork_aprox.png,30.53
confusion_212260666_all_noOutliers_sin_balanceo_RandomForest.csv,/kaggle/working/outputs/TESE_pruebas/run_20260902_145353/processed_data/reports/balanceo/matrices_confusion_balanceo/confusion_212260666_all_noOutliers_sin_balanceo_RandomForest.csv,0.12
confusion_212260666_all_noOutliers_sin_balanceo_RandomForest.png,/kaggle/working/outputs/TESE_pruebas/run_20260902_145353/processed_data/reports/balanceo/matrices_confusion_balanceo/confusion_212260666_all_noOutliers_sin_balanceo_RandomForest.png,29.61
confusion_212260666_all_noOutliers_sin_balanceo_SMO_SVM.csv,/kaggle/working/outputs/TESE_pruebas/run_20260902_145353/processed_data/reports/balanceo/matrices_confusion_balanceo/confusion_212260666_all_noOutliers_sin_balanceo_SMO_SVM.csv,0.12
confusion_212260666_all_noOutliers_sin_balanceo_SMO_SVM.png,/kaggle/working/outputs/TESE_pruebas/run_20260902_145353/processed_data/reports/balanceo/matrices_confusion_balanceo/confusion_212260666_all_noOutliers_sin_balanceo_SMO_SVM.png,29.93
confusion_212260666_all_noOutliers_smote_IBk_kNN.csv,/kaggle/working/outputs/TESE_pruebas/run_20260902_145353/processed_data/reports/balanceo/matrices_confusion_balanceo/confusion_212260666_all_noOutliers_smote_IBk_kNN.csv,0.12
confusion_212260666_all_noOutliers_smote_IBk_kNN.png,/kaggle/working/outputs/TESE_pruebas/run_20260902_145353/processed_data/reports/balanceo/matrices_confusion_balanceo/confusion_212260666_all_noOutliers_smote_IBk_kNN.png,29.72
confusion_212260666_all_noOutliers_smote_MLP.csv,/kaggle/working/outputs/TESE_pruebas/run_20260902_145353/processed_data/reports/balanceo/matrices_confusion_balanceo/confusion_212260666_all_noOutliers_smote_MLP.csv,0.12
confusion_212260666_all_noOutliers_smote_MLP.png,/kaggle/working/outputs/TESE_pruebas/run_20260902_145353/processed_data/reports/balanceo/matrices_confusion_balanceo/confusion_212260666_all_noOutliers_smote_MLP.png,28.41
confusion_212260666_all_noOutliers_smote_RBFNetwork_aprox.csv,/kaggle/working/outputs/TESE_pruebas/run_20260902_145353/processed_data/reports/balanceo/matrices_confusion_balanceo/confusion_212260666_all_noOutliers_smote_RBFNetwork_aprox.csv,0.12
confusion_212260666_all_noOutliers_smote_RBFNetwork_aprox.png,/kaggle/working/outputs/TESE_pruebas/run_20260902_145353/processed_data/reports/balanceo/matrices_confusion_balanceo/confusion_212260666_all_noOutliers_smote_RBFNetwork_aprox.png,29.83
confusion_212260666_all_noOutliers_smote_RandomForest.csv,/kaggle/working/outputs/TESE_pruebas/run_20260902_145353/processed_data/reports/balanceo/matrices_confusion_balanceo/confusion_212260666_all_noOutliers_smote_RandomForest.csv,0.12
confusion_212260666_all_noOutliers_smote_RandomForest.png,/kaggle/working/outputs/TESE_pruebas/run_20260902_145353/processed_data/reports/balanceo/matrices_confusion_balanceo/confusion_212260666_all_noOutliers_smote_RandomForest.png,28.7
confusion_212260666_all_noOutliers_smote_SMO_SVM.csv,/kaggle/working/outputs/TESE_pruebas/run_20260902_145353/processed_data/reports/balanceo/matrices_confusion_balanceo/confusion_212260666_all_noOutliers_smote_SMO_SVM.csv,0.12
confusion_212260666_all_noOutliers_smote_SMO_SVM.png,/kaggle/working/outputs/TESE_pruebas/run_20260902_145353/processed_data/reports/balanceo/matrices_confusion_balanceo/confusion_212260666_all_noOutliers_smote_SMO_SVM.png,29.0
confusion_212260666_all_noOutliers_smote_tomek_IBk_kNN.csv,/kaggle/working/outputs/TESE_pruebas/run_20260902_145353/processed_data/reports/balanceo/matrices_confusion_balanceo/confusion_212260666_all_noOutliers_smote_tomek_IBk_kNN.csv,0.12
confusion_212260666_all_noOutliers_smote_tomek_IBk_kNN.png,/kaggle/working/outputs/TESE_pruebas/run_20260902_145353/processed_data/reports/balanceo/matrices_confusion_balanceo/confusion_212260666_all_noOutliers_smote_tomek_IBk_kNN.png,29.96
confusion_212260666_all_noOutliers_smote_tomek_MLP.csv,/kaggle/working/outputs/TESE_pruebas/run_20260902_145353/processed_data/reports/balanceo/matrices_confusion_balanceo/confusion_212260666_all_noOutliers_smote_tomek_MLP.csv,0.12
confusion_212260666_all_noOutliers_smote_tomek_MLP.png,/kaggle/working/outputs/TESE_pruebas/run_20260902_145353/processed_data/reports/balanceo/matrices_confusion_balanceo/confusion_212260666_all_noOutliers_smote_tomek_MLP.png,28.31
confusion_212260666_all_noOutliers_smote_tomek_RBFNetwork_aprox.csv,/kaggle/working/outputs/TESE_pruebas/run_20260902_145353/processed_data/reports/balanceo/matrices_confusion_balanceo/confusion_212260666_all_noOutliers_smote_tomek_RBFNetwork_aprox.csv,0.12
confusion_212260666_all_noOutliers_smote_tomek_RBFNetwork_aprox.png,/kaggle/working/outputs/TESE_pruebas/run_20260902_145353/processed_data/reports/balanceo/matrices_confusion_balanceo/confusion_212260666_all_noOutliers_smote_tomek_RBFNetwork_aprox.png,30.33
confusion_212260666_all_noOutliers_smote_tomek_RandomForest.csv,/kaggle/working/outputs/TESE_pruebas/run_20260902_145353/processed_data/reports/balanceo/matrices_confusion_balanceo/confusion_212260666_all_noOutliers_smote_tomek_RandomForest.csv,0.12
confusion_212260666_all_noOutliers_smote_tomek_RandomForest.png,/kaggle/working/outputs/TESE_pruebas/run_20260902_145353/processed_data/reports/balanceo/matrices_confusion_balanceo/confusion_212260666_all_noOutliers_smote_tomek_RandomForest.png,28.9
confusion_212260666_all_noOutliers_smote_tomek_SMO_SVM.csv,/kaggle/working/outputs/TESE_pruebas/run_20260902_145353/processed_data/reports/balanceo/matrices_confusion_balanceo/confusion_212260666_all_noOutliers_smote_tomek_SMO_SVM.csv,0.12
confusion_212260666_all_noOutliers_smote_tomek_SMO_SVM.png,/kaggle/working/outputs/TESE_pruebas/run_20260902_145353/processed_data/reports/balanceo/matrices_confusion_balanceo/confusion_212260666_all_noOutliers_smote_tomek_SMO_SVM.png,29.67
confusion_212260666_all_sinArtefactosConservador_class_weight_balanced_RBFNetwork_aprox.csv,/kaggle/working/outputs/TESE_pruebas/run_20260902_145353/processed_data/reports/balanceo/matrices_confusion_balanceo/confusion_212260666_all_sinArtefactosConservador_class_weight_balanced_RBFNetwork_aprox.csv,0.12
confusion_212260666_all_sinArtefactosConservador_class_weight_balanced_RBFNetwork_aprox.png,/kaggle/working/outputs/TESE_pruebas/run_20260902_145353/processed_data/reports/balanceo/matrices_confusion_balanceo/confusion_212260666_all_sinArtefactosConservador_class_weight_balanced_RBFNetwork_aprox.png,30.89
confusion_212260666_all_sinArtefactosConservador_class_weight_balanced_RandomForest.csv,/kaggle/working/outputs/TESE_pruebas/run_20260902_145353/processed_data/reports/balanceo/matrices_confusion_balanceo/confusion_212260666_all_sinArtefactosConservador_class_weight_balanced_RandomForest.csv,0.12
confusion_212260666_all_sinArtefactosConservador_class_weight_balanced_RandomForest.png,/kaggle/working/outputs/TESE_pruebas/run_20260902_145353/processed_data/reports/balanceo/matrices_confusion_balanceo/confusion_212260666_all_sinArtefactosConservador_class_weight_balanced_RandomForest.png,30.61
confusion_212260666_all_sinArtefactosConservador_class_weight_balanced_SMO_SVM.csv,/kaggle/working/outputs/TESE_pruebas/run_20260902_145353/processed_data/reports/balanceo/matrices_confusion_balanceo/confusion_212260666_all_sinArtefactosConservador_class_weight_balanced_SMO_SVM.csv,0.12
confusion_212260666_all_sinArtefactosConservador_class_weight_balanced_SMO_SVM.png,/kaggle/working/outputs/TESE_pruebas/run_20260902_145353/processed_data/reports/balanceo/matrices_confusion_balanceo/confusion_212260666_all_sinArtefactosConservador_class_weight_balanced_SMO_SVM.png,32.68
confusion_212260666_all_sinArtefactosConservador_random_oversampling_IBk_kNN.csv,/kaggle/working/outputs/TESE_pruebas/run_20260902_145353/processed_data/reports/balanceo/matrices_confusion_balanceo/confusion_212260666_all_sinArtefactosConservador_random_oversampling_IBk_kNN.csv,0.12
confusion_212260666_all_sinArtefactosConservador_random_oversampling_IBk_kNN.png,/kaggle/working/outputs/TESE_pruebas/run_20260902_145353/processed_data/reports/balanceo/matrices_confusion_balanceo/confusion_212260666_all_sinArtefactosConservador_random_oversampling_IBk_kNN.png,32.51
confusion_212260666_all_sinArtefactosConservador_random_oversampling_MLP.csv,/kaggle/working/outputs/TESE_pruebas/run_20260902_145353/processed_data/reports/balanceo/matrices_confusion_balanceo/confusion_212260666_all_sinArtefactosConservador_random_oversampling_MLP.csv,0.12
confusion_212260666_all_sinArtefactosConservador_random_oversampling_MLP.png,/kaggle/working/outputs/TESE_pruebas/run_20260902_145353/processed_data/reports/balanceo/matrices_confusion_balanceo/confusion_212260666_all_sinArtefactosConservador_random_oversampling_MLP.png,32.39
confusion_212260666_all_sinArtefactosConservador_random_oversampling_RBFNetwork_aprox.csv,/kaggle/working/outputs/TESE_pruebas/run_20260902_145353/processed_data/reports/balanceo/matrices_confusion_balanceo/confusion_212260666_all_sinArtefactosConservador_random_oversampling_RBFNetwork_aprox.csv,0.12
confusion_212260666_all_sinArtefactosConservador_random_oversampling_RBFNetwork_aprox.png,/kaggle/working/outputs/TESE_pruebas/run_20260902_145353/processed_data/reports/balanceo/matrices_confusion_balanceo/confusion_212260666_all_sinArtefactosConservador_random_oversampling_RBFNetwork_aprox.png,31.49
confusion_212260666_all_sinArtefactosConservador_random_oversampling_RandomForest.csv,/kaggle/working/outputs/TESE_pruebas/run_20260902_145353/processed_data/reports/balanceo/matrices_confusion_balanceo/confusion_212260666_all_sinArtefactosConservador_random_oversampling_RandomForest.csv,0.12
confusion_212260666_all_sinArtefactosConservador_random_oversampling_RandomForest.png,/kaggle/working/outputs/TESE_pruebas/run_20260902_145353/processed_data/reports/balanceo/matrices_confusion_balanceo/confusion_212260666_all_sinArtefactosConservador_random_oversampling_RandomForest.png,31.06
confusion_212260666_all_sinArtefactosConservador_random_oversampling_SMO_SVM.csv,/kaggle/working/outputs/TESE_pruebas/run_20260902_145353/processed_data/reports/balanceo/matrices_confusion_balanceo/confusion_212260666_all_sinArtefactosConservador_random_oversampling_SMO_SVM.csv,0.12
confusion_212260666_all_sinArtefactosConservador_random_oversampling_SMO_SVM.png,/kaggle/working/outputs/TESE_pruebas/run_20260902_145353/processed_data/reports/balanceo/matrices_confusion_balanceo/confusion_212260666_all_sinArtefactosConservador_random_oversampling_SMO_SVM.png,32.83
confusion_212260666_all_sinArtefactosConservador_random_undersampling_controlado_IBk_kNN.csv,/kaggle/working/outputs/TESE_pruebas/run_20260902_145353/processed_data/reports/balanceo/matrices_confusion_balanceo/confusion_212260666_all_sinArtefactosConservador_random_undersampling_controlado_IBk_kNN.csv,0.12
confusion_212260666_all_sinArtefactosConservador_random_undersampling_controlado_IBk_kNN.png,/kaggle/working/outputs/TESE_pruebas/run_20260902_145353/processed_data/reports/balanceo/matrices_confusion_balanceo/confusion_212260666_all_sinArtefactosConservador_random_undersampling_controlado_IBk_kNN.png,32.28
confusion_212260666_all_sinArtefactosConservador_random_undersampling_controlado_MLP.csv,/kaggle/working/outputs/TESE_pruebas/run_20260902_145353/processed_data/reports/balanceo/matrices_confusion_balanceo/confusion_212260666_all_sinArtefactosConservador_random_undersampling_controlado_MLP.csv,0.12
confusion_212260666_all_sinArtefactosConservador_random_undersampling_controlado_MLP.png,/kaggle/working/outputs/TESE_pruebas/run_20260902_145353/processed_data/reports/balanceo/matrices_confusion_balanceo/confusion_212260666_all_sinArtefactosConservador_random_undersampling_controlado_MLP.png,32.09
confusion_212260666_all_sinArtefactosConservador_random_undersampling_controlado_RBFNetwork_aprox.csv,/kaggle/working/outputs/TESE_pruebas/run_20260902_145353/processed_data/reports/balanceo/matrices_confusion_balanceo/confusion_212260666_all_sinArtefactosConservador_random_undersampling_controlado_RBFNetwork_aprox.csv,0.12
confusion_212260666_all_sinArtefactosConservador_random_undersampling_controlado_RBFNetwork_aprox.png,/kaggle/working/outputs/TESE_pruebas/run_20260902_145353/processed_data/reports/balanceo/matrices_confusion_balanceo/confusion_212260666_all_sinArtefactosConservador_random_undersampling_controlado_RBFNetwork_aprox.png,31.15
confusion_212260666_all_sinArtefactosConservador_random_undersampling_controlado_RandomForest.csv,/kaggle/working/outputs/TESE_pruebas/run_20260902_145353/processed_data/reports/balanceo/matrices_confusion_balanceo/confusion_212260666_all_sinArtefactosConservador_random_undersampling_controlado_RandomForest.csv,0.12
confusion_212260666_all_sinArtefactosConservador_random_undersampling_controlado_RandomForest.png,/kaggle/working/outputs/TESE_pruebas/run_20260902_145353/processed_data/reports/balanceo/matrices_confusion_balanceo/confusion_212260666_all_sinArtefactosConservador_random_undersampling_controlado_RandomForest.png,30.43
confusion_212260666_all_sinArtefactosConservador_random_undersampling_controlado_SMO_SVM.csv,/kaggle/working/outputs/TESE_pruebas/run_20260902_145353/processed_data/reports/balanceo/matrices_confusion_balanceo/confusion_212260666_all_sinArtefactosConservador_random_undersampling_controlado_SMO_SVM.csv,0.12
confusion_212260666_all_sinArtefactosConservador_random_undersampling_controlado_SMO_SVM.png,/kaggle/working/outputs/TESE_pruebas/run_20260902_145353/processed_data/reports/balanceo/matrices_confusion_balanceo/confusion_212260666_all_sinArtefactosConservador_random_undersampling_controlado_SMO_SVM.png,32.55
confusion_212260666_all_sinArtefactosConservador_sin_balanceo_IBk_kNN.csv,/kaggle/working/outputs/TESE_pruebas/run_20260902_145353/processed_data/reports/balanceo/matrices_confusion_balanceo/confusion_212260666_all_sinArtefactosConservador_sin_balanceo_IBk_kNN.csv,0.12
confusion_212260666_all_sinArtefactosConservador_sin_balanceo_IBk_kNN.png,/kaggle/working/outputs/TESE_pruebas/run_20260902_145353/processed_data/reports/balanceo/matrices_confusion_balanceo/confusion_212260666_all_sinArtefactosConservador_sin_balanceo_IBk_kNN.png,31.54
confusion_212260666_all_sinArtefactosConservador_sin_balanceo_MLP.csv,/kaggle/working/outputs/TESE_pruebas/run_20260902_145353/processed_data/reports/balanceo/matrices_confusion_balanceo/confusion_212260666_all_sinArtefactosConservador_sin_balanceo_MLP.csv,0.12
confusion_212260666_all_sinArtefactosConservador_sin_balanceo_MLP.png,/kaggle/working/outputs/TESE_pruebas/run_20260902_145353/processed_data/reports/balanceo/matrices_confusion_balanceo/confusion_212260666_all_sinArtefactosConservador_sin_balanceo_MLP.png,30.49
confusion_212260666_all_sinArtefactosConservador_sin_balanceo_RBFNetwork_aprox.csv,/kaggle/working/outputs/TESE_pruebas/run_20260902_145353/processed_data/reports/balanceo/matrices_confusion_balanceo/confusion_212260666_all_sinArtefactosConservador_sin_balanceo_RBFNetwork_aprox.csv,0.12
confusion_212260666_all_sinArtefactosConservador_sin_balanceo_RBFNetwork_aprox.png,/kaggle/working/outputs/TESE_pruebas/run_20260902_145353/processed_data/reports/balanceo/matrices_confusion_balanceo/confusion_212260666_all_sinArtefactosConservador_sin_balanceo_RBFNetwork_aprox.png,31.11
confusion_212260666_all_sinArtefactosConservador_sin_balanceo_RandomForest.csv,/kaggle/working/outputs/TESE_pruebas/run_20260902_145353/processed_data/reports/balanceo/matrices_confusion_balanceo/confusion_212260666_all_sinArtefactosConservador_sin_balanceo_RandomForest.csv,0.12
confusion_212260666_all_sinArtefactosConservador_sin_balanceo_RandomForest.png,/kaggle/working/outputs/TESE_pruebas/run_20260902_145353/processed_data/reports/balanceo/matrices_confusion_balanceo/confusion_212260666_all_sinArtefactosConservador_sin_balanceo_RandomForest.png,30.21
confusion_212260666_all_sinArtefactosConservador_sin_balanceo_SMO_SVM.csv,/kaggle/working/outputs/TESE_pruebas/run_20260902_145353/processed_data/reports/balanceo/matrices_confusion_balanceo/confusion_212260666_all_sinArtefactosConservador_sin_balanceo_SMO_SVM.csv,0.12
confusion_212260666_all_sinArtefactosConservador_sin_balanceo_SMO_SVM.png,/kaggle/working/outputs/TESE_pruebas/run_20260902_145353/processed_data/reports/balanceo/matrices_confusion_balanceo/confusion_212260666_all_sinArtefactosConservador_sin_balanceo_SMO_SVM.png,31.94
confusion_212260666_all_sinArtefactosConservador_smote_IBk_kNN.csv,/kaggle/working/outputs/TESE_pruebas/run_20260902_145353/processed_data/reports/balanceo/matrices_confusion_balanceo/confusion_212260666_all_sinArtefactosConservador_smote_IBk_kNN.csv,0.12
confusion_212260666_all_sinArtefactosConservador_smote_IBk_kNN.png,/kaggle/working/outputs/TESE_pruebas/run_20260902_145353/processed_data/reports/balanceo/matrices_confusion_balanceo/confusion_212260666_all_sinArtefactosConservador_smote_IBk_kNN.png,29.64
confusion_212260666_all_sinArtefactosConservador_smote_MLP.csv,/kaggle/working/outputs/TESE_pruebas/run_20260902_145353/processed_data/reports/balanceo/matrices_confusion_balanceo/confusion_212260666_all_sinArtefactosConservador_smote_MLP.csv,0.12
confusion_212260666_all_sinArtefactosConservador_smote_MLP.png,/kaggle/working/outputs/TESE_pruebas/run_20260902_145353/processed_data/reports/balanceo/matrices_confusion_balanceo/confusion_212260666_all_sinArtefactosConservador_smote_MLP.png,30.07
confusion_212260666_all_sinArtefactosConservador_smote_RBFNetwork_aprox.csv,/kaggle/working/outputs/TESE_pruebas/run_20260902_145353/processed_data/reports/balanceo/matrices_confusion_balanceo/confusion_212260666_all_sinArtefactosConservador_smote_RBFNetwork_aprox.csv,0.12
confusion_212260666_all_sinArtefactosConservador_smote_RBFNetwork_aprox.png,/kaggle/working/outputs/TESE_pruebas/run_20260902_145353/processed_data/reports/balanceo/matrices_confusion_balanceo/confusion_212260666_all_sinArtefactosConservador_smote_RBFNetwork_aprox.png,30.78
confusion_212260666_all_sinArtefactosConservador_smote_RandomForest.csv,/kaggle/working/outputs/TESE_pruebas/run_20260902_145353/processed_data/reports/balanceo/matrices_confusion_balanceo/confusion_212260666_all_sinArtefactosConservador_smote_RandomForest.csv,0.12
confusion_212260666_all_sinArtefactosConservador_smote_RandomForest.png,/kaggle/working/outputs/TESE_pruebas/run_20260902_145353/processed_data/reports/balanceo/matrices_confusion_balanceo/confusion_212260666_all_sinArtefactosConservador_smote_RandomForest.png,29.85
confusion_212260666_all_sinArtefactosConservador_smote_SMO_SVM.csv,/kaggle/working/outputs/TESE_pruebas/run_20260902_145353/processed_data/reports/balanceo/matrices_confusion_balanceo/confusion_212260666_all_sinArtefactosConservador_smote_SMO_SVM.csv,0.12
confusion_212260666_all_sinArtefactosConservador_smote_SMO_SVM.png,/kaggle/working/outputs/TESE_pruebas/run_20260902_145353/processed_data/reports/balanceo/matrices_confusion_balanceo/confusion_212260666_all_sinArtefactosConservador_smote_SMO_SVM.png,31.32
confusion_212260666_all_sinArtefactosConservador_smote_tomek_IBk_kNN.csv,/kaggle/working/outputs/TESE_pruebas/run_20260902_145353/processed_data/reports/balanceo/matrices_confusion_balanceo/confusion_212260666_all_sinArtefactosConservador_smote_tomek_IBk_kNN.csv,0.12
confusion_212260666_all_sinArtefactosConservador_smote_tomek_IBk_kNN.png,/kaggle/working/outputs/TESE_pruebas/run_20260902_145353/processed_data/reports/balanceo/matrices_confusion_balanceo/confusion_212260666_all_sinArtefactosConservador_smote_tomek_IBk_kNN.png,30.49
confusion_212260666_all_sinArtefactosConservador_smote_tomek_MLP.csv,/kaggle/working/outputs/TESE_pruebas/run_20260902_145353/processed_data/reports/balanceo/matrices_confusion_balanceo/confusion_212260666_all_sinArtefactosConservador_smote_tomek_MLP.csv,0.12
confusion_212260666_all_sinArtefactosConservador_smote_tomek_MLP.png,/kaggle/working/outputs/TESE_pruebas/run_20260902_145353/processed_data/reports/balanceo/matrices_confusion_balanceo/confusion_212260666_all_sinArtefactosConservador_smote_tomek_MLP.png,30.73
confusion_212260666_all_sinArtefactosConservador_smote_tomek_RBFNetwork_aprox.csv,/kaggle/working/outputs/TESE_pruebas/run_20260902_145353/processed_data/reports/balanceo/matrices_confusion_balanceo/confusion_212260666_all_sinArtefactosConservador_smote_tomek_RBFNetwork_aprox.csv,0.12
confusion_212260666_all_sinArtefactosConservador_smote_tomek_RBFNetwork_aprox.png,/kaggle/working/outputs/TESE_pruebas/run_20260902_145353/processed_data/reports/balanceo/matrices_confusion_balanceo/confusion_212260666_all_sinArtefactosConservador_smote_tomek_RBFNetwork_aprox.png,31.28
confusion_212260666_all_sinArtefactosConservador_smote_tomek_RandomForest.csv,/kaggle/working/outputs/TESE_pruebas/run_20260902_145353/processed_data/reports/balanceo/matrices_confusion_balanceo/confusion_212260666_all_sinArtefactosConservador_smote_tomek_RandomForest.csv,0.12
confusion_212260666_all_sinArtefactosConservador_smote_tomek_RandomForest.png,/kaggle/working/outputs/TESE_pruebas/run_20260902_145353/processed_data/reports/balanceo/matrices_confusion_balanceo/confusion_212260666_all_sinArtefactosConservador_smote_tomek_RandomForest.png,30.83
confusion_212260666_all_sinArtefactosConservador_smote_tomek_SMO_SVM.csv,/kaggle/working/outputs/TESE_pruebas/run_20260902_145353/processed_data/reports/balanceo/matrices_confusion_balanceo/confusion_212260666_all_sinArtefactosConservador_smote_tomek_SMO_SVM.csv,0.12
confusion_212260666_all_sinArtefactosConservador_smote_tomek_SMO_SVM.png,/kaggle/working/outputs/TESE_pruebas/run_20260902_145353/processed_data/reports/balanceo/matrices_confusion_balanceo/confusion_212260666_all_sinArtefactosConservador_smote_tomek_SMO_SVM.png,32.31
confusion_212260668_all_noOutliers_class_weight_balanced_RBFNetwork_aprox.csv,/kaggle/working/outputs/TESE_pruebas/run_20260902_145353/processed_data/reports/balanceo/matrices_confusion_balanceo/confusion_212260668_all_noOutliers_class_weight_balanced_RBFNetwork_aprox.csv,0.09
confusion_212260668_all_noOutliers_class_weight_balanced_RBFNetwork_aprox.png,/kaggle/working/outputs/TESE_pruebas/run_20260902_145353/processed_data/reports/balanceo/matrices_confusion_balanceo/confusion_212260668_all_noOutliers_class_weight_balanced_RBFNetwork_aprox.png,29.66
confusion_212260668_all_noOutliers_class_weight_balanced_RandomForest.csv,/kaggle/working/outputs/TESE_pruebas/run_20260902_145353/processed_data/reports/balanceo/matrices_confusion_balanceo/confusion_212260668_all_noOutliers_class_weight_balanced_RandomForest.csv,0.08
confusion_212260668_all_noOutliers_class_weight_balanced_RandomForest.png,/kaggle/working/outputs/TESE_pruebas/run_20260902_145353/processed_data/reports/balanceo/matrices_confusion_balanceo/confusion_212260668_all_noOutliers_class_weight_balanced_RandomForest.png,27.56
confusion_212260668_all_noOutliers_class_weight_balanced_SMO_SVM.csv,/kaggle/working/outputs/TESE_pruebas/run_20260902_145353/processed_data/reports/balanceo/matrices_confusion_balanceo/confusion_212260668_all_noOutliers_class_weight_balanced_SMO_SVM.csv,0.08
confusion_212260668_all_noOutliers_class_weight_balanced_SMO_SVM.png,/kaggle/working/outputs/TESE_pruebas/run_20260902_145353/processed_data/reports/balanceo/matrices_confusion_balanceo/confusion_212260668_all_noOutliers_class_weight_balanced_SMO_SVM.png,27.88
confusion_212260668_all_noOutliers_random_oversampling_IBk_kNN.csv,/kaggle/working/outputs/TESE_pruebas/run_20260902_145353/processed_data/reports/balanceo/matrices_confusion_balanceo/confusion_212260668_all_noOutliers_random_oversampling_IBk_kNN.csv,0.08
confusion_212260668_all_noOutliers_random_oversampling_IBk_kNN.png,/kaggle/working/outputs/TESE_pruebas/run_20260902_145353/processed_data/reports/balanceo/matrices_confusion_balanceo/confusion_212260668_all_noOutliers_random_oversampling_IBk_kNN.png,27.95
confusion_212260668_all_noOutliers_random_oversampling_MLP.csv,/kaggle/working/outputs/TESE_pruebas/run_20260902_145353/processed_data/reports/balanceo/matrices_confusion_balanceo/confusion_212260668_all_noOutliers_random_oversampling_MLP.csv,0.08
confusion_212260668_all_noOutliers_random_oversampling_MLP.png,/kaggle/working/outputs/TESE_pruebas/run_20260902_145353/processed_data/reports/balanceo/matrices_confusion_balanceo/confusion_212260668_all_noOutliers_random_oversampling_MLP.png,27.11
confusion_212260668_all_noOutliers_random_oversampling_RBFNetwork_aprox.csv,/kaggle/working/outputs/TESE_pruebas/run_20260902_145353/processed_data/reports/balanceo/matrices_confusion_balanceo/confusion_212260668_all_noOutliers_random_oversampling_RBFNetwork_aprox.csv,0.09
confusion_212260668_all_noOutliers_random_oversampling_RBFNetwork_aprox.png,/kaggle/working/outputs/TESE_pruebas/run_20260902_145353/processed_data/reports/balanceo/matrices_confusion_balanceo/confusion_212260668_all_noOutliers_random_oversampling_RBFNetwork_aprox.png,29.36
confusion_212260668_all_noOutliers_random_oversampling_RandomForest.csv,/kaggle/working/outputs/TESE_pruebas/run_20260902_145353/processed_data/reports/balanceo/matrices_confusion_balanceo/confusion_212260668_all_noOutliers_random_oversampling_RandomForest.csv,0.08
confusion_212260668_all_noOutliers_random_oversampling_RandomForest.png,/kaggle/working/outputs/TESE_pruebas/run_20260902_145353/processed_data/reports/balanceo/matrices_confusion_balanceo/confusion_212260668_all_noOutliers_random_oversampling_RandomForest.png,28.18
confusion_212260668_all_noOutliers_random_oversampling_SMO_SVM.csv,/kaggle/working/outputs/TESE_pruebas/run_20260902_145353/processed_data/reports/balanceo/matrices_confusion_balanceo/confusion_212260668_all_noOutliers_random_oversampling_SMO_SVM.csv,0.08
confusion_212260668_all_noOutliers_random_oversampling_SMO_SVM.png,/kaggle/working/outputs/TESE_pruebas/run_20260902_145353/processed_data/reports/balanceo/matrices_confusion_balanceo/confusion_212260668_all_noOutliers_random_oversampling_SMO_SVM.png,27.64
confusion_212260668_all_noOutliers_random_undersampling_controlado_IBk_kNN.csv,/kaggle/working/outputs/TESE_pruebas/run_20260902_145353/processed_data/reports/balanceo/matrices_confusion_balanceo/confusion_212260668_all_noOutliers_random_undersampling_controlado_IBk_kNN.csv,0.08
confusion_212260668_all_noOutliers_random_undersampling_controlado_IBk_kNN.png,/kaggle/working/outputs/TESE_pruebas/run_20260902_145353/processed_data/reports/balanceo/matrices_confusion_balanceo/confusion_212260668_all_noOutliers_random_undersampling_controlado_IBk_kNN.png,28.79
confusion_212260668_all_noOutliers_random_undersampling_controlado_MLP.csv,/kaggle/working/outputs/TESE_pruebas/run_20260902_145353/processed_data/reports/balanceo/matrices_confusion_balanceo/confusion_212260668_all_noOutliers_random_undersampling_controlado_MLP.csv,0.08
confusion_212260668_all_noOutliers_random_undersampling_controlado_MLP.png,/kaggle/working/outputs/TESE_pruebas/run_20260902_145353/processed_data/reports/balanceo/matrices_confusion_balanceo/confusion_212260668_all_noOutliers_random_undersampling_controlado_MLP.png,28.26
confusion_212260668_all_noOutliers_random_undersampling_controlado_RBFNetwork_aprox.csv,/kaggle/working/outputs/TESE_pruebas/run_20260902_145353/processed_data/reports/balanceo/matrices_confusion_balanceo/confusion_212260668_all_noOutliers_random_undersampling_controlado_RBFNetwork_aprox.csv,0.09
confusion_212260668_all_noOutliers_random_undersampling_controlado_RBFNetwork_aprox.png,/kaggle/working/outputs/TESE_pruebas/run_20260902_145353/processed_data/reports/balanceo/matrices_confusion_balanceo/confusion_212260668_all_noOutliers_random_undersampling_controlado_RBFNetwork_aprox.png,30.14
confusion_212260668_all_noOutliers_random_undersampling_controlado_RandomForest.csv,/kaggle/working/outputs/TESE_pruebas/run_20260902_145353/processed_data/reports/balanceo/matrices_confusion_balanceo/confusion_212260668_all_noOutliers_random_undersampling_controlado_RandomForest.csv,0.08
confusion_212260668_all_noOutliers_random_undersampling_controlado_RandomForest.png,/kaggle/working/outputs/TESE_pruebas/run_20260902_145353/processed_data/reports/balanceo/matrices_confusion_balanceo/confusion_212260668_all_noOutliers_random_undersampling_controlado_RandomForest.png,28.73
confusion_212260668_all_noOutliers_random_undersampling_controlado_SMO_SVM.csv,/kaggle/working/outputs/TESE_pruebas/run_20260902_145353/processed_data/reports/balanceo/matrices_confusion_balanceo/confusion_212260668_all_noOutliers_random_undersampling_controlado_SMO_SVM.csv,0.08
confusion_212260668_all_noOutliers_random_undersampling_controlado_SMO_SVM.png,/kaggle/working/outputs/TESE_pruebas/run_20260902_145353/processed_data/reports/balanceo/matrices_confusion_balanceo/confusion_212260668_all_noOutliers_random_undersampling_controlado_SMO_SVM.png,28.98
confusion_212260668_all_noOutliers_sin_balanceo_IBk_kNN.csv,/kaggle/working/outputs/TESE_pruebas/run_20260902_145353/processed_data/reports/balanceo/matrices_confusion_balanceo/confusion_212260668_all_noOutliers_sin_balanceo_IBk_kNN.csv,0.08
confusion_212260668_all_noOutliers_sin_balanceo_IBk_kNN.png,/kaggle/working/outputs/TESE_pruebas/run_20260902_145353/processed_data/reports/balanceo/matrices_confusion_balanceo/confusion_212260668_all_noOutliers_sin_balanceo_IBk_kNN.png,27.04
confusion_212260668_all_noOutliers_sin_balanceo_MLP.csv,/kaggle/working/outputs/TESE_pruebas/run_20260902_145353/processed_data/reports/balanceo/matrices_confusion_balanceo/confusion_212260668_all_noOutliers_sin_balanceo_MLP.csv,0.08
confusion_212260668_all_noOutliers_sin_balanceo_MLP.png,/kaggle/working/outputs/TESE_pruebas/run_20260902_145353/processed_data/reports/balanceo/matrices_confusion_balanceo/confusion_212260668_all_noOutliers_sin_balanceo_MLP.png,26.51
confusion_212260668_all_noOutliers_sin_balanceo_RBFNetwork_aprox.csv,/kaggle/working/outputs/TESE_pruebas/run_20260902_145353/processed_data/reports/balanceo/matrices_confusion_balanceo/confusion_212260668_all_noOutliers_sin_balanceo_RBFNetwork_aprox.csv,0.09
confusion_212260668_all_noOutliers_sin_balanceo_RBFNetwork_aprox.png,/kaggle/working/outputs/TESE_pruebas/run_20260902_145353/processed_data/reports/balanceo/matrices_confusion_balanceo/confusion_212260668_all_noOutliers_sin_balanceo_RBFNetwork_aprox.png,28.43
confusion_212260668_all_noOutliers_sin_balanceo_RandomForest.csv,/kaggle/working/outputs/TESE_pruebas/run_20260902_145353/processed_data/reports/balanceo/matrices_confusion_balanceo/confusion_212260668_all_noOutliers_sin_balanceo_RandomForest.csv,0.08
confusion_212260668_all_noOutliers_sin_balanceo_RandomForest.png,/kaggle/working/outputs/TESE_pruebas/run_20260902_145353/processed_data/reports/balanceo/matrices_confusion_balanceo/confusion_212260668_all_noOutliers_sin_balanceo_RandomForest.png,27.19
confusion_212260668_all_noOutliers_sin_balanceo_SMO_SVM.csv,/kaggle/working/outputs/TESE_pruebas/run_20260902_145353/processed_data/reports/balanceo/matrices_confusion_balanceo/confusion_212260668_all_noOutliers_sin_balanceo_SMO_SVM.csv,0.08
confusion_212260668_all_noOutliers_sin_balanceo_SMO_SVM.png,/kaggle/working/outputs/TESE_pruebas/run_20260902_145353/processed_data/reports/balanceo/matrices_confusion_balanceo/confusion_212260668_all_noOutliers_sin_balanceo_SMO_SVM.png,26.97
confusion_212260668_all_noOutliers_smote_IBk_kNN.csv,/kaggle/working/outputs/TESE_pruebas/run_20260902_145353/processed_data/reports/balanceo/matrices_confusion_balanceo/confusion_212260668_all_noOutliers_smote_IBk_kNN.csv,0.08
confusion_212260668_all_noOutliers_smote_IBk_kNN.png,/kaggle/working/outputs/TESE_pruebas/run_20260902_145353/processed_data/reports/balanceo/matrices_confusion_balanceo/confusion_212260668_all_noOutliers_smote_IBk_kNN.png,26.17
confusion_212260668_all_noOutliers_smote_MLP.csv,/kaggle/working/outputs/TESE_pruebas/run_20260902_145353/processed_data/reports/balanceo/matrices_confusion_balanceo/confusion_212260668_all_noOutliers_smote_MLP.csv,0.08
confusion_212260668_all_noOutliers_smote_MLP.png,/kaggle/working/outputs/TESE_pruebas/run_20260902_145353/processed_data/reports/balanceo/matrices_confusion_balanceo/confusion_212260668_all_noOutliers_smote_MLP.png,25.5
confusion_212260668_all_noOutliers_smote_RBFNetwork_aprox.csv,/kaggle/working/outputs/TESE_pruebas/run_20260902_145353/processed_data/reports/balanceo/matrices_confusion_balanceo/confusion_212260668_all_noOutliers_smote_RBFNetwork_aprox.csv,0.09
confusion_212260668_all_noOutliers_smote_RBFNetwork_aprox.png,/kaggle/working/outputs/TESE_pruebas/run_20260902_145353/processed_data/reports/balanceo/matrices_confusion_balanceo/confusion_212260668_all_noOutliers_smote_RBFNetwork_aprox.png,27.85
confusion_212260668_all_noOutliers_smote_RandomForest.csv,/kaggle/working/outputs/TESE_pruebas/run_20260902_145353/processed_data/reports/balanceo/matrices_confusion_balanceo/confusion_212260668_all_noOutliers_smote_RandomForest.csv,0.08
confusion_212260668_all_noOutliers_smote_RandomForest.png,/kaggle/working/outputs/TESE_pruebas/run_20260902_145353/processed_data/reports/balanceo/matrices_confusion_balanceo/confusion_212260668_all_noOutliers_smote_RandomForest.png,26.55
confusion_212260668_all_noOutliers_smote_SMO_SVM.csv,/kaggle/working/outputs/TESE_pruebas/run_20260902_145353/processed_data/reports/balanceo/matrices_confusion_balanceo/confusion_212260668_all_noOutliers_smote_SMO_SVM.csv,0.08
confusion_212260668_all_noOutliers_smote_SMO_SVM.png,/kaggle/working/outputs/TESE_pruebas/run_20260902_145353/processed_data/reports/balanceo/matrices_confusion_balanceo/confusion_212260668_all_noOutliers_smote_SMO_SVM.png,26.07
confusion_212260668_all_noOutliers_smote_tomek_IBk_kNN.csv,/kaggle/working/outputs/TESE_pruebas/run_20260902_145353/processed_data/reports/balanceo/matrices_confusion_balanceo/confusion_212260668_all_noOutliers_smote_tomek_IBk_kNN.csv,0.08
confusion_212260668_all_noOutliers_smote_tomek_IBk_kNN.png,/kaggle/working/outputs/TESE_pruebas/run_20260902_145353/processed_data/reports/balanceo/matrices_confusion_balanceo/confusion_212260668_all_noOutliers_smote_tomek_IBk_kNN.png,26.65
confusion_212260668_all_noOutliers_smote_tomek_MLP.csv,/kaggle/working/outputs/TESE_pruebas/run_20260902_145353/processed_data/reports/balanceo/matrices_confusion_balanceo/confusion_212260668_all_noOutliers_smote_tomek_MLP.csv,0.08
confusion_212260668_all_noOutliers_smote_tomek_MLP.png,/kaggle/working/outputs/TESE_pruebas/run_20260902_145353/processed_data/reports/balanceo/matrices_confusion_balanceo/confusion_212260668_all_noOutliers_smote_tomek_MLP.png,26.05
confusion_212260668_all_noOutliers_smote_tomek_RBFNetwork_aprox.csv,/kaggle/working/outputs/TESE_pruebas/run_20260902_145353/processed_data/reports/balanceo/matrices_confusion_balanceo/confusion_212260668_all_noOutliers_smote_tomek_RBFNetwork_aprox.csv,0.09
confusion_212260668_all_noOutliers_smote_tomek_RBFNetwork_aprox.png,/kaggle/working/outputs/TESE_pruebas/run_20260902_145353/processed_data/reports/balanceo/matrices_confusion_balanceo/confusion_212260668_all_noOutliers_smote_tomek_RBFNetwork_aprox.png,28.47
confusion_212260668_all_noOutliers_smote_tomek_RandomForest.csv,/kaggle/working/outputs/TESE_pruebas/run_20260902_145353/processed_data/reports/balanceo/matrices_confusion_balanceo/confusion_212260668_all_noOutliers_smote_tomek_RandomForest.csv,0.08
confusion_212260668_all_noOutliers_smote_tomek_RandomForest.png,/kaggle/working/outputs/TESE_pruebas/run_20260902_145353/processed_data/reports/balanceo/matrices_confusion_balanceo/confusion_212260668_all_noOutliers_smote_tomek_RandomForest.png,26.48
confusion_212260668_all_noOutliers_smote_tomek_SMO_SVM.csv,/kaggle/working/outputs/TESE_pruebas/run_20260902_145353/processed_data/reports/balanceo/matrices_confusion_balanceo/confusion_212260668_all_noOutliers_smote_tomek_SMO_SVM.csv,0.08
confusion_212260668_all_noOutliers_smote_tomek_SMO_SVM.png,/kaggle/working/outputs/TESE_pruebas/run_20260902_145353/processed_data/reports/balanceo/matrices_confusion_balanceo/confusion_212260668_all_noOutliers_smote_tomek_SMO_SVM.png,26.68
confusion_212260672_all_noOutliers_class_weight_balanced_RBFNetwork_aprox.csv,/kaggle/working/outputs/TESE_pruebas/run_20260902_145353/processed_data/reports/balanceo/matrices_confusion_balanceo/confusion_212260672_all_noOutliers_class_weight_balanced_RBFNetwork_aprox.csv,0.12
confusion_212260672_all_noOutliers_class_weight_balanced_RBFNetwork_aprox.png,/kaggle/working/outputs/TESE_pruebas/run_20260902_145353/processed_data/reports/balanceo/matrices_confusion_balanceo/confusion_212260672_all_noOutliers_class_weight_balanced_RBFNetwork_aprox.png,29.94
confusion_212260672_all_noOutliers_class_weight_balanced_RandomForest.csv,/kaggle/working/outputs/TESE_pruebas/run_20260902_145353/processed_data/reports/balanceo/matrices_confusion_balanceo/confusion_212260672_all_noOutliers_class_weight_balanced_RandomForest.csv,0.12
confusion_212260672_all_noOutliers_class_weight_balanced_RandomForest.png,/kaggle/working/outputs/TESE_pruebas/run_20260902_145353/processed_data/reports/balanceo/matrices_confusion_balanceo/confusion_212260672_all_noOutliers_class_weight_balanced_RandomForest.png,28.57
confusion_212260672_all_noOutliers_class_weight_balanced_SMO_SVM.csv,/kaggle/working/outputs/TESE_pruebas/run_20260902_145353/processed_data/reports/balanceo/matrices_confusion_balanceo/confusion_212260672_all_noOutliers_class_weight_balanced_SMO_SVM.csv,0.12
confusion_212260672_all_noOutliers_class_weight_balanced_SMO_SVM.png,/kaggle/working/outputs/TESE_pruebas/run_20260902_145353/processed_data/reports/balanceo/matrices_confusion_balanceo/confusion_212260672_all_noOutliers_class_weight_balanced_SMO_SVM.png,28.99
confusion_212260672_all_noOutliers_random_oversampling_IBk_kNN.csv,/kaggle/working/outputs/TESE_pruebas/run_20260902_145353/processed_data/reports/balanceo/matrices_confusion_balanceo/confusion_212260672_all_noOutliers_random_oversampling_IBk_kNN.csv,0.12
confusion_212260672_all_noOutliers_random_oversampling_IBk_kNN.png,/kaggle/working/outputs/TESE_pruebas/run_20260902_145353/processed_data/reports/balanceo/matrices_confusion_balanceo/confusion_212260672_all_noOutliers_random_oversampling_IBk_kNN.png,28.31
confusion_212260672_all_noOutliers_random_oversampling_MLP.csv,/kaggle/working/outputs/TESE_pruebas/run_20260902_145353/processed_data/reports/balanceo/matrices_confusion_balanceo/confusion_212260672_all_noOutliers_random_oversampling_MLP.csv,0.12
confusion_212260672_all_noOutliers_random_oversampling_MLP.png,/kaggle/working/outputs/TESE_pruebas/run_20260902_145353/processed_data/reports/balanceo/matrices_confusion_balanceo/confusion_212260672_all_noOutliers_random_oversampling_MLP.png,27.67
confusion_212260672_all_noOutliers_random_oversampling_RBFNetwork_aprox.csv,/kaggle/working/outputs/TESE_pruebas/run_20260902_145353/processed_data/reports/balanceo/matrices_confusion_balanceo/confusion_212260672_all_noOutliers_random_oversampling_RBFNetwork_aprox.csv,0.12
confusion_212260672_all_noOutliers_random_oversampling_RBFNetwork_aprox.png,/kaggle/working/outputs/TESE_pruebas/run_20260902_145353/processed_data/reports/balanceo/matrices_confusion_balanceo/confusion_212260672_all_noOutliers_random_oversampling_RBFNetwork_aprox.png,29.77
confusion_212260672_all_noOutliers_random_oversampling_RandomForest.csv,/kaggle/working/outputs/TESE_pruebas/run_20260902_145353/processed_data/reports/balanceo/matrices_confusion_balanceo/confusion_212260672_all_noOutliers_random_oversampling_RandomForest.csv,0.12
confusion_212260672_all_noOutliers_random_oversampling_RandomForest.png,/kaggle/working/outputs/TESE_pruebas/run_20260902_145353/processed_data/reports/balanceo/matrices_confusion_balanceo/confusion_212260672_all_noOutliers_random_oversampling_RandomForest.png,28.9
confusion_212260672_all_noOutliers_random_oversampling_SMO_SVM.csv,/kaggle/working/outputs/TESE_pruebas/run_20260902_145353/processed_data/reports/balanceo/matrices_confusion_balanceo/confusion_212260672_all_noOutliers_random_oversampling_SMO_SVM.csv,0.12
confusion_212260672_all_noOutliers_random_oversampling_SMO_SVM.png,/kaggle/working/outputs/TESE_pruebas/run_20260902_145353/processed_data/reports/balanceo/matrices_confusion_balanceo/confusion_212260672_all_noOutliers_random_oversampling_SMO_SVM.png,28.78
confusion_212260672_all_noOutliers_random_undersampling_controlado_IBk_kNN.csv,/kaggle/working/outputs/TESE_pruebas/run_20260902_145353/processed_data/reports/balanceo/matrices_confusion_balanceo/confusion_212260672_all_noOutliers_random_undersampling_controlado_IBk_kNN.csv,0.12
confusion_212260672_all_noOutliers_random_undersampling_controlado_IBk_kNN.png,/kaggle/working/outputs/TESE_pruebas/run_20260902_145353/processed_data/reports/balanceo/matrices_confusion_balanceo/confusion_212260672_all_noOutliers_random_undersampling_controlado_IBk_kNN.png,29.22
confusion_212260672_all_noOutliers_random_undersampling_controlado_MLP.csv,/kaggle/working/outputs/TESE_pruebas/run_20260902_145353/processed_data/reports/balanceo/matrices_confusion_balanceo/confusion_212260672_all_noOutliers_random_undersampling_controlado_MLP.csv,0.12
confusion_212260672_all_noOutliers_random_undersampling_controlado_MLP.png,/kaggle/working/outputs/TESE_pruebas/run_20260902_145353/processed_data/reports/balanceo/matrices_confusion_balanceo/confusion_212260672_all_noOutliers_random_undersampling_controlado_MLP.png,31.16
confusion_212260672_all_noOutliers_random_undersampling_controlado_RBFNetwork_aprox.csv,/kaggle/working/outputs/TESE_pruebas/run_20260902_145353/processed_data/reports/balanceo/matrices_confusion_balanceo/confusion_212260672_all_noOutliers_random_undersampling_controlado_RBFNetwork_aprox.csv,0.12
confusion_212260672_all_noOutliers_random_undersampling_controlado_RBFNetwork_aprox.png,/kaggle/working/outputs/TESE_pruebas/run_20260902_145353/processed_data/reports/balanceo/matrices_confusion_balanceo/confusion_212260672_all_noOutliers_random_undersampling_controlado_RBFNetwork_aprox.png,29.96
confusion_212260672_all_noOutliers_random_undersampling_controlado_RandomForest.csv,/kaggle/working/outputs/TESE_pruebas/run_20260902_145353/processed_data/reports/balanceo/matrices_confusion_balanceo/confusion_212260672_all_noOutliers_random_undersampling_controlado_RandomForest.csv,0.12
confusion_212260672_all_noOutliers_random_undersampling_controlado_RandomForest.png,/kaggle/working/outputs/TESE_pruebas/run_20260902_145353/processed_data/reports/balanceo/matrices_confusion_balanceo/confusion_212260672_all_noOutliers_random_undersampling_controlado_RandomForest.png,29.61
confusion_212260672_all_noOutliers_random_undersampling_controlado_SMO_SVM.csv,/kaggle/working/outputs/TESE_pruebas/run_20260902_145353/processed_data/reports/balanceo/matrices_confusion_balanceo/confusion_212260672_all_noOutliers_random_undersampling_controlado_SMO_SVM.csv,0.12
confusion_212260672_all_noOutliers_random_undersampling_controlado_SMO_SVM.png,/kaggle/working/outputs/TESE_pruebas/run_20260902_145353/processed_data/reports/balanceo/matrices_confusion_balanceo/confusion_212260672_all_noOutliers_random_undersampling_controlado_SMO_SVM.png,32.1
confusion_212260672_all_noOutliers_sin_balanceo_IBk_kNN.csv,/kaggle/working/outputs/TESE_pruebas/run_20260902_145353/processed_data/reports/balanceo/matrices_confusion_balanceo/confusion_212260672_all_noOutliers_sin_balanceo_IBk_kNN.csv,0.12
confusion_212260672_all_noOutliers_sin_balanceo_IBk_kNN.png,/kaggle/working/outputs/TESE_pruebas/run_20260902_145353/processed_data/reports/balanceo/matrices_confusion_balanceo/confusion_212260672_all_noOutliers_sin_balanceo_IBk_kNN.png,27.39
confusion_212260672_all_noOutliers_sin_balanceo_MLP.csv,/kaggle/working/outputs/TESE_pruebas/run_20260902_145353/processed_data/reports/balanceo/matrices_confusion_balanceo/confusion_212260672_all_noOutliers_sin_balanceo_MLP.csv,0.12
confusion_212260672_all_noOutliers_sin_balanceo_MLP.png,/kaggle/working/outputs/TESE_pruebas/run_20260902_145353/processed_data/reports/balanceo/matrices_confusion_balanceo/confusion_212260672_all_noOutliers_sin_balanceo_MLP.png,27.07
confusion_212260672_all_noOutliers_sin_balanceo_RBFNetwork_aprox.csv,/kaggle/working/outputs/TESE_pruebas/run_20260902_145353/processed_data/reports/balanceo/matrices_confusion_balanceo/confusion_212260672_all_noOutliers_sin_balanceo_RBFNetwork_aprox.csv,0.12
confusion_212260672_all_noOutliers_sin_balanceo_RBFNetwork_aprox.png,/kaggle/working/outputs/TESE_pruebas/run_20260902_145353/processed_data/reports/balanceo/matrices_confusion_balanceo/confusion_212260672_all_noOutliers_sin_balanceo_RBFNetwork_aprox.png,28.57
confusion_212260672_all_noOutliers_sin_balanceo_RandomForest.csv,/kaggle/working/outputs/TESE_pruebas/run_20260902_145353/processed_data/reports/balanceo/matrices_confusion_balanceo/confusion_212260672_all_noOutliers_sin_balanceo_RandomForest.csv,0.12
confusion_212260672_all_noOutliers_sin_balanceo_RandomForest.png,/kaggle/working/outputs/TESE_pruebas/run_20260902_145353/processed_data/reports/balanceo/matrices_confusion_balanceo/confusion_212260672_all_noOutliers_sin_balanceo_RandomForest.png,28.09
confusion_212260672_all_noOutliers_sin_balanceo_SMO_SVM.csv,/kaggle/working/outputs/TESE_pruebas/run_20260902_145353/processed_data/reports/balanceo/matrices_confusion_balanceo/confusion_212260672_all_noOutliers_sin_balanceo_SMO_SVM.csv,0.12
confusion_212260672_all_noOutliers_sin_balanceo_SMO_SVM.png,/kaggle/working/outputs/TESE_pruebas/run_20260902_145353/processed_data/reports/balanceo/matrices_confusion_balanceo/confusion_212260672_all_noOutliers_sin_balanceo_SMO_SVM.png,27.92
confusion_222260671_all_noOutliers_class_weight_balanced_RBFNetwork_aprox.csv,/kaggle/working/outputs/TESE_pruebas/run_20260902_145353/processed_data/reports/balanceo/matrices_confusion_balanceo/confusion_222260671_all_noOutliers_class_weight_balanced_RBFNetwork_aprox.csv,0.12
confusion_222260671_all_noOutliers_class_weight_balanced_RBFNetwork_aprox.png,/kaggle/working/outputs/TESE_pruebas/run_20260902_145353/processed_data/reports/balanceo/matrices_confusion_balanceo/confusion_222260671_all_noOutliers_class_weight_balanced_RBFNetwork_aprox.png,32.57
confusion_222260671_all_noOutliers_class_weight_balanced_RandomForest.csv,/kaggle/working/outputs/TESE_pruebas/run_20260902_145353/processed_data/reports/balanceo/matrices_confusion_balanceo/confusion_222260671_all_noOutliers_class_weight_balanced_RandomForest.csv,0.12
confusion_222260671_all_noOutliers_class_weight_balanced_RandomForest.png,/kaggle/working/outputs/TESE_pruebas/run_20260902_145353/processed_data/reports/balanceo/matrices_confusion_balanceo/confusion_222260671_all_noOutliers_class_weight_balanced_RandomForest.png,30.56
confusion_222260671_all_noOutliers_class_weight_balanced_SMO_SVM.csv,/kaggle/working/outputs/TESE_pruebas/run_20260902_145353/processed_data/reports/balanceo/matrices_confusion_balanceo/confusion_222260671_all_noOutliers_class_weight_balanced_SMO_SVM.csv,0.12
confusion_222260671_all_noOutliers_class_weight_balanced_SMO_SVM.png,/kaggle/working/outputs/TESE_pruebas/run_20260902_145353/processed_data/reports/balanceo/matrices_confusion_balanceo/confusion_222260671_all_noOutliers_class_weight_balanced_SMO_SVM.png,31.67
confusion_222260671_all_noOutliers_random_oversampling_IBk_kNN.csv,/kaggle/working/outputs/TESE_pruebas/run_20260902_145353/processed_data/reports/balanceo/matrices_confusion_balanceo/confusion_222260671_all_noOutliers_random_oversampling_IBk_kNN.csv,0.12
confusion_222260671_all_noOutliers_random_oversampling_IBk_kNN.png,/kaggle/working/outputs/TESE_pruebas/run_20260902_145353/processed_data/reports/balanceo/matrices_confusion_balanceo/confusion_222260671_all_noOutliers_random_oversampling_IBk_kNN.png,31.0
confusion_222260671_all_noOutliers_random_oversampling_MLP.csv,/kaggle/working/outputs/TESE_pruebas/run_20260902_145353/processed_data/reports/balanceo/matrices_confusion_balanceo/confusion_222260671_all_noOutliers_random_oversampling_MLP.csv,0.12
confusion_222260671_all_noOutliers_random_oversampling_MLP.png,/kaggle/working/outputs/TESE_pruebas/run_20260902_145353/processed_data/reports/balanceo/matrices_confusion_balanceo/confusion_222260671_all_noOutliers_random_oversampling_MLP.png,30.49
confusion_222260671_all_noOutliers_random_oversampling_RBFNetwork_aprox.csv,/kaggle/working/outputs/TESE_pruebas/run_20260902_145353/processed_data/reports/balanceo/matrices_confusion_balanceo/confusion_222260671_all_noOutliers_random_oversampling_RBFNetwork_aprox.csv,0.12
confusion_222260671_all_noOutliers_random_oversampling_RBFNetwork_aprox.png,/kaggle/working/outputs/TESE_pruebas/run_20260902_145353/processed_data/reports/balanceo/matrices_confusion_balanceo/confusion_222260671_all_noOutliers_random_oversampling_RBFNetwork_aprox.png,32.79
confusion_222260671_all_noOutliers_random_oversampling_RandomForest.csv,/kaggle/working/outputs/TESE_pruebas/run_20260902_145353/processed_data/reports/balanceo/matrices_confusion_balanceo/confusion_222260671_all_noOutliers_random_oversampling_RandomForest.csv,0.12
confusion_222260671_all_noOutliers_random_oversampling_RandomForest.png,/kaggle/working/outputs/TESE_pruebas/run_20260902_145353/processed_data/reports/balanceo/matrices_confusion_balanceo/confusion_222260671_all_noOutliers_random_oversampling_RandomForest.png,30.3
confusion_222260671_all_noOutliers_random_oversampling_SMO_SVM.csv,/kaggle/working/outputs/TESE_pruebas/run_20260902_145353/processed_data/reports/balanceo/matrices_confusion_balanceo/confusion_222260671_all_noOutliers_random_oversampling_SMO_SVM.csv,0.12
confusion_222260671_all_noOutliers_random_oversampling_SMO_SVM.png,/kaggle/working/outputs/TESE_pruebas/run_20260902_145353/processed_data/reports/balanceo/matrices_confusion_balanceo/confusion_222260671_all_noOutliers_random_oversampling_SMO_SVM.png,31.13
confusion_222260671_all_noOutliers_random_undersampling_controlado_IBk_kNN.csv,/kaggle/working/outputs/TESE_pruebas/run_20260902_145353/processed_data/reports/balanceo/matrices_confusion_balanceo/confusion_222260671_all_noOutliers_random_undersampling_controlado_IBk_kNN.csv,0.12
confusion_222260671_all_noOutliers_random_undersampling_controlado_IBk_kNN.png,/kaggle/working/outputs/TESE_pruebas/run_20260902_145353/processed_data/reports/balanceo/matrices_confusion_balanceo/confusion_222260671_all_noOutliers_random_undersampling_controlado_IBk_kNN.png,30.67
confusion_222260671_all_noOutliers_random_undersampling_controlado_MLP.csv,/kaggle/working/outputs/TESE_pruebas/run_20260902_145353/processed_data/reports/balanceo/matrices_confusion_balanceo/confusion_222260671_all_noOutliers_random_undersampling_controlado_MLP.csv,0.12
confusion_222260671_all_noOutliers_random_undersampling_controlado_MLP.png,/kaggle/working/outputs/TESE_pruebas/run_20260902_145353/processed_data/reports/balanceo/matrices_confusion_balanceo/confusion_222260671_all_noOutliers_random_undersampling_controlado_MLP.png,30.93
confusion_222260671_all_noOutliers_random_undersampling_controlado_RBFNetwork_aprox.csv,/kaggle/working/outputs/TESE_pruebas/run_20260902_145353/processed_data/reports/balanceo/matrices_confusion_balanceo/confusion_222260671_all_noOutliers_random_undersampling_controlado_RBFNetwork_aprox.csv,0.12
confusion_222260671_all_noOutliers_random_undersampling_controlado_RBFNetwork_aprox.png,/kaggle/working/outputs/TESE_pruebas/run_20260902_145353/processed_data/reports/balanceo/matrices_confusion_balanceo/confusion_222260671_all_noOutliers_random_undersampling_controlado_RBFNetwork_aprox.png,33.06
confusion_222260671_all_noOutliers_random_undersampling_controlado_RandomForest.csv,/kaggle/working/outputs/TESE_pruebas/run_20260902_145353/processed_data/reports/balanceo/matrices_confusion_balanceo/confusion_222260671_all_noOutliers_random_undersampling_controlado_RandomForest.csv,0.12
confusion_222260671_all_noOutliers_random_undersampling_controlado_RandomForest.png,/kaggle/working/outputs/TESE_pruebas/run_20260902_145353/processed_data/reports/balanceo/matrices_confusion_balanceo/confusion_222260671_all_noOutliers_random_undersampling_controlado_RandomForest.png,30.43
confusion_222260671_all_noOutliers_random_undersampling_controlado_SMO_SVM.csv,/kaggle/working/outputs/TESE_pruebas/run_20260902_145353/processed_data/reports/balanceo/matrices_confusion_balanceo/confusion_222260671_all_noOutliers_random_undersampling_controlado_SMO_SVM.csv,0.12
confusion_222260671_all_noOutliers_random_undersampling_controlado_SMO_SVM.png,/kaggle/working/outputs/TESE_pruebas/run_20260902_145353/processed_data/reports/balanceo/matrices_confusion_balanceo/confusion_222260671_all_noOutliers_random_undersampling_controlado_SMO_SVM.png,31.44
confusion_222260671_all_noOutliers_sin_balanceo_IBk_kNN.csv,/kaggle/working/outputs/TESE_pruebas/run_20260902_145353/processed_data/reports/balanceo/matrices_confusion_balanceo/confusion_222260671_all_noOutliers_sin_balanceo_IBk_kNN.csv,0.12
confusion_222260671_all_noOutliers_sin_balanceo_IBk_kNN.png,/kaggle/working/outputs/TESE_pruebas/run_20260902_145353/processed_data/reports/balanceo/matrices_confusion_balanceo/confusion_222260671_all_noOutliers_sin_balanceo_IBk_kNN.png,30.22
confusion_222260671_all_noOutliers_sin_balanceo_MLP.csv,/kaggle/working/outputs/TESE_pruebas/run_20260902_145353/processed_data/reports/balanceo/matrices_confusion_balanceo/confusion_222260671_all_noOutliers_sin_balanceo_MLP.csv,0.12
confusion_222260671_all_noOutliers_sin_balanceo_MLP.png,/kaggle/working/outputs/TESE_pruebas/run_20260902_145353/processed_data/reports/balanceo/matrices_confusion_balanceo/confusion_222260671_all_noOutliers_sin_balanceo_MLP.png,29.85
confusion_222260671_all_noOutliers_sin_balanceo_RBFNetwork_aprox.csv,/kaggle/working/outputs/TESE_pruebas/run_20260902_145353/processed_data/reports/balanceo/matrices_confusion_balanceo/confusion_222260671_all_noOutliers_sin_balanceo_RBFNetwork_aprox.csv,0.12
confusion_222260671_all_noOutliers_sin_balanceo_RBFNetwork_aprox.png,/kaggle/working/outputs/TESE_pruebas/run_20260902_145353/processed_data/reports/balanceo/matrices_confusion_balanceo/confusion_222260671_all_noOutliers_sin_balanceo_RBFNetwork_aprox.png,29.21
confusion_222260671_all_noOutliers_sin_balanceo_RandomForest.csv,/kaggle/working/outputs/TESE_pruebas/run_20260902_145353/processed_data/reports/balanceo/matrices_confusion_balanceo/confusion_222260671_all_noOutliers_sin_balanceo_RandomForest.csv,0.12
confusion_222260671_all_noOutliers_sin_balanceo_RandomForest.png,/kaggle/working/outputs/TESE_pruebas/run_20260902_145353/processed_data/reports/balanceo/matrices_confusion_balanceo/confusion_222260671_all_noOutliers_sin_balanceo_RandomForest.png,29.0
confusion_222260671_all_noOutliers_sin_balanceo_SMO_SVM.csv,/kaggle/working/outputs/TESE_pruebas/run_20260902_145353/processed_data/reports/balanceo/matrices_confusion_balanceo/confusion_222260671_all_noOutliers_sin_balanceo_SMO_SVM.csv,0.12
confusion_222260671_all_noOutliers_sin_balanceo_SMO_SVM.png,/kaggle/working/outputs/TESE_pruebas/run_20260902_145353/processed_data/reports/balanceo/matrices_confusion_balanceo/confusion_222260671_all_noOutliers_sin_balanceo_SMO_SVM.png,30.55
confusion_222260671_all_noOutliers_smote_IBk_kNN.csv,/kaggle/working/outputs/TESE_pruebas/run_20260902_145353/processed_data/reports/balanceo/matrices_confusion_balanceo/confusion_222260671_all_noOutliers_smote_IBk_kNN.csv,0.12
confusion_222260671_all_noOutliers_smote_IBk_kNN.png,/kaggle/working/outputs/TESE_pruebas/run_20260902_145353/processed_data/reports/balanceo/matrices_confusion_balanceo/confusion_222260671_all_noOutliers_smote_IBk_kNN.png,27.74
confusion_222260671_all_noOutliers_smote_MLP.csv,/kaggle/working/outputs/TESE_pruebas/run_20260902_145353/processed_data/reports/balanceo/matrices_confusion_balanceo/confusion_222260671_all_noOutliers_smote_MLP.csv,0.12
confusion_222260671_all_noOutliers_smote_MLP.png,/kaggle/working/outputs/TESE_pruebas/run_20260902_145353/processed_data/reports/balanceo/matrices_confusion_balanceo/confusion_222260671_all_noOutliers_smote_MLP.png,28.62
confusion_222260671_all_noOutliers_smote_RBFNetwork_aprox.csv,/kaggle/working/outputs/TESE_pruebas/run_20260902_145353/processed_data/reports/balanceo/matrices_confusion_balanceo/confusion_222260671_all_noOutliers_smote_RBFNetwork_aprox.csv,0.12
confusion_222260671_all_noOutliers_smote_RBFNetwork_aprox.png,/kaggle/working/outputs/TESE_pruebas/run_20260902_145353/processed_data/reports/balanceo/matrices_confusion_balanceo/confusion_222260671_all_noOutliers_smote_RBFNetwork_aprox.png,31.3
confusion_222260671_all_noOutliers_smote_RandomForest.csv,/kaggle/working/outputs/TESE_pruebas/run_20260902_145353/processed_data/reports/balanceo/matrices_confusion_balanceo/confusion_222260671_all_noOutliers_smote_RandomForest.csv,0.12
confusion_222260671_all_noOutliers_smote_RandomForest.png,/kaggle/working/outputs/TESE_pruebas/run_20260902_145353/processed_data/reports/balanceo/matrices_confusion_balanceo/confusion_222260671_all_noOutliers_smote_RandomForest.png,28.77
confusion_222260671_all_noOutliers_smote_SMO_SVM.csv,/kaggle/working/outputs/TESE_pruebas/run_20260902_145353/processed_data/reports/balanceo/matrices_confusion_balanceo/confusion_222260671_all_noOutliers_smote_SMO_SVM.csv,0.12
confusion_222260671_all_noOutliers_smote_SMO_SVM.png,/kaggle/working/outputs/TESE_pruebas/run_20260902_145353/processed_data/reports/balanceo/matrices_confusion_balanceo/confusion_222260671_all_noOutliers_smote_SMO_SVM.png,29.43
confusion_222260671_all_noOutliers_smote_tomek_IBk_kNN.csv,/kaggle/working/outputs/TESE_pruebas/run_20260902_145353/processed_data/reports/balanceo/matrices_confusion_balanceo/confusion_222260671_all_noOutliers_smote_tomek_IBk_kNN.csv,0.12
confusion_222260671_all_noOutliers_smote_tomek_IBk_kNN.png,/kaggle/working/outputs/TESE_pruebas/run_20260902_145353/processed_data/reports/balanceo/matrices_confusion_balanceo/confusion_222260671_all_noOutliers_smote_tomek_IBk_kNN.png,28.21
confusion_222260671_all_noOutliers_smote_tomek_MLP.csv,/kaggle/working/outputs/TESE_pruebas/run_20260902_145353/processed_data/reports/balanceo/matrices_confusion_balanceo/confusion_222260671_all_noOutliers_smote_tomek_MLP.csv,0.12
confusion_222260671_all_noOutliers_smote_tomek_MLP.png,/kaggle/working/outputs/TESE_pruebas/run_20260902_145353/processed_data/reports/balanceo/matrices_confusion_balanceo/confusion_222260671_all_noOutliers_smote_tomek_MLP.png,29.27
confusion_222260671_all_noOutliers_smote_tomek_RBFNetwork_aprox.csv,/kaggle/working/outputs/TESE_pruebas/run_20260902_145353/processed_data/reports/balanceo/matrices_confusion_balanceo/confusion_222260671_all_noOutliers_smote_tomek_RBFNetwork_aprox.csv,0.12
confusion_222260671_all_noOutliers_smote_tomek_RBFNetwork_aprox.png,/kaggle/working/outputs/TESE_pruebas/run_20260902_145353/processed_data/reports/balanceo/matrices_confusion_balanceo/confusion_222260671_all_noOutliers_smote_tomek_RBFNetwork_aprox.png,31.72
confusion_222260671_all_noOutliers_smote_tomek_RandomForest.csv,/kaggle/working/outputs/TESE_pruebas/run_20260902_145353/processed_data/reports/balanceo/matrices_confusion_balanceo/confusion_222260671_all_noOutliers_smote_tomek_RandomForest.csv,0.12
confusion_222260671_all_noOutliers_smote_tomek_RandomForest.png,/kaggle/working/outputs/TESE_pruebas/run_20260902_145353/processed_data/reports/balanceo/matrices_confusion_balanceo/confusion_222260671_all_noOutliers_smote_tomek_RandomForest.png,29.21
confusion_222260671_all_noOutliers_smote_tomek_SMO_SVM.csv,/kaggle/working/outputs/TESE_pruebas/run_20260902_145353/processed_data/reports/balanceo/matrices_confusion_balanceo/confusion_222260671_all_noOutliers_smote_tomek_SMO_SVM.csv,0.12
confusion_222260671_all_noOutliers_smote_tomek_SMO_SVM.png,/kaggle/working/outputs/TESE_pruebas/run_20260902_145353/processed_data/reports/balanceo/matrices_confusion_balanceo/confusion_222260671_all_noOutliers_smote_tomek_SMO_SVM.png,30.09
confusion_22260552_all_noOutliers_class_weight_balanced_RBFNetwork_aprox.csv,/kaggle/working/outputs/TESE_pruebas/run_20260902_145353/processed_data/reports/balanceo/matrices_confusion_balanceo/confusion_22260552_all_noOutliers_class_weight_balanced_RBFNetwork_aprox.csv,0.13
confusion_22260552_all_noOutliers_class_weight_balanced_RBFNetwork_aprox.png,/kaggle/working/outputs/TESE_pruebas/run_20260902_145353/processed_data/reports/balanceo/matrices_confusion_balanceo/confusion_22260552_all_noOutliers_class_weight_balanced_RBFNetwork_aprox.png,36.73
confusion_22260552_all_noOutliers_class_weight_balanced_RandomForest.csv,/kaggle/working/outputs/TESE_pruebas/run_20260902_145353/processed_data/reports/balanceo/matrices_confusion_balanceo/confusion_22260552_all_noOutliers_class_weight_balanced_RandomForest.csv,0.12
confusion_22260552_all_noOutliers_class_weight_balanced_RandomForest.png,/kaggle/working/outputs/TESE_pruebas/run_20260902_145353/processed_data/reports/balanceo/matrices_confusion_balanceo/confusion_22260552_all_noOutliers_class_weight_balanced_RandomForest.png,32.45
confusion_22260552_all_noOutliers_class_weight_balanced_SMO_SVM.csv,/kaggle/working/outputs/TESE_pruebas/run_20260902_145353/processed_data/reports/balanceo/matrices_confusion_balanceo/confusion_22260552_all_noOutliers_class_weight_balanced_SMO_SVM.csv,0.13
confusion_22260552_all_noOutliers_class_weight_balanced_SMO_SVM.png,/kaggle/working/outputs/TESE_pruebas/run_20260902_145353/processed_data/reports/balanceo/matrices_confusion_balanceo/confusion_22260552_all_noOutliers_class_weight_balanced_SMO_SVM.png,32.91
confusion_22260552_all_noOutliers_random_oversampling_IBk_kNN.csv,/kaggle/working/outputs/TESE_pruebas/run_20260902_145353/processed_data/reports/balanceo/matrices_confusion_balanceo/confusion_22260552_all_noOutliers_random_oversampling_IBk_kNN.csv,0.13
confusion_22260552_all_noOutliers_random_oversampling_IBk_kNN.png,/kaggle/working/outputs/TESE_pruebas/run_20260902_145353/processed_data/reports/balanceo/matrices_confusion_balanceo/confusion_22260552_all_noOutliers_random_oversampling_IBk_kNN.png,32.71
confusion_22260552_all_noOutliers_random_oversampling_MLP.csv,/kaggle/working/outputs/TESE_pruebas/run_20260902_145353/processed_data/reports/balanceo/matrices_confusion_balanceo/confusion_22260552_all_noOutliers_random_oversampling_MLP.csv,0.13
confusion_22260552_all_noOutliers_random_oversampling_MLP.png,/kaggle/working/outputs/TESE_pruebas/run_20260902_145353/processed_data/reports/balanceo/matrices_confusion_balanceo/confusion_22260552_all_noOutliers_random_oversampling_MLP.png,31.42
confusion_22260552_all_noOutliers_random_oversampling_RBFNetwork_aprox.csv,/kaggle/working/outputs/TESE_pruebas/run_20260902_145353/processed_data/reports/balanceo/matrices_confusion_balanceo/confusion_22260552_all_noOutliers_random_oversampling_RBFNetwork_aprox.csv,0.13
confusion_22260552_all_noOutliers_random_oversampling_RBFNetwork_aprox.png,/kaggle/working/outputs/TESE_pruebas/run_20260902_145353/processed_data/reports/balanceo/matrices_confusion_balanceo/confusion_22260552_all_noOutliers_random_oversampling_RBFNetwork_aprox.png,34.11
confusion_22260552_all_noOutliers_random_oversampling_RandomForest.csv,/kaggle/working/outputs/TESE_pruebas/run_20260902_145353/processed_data/reports/balanceo/matrices_confusion_balanceo/confusion_22260552_all_noOutliers_random_oversampling_RandomForest.csv,0.13
confusion_22260552_all_noOutliers_random_oversampling_RandomForest.png,/kaggle/working/outputs/TESE_pruebas/run_20260902_145353/processed_data/reports/balanceo/matrices_confusion_balanceo/confusion_22260552_all_noOutliers_random_oversampling_RandomForest.png,33.39
confusion_22260552_all_noOutliers_random_oversampling_SMO_SVM.csv,/kaggle/working/outputs/TESE_pruebas/run_20260902_145353/processed_data/reports/balanceo/matrices_confusion_balanceo/confusion_22260552_all_noOutliers_random_oversampling_SMO_SVM.csv,0.13
confusion_22260552_all_noOutliers_random_oversampling_SMO_SVM.png,/kaggle/working/outputs/TESE_pruebas/run_20260902_145353/processed_data/reports/balanceo/matrices_confusion_balanceo/confusion_22260552_all_noOutliers_random_oversampling_SMO_SVM.png,32.92
confusion_22260552_all_noOutliers_random_undersampling_controlado_IBk_kNN.csv,/kaggle/working/outputs/TESE_pruebas/run_20260902_145353/processed_data/reports/balanceo/matrices_confusion_balanceo/confusion_22260552_all_noOutliers_random_undersampling_controlado_IBk_kNN.csv,0.13
confusion_22260552_all_noOutliers_random_undersampling_controlado_IBk_kNN.png,/kaggle/working/outputs/TESE_pruebas/run_20260902_145353/processed_data/reports/balanceo/matrices_confusion_balanceo/confusion_22260552_all_noOutliers_random_undersampling_controlado_IBk_kNN.png,36.61
confusion_22260552_all_noOutliers_random_undersampling_controlado_MLP.csv,/kaggle/working/outputs/TESE_pruebas/run_20260902_145353/processed_data/reports/balanceo/matrices_confusion_balanceo/confusion_22260552_all_noOutliers_random_undersampling_controlado_MLP.csv,0.13
confusion_22260552_all_noOutliers_random_undersampling_controlado_MLP.png,/kaggle/working/outputs/TESE_pruebas/run_20260902_145353/processed_data/reports/balanceo/matrices_confusion_balanceo/confusion_22260552_all_noOutliers_random_undersampling_controlado_MLP.png,32.7
confusion_22260552_all_noOutliers_random_undersampling_controlado_RBFNetwork_aprox.csv,/kaggle/working/outputs/TESE_pruebas/run_20260902_145353/processed_data/reports/balanceo/matrices_confusion_balanceo/confusion_22260552_all_noOutliers_random_undersampling_controlado_RBFNetwork_aprox.csv,0.13
confusion_22260552_all_noOutliers_random_undersampling_controlado_RBFNetwork_aprox.png,/kaggle/working/outputs/TESE_pruebas/run_20260902_145353/processed_data/reports/balanceo/matrices_confusion_balanceo/confusion_22260552_all_noOutliers_random_undersampling_controlado_RBFNetwork_aprox.png,37.79
confusion_22260552_all_noOutliers_random_undersampling_controlado_RandomForest.csv,/kaggle/working/outputs/TESE_pruebas/run_20260902_145353/processed_data/reports/balanceo/matrices_confusion_balanceo/confusion_22260552_all_noOutliers_random_undersampling_controlado_RandomForest.csv,0.13
confusion_22260552_all_noOutliers_random_undersampling_controlado_RandomForest.png,/kaggle/working/outputs/TESE_pruebas/run_20260902_145353/processed_data/reports/balanceo/matrices_confusion_balanceo/confusion_22260552_all_noOutliers_random_undersampling_controlado_RandomForest.png,33.39
confusion_22260552_all_noOutliers_random_undersampling_controlado_SMO_SVM.csv,/kaggle/working/outputs/TESE_pruebas/run_20260902_145353/processed_data/reports/balanceo/matrices_confusion_balanceo/confusion_22260552_all_noOutliers_random_undersampling_controlado_SMO_SVM.csv,0.13
confusion_22260552_all_noOutliers_random_undersampling_controlado_SMO_SVM.png,/kaggle/working/outputs/TESE_pruebas/run_20260902_145353/processed_data/reports/balanceo/matrices_confusion_balanceo/confusion_22260552_all_noOutliers_random_undersampling_controlado_SMO_SVM.png,33.88
confusion_22260552_all_noOutliers_sin_balanceo_IBk_kNN.csv,/kaggle/working/outputs/TESE_pruebas/run_20260902_145353/processed_data/reports/balanceo/matrices_confusion_balanceo/confusion_22260552_all_noOutliers_sin_balanceo_IBk_kNN.csv,0.13
confusion_22260552_all_noOutliers_sin_balanceo_IBk_kNN.png,/kaggle/working/outputs/TESE_pruebas/run_20260902_145353/processed_data/reports/balanceo/matrices_confusion_balanceo/confusion_22260552_all_noOutliers_sin_balanceo_IBk_kNN.png,30.84
confusion_22260552_all_noOutliers_sin_balanceo_MLP.csv,/kaggle/working/outputs/TESE_pruebas/run_20260902_145353/processed_data/reports/balanceo/matrices_confusion_balanceo/confusion_22260552_all_noOutliers_sin_balanceo_MLP.csv,0.13
confusion_22260552_all_noOutliers_sin_balanceo_MLP.png,/kaggle/working/outputs/TESE_pruebas/run_20260902_145353/processed_data/reports/balanceo/matrices_confusion_balanceo/confusion_22260552_all_noOutliers_sin_balanceo_MLP.png,32.34
confusion_22260552_all_noOutliers_sin_balanceo_RBFNetwork_aprox.csv,/kaggle/working/outputs/TESE_pruebas/run_20260902_145353/processed_data/reports/balanceo/matrices_confusion_balanceo/confusion_22260552_all_noOutliers_sin_balanceo_RBFNetwork_aprox.csv,0.13
confusion_22260552_all_noOutliers_sin_balanceo_RBFNetwork_aprox.png,/kaggle/working/outputs/TESE_pruebas/run_20260902_145353/processed_data/reports/balanceo/matrices_confusion_balanceo/confusion_22260552_all_noOutliers_sin_balanceo_RBFNetwork_aprox.png,32.53
confusion_22260552_all_noOutliers_sin_balanceo_RandomForest.csv,/kaggle/working/outputs/TESE_pruebas/run_20260902_145353/processed_data/reports/balanceo/matrices_confusion_balanceo/confusion_22260552_all_noOutliers_sin_balanceo_RandomForest.csv,0.13
confusion_22260552_all_noOutliers_sin_balanceo_RandomForest.png,/kaggle/working/outputs/TESE_pruebas/run_20260902_145353/processed_data/reports/balanceo/matrices_confusion_balanceo/confusion_22260552_all_noOutliers_sin_balanceo_RandomForest.png,32.64
confusion_22260552_all_noOutliers_sin_balanceo_SMO_SVM.csv,/kaggle/working/outputs/TESE_pruebas/run_20260902_145353/processed_data/reports/balanceo/matrices_confusion_balanceo/confusion_22260552_all_noOutliers_sin_balanceo_SMO_SVM.csv,0.13
confusion_22260552_all_noOutliers_sin_balanceo_SMO_SVM.png,/kaggle/working/outputs/TESE_pruebas/run_20260902_145353/processed_data/reports/balanceo/matrices_confusion_balanceo/confusion_22260552_all_noOutliers_sin_balanceo_SMO_SVM.png,31.9
confusion_22260552_all_noOutliers_smote_IBk_kNN.csv,/kaggle/working/outputs/TESE_pruebas/run_20260902_145353/processed_data/reports/balanceo/matrices_confusion_balanceo/confusion_22260552_all_noOutliers_smote_IBk_kNN.csv,0.13
confusion_22260552_all_noOutliers_smote_IBk_kNN.png,/kaggle/working/outputs/TESE_pruebas/run_20260902_145353/processed_data/reports/balanceo/matrices_confusion_balanceo/confusion_22260552_all_noOutliers_smote_IBk_kNN.png,33.63
confusion_22260552_all_noOutliers_smote_MLP.csv,/kaggle/working/outputs/TESE_pruebas/run_20260902_145353/processed_data/reports/balanceo/matrices_confusion_balanceo/confusion_22260552_all_noOutliers_smote_MLP.csv,0.13
confusion_22260552_all_noOutliers_smote_MLP.png,/kaggle/working/outputs/TESE_pruebas/run_20260902_145353/processed_data/reports/balanceo/matrices_confusion_balanceo/confusion_22260552_all_noOutliers_smote_MLP.png,30.26
confusion_22260552_all_noOutliers_smote_RBFNetwork_aprox.csv,/kaggle/working/outputs/TESE_pruebas/run_20260902_145353/processed_data/reports/balanceo/matrices_confusion_balanceo/confusion_22260552_all_noOutliers_smote_RBFNetwork_aprox.csv,0.13
confusion_22260552_all_noOutliers_smote_RBFNetwork_aprox.png,/kaggle/working/outputs/TESE_pruebas/run_20260902_145353/processed_data/reports/balanceo/matrices_confusion_balanceo/confusion_22260552_all_noOutliers_smote_RBFNetwork_aprox.png,31.19
confusion_22260552_all_noOutliers_smote_RandomForest.csv,/kaggle/working/outputs/TESE_pruebas/run_20260902_145353/processed_data/reports/balanceo/matrices_confusion_balanceo/confusion_22260552_all_noOutliers_smote_RandomForest.csv,0.13
confusion_22260552_all_noOutliers_smote_RandomForest.png,/kaggle/working/outputs/TESE_pruebas/run_20260902_145353/processed_data/reports/balanceo/matrices_confusion_balanceo/confusion_22260552_all_noOutliers_smote_RandomForest.png,32.29
confusion_22260552_all_noOutliers_smote_SMO_SVM.csv,/kaggle/working/outputs/TESE_pruebas/run_20260902_145353/processed_data/reports/balanceo/matrices_confusion_balanceo/confusion_22260552_all_noOutliers_smote_SMO_SVM.csv,0.13
confusion_22260552_all_noOutliers_smote_SMO_SVM.png,/kaggle/working/outputs/TESE_pruebas/run_20260902_145353/processed_data/reports/balanceo/matrices_confusion_balanceo/confusion_22260552_all_noOutliers_smote_SMO_SVM.png,30.94
confusion_22260552_all_noOutliers_smote_tomek_IBk_kNN.csv,/kaggle/working/outputs/TESE_pruebas/run_20260902_145353/processed_data/reports/balanceo/matrices_confusion_balanceo/confusion_22260552_all_noOutliers_smote_tomek_IBk_kNN.csv,0.13
confusion_22260552_all_noOutliers_smote_tomek_IBk_kNN.png,/kaggle/working/outputs/TESE_pruebas/run_20260902_145353/processed_data/reports/balanceo/matrices_confusion_balanceo/confusion_22260552_all_noOutliers_smote_tomek_IBk_kNN.png,33.94
confusion_22260552_all_noOutliers_smote_tomek_MLP.csv,/kaggle/working/outputs/TESE_pruebas/run_20260902_145353/processed_data/reports/balanceo/matrices_confusion_balanceo/confusion_22260552_all_noOutliers_smote_tomek_MLP.csv,0.13
confusion_22260552_all_noOutliers_smote_tomek_MLP.png,/kaggle/working/outputs/TESE_pruebas/run_20260902_145353/processed_data/reports/balanceo/matrices_confusion_balanceo/confusion_22260552_all_noOutliers_smote_tomek_MLP.png,30.76
confusion_22260552_all_noOutliers_smote_tomek_RBFNetwork_aprox.csv,/kaggle/working/outputs/TESE_pruebas/run_20260902_145353/processed_data/reports/balanceo/matrices_confusion_balanceo/confusion_22260552_all_noOutliers_smote_tomek_RBFNetwork_aprox.csv,0.13
confusion_22260552_all_noOutliers_smote_tomek_RBFNetwork_aprox.png,/kaggle/working/outputs/TESE_pruebas/run_20260902_145353/processed_data/reports/balanceo/matrices_confusion_balanceo/confusion_22260552_all_noOutliers_smote_tomek_RBFNetwork_aprox.png,31.98
confusion_22260552_all_noOutliers_smote_tomek_RandomForest.csv,/kaggle/working/outputs/TESE_pruebas/run_20260902_145353/processed_data/reports/balanceo/matrices_confusion_balanceo/confusion_22260552_all_noOutliers_smote_tomek_RandomForest.csv,0.13
confusion_22260552_all_noOutliers_smote_tomek_RandomForest.png,/kaggle/working/outputs/TESE_pruebas/run_20260902_145353/processed_data/reports/balanceo/matrices_confusion_balanceo/confusion_22260552_all_noOutliers_smote_tomek_RandomForest.png,32.32
confusion_22260552_all_noOutliers_smote_tomek_SMO_SVM.csv,/kaggle/working/outputs/TESE_pruebas/run_20260902_145353/processed_data/reports/balanceo/matrices_confusion_balanceo/confusion_22260552_all_noOutliers_smote_tomek_SMO_SVM.csv,0.13
confusion_22260552_all_noOutliers_smote_tomek_SMO_SVM.png,/kaggle/working/outputs/TESE_pruebas/run_20260902_145353/processed_data/reports/balanceo/matrices_confusion_balanceo/confusion_22260552_all_noOutliers_smote_tomek_SMO_SVM.png,31.92
confusion_22260552_all_sinArtefactosConservador_class_weight_balanced_RBFNetwork_aprox.csv,/kaggle/working/outputs/TESE_pruebas/run_20260902_145353/processed_data/reports/balanceo/matrices_confusion_balanceo/confusion_22260552_all_sinArtefactosConservador_class_weight_balanced_RBFNetwork_aprox.csv,0.13
confusion_22260552_all_sinArtefactosConservador_class_weight_balanced_RBFNetwork_aprox.png,/kaggle/working/outputs/TESE_pruebas/run_20260902_145353/processed_data/reports/balanceo/matrices_confusion_balanceo/confusion_22260552_all_sinArtefactosConservador_class_weight_balanced_RBFNetwork_aprox.png,34.39
confusion_22260552_all_sinArtefactosConservador_class_weight_balanced_RandomForest.csv,/kaggle/working/outputs/TESE_pruebas/run_20260902_145353/processed_data/reports/balanceo/matrices_confusion_balanceo/confusion_22260552_all_sinArtefactosConservador_class_weight_balanced_RandomForest.csv,0.12
confusion_22260552_all_sinArtefactosConservador_class_weight_balanced_RandomForest.png,/kaggle/working/outputs/TESE_pruebas/run_20260902_145353/processed_data/reports/balanceo/matrices_confusion_balanceo/confusion_22260552_all_sinArtefactosConservador_class_weight_balanced_RandomForest.png,33.46
confusion_22260552_all_sinArtefactosConservador_class_weight_balanced_SMO_SVM.csv,/kaggle/working/outputs/TESE_pruebas/run_20260902_145353/processed_data/reports/balanceo/matrices_confusion_balanceo/confusion_22260552_all_sinArtefactosConservador_class_weight_balanced_SMO_SVM.csv,0.13
confusion_22260552_all_sinArtefactosConservador_class_weight_balanced_SMO_SVM.png,/kaggle/working/outputs/TESE_pruebas/run_20260902_145353/processed_data/reports/balanceo/matrices_confusion_balanceo/confusion_22260552_all_sinArtefactosConservador_class_weight_balanced_SMO_SVM.png,34.37
confusion_22260552_all_sinArtefactosConservador_random_oversampling_IBk_kNN.csv,/kaggle/working/outputs/TESE_pruebas/run_20260902_145353/processed_data/reports/balanceo/matrices_confusion_balanceo/confusion_22260552_all_sinArtefactosConservador_random_oversampling_IBk_kNN.csv,0.13
confusion_22260552_all_sinArtefactosConservador_random_oversampling_IBk_kNN.png,/kaggle/working/outputs/TESE_pruebas/run_20260902_145353/processed_data/reports/balanceo/matrices_confusion_balanceo/confusion_22260552_all_sinArtefactosConservador_random_oversampling_IBk_kNN.png,33.45
confusion_22260552_all_sinArtefactosConservador_random_oversampling_MLP.csv,/kaggle/working/outputs/TESE_pruebas/run_20260902_145353/processed_data/reports/balanceo/matrices_confusion_balanceo/confusion_22260552_all_sinArtefactosConservador_random_oversampling_MLP.csv,0.13
confusion_22260552_all_sinArtefactosConservador_random_oversampling_MLP.png,/kaggle/working/outputs/TESE_pruebas/run_20260902_145353/processed_data/reports/balanceo/matrices_confusion_balanceo/confusion_22260552_all_sinArtefactosConservador_random_oversampling_MLP.png,33.42
confusion_22260552_all_sinArtefactosConservador_random_oversampling_RBFNetwork_aprox.csv,/kaggle/working/outputs/TESE_pruebas/run_20260902_145353/processed_data/reports/balanceo/matrices_confusion_balanceo/confusion_22260552_all_sinArtefactosConservador_random_oversampling_RBFNetwork_aprox.csv,0.13
confusion_22260552_all_sinArtefactosConservador_random_oversampling_RBFNetwork_aprox.png,/kaggle/working/outputs/TESE_pruebas/run_20260902_145353/processed_data/reports/balanceo/matrices_confusion_balanceo/confusion_22260552_all_sinArtefactosConservador_random_oversampling_RBFNetwork_aprox.png,34.79
confusion_22260552_all_sinArtefactosConservador_random_oversampling_RandomForest.csv,/kaggle/working/outputs/TESE_pruebas/run_20260902_145353/processed_data/reports/balanceo/matrices_confusion_balanceo/confusion_22260552_all_sinArtefactosConservador_random_oversampling_RandomForest.csv,0.12
confusion_22260552_all_sinArtefactosConservador_random_oversampling_RandomForest.png,/kaggle/working/outputs/TESE_pruebas/run_20260902_145353/processed_data/reports/balanceo/matrices_confusion_balanceo/confusion_22260552_all_sinArtefactosConservador_random_oversampling_RandomForest.png,34.26
confusion_22260552_all_sinArtefactosConservador_random_oversampling_SMO_SVM.csv,/kaggle/working/outputs/TESE_pruebas/run_20260902_145353/processed_data/reports/balanceo/matrices_confusion_balanceo/confusion_22260552_all_sinArtefactosConservador_random_oversampling_SMO_SVM.csv,0.13
confusion_22260552_all_sinArtefactosConservador_random_oversampling_SMO_SVM.png,/kaggle/working/outputs/TESE_pruebas/run_20260902_145353/processed_data/reports/balanceo/matrices_confusion_balanceo/confusion_22260552_all_sinArtefactosConservador_random_oversampling_SMO_SVM.png,34.59
confusion_22260552_all_sinArtefactosConservador_random_undersampling_controlado_IBk_kNN.csv,/kaggle/working/outputs/TESE_pruebas/run_20260902_145353/processed_data/reports/balanceo/matrices_confusion_balanceo/confusion_22260552_all_sinArtefactosConservador_random_undersampling_controlado_IBk_kNN.csv,0.13
confusion_22260552_all_sinArtefactosConservador_random_undersampling_controlado_IBk_kNN.png,/kaggle/working/outputs/TESE_pruebas/run_20260902_145353/processed_data/reports/balanceo/matrices_confusion_balanceo/confusion_22260552_all_sinArtefactosConservador_random_undersampling_controlado_IBk_kNN.png,35.67
confusion_22260552_all_sinArtefactosConservador_random_undersampling_controlado_MLP.csv,/kaggle/working/outputs/TESE_pruebas/run_20260902_145353/processed_data/reports/balanceo/matrices_confusion_balanceo/confusion_22260552_all_sinArtefactosConservador_random_undersampling_controlado_MLP.csv,0.13
confusion_22260552_all_sinArtefactosConservador_random_undersampling_controlado_MLP.png,/kaggle/working/outputs/TESE_pruebas/run_20260902_145353/processed_data/reports/balanceo/matrices_confusion_balanceo/confusion_22260552_all_sinArtefactosConservador_random_undersampling_controlado_MLP.png,33.61
confusion_22260552_all_sinArtefactosConservador_random_undersampling_controlado_RBFNetwork_aprox.csv,/kaggle/working/outputs/TESE_pruebas/run_20260902_145353/processed_data/reports/balanceo/matrices_confusion_balanceo/confusion_22260552_all_sinArtefactosConservador_random_undersampling_controlado_RBFNetwork_aprox.csv,0.13
confusion_22260552_all_sinArtefactosConservador_random_undersampling_controlado_RBFNetwork_aprox.png,/kaggle/working/outputs/TESE_pruebas/run_20260902_145353/processed_data/reports/balanceo/matrices_confusion_balanceo/confusion_22260552_all_sinArtefactosConservador_random_undersampling_controlado_RBFNetwork_aprox.png,33.2
confusion_22260552_all_sinArtefactosConservador_random_undersampling_controlado_RandomForest.csv,/kaggle/working/outputs/TESE_pruebas/run_20260902_145353/processed_data/reports/balanceo/matrices_confusion_balanceo/confusion_22260552_all_sinArtefactosConservador_random_undersampling_controlado_RandomForest.csv,0.13
confusion_22260552_all_sinArtefactosConservador_random_undersampling_controlado_RandomForest.png,/kaggle/working/outputs/TESE_pruebas/run_20260902_145353/processed_data/reports/balanceo/matrices_confusion_balanceo/confusion_22260552_all_sinArtefactosConservador_random_undersampling_controlado_RandomForest.png,33.09
confusion_22260552_all_sinArtefactosConservador_random_undersampling_controlado_SMO_SVM.csv,/kaggle/working/outputs/TESE_pruebas/run_20260902_145353/processed_data/reports/balanceo/matrices_confusion_balanceo/confusion_22260552_all_sinArtefactosConservador_random_undersampling_controlado_SMO_SVM.csv,0.13
confusion_22260552_all_sinArtefactosConservador_random_undersampling_controlado_SMO_SVM.png,/kaggle/working/outputs/TESE_pruebas/run_20260902_145353/processed_data/reports/balanceo/matrices_confusion_balanceo/confusion_22260552_all_sinArtefactosConservador_random_undersampling_controlado_SMO_SVM.png,36.34
confusion_22260552_all_sinArtefactosConservador_sin_balanceo_IBk_kNN.csv,/kaggle/working/outputs/TESE_pruebas/run_20260902_145353/processed_data/reports/balanceo/matrices_confusion_balanceo/confusion_22260552_all_sinArtefactosConservador_sin_balanceo_IBk_kNN.csv,0.13
confusion_22260552_all_sinArtefactosConservador_sin_balanceo_IBk_kNN.png,/kaggle/working/outputs/TESE_pruebas/run_20260902_145353/processed_data/reports/balanceo/matrices_confusion_balanceo/confusion_22260552_all_sinArtefactosConservador_sin_balanceo_IBk_kNN.png,31.74
confusion_22260552_all_sinArtefactosConservador_sin_balanceo_MLP.csv,/kaggle/working/outputs/TESE_pruebas/run_20260902_145353/processed_data/reports/balanceo/matrices_confusion_balanceo/confusion_22260552_all_sinArtefactosConservador_sin_balanceo_MLP.csv,0.13
confusion_22260552_all_sinArtefactosConservador_sin_balanceo_MLP.png,/kaggle/working/outputs/TESE_pruebas/run_20260902_145353/processed_data/reports/balanceo/matrices_confusion_balanceo/confusion_22260552_all_sinArtefactosConservador_sin_balanceo_MLP.png,32.15
confusion_22260552_all_sinArtefactosConservador_sin_balanceo_RBFNetwork_aprox.csv,/kaggle/working/outputs/TESE_pruebas/run_20260902_145353/processed_data/reports/balanceo/matrices_confusion_balanceo/confusion_22260552_all_sinArtefactosConservador_sin_balanceo_RBFNetwork_aprox.csv,0.12
confusion_22260552_all_sinArtefactosConservador_sin_balanceo_RBFNetwork_aprox.png,/kaggle/working/outputs/TESE_pruebas/run_20260902_145353/processed_data/reports/balanceo/matrices_confusion_balanceo/confusion_22260552_all_sinArtefactosConservador_sin_balanceo_RBFNetwork_aprox.png,34.38
confusion_22260552_all_sinArtefactosConservador_sin_balanceo_RandomForest.csv,/kaggle/working/outputs/TESE_pruebas/run_20260902_145353/processed_data/reports/balanceo/matrices_confusion_balanceo/confusion_22260552_all_sinArtefactosConservador_sin_balanceo_RandomForest.csv,0.12
confusion_22260552_all_sinArtefactosConservador_sin_balanceo_RandomForest.png,/kaggle/working/outputs/TESE_pruebas/run_20260902_145353/processed_data/reports/balanceo/matrices_confusion_balanceo/confusion_22260552_all_sinArtefactosConservador_sin_balanceo_RandomForest.png,33.02
confusion_22260552_all_sinArtefactosConservador_sin_balanceo_SMO_SVM.csv,/kaggle/working/outputs/TESE_pruebas/run_20260902_145353/processed_data/reports/balanceo/matrices_confusion_balanceo/confusion_22260552_all_sinArtefactosConservador_sin_balanceo_SMO_SVM.csv,0.13
confusion_22260552_all_sinArtefactosConservador_sin_balanceo_SMO_SVM.png,/kaggle/working/outputs/TESE_pruebas/run_20260902_145353/processed_data/reports/balanceo/matrices_confusion_balanceo/confusion_22260552_all_sinArtefactosConservador_sin_balanceo_SMO_SVM.png,33.62
confusion_22260552_all_sinArtefactosConservador_smote_IBk_kNN.csv,/kaggle/working/outputs/TESE_pruebas/run_20260902_145353/processed_data/reports/balanceo/matrices_confusion_balanceo/confusion_22260552_all_sinArtefactosConservador_smote_IBk_kNN.csv,0.13
confusion_22260552_all_sinArtefactosConservador_smote_IBk_kNN.png,/kaggle/working/outputs/TESE_pruebas/run_20260902_145353/processed_data/reports/balanceo/matrices_confusion_balanceo/confusion_22260552_all_sinArtefactosConservador_smote_IBk_kNN.png,31.11
confusion_22260552_all_sinArtefactosConservador_smote_MLP.csv,/kaggle/working/outputs/TESE_pruebas/run_20260902_145353/processed_data/reports/balanceo/matrices_confusion_balanceo/confusion_22260552_all_sinArtefactosConservador_smote_MLP.csv,0.13
confusion_22260552_all_sinArtefactosConservador_smote_MLP.png,/kaggle/working/outputs/TESE_pruebas/run_20260902_145353/processed_data/reports/balanceo/matrices_confusion_balanceo/confusion_22260552_all_sinArtefactosConservador_smote_MLP.png,31.99
confusion_22260552_all_sinArtefactosConservador_smote_RBFNetwork_aprox.csv,/kaggle/working/outputs/TESE_pruebas/run_20260902_145353/processed_data/reports/balanceo/matrices_confusion_balanceo/confusion_22260552_all_sinArtefactosConservador_smote_RBFNetwork_aprox.csv,0.13
confusion_22260552_all_sinArtefactosConservador_smote_RBFNetwork_aprox.png,/kaggle/working/outputs/TESE_pruebas/run_20260902_145353/processed_data/reports/balanceo/matrices_confusion_balanceo/confusion_22260552_all_sinArtefactosConservador_smote_RBFNetwork_aprox.png,33.87
confusion_22260552_all_sinArtefactosConservador_smote_RandomForest.csv,/kaggle/working/outputs/TESE_pruebas/run_20260902_145353/processed_data/reports/balanceo/matrices_confusion_balanceo/confusion_22260552_all_sinArtefactosConservador_smote_RandomForest.csv,0.12
confusion_22260552_all_sinArtefactosConservador_smote_RandomForest.png,/kaggle/working/outputs/TESE_pruebas/run_20260902_145353/processed_data/reports/balanceo/matrices_confusion_balanceo/confusion_22260552_all_sinArtefactosConservador_smote_RandomForest.png,32.63
confusion_22260552_all_sinArtefactosConservador_smote_SMO_SVM.csv,/kaggle/working/outputs/TESE_pruebas/run_20260902_145353/processed_data/reports/balanceo/matrices_confusion_balanceo/confusion_22260552_all_sinArtefactosConservador_smote_SMO_SVM.csv,0.13
confusion_22260552_all_sinArtefactosConservador_smote_SMO_SVM.png,/kaggle/working/outputs/TESE_pruebas/run_20260902_145353/processed_data/reports/balanceo/matrices_confusion_balanceo/confusion_22260552_all_sinArtefactosConservador_smote_SMO_SVM.png,32.48
confusion_22260552_all_sinArtefactosConservador_smote_tomek_IBk_kNN.csv,/kaggle/working/outputs/TESE_pruebas/run_20260902_145353/processed_data/reports/balanceo/matrices_confusion_balanceo/confusion_22260552_all_sinArtefactosConservador_smote_tomek_IBk_kNN.csv,0.13
confusion_22260552_all_sinArtefactosConservador_smote_tomek_IBk_kNN.png,/kaggle/working/outputs/TESE_pruebas/run_20260902_145353/processed_data/reports/balanceo/matrices_confusion_balanceo/confusion_22260552_all_sinArtefactosConservador_smote_tomek_IBk_kNN.png,32.11
confusion_22260552_all_sinArtefactosConservador_smote_tomek_MLP.csv,/kaggle/working/outputs/TESE_pruebas/run_20260902_145353/processed_data/reports/balanceo/matrices_confusion_balanceo/confusion_22260552_all_sinArtefactosConservador_smote_tomek_MLP.csv,0.13
confusion_22260552_all_sinArtefactosConservador_smote_tomek_MLP.png,/kaggle/working/outputs/TESE_pruebas/run_20260902_145353/processed_data/reports/balanceo/matrices_confusion_balanceo/confusion_22260552_all_sinArtefactosConservador_smote_tomek_MLP.png,32.89
confusion_22260552_all_sinArtefactosConservador_smote_tomek_RBFNetwork_aprox.csv,/kaggle/working/outputs/TESE_pruebas/run_20260902_145353/processed_data/reports/balanceo/matrices_confusion_balanceo/confusion_22260552_all_sinArtefactosConservador_smote_tomek_RBFNetwork_aprox.csv,0.13
confusion_22260552_all_sinArtefactosConservador_smote_tomek_RBFNetwork_aprox.png,/kaggle/working/outputs/TESE_pruebas/run_20260902_145353/processed_data/reports/balanceo/matrices_confusion_balanceo/confusion_22260552_all_sinArtefactosConservador_smote_tomek_RBFNetwork_aprox.png,34.84
confusion_22260552_all_sinArtefactosConservador_smote_tomek_RandomForest.csv,/kaggle/working/outputs/TESE_pruebas/run_20260902_145353/processed_data/reports/balanceo/matrices_confusion_balanceo/confusion_22260552_all_sinArtefactosConservador_smote_tomek_RandomForest.csv,0.12
confusion_22260552_all_sinArtefactosConservador_smote_tomek_RandomForest.png,/kaggle/working/outputs/TESE_pruebas/run_20260902_145353/processed_data/reports/balanceo/matrices_confusion_balanceo/confusion_22260552_all_sinArtefactosConservador_smote_tomek_RandomForest.png,33.34
confusion_22260552_all_sinArtefactosConservador_smote_tomek_SMO_SVM.csv,/kaggle/working/outputs/TESE_pruebas/run_20260902_145353/processed_data/reports/balanceo/matrices_confusion_balanceo/confusion_22260552_all_sinArtefactosConservador_smote_tomek_SMO_SVM.csv,0.13
confusion_22260552_all_sinArtefactosConservador_smote_tomek_SMO_SVM.png,/kaggle/working/outputs/TESE_pruebas/run_20260902_145353/processed_data/reports/balanceo/matrices_confusion_balanceo/confusion_22260552_all_sinArtefactosConservador_smote_tomek_SMO_SVM.png,33.2
confusion_231260558_all_noOutliers_class_weight_balanced_RBFNetwork_aprox.csv,/kaggle/working/outputs/TESE_pruebas/run_20260902_145353/processed_data/reports/balanceo/matrices_confusion_balanceo/confusion_231260558_all_noOutliers_class_weight_balanced_RBFNetwork_aprox.csv,0.13
confusion_231260558_all_noOutliers_class_weight_balanced_RBFNetwork_aprox.png,/kaggle/working/outputs/TESE_pruebas/run_20260902_145353/processed_data/reports/balanceo/matrices_confusion_balanceo/confusion_231260558_all_noOutliers_class_weight_balanced_RBFNetwork_aprox.png,37.3
confusion_231260558_all_noOutliers_class_weight_balanced_RandomForest.csv,/kaggle/working/outputs/TESE_pruebas/run_20260902_145353/processed_data/reports/balanceo/matrices_confusion_balanceo/confusion_231260558_all_noOutliers_class_weight_balanced_RandomForest.csv,0.12
confusion_231260558_all_noOutliers_class_weight_balanced_RandomForest.png,/kaggle/working/outputs/TESE_pruebas/run_20260902_145353/processed_data/reports/balanceo/matrices_confusion_balanceo/confusion_231260558_all_noOutliers_class_weight_balanced_RandomForest.png,35.34
confusion_231260558_all_noOutliers_class_weight_balanced_SMO_SVM.csv,/kaggle/working/outputs/TESE_pruebas/run_20260902_145353/processed_data/reports/balanceo/matrices_confusion_balanceo/confusion_231260558_all_noOutliers_class_weight_balanced_SMO_SVM.csv,0.13
confusion_231260558_all_noOutliers_class_weight_balanced_SMO_SVM.png,/kaggle/working/outputs/TESE_pruebas/run_20260902_145353/processed_data/reports/balanceo/matrices_confusion_balanceo/confusion_231260558_all_noOutliers_class_weight_balanced_SMO_SVM.png,34.69
confusion_231260558_all_noOutliers_random_oversampling_IBk_kNN.csv,/kaggle/working/outputs/TESE_pruebas/run_20260902_145353/processed_data/reports/balanceo/matrices_confusion_balanceo/confusion_231260558_all_noOutliers_random_oversampling_IBk_kNN.csv,0.13
confusion_231260558_all_noOutliers_random_oversampling_IBk_kNN.png,/kaggle/working/outputs/TESE_pruebas/run_20260902_145353/processed_data/reports/balanceo/matrices_confusion_balanceo/confusion_231260558_all_noOutliers_random_oversampling_IBk_kNN.png,35.92
confusion_231260558_all_noOutliers_random_oversampling_MLP.csv,/kaggle/working/outputs/TESE_pruebas/run_20260902_145353/processed_data/reports/balanceo/matrices_confusion_balanceo/confusion_231260558_all_noOutliers_random_oversampling_MLP.csv,0.13
confusion_231260558_all_noOutliers_random_oversampling_MLP.png,/kaggle/working/outputs/TESE_pruebas/run_20260902_145353/processed_data/reports/balanceo/matrices_confusion_balanceo/confusion_231260558_all_noOutliers_random_oversampling_MLP.png,35.0
confusion_231260558_all_noOutliers_random_oversampling_RBFNetwork_aprox.csv,/kaggle/working/outputs/TESE_pruebas/run_20260902_145353/processed_data/reports/balanceo/matrices_confusion_balanceo/confusion_231260558_all_noOutliers_random_oversampling_RBFNetwork_aprox.csv,0.13
confusion_231260558_all_noOutliers_random_oversampling_RBFNetwork_aprox.png,/kaggle/working/outputs/TESE_pruebas/run_20260902_145353/processed_data/reports/balanceo/matrices_confusion_balanceo/confusion_231260558_all_noOutliers_random_oversampling_RBFNetwork_aprox.png,37.51
confusion_231260558_all_noOutliers_random_oversampling_RandomForest.csv,/kaggle/working/outputs/TESE_pruebas/run_20260902_145353/processed_data/reports/balanceo/matrices_confusion_balanceo/confusion_231260558_all_noOutliers_random_oversampling_RandomForest.csv,0.13
confusion_231260558_all_noOutliers_random_oversampling_RandomForest.png,/kaggle/working/outputs/TESE_pruebas/run_20260902_145353/processed_data/reports/balanceo/matrices_confusion_balanceo/confusion_231260558_all_noOutliers_random_oversampling_RandomForest.png,36.06
confusion_231260558_all_noOutliers_random_oversampling_SMO_SVM.csv,/kaggle/working/outputs/TESE_pruebas/run_20260902_145353/processed_data/reports/balanceo/matrices_confusion_balanceo/confusion_231260558_all_noOutliers_random_oversampling_SMO_SVM.csv,0.13
confusion_231260558_all_noOutliers_random_oversampling_SMO_SVM.png,/kaggle/working/outputs/TESE_pruebas/run_20260902_145353/processed_data/reports/balanceo/matrices_confusion_balanceo/confusion_231260558_all_noOutliers_random_oversampling_SMO_SVM.png,34.72
confusion_231260558_all_noOutliers_random_undersampling_controlado_IBk_kNN.csv,/kaggle/working/outputs/TESE_pruebas/run_20260902_145353/processed_data/reports/balanceo/matrices_confusion_balanceo/confusion_231260558_all_noOutliers_random_undersampling_controlado_IBk_kNN.csv,0.13
confusion_231260558_all_noOutliers_random_undersampling_controlado_IBk_kNN.png,/kaggle/working/outputs/TESE_pruebas/run_20260902_145353/processed_data/reports/balanceo/matrices_confusion_balanceo/confusion_231260558_all_noOutliers_random_undersampling_controlado_IBk_kNN.png,35.06
confusion_231260558_all_noOutliers_random_undersampling_controlado_MLP.csv,/kaggle/working/outputs/TESE_pruebas/run_20260902_145353/processed_data/reports/balanceo/matrices_confusion_balanceo/confusion_231260558_all_noOutliers_random_undersampling_controlado_MLP.csv,0.13
confusion_231260558_all_noOutliers_random_undersampling_controlado_MLP.png,/kaggle/working/outputs/TESE_pruebas/run_20260902_145353/processed_data/reports/balanceo/matrices_confusion_balanceo/confusion_231260558_all_noOutliers_random_undersampling_controlado_MLP.png,36.33
confusion_231260558_all_noOutliers_random_undersampling_controlado_RBFNetwork_aprox.csv,/kaggle/working/outputs/TESE_pruebas/run_20260902_145353/processed_data/reports/balanceo/matrices_confusion_balanceo/confusion_231260558_all_noOutliers_random_undersampling_controlado_RBFNetwork_aprox.csv,0.13
confusion_231260558_all_noOutliers_random_undersampling_controlado_RBFNetwork_aprox.png,/kaggle/working/outputs/TESE_pruebas/run_20260902_145353/processed_data/reports/balanceo/matrices_confusion_balanceo/confusion_231260558_all_noOutliers_random_undersampling_controlado_RBFNetwork_aprox.png,37.2
confusion_231260558_all_noOutliers_random_undersampling_controlado_RandomForest.csv,/kaggle/working/outputs/TESE_pruebas/run_20260902_145353/processed_data/reports/balanceo/matrices_confusion_balanceo/confusion_231260558_all_noOutliers_random_undersampling_controlado_RandomForest.csv,0.13
confusion_231260558_all_noOutliers_random_undersampling_controlado_RandomForest.png,/kaggle/working/outputs/TESE_pruebas/run_20260902_145353/processed_data/reports/balanceo/matrices_confusion_balanceo/confusion_231260558_all_noOutliers_random_undersampling_controlado_RandomForest.png,37.12
confusion_231260558_all_noOutliers_random_undersampling_controlado_SMO_SVM.csv,/kaggle/working/outputs/TESE_pruebas/run_20260902_145353/processed_data/reports/balanceo/matrices_confusion_balanceo/confusion_231260558_all_noOutliers_random_undersampling_controlado_SMO_SVM.csv,0.13
confusion_231260558_all_noOutliers_random_undersampling_controlado_SMO_SVM.png,/kaggle/working/outputs/TESE_pruebas/run_20260902_145353/processed_data/reports/balanceo/matrices_confusion_balanceo/confusion_231260558_all_noOutliers_random_undersampling_controlado_SMO_SVM.png,36.67
confusion_231260558_all_noOutliers_sin_balanceo_IBk_kNN.csv,/kaggle/working/outputs/TESE_pruebas/run_20260902_145353/processed_data/reports/balanceo/matrices_confusion_balanceo/confusion_231260558_all_noOutliers_sin_balanceo_IBk_kNN.csv,0.13
confusion_231260558_all_noOutliers_sin_balanceo_IBk_kNN.png,/kaggle/working/outputs/TESE_pruebas/run_20260902_145353/processed_data/reports/balanceo/matrices_confusion_balanceo/confusion_231260558_all_noOutliers_sin_balanceo_IBk_kNN.png,35.11
confusion_231260558_all_noOutliers_sin_balanceo_MLP.csv,/kaggle/working/outputs/TESE_pruebas/run_20260902_145353/processed_data/reports/balanceo/matrices_confusion_balanceo/confusion_231260558_all_noOutliers_sin_balanceo_MLP.csv,0.13
confusion_231260558_all_noOutliers_sin_balanceo_MLP.png,/kaggle/working/outputs/TESE_pruebas/run_20260902_145353/processed_data/reports/balanceo/matrices_confusion_balanceo/confusion_231260558_all_noOutliers_sin_balanceo_MLP.png,34.15
confusion_231260558_all_noOutliers_sin_balanceo_RBFNetwork_aprox.csv,/kaggle/working/outputs/TESE_pruebas/run_20260902_145353/processed_data/reports/balanceo/matrices_confusion_balanceo/confusion_231260558_all_noOutliers_sin_balanceo_RBFNetwork_aprox.csv,0.13
confusion_231260558_all_noOutliers_sin_balanceo_RBFNetwork_aprox.png,/kaggle/working/outputs/TESE_pruebas/run_20260902_145353/processed_data/reports/balanceo/matrices_confusion_balanceo/confusion_231260558_all_noOutliers_sin_balanceo_RBFNetwork_aprox.png,36.27
confusion_231260558_all_noOutliers_sin_balanceo_RandomForest.csv,/kaggle/working/outputs/TESE_pruebas/run_20260902_145353/processed_data/reports/balanceo/matrices_confusion_balanceo/confusion_231260558_all_noOutliers_sin_balanceo_RandomForest.csv,0.13
confusion_231260558_all_noOutliers_sin_balanceo_RandomForest.png,/kaggle/working/outputs/TESE_pruebas/run_20260902_145353/processed_data/reports/balanceo/matrices_confusion_balanceo/confusion_231260558_all_noOutliers_sin_balanceo_RandomForest.png,34.54
confusion_231260558_all_noOutliers_sin_balanceo_SMO_SVM.csv,/kaggle/working/outputs/TESE_pruebas/run_20260902_145353/processed_data/reports/balanceo/matrices_confusion_balanceo/confusion_231260558_all_noOutliers_sin_balanceo_SMO_SVM.csv,0.13
confusion_231260558_all_noOutliers_sin_balanceo_SMO_SVM.png,/kaggle/working/outputs/TESE_pruebas/run_20260902_145353/processed_data/reports/balanceo/matrices_confusion_balanceo/confusion_231260558_all_noOutliers_sin_balanceo_SMO_SVM.png,34.09
confusion_231260558_all_noOutliers_smote_IBk_kNN.csv,/kaggle/working/outputs/TESE_pruebas/run_20260902_145353/processed_data/reports/balanceo/matrices_confusion_balanceo/confusion_231260558_all_noOutliers_smote_IBk_kNN.csv,0.13
confusion_231260558_all_noOutliers_smote_IBk_kNN.png,/kaggle/working/outputs/TESE_pruebas/run_20260902_145353/processed_data/reports/balanceo/matrices_confusion_balanceo/confusion_231260558_all_noOutliers_smote_IBk_kNN.png,32.47
confusion_231260558_all_noOutliers_smote_MLP.csv,/kaggle/working/outputs/TESE_pruebas/run_20260902_145353/processed_data/reports/balanceo/matrices_confusion_balanceo/confusion_231260558_all_noOutliers_smote_MLP.csv,0.13
confusion_231260558_all_noOutliers_smote_MLP.png,/kaggle/working/outputs/TESE_pruebas/run_20260902_145353/processed_data/reports/balanceo/matrices_confusion_balanceo/confusion_231260558_all_noOutliers_smote_MLP.png,33.25
confusion_231260558_all_noOutliers_smote_RBFNetwork_aprox.csv,/kaggle/working/outputs/TESE_pruebas/run_20260902_145353/processed_data/reports/balanceo/matrices_confusion_balanceo/confusion_231260558_all_noOutliers_smote_RBFNetwork_aprox.csv,0.13
confusion_231260558_all_noOutliers_smote_RBFNetwork_aprox.png,/kaggle/working/outputs/TESE_pruebas/run_20260902_145353/processed_data/reports/balanceo/matrices_confusion_balanceo/confusion_231260558_all_noOutliers_smote_RBFNetwork_aprox.png,35.93
confusion_231260558_all_noOutliers_smote_RandomForest.csv,/kaggle/working/outputs/TESE_pruebas/run_20260902_145353/processed_data/reports/balanceo/matrices_confusion_balanceo/confusion_231260558_all_noOutliers_smote_RandomForest.csv,0.13
confusion_231260558_all_noOutliers_smote_RandomForest.png,/kaggle/working/outputs/TESE_pruebas/run_20260902_145353/processed_data/reports/balanceo/matrices_confusion_balanceo/confusion_231260558_all_noOutliers_smote_RandomForest.png,35.0
confusion_231260558_all_noOutliers_smote_SMO_SVM.csv,/kaggle/working/outputs/TESE_pruebas/run_20260902_145353/processed_data/reports/balanceo/matrices_confusion_balanceo/confusion_231260558_all_noOutliers_smote_SMO_SVM.csv,0.13
confusion_231260558_all_noOutliers_smote_SMO_SVM.png,/kaggle/working/outputs/TESE_pruebas/run_20260902_145353/processed_data/reports/balanceo/matrices_confusion_balanceo/confusion_231260558_all_noOutliers_smote_SMO_SVM.png,33.33
confusion_231260558_all_noOutliers_smote_tomek_IBk_kNN.csv,/kaggle/working/outputs/TESE_pruebas/run_20260902_145353/processed_data/reports/balanceo/matrices_confusion_balanceo/confusion_231260558_all_noOutliers_smote_tomek_IBk_kNN.csv,0.13
confusion_231260558_all_noOutliers_smote_tomek_IBk_kNN.png,/kaggle/working/outputs/TESE_pruebas/run_20260902_145353/processed_data/reports/balanceo/matrices_confusion_balanceo/confusion_231260558_all_noOutliers_smote_tomek_IBk_kNN.png,33.01
confusion_231260558_all_noOutliers_smote_tomek_MLP.csv,/kaggle/working/outputs/TESE_pruebas/run_20260902_145353/processed_data/reports/balanceo/matrices_confusion_balanceo/confusion_231260558_all_noOutliers_smote_tomek_MLP.csv,0.13
confusion_231260558_all_noOutliers_smote_tomek_MLP.png,/kaggle/working/outputs/TESE_pruebas/run_20260902_145353/processed_data/reports/balanceo/matrices_confusion_balanceo/confusion_231260558_all_noOutliers_smote_tomek_MLP.png,33.56
confusion_231260558_all_noOutliers_smote_tomek_RBFNetwork_aprox.csv,/kaggle/working/outputs/TESE_pruebas/run_20260902_145353/processed_data/reports/balanceo/matrices_confusion_balanceo/confusion_231260558_all_noOutliers_smote_tomek_RBFNetwork_aprox.csv,0.13
confusion_231260558_all_noOutliers_smote_tomek_RBFNetwork_aprox.png,/kaggle/working/outputs/TESE_pruebas/run_20260902_145353/processed_data/reports/balanceo/matrices_confusion_balanceo/confusion_231260558_all_noOutliers_smote_tomek_RBFNetwork_aprox.png,35.99
confusion_231260558_all_noOutliers_smote_tomek_RandomForest.csv,/kaggle/working/outputs/TESE_pruebas/run_20260902_145353/processed_data/reports/balanceo/matrices_confusion_balanceo/confusion_231260558_all_noOutliers_smote_tomek_RandomForest.csv,0.13
confusion_231260558_all_noOutliers_smote_tomek_RandomForest.png,/kaggle/working/outputs/TESE_pruebas/run_20260902_145353/processed_data/reports/balanceo/matrices_confusion_balanceo/confusion_231260558_all_noOutliers_smote_tomek_RandomForest.png,34.91
confusion_231260558_all_noOutliers_smote_tomek_SMO_SVM.csv,/kaggle/working/outputs/TESE_pruebas/run_20260902_145353/processed_data/reports/balanceo/matrices_confusion_balanceo/confusion_231260558_all_noOutliers_smote_tomek_SMO_SVM.csv,0.13
confusion_231260558_all_noOutliers_smote_tomek_SMO_SVM.png,/kaggle/working/outputs/TESE_pruebas/run_20260902_145353/processed_data/reports/balanceo/matrices_confusion_balanceo/confusion_231260558_all_noOutliers_smote_tomek_SMO_SVM.png,34.15
confusion_252260554_all_noOutliers_class_weight_balanced_RBFNetwork_aprox.csv,/kaggle/working/outputs/TESE_pruebas/run_20260902_145353/processed_data/reports/balanceo/matrices_confusion_balanceo/confusion_252260554_all_noOutliers_class_weight_balanced_RBFNetwork_aprox.csv,0.13
confusion_252260554_all_noOutliers_class_weight_balanced_RBFNetwork_aprox.png,/kaggle/working/outputs/TESE_pruebas/run_20260902_145353/processed_data/reports/balanceo/matrices_confusion_balanceo/confusion_252260554_all_noOutliers_class_weight_balanced_RBFNetwork_aprox.png,35.53
confusion_252260554_all_noOutliers_class_weight_balanced_RandomForest.csv,/kaggle/working/outputs/TESE_pruebas/run_20260902_145353/processed_data/reports/balanceo/matrices_confusion_balanceo/confusion_252260554_all_noOutliers_class_weight_balanced_RandomForest.csv,0.12
confusion_252260554_all_noOutliers_class_weight_balanced_RandomForest.png,/kaggle/working/outputs/TESE_pruebas/run_20260902_145353/processed_data/reports/balanceo/matrices_confusion_balanceo/confusion_252260554_all_noOutliers_class_weight_balanced_RandomForest.png,33.72
confusion_252260554_all_noOutliers_class_weight_balanced_SMO_SVM.csv,/kaggle/working/outputs/TESE_pruebas/run_20260902_145353/processed_data/reports/balanceo/matrices_confusion_balanceo/confusion_252260554_all_noOutliers_class_weight_balanced_SMO_SVM.csv,0.13
confusion_252260554_all_noOutliers_class_weight_balanced_SMO_SVM.png,/kaggle/working/outputs/TESE_pruebas/run_20260902_145353/processed_data/reports/balanceo/matrices_confusion_balanceo/confusion_252260554_all_noOutliers_class_weight_balanced_SMO_SVM.png,33.81
confusion_252260554_all_noOutliers_random_oversampling_IBk_kNN.csv,/kaggle/working/outputs/TESE_pruebas/run_20260902_145353/processed_data/reports/balanceo/matrices_confusion_balanceo/confusion_252260554_all_noOutliers_random_oversampling_IBk_kNN.csv,0.13
confusion_252260554_all_noOutliers_random_oversampling_IBk_kNN.png,/kaggle/working/outputs/TESE_pruebas/run_20260902_145353/processed_data/reports/balanceo/matrices_confusion_balanceo/confusion_252260554_all_noOutliers_random_oversampling_IBk_kNN.png,34.73
confusion_252260554_all_noOutliers_random_oversampling_MLP.csv,/kaggle/working/outputs/TESE_pruebas/run_20260902_145353/processed_data/reports/balanceo/matrices_confusion_balanceo/confusion_252260554_all_noOutliers_random_oversampling_MLP.csv,0.13
confusion_252260554_all_noOutliers_random_oversampling_MLP.png,/kaggle/working/outputs/TESE_pruebas/run_20260902_145353/processed_data/reports/balanceo/matrices_confusion_balanceo/confusion_252260554_all_noOutliers_random_oversampling_MLP.png,33.74
confusion_252260554_all_noOutliers_random_oversampling_RBFNetwork_aprox.csv,/kaggle/working/outputs/TESE_pruebas/run_20260902_145353/processed_data/reports/balanceo/matrices_confusion_balanceo/confusion_252260554_all_noOutliers_random_oversampling_RBFNetwork_aprox.csv,0.12
confusion_252260554_all_noOutliers_random_oversampling_RBFNetwork_aprox.png,/kaggle/working/outputs/TESE_pruebas/run_20260902_145353/processed_data/reports/balanceo/matrices_confusion_balanceo/confusion_252260554_all_noOutliers_random_oversampling_RBFNetwork_aprox.png,34.79
confusion_252260554_all_noOutliers_random_oversampling_RandomForest.csv,/kaggle/working/outputs/TESE_pruebas/run_20260902_145353/processed_data/reports/balanceo/matrices_confusion_balanceo/confusion_252260554_all_noOutliers_random_oversampling_RandomForest.csv,0.12
confusion_252260554_all_noOutliers_random_oversampling_RandomForest.png,/kaggle/working/outputs/TESE_pruebas/run_20260902_145353/processed_data/reports/balanceo/matrices_confusion_balanceo/confusion_252260554_all_noOutliers_random_oversampling_RandomForest.png,34.47
confusion_252260554_all_noOutliers_random_oversampling_SMO_SVM.csv,/kaggle/working/outputs/TESE_pruebas/run_20260902_145353/processed_data/reports/balanceo/matrices_confusion_balanceo/confusion_252260554_all_noOutliers_random_oversampling_SMO_SVM.csv,0.13
confusion_252260554_all_noOutliers_random_oversampling_SMO_SVM.png,/kaggle/working/outputs/TESE_pruebas/run_20260902_145353/processed_data/reports/balanceo/matrices_confusion_balanceo/confusion_252260554_all_noOutliers_random_oversampling_SMO_SVM.png,33.03
confusion_252260554_all_noOutliers_random_undersampling_controlado_IBk_kNN.csv,/kaggle/working/outputs/TESE_pruebas/run_20260902_145353/processed_data/reports/balanceo/matrices_confusion_balanceo/confusion_252260554_all_noOutliers_random_undersampling_controlado_IBk_kNN.csv,0.13
confusion_252260554_all_noOutliers_random_undersampling_controlado_IBk_kNN.png,/kaggle/working/outputs/TESE_pruebas/run_20260902_145353/processed_data/reports/balanceo/matrices_confusion_balanceo/confusion_252260554_all_noOutliers_random_undersampling_controlado_IBk_kNN.png,34.09
confusion_252260554_all_noOutliers_random_undersampling_controlado_MLP.csv,/kaggle/working/outputs/TESE_pruebas/run_20260902_145353/processed_data/reports/balanceo/matrices_confusion_balanceo/confusion_252260554_all_noOutliers_random_undersampling_controlado_MLP.csv,0.13
confusion_252260554_all_noOutliers_random_undersampling_controlado_MLP.png,/kaggle/working/outputs/TESE_pruebas/run_20260902_145353/processed_data/reports/balanceo/matrices_confusion_balanceo/confusion_252260554_all_noOutliers_random_undersampling_controlado_MLP.png,34.47
confusion_252260554_all_noOutliers_random_undersampling_controlado_RBFNetwork_aprox.csv,/kaggle/working/outputs/TESE_pruebas/run_20260902_145353/processed_data/reports/balanceo/matrices_confusion_balanceo/confusion_252260554_all_noOutliers_random_undersampling_controlado_RBFNetwork_aprox.csv,0.13
confusion_252260554_all_noOutliers_random_undersampling_controlado_RBFNetwork_aprox.png,/kaggle/working/outputs/TESE_pruebas/run_20260902_145353/processed_data/reports/balanceo/matrices_confusion_balanceo/confusion_252260554_all_noOutliers_random_undersampling_controlado_RBFNetwork_aprox.png,34.44
confusion_252260554_all_noOutliers_random_undersampling_controlado_RandomForest.csv,/kaggle/working/outputs/TESE_pruebas/run_20260902_145353/processed_data/reports/balanceo/matrices_confusion_balanceo/confusion_252260554_all_noOutliers_random_undersampling_controlado_RandomForest.csv,0.13
confusion_252260554_all_noOutliers_random_undersampling_controlado_RandomForest.png,/kaggle/working/outputs/TESE_pruebas/run_20260902_145353/processed_data/reports/balanceo/matrices_confusion_balanceo/confusion_252260554_all_noOutliers_random_undersampling_controlado_RandomForest.png,36.55
confusion_252260554_all_noOutliers_random_undersampling_controlado_SMO_SVM.csv,/kaggle/working/outputs/TESE_pruebas/run_20260902_145353/processed_data/reports/balanceo/matrices_confusion_balanceo/confusion_252260554_all_noOutliers_random_undersampling_controlado_SMO_SVM.csv,0.13
confusion_252260554_all_noOutliers_random_undersampling_controlado_SMO_SVM.png,/kaggle/working/outputs/TESE_pruebas/run_20260902_145353/processed_data/reports/balanceo/matrices_confusion_balanceo/confusion_252260554_all_noOutliers_random_undersampling_controlado_SMO_SVM.png,35.5
confusion_252260554_all_noOutliers_sin_balanceo_IBk_kNN.csv,/kaggle/working/outputs/TESE_pruebas/run_20260902_145353/processed_data/reports/balanceo/matrices_confusion_balanceo/confusion_252260554_all_noOutliers_sin_balanceo_IBk_kNN.csv,0.13
confusion_252260554_all_noOutliers_sin_balanceo_IBk_kNN.png,/kaggle/working/outputs/TESE_pruebas/run_20260902_145353/processed_data/reports/balanceo/matrices_confusion_balanceo/confusion_252260554_all_noOutliers_sin_balanceo_IBk_kNN.png,33.37
confusion_252260554_all_noOutliers_sin_balanceo_MLP.csv,/kaggle/working/outputs/TESE_pruebas/run_20260902_145353/processed_data/reports/balanceo/matrices_confusion_balanceo/confusion_252260554_all_noOutliers_sin_balanceo_MLP.csv,0.12
confusion_252260554_all_noOutliers_sin_balanceo_MLP.png,/kaggle/working/outputs/TESE_pruebas/run_20260902_145353/processed_data/reports/balanceo/matrices_confusion_balanceo/confusion_252260554_all_noOutliers_sin_balanceo_MLP.png,32.27
confusion_252260554_all_noOutliers_sin_balanceo_RBFNetwork_aprox.csv,/kaggle/working/outputs/TESE_pruebas/run_20260902_145353/processed_data/reports/balanceo/matrices_confusion_balanceo/confusion_252260554_all_noOutliers_sin_balanceo_RBFNetwork_aprox.csv,0.12
confusion_252260554_all_noOutliers_sin_balanceo_RBFNetwork_aprox.png,/kaggle/working/outputs/TESE_pruebas/run_20260902_145353/processed_data/reports/balanceo/matrices_confusion_balanceo/confusion_252260554_all_noOutliers_sin_balanceo_RBFNetwork_aprox.png,34.11
confusion_252260554_all_noOutliers_sin_balanceo_RandomForest.csv,/kaggle/working/outputs/TESE_pruebas/run_20260902_145353/processed_data/reports/balanceo/matrices_confusion_balanceo/confusion_252260554_all_noOutliers_sin_balanceo_RandomForest.csv,0.12
confusion_252260554_all_noOutliers_sin_balanceo_RandomForest.png,/kaggle/working/outputs/TESE_pruebas/run_20260902_145353/processed_data/reports/balanceo/matrices_confusion_balanceo/confusion_252260554_all_noOutliers_sin_balanceo_RandomForest.png,32.89
confusion_252260554_all_noOutliers_sin_balanceo_SMO_SVM.csv,/kaggle/working/outputs/TESE_pruebas/run_20260902_145353/processed_data/reports/balanceo/matrices_confusion_balanceo/confusion_252260554_all_noOutliers_sin_balanceo_SMO_SVM.csv,0.13
confusion_252260554_all_noOutliers_sin_balanceo_SMO_SVM.png,/kaggle/working/outputs/TESE_pruebas/run_20260902_145353/processed_data/reports/balanceo/matrices_confusion_balanceo/confusion_252260554_all_noOutliers_sin_balanceo_SMO_SVM.png,32.85
confusion_252260554_all_noOutliers_smote_IBk_kNN.csv,/kaggle/working/outputs/TESE_pruebas/run_20260902_145353/processed_data/reports/balanceo/matrices_confusion_balanceo/confusion_252260554_all_noOutliers_smote_IBk_kNN.csv,0.13
confusion_252260554_all_noOutliers_smote_IBk_kNN.png,/kaggle/working/outputs/TESE_pruebas/run_20260902_145353/processed_data/reports/balanceo/matrices_confusion_balanceo/confusion_252260554_all_noOutliers_smote_IBk_kNN.png,31.42
confusion_252260554_all_noOutliers_smote_MLP.csv,/kaggle/working/outputs/TESE_pruebas/run_20260902_145353/processed_data/reports/balanceo/matrices_confusion_balanceo/confusion_252260554_all_noOutliers_smote_MLP.csv,0.13
confusion_252260554_all_noOutliers_smote_MLP.png,/kaggle/working/outputs/TESE_pruebas/run_20260902_145353/processed_data/reports/balanceo/matrices_confusion_balanceo/confusion_252260554_all_noOutliers_smote_MLP.png,31.13
confusion_252260554_all_noOutliers_smote_RBFNetwork_aprox.csv,/kaggle/working/outputs/TESE_pruebas/run_20260902_145353/processed_data/reports/balanceo/matrices_confusion_balanceo/confusion_252260554_all_noOutliers_smote_RBFNetwork_aprox.csv,0.12
confusion_252260554_all_noOutliers_smote_RBFNetwork_aprox.png,/kaggle/working/outputs/TESE_pruebas/run_20260902_145353/processed_data/reports/balanceo/matrices_confusion_balanceo/confusion_252260554_all_noOutliers_smote_RBFNetwork_aprox.png,33.48
confusion_252260554_all_noOutliers_smote_RandomForest.csv,/kaggle/working/outputs/TESE_pruebas/run_20260902_145353/processed_data/reports/balanceo/matrices_confusion_balanceo/confusion_252260554_all_noOutliers_smote_RandomForest.csv,0.12
confusion_252260554_all_noOutliers_smote_RandomForest.png,/kaggle/working/outputs/TESE_pruebas/run_20260902_145353/processed_data/reports/balanceo/matrices_confusion_balanceo/confusion_252260554_all_noOutliers_smote_RandomForest.png,32.65
confusion_252260554_all_noOutliers_smote_SMO_SVM.csv,/kaggle/working/outputs/TESE_pruebas/run_20260902_145353/processed_data/reports/balanceo/matrices_confusion_balanceo/confusion_252260554_all_noOutliers_smote_SMO_SVM.csv,0.13
confusion_252260554_all_noOutliers_smote_SMO_SVM.png,/kaggle/working/outputs/TESE_pruebas/run_20260902_145353/processed_data/reports/balanceo/matrices_confusion_balanceo/confusion_252260554_all_noOutliers_smote_SMO_SVM.png,32.21
confusion_252260554_all_noOutliers_smote_tomek_IBk_kNN.csv,/kaggle/working/outputs/TESE_pruebas/run_20260902_145353/processed_data/reports/balanceo/matrices_confusion_balanceo/confusion_252260554_all_noOutliers_smote_tomek_IBk_kNN.csv,0.13
confusion_252260554_all_noOutliers_smote_tomek_IBk_kNN.png,/kaggle/working/outputs/TESE_pruebas/run_20260902_145353/processed_data/reports/balanceo/matrices_confusion_balanceo/confusion_252260554_all_noOutliers_smote_tomek_IBk_kNN.png,31.72
confusion_252260554_all_noOutliers_smote_tomek_MLP.csv,/kaggle/working/outputs/TESE_pruebas/run_20260902_145353/processed_data/reports/balanceo/matrices_confusion_balanceo/confusion_252260554_all_noOutliers_smote_tomek_MLP.csv,0.13
confusion_252260554_all_noOutliers_smote_tomek_MLP.png,/kaggle/working/outputs/TESE_pruebas/run_20260902_145353/processed_data/reports/balanceo/matrices_confusion_balanceo/confusion_252260554_all_noOutliers_smote_tomek_MLP.png,31.86
confusion_252260554_all_noOutliers_smote_tomek_RBFNetwork_aprox.csv,/kaggle/working/outputs/TESE_pruebas/run_20260902_145353/processed_data/reports/balanceo/matrices_confusion_balanceo/confusion_252260554_all_noOutliers_smote_tomek_RBFNetwork_aprox.csv,0.12
confusion_252260554_all_noOutliers_smote_tomek_RBFNetwork_aprox.png,/kaggle/working/outputs/TESE_pruebas/run_20260902_145353/processed_data/reports/balanceo/matrices_confusion_balanceo/confusion_252260554_all_noOutliers_smote_tomek_RBFNetwork_aprox.png,34.08
confusion_252260554_all_noOutliers_smote_tomek_RandomForest.csv,/kaggle/working/outputs/TESE_pruebas/run_20260902_145353/processed_data/reports/balanceo/matrices_confusion_balanceo/confusion_252260554_all_noOutliers_smote_tomek_RandomForest.csv,0.12
confusion_252260554_all_noOutliers_smote_tomek_RandomForest.png,/kaggle/working/outputs/TESE_pruebas/run_20260902_145353/processed_data/reports/balanceo/matrices_confusion_balanceo/confusion_252260554_all_noOutliers_smote_tomek_RandomForest.png,32.75
confusion_252260554_all_noOutliers_smote_tomek_SMO_SVM.csv,/kaggle/working/outputs/TESE_pruebas/run_20260902_145353/processed_data/reports/balanceo/matrices_confusion_balanceo/confusion_252260554_all_noOutliers_smote_tomek_SMO_SVM.csv,0.13
confusion_252260554_all_noOutliers_smote_tomek_SMO_SVM.png,/kaggle/working/outputs/TESE_pruebas/run_20260902_145353/processed_data/reports/balanceo/matrices_confusion_balanceo/confusion_252260554_all_noOutliers_smote_tomek_SMO_SVM.png,32.83
confusion_252260554_all_sinArtefactosConservador_class_weight_balanced_RBFNetwork_aprox.csv,/kaggle/working/outputs/TESE_pruebas/run_20260902_145353/processed_data/reports/balanceo/matrices_confusion_balanceo/confusion_252260554_all_sinArtefactosConservador_class_weight_balanced_RBFNetwork_aprox.csv,0.12
confusion_252260554_all_sinArtefactosConservador_class_weight_balanced_RBFNetwork_aprox.png,/kaggle/working/outputs/TESE_pruebas/run_20260902_145353/processed_data/reports/balanceo/matrices_confusion_balanceo/confusion_252260554_all_sinArtefactosConservador_class_weight_balanced_RBFNetwork_aprox.png,35.4
confusion_252260554_all_sinArtefactosConservador_class_weight_balanced_RandomForest.csv,/kaggle/working/outputs/TESE_pruebas/run_20260902_145353/processed_data/reports/balanceo/matrices_confusion_balanceo/confusion_252260554_all_sinArtefactosConservador_class_weight_balanced_RandomForest.csv,0.12
confusion_252260554_all_sinArtefactosConservador_class_weight_balanced_RandomForest.png,/kaggle/working/outputs/TESE_pruebas/run_20260902_145353/processed_data/reports/balanceo/matrices_confusion_balanceo/confusion_252260554_all_sinArtefactosConservador_class_weight_balanced_RandomForest.png,35.25
confusion_252260554_all_sinArtefactosConservador_class_weight_balanced_SMO_SVM.csv,/kaggle/working/outputs/TESE_pruebas/run_20260902_145353/processed_data/reports/balanceo/matrices_confusion_balanceo/confusion_252260554_all_sinArtefactosConservador_class_weight_balanced_SMO_SVM.csv,0.12
confusion_252260554_all_sinArtefactosConservador_class_weight_balanced_SMO_SVM.png,/kaggle/working/outputs/TESE_pruebas/run_20260902_145353/processed_data/reports/balanceo/matrices_confusion_balanceo/confusion_252260554_all_sinArtefactosConservador_class_weight_balanced_SMO_SVM.png,35.15
confusion_252260554_all_sinArtefactosConservador_random_oversampling_IBk_kNN.csv,/kaggle/working/outputs/TESE_pruebas/run_20260902_145353/processed_data/reports/balanceo/matrices_confusion_balanceo/confusion_252260554_all_sinArtefactosConservador_random_oversampling_IBk_kNN.csv,0.12
confusion_252260554_all_sinArtefactosConservador_random_oversampling_IBk_kNN.png,/kaggle/working/outputs/TESE_pruebas/run_20260902_145353/processed_data/reports/balanceo/matrices_confusion_balanceo/confusion_252260554_all_sinArtefactosConservador_random_oversampling_IBk_kNN.png,33.8
confusion_252260554_all_sinArtefactosConservador_random_oversampling_MLP.csv,/kaggle/working/outputs/TESE_pruebas/run_20260902_145353/processed_data/reports/balanceo/matrices_confusion_balanceo/confusion_252260554_all_sinArtefactosConservador_random_oversampling_MLP.csv,0.13
confusion_252260554_all_sinArtefactosConservador_random_oversampling_MLP.png,/kaggle/working/outputs/TESE_pruebas/run_20260902_145353/processed_data/reports/balanceo/matrices_confusion_balanceo/confusion_252260554_all_sinArtefactosConservador_random_oversampling_MLP.png,34.08
confusion_252260554_all_sinArtefactosConservador_random_oversampling_RBFNetwork_aprox.csv,/kaggle/working/outputs/TESE_pruebas/run_20260902_145353/processed_data/reports/balanceo/matrices_confusion_balanceo/confusion_252260554_all_sinArtefactosConservador_random_oversampling_RBFNetwork_aprox.csv,0.12
confusion_252260554_all_sinArtefactosConservador_random_oversampling_RBFNetwork_aprox.png,/kaggle/working/outputs/TESE_pruebas/run_20260902_145353/processed_data/reports/balanceo/matrices_confusion_balanceo/confusion_252260554_all_sinArtefactosConservador_random_oversampling_RBFNetwork_aprox.png,35.89
confusion_252260554_all_sinArtefactosConservador_random_oversampling_RandomForest.csv,/kaggle/working/outputs/TESE_pruebas/run_20260902_145353/processed_data/reports/balanceo/matrices_confusion_balanceo/confusion_252260554_all_sinArtefactosConservador_random_oversampling_RandomForest.csv,0.12
confusion_252260554_all_sinArtefactosConservador_random_oversampling_RandomForest.png,/kaggle/working/outputs/TESE_pruebas/run_20260902_145353/processed_data/reports/balanceo/matrices_confusion_balanceo/confusion_252260554_all_sinArtefactosConservador_random_oversampling_RandomForest.png,35.8
confusion_252260554_all_sinArtefactosConservador_random_oversampling_SMO_SVM.csv,/kaggle/working/outputs/TESE_pruebas/run_20260902_145353/processed_data/reports/balanceo/matrices_confusion_balanceo/confusion_252260554_all_sinArtefactosConservador_random_oversampling_SMO_SVM.csv,0.12
confusion_252260554_all_sinArtefactosConservador_random_oversampling_SMO_SVM.png,/kaggle/working/outputs/TESE_pruebas/run_20260902_145353/processed_data/reports/balanceo/matrices_confusion_balanceo/confusion_252260554_all_sinArtefactosConservador_random_oversampling_SMO_SVM.png,35.9
confusion_252260554_all_sinArtefactosConservador_random_undersampling_controlado_IBk_kNN.csv,/kaggle/working/outputs/TESE_pruebas/run_20260902_145353/processed_data/reports/balanceo/matrices_confusion_balanceo/confusion_252260554_all_sinArtefactosConservador_random_undersampling_controlado_IBk_kNN.csv,0.13
confusion_252260554_all_sinArtefactosConservador_random_undersampling_controlado_IBk_kNN.png,/kaggle/working/outputs/TESE_pruebas/run_20260902_145353/processed_data/reports/balanceo/matrices_confusion_balanceo/confusion_252260554_all_sinArtefactosConservador_random_undersampling_controlado_IBk_kNN.png,34.19
confusion_252260554_all_sinArtefactosConservador_random_undersampling_controlado_MLP.csv,/kaggle/working/outputs/TESE_pruebas/run_20260902_145353/processed_data/reports/balanceo/matrices_confusion_balanceo/confusion_252260554_all_sinArtefactosConservador_random_undersampling_controlado_MLP.csv,0.13
confusion_252260554_all_sinArtefactosConservador_random_undersampling_controlado_MLP.png,/kaggle/working/outputs/TESE_pruebas/run_20260902_145353/processed_data/reports/balanceo/matrices_confusion_balanceo/confusion_252260554_all_sinArtefactosConservador_random_undersampling_controlado_MLP.png,33.86
confusion_252260554_all_sinArtefactosConservador_random_undersampling_controlado_RBFNetwork_aprox.csv,/kaggle/working/outputs/TESE_pruebas/run_20260902_145353/processed_data/reports/balanceo/matrices_confusion_balanceo/confusion_252260554_all_sinArtefactosConservador_random_undersampling_controlado_RBFNetwork_aprox.csv,0.13
confusion_252260554_all_sinArtefactosConservador_random_undersampling_controlado_RBFNetwork_aprox.png,/kaggle/working/outputs/TESE_pruebas/run_20260902_145353/processed_data/reports/balanceo/matrices_confusion_balanceo/confusion_252260554_all_sinArtefactosConservador_random_undersampling_controlado_RBFNetwork_aprox.png,34.18
confusion_252260554_all_sinArtefactosConservador_random_undersampling_controlado_RandomForest.csv,/kaggle/working/outputs/TESE_pruebas/run_20260902_145353/processed_data/reports/balanceo/matrices_confusion_balanceo/confusion_252260554_all_sinArtefactosConservador_random_undersampling_controlado_RandomForest.csv,0.13
confusion_252260554_all_sinArtefactosConservador_random_undersampling_controlado_RandomForest.png,/kaggle/working/outputs/TESE_pruebas/run_20260902_145353/processed_data/reports/balanceo/matrices_confusion_balanceo/confusion_252260554_all_sinArtefactosConservador_random_undersampling_controlado_RandomForest.png,33.69
confusion_252260554_all_sinArtefactosConservador_random_undersampling_controlado_SMO_SVM.csv,/kaggle/working/outputs/TESE_pruebas/run_20260902_145353/processed_data/reports/balanceo/matrices_confusion_balanceo/confusion_252260554_all_sinArtefactosConservador_random_undersampling_controlado_SMO_SVM.csv,0.13
confusion_252260554_all_sinArtefactosConservador_random_undersampling_controlado_SMO_SVM.png,/kaggle/working/outputs/TESE_pruebas/run_20260902_145353/processed_data/reports/balanceo/matrices_confusion_balanceo/confusion_252260554_all_sinArtefactosConservador_random_undersampling_controlado_SMO_SVM.png,34.08
confusion_252260554_all_sinArtefactosConservador_sin_balanceo_IBk_kNN.csv,/kaggle/working/outputs/TESE_pruebas/run_20260902_145353/processed_data/reports/balanceo/matrices_confusion_balanceo/confusion_252260554_all_sinArtefactosConservador_sin_balanceo_IBk_kNN.csv,0.12
confusion_252260554_all_sinArtefactosConservador_sin_balanceo_IBk_kNN.png,/kaggle/working/outputs/TESE_pruebas/run_20260902_145353/processed_data/reports/balanceo/matrices_confusion_balanceo/confusion_252260554_all_sinArtefactosConservador_sin_balanceo_IBk_kNN.png,32.72
confusion_252260554_all_sinArtefactosConservador_sin_balanceo_MLP.csv,/kaggle/working/outputs/TESE_pruebas/run_20260902_145353/processed_data/reports/balanceo/matrices_confusion_balanceo/confusion_252260554_all_sinArtefactosConservador_sin_balanceo_MLP.csv,0.12
confusion_252260554_all_sinArtefactosConservador_sin_balanceo_MLP.png,/kaggle/working/outputs/TESE_pruebas/run_20260902_145353/processed_data/reports/balanceo/matrices_confusion_balanceo/confusion_252260554_all_sinArtefactosConservador_sin_balanceo_MLP.png,33.63
confusion_252260554_all_sinArtefactosConservador_sin_balanceo_RBFNetwork_aprox.csv,/kaggle/working/outputs/TESE_pruebas/run_20260902_145353/processed_data/reports/balanceo/matrices_confusion_balanceo/confusion_252260554_all_sinArtefactosConservador_sin_balanceo_RBFNetwork_aprox.csv,0.12
confusion_252260554_all_sinArtefactosConservador_sin_balanceo_RBFNetwork_aprox.png,/kaggle/working/outputs/TESE_pruebas/run_20260902_145353/processed_data/reports/balanceo/matrices_confusion_balanceo/confusion_252260554_all_sinArtefactosConservador_sin_balanceo_RBFNetwork_aprox.png,35.62
confusion_252260554_all_sinArtefactosConservador_sin_balanceo_RandomForest.csv,/kaggle/working/outputs/TESE_pruebas/run_20260902_145353/processed_data/reports/balanceo/matrices_confusion_balanceo/confusion_252260554_all_sinArtefactosConservador_sin_balanceo_RandomForest.csv,0.12
confusion_252260554_all_sinArtefactosConservador_sin_balanceo_RandomForest.png,/kaggle/working/outputs/TESE_pruebas/run_20260902_145353/processed_data/reports/balanceo/matrices_confusion_balanceo/confusion_252260554_all_sinArtefactosConservador_sin_balanceo_RandomForest.png,34.6
confusion_252260554_all_sinArtefactosConservador_sin_balanceo_SMO_SVM.csv,/kaggle/working/outputs/TESE_pruebas/run_20260902_145353/processed_data/reports/balanceo/matrices_confusion_balanceo/confusion_252260554_all_sinArtefactosConservador_sin_balanceo_SMO_SVM.csv,0.12
confusion_252260554_all_sinArtefactosConservador_sin_balanceo_SMO_SVM.png,/kaggle/working/outputs/TESE_pruebas/run_20260902_145353/processed_data/reports/balanceo/matrices_confusion_balanceo/confusion_252260554_all_sinArtefactosConservador_sin_balanceo_SMO_SVM.png,34.31
confusion_252260554_all_sinArtefactosConservador_smote_IBk_kNN.csv,/kaggle/working/outputs/TESE_pruebas/run_20260902_145353/processed_data/reports/balanceo/matrices_confusion_balanceo/confusion_252260554_all_sinArtefactosConservador_smote_IBk_kNN.csv,0.13
confusion_252260554_all_sinArtefactosConservador_smote_IBk_kNN.png,/kaggle/working/outputs/TESE_pruebas/run_20260902_145353/processed_data/reports/balanceo/matrices_confusion_balanceo/confusion_252260554_all_sinArtefactosConservador_smote_IBk_kNN.png,31.61
confusion_252260554_all_sinArtefactosConservador_smote_MLP.csv,/kaggle/working/outputs/TESE_pruebas/run_20260902_145353/processed_data/reports/balanceo/matrices_confusion_balanceo/confusion_252260554_all_sinArtefactosConservador_smote_MLP.csv,0.12
confusion_252260554_all_sinArtefactosConservador_smote_MLP.png,/kaggle/working/outputs/TESE_pruebas/run_20260902_145353/processed_data/reports/balanceo/matrices_confusion_balanceo/confusion_252260554_all_sinArtefactosConservador_smote_MLP.png,32.26
confusion_252260554_all_sinArtefactosConservador_smote_RBFNetwork_aprox.csv,/kaggle/working/outputs/TESE_pruebas/run_20260902_145353/processed_data/reports/balanceo/matrices_confusion_balanceo/confusion_252260554_all_sinArtefactosConservador_smote_RBFNetwork_aprox.csv,0.12
confusion_252260554_all_sinArtefactosConservador_smote_RBFNetwork_aprox.png,/kaggle/working/outputs/TESE_pruebas/run_20260902_145353/processed_data/reports/balanceo/matrices_confusion_balanceo/confusion_252260554_all_sinArtefactosConservador_smote_RBFNetwork_aprox.png,35.11
confusion_252260554_all_sinArtefactosConservador_smote_RandomForest.csv,/kaggle/working/outputs/TESE_pruebas/run_20260902_145353/processed_data/reports/balanceo/matrices_confusion_balanceo/confusion_252260554_all_sinArtefactosConservador_smote_RandomForest.csv,0.12
confusion_252260554_all_sinArtefactosConservador_smote_RandomForest.png,/kaggle/working/outputs/TESE_pruebas/run_20260902_145353/processed_data/reports/balanceo/matrices_confusion_balanceo/confusion_252260554_all_sinArtefactosConservador_smote_RandomForest.png,33.88
confusion_252260554_all_sinArtefactosConservador_smote_SMO_SVM.csv,/kaggle/working/outputs/TESE_pruebas/run_20260902_145353/processed_data/reports/balanceo/matrices_confusion_balanceo/confusion_252260554_all_sinArtefactosConservador_smote_SMO_SVM.csv,0.12
confusion_252260554_all_sinArtefactosConservador_smote_SMO_SVM.png,/kaggle/working/outputs/TESE_pruebas/run_20260902_145353/processed_data/reports/balanceo/matrices_confusion_balanceo/confusion_252260554_all_sinArtefactosConservador_smote_SMO_SVM.png,34.3
confusion_252260554_all_sinArtefactosConservador_smote_tomek_IBk_kNN.csv,/kaggle/working/outputs/TESE_pruebas/run_20260902_145353/processed_data/reports/balanceo/matrices_confusion_balanceo/confusion_252260554_all_sinArtefactosConservador_smote_tomek_IBk_kNN.csv,0.13
confusion_252260554_all_sinArtefactosConservador_smote_tomek_IBk_kNN.png,/kaggle/working/outputs/TESE_pruebas/run_20260902_145353/processed_data/reports/balanceo/matrices_confusion_balanceo/confusion_252260554_all_sinArtefactosConservador_smote_tomek_IBk_kNN.png,32.43
confusion_252260554_all_sinArtefactosConservador_smote_tomek_MLP.csv,/kaggle/working/outputs/TESE_pruebas/run_20260902_145353/processed_data/reports/balanceo/matrices_confusion_balanceo/confusion_252260554_all_sinArtefactosConservador_smote_tomek_MLP.csv,0.12
confusion_252260554_all_sinArtefactosConservador_smote_tomek_MLP.png,/kaggle/working/outputs/TESE_pruebas/run_20260902_145353/processed_data/reports/balanceo/matrices_confusion_balanceo/confusion_252260554_all_sinArtefactosConservador_smote_tomek_MLP.png,33.36
confusion_252260554_all_sinArtefactosConservador_smote_tomek_RBFNetwork_aprox.csv,/kaggle/working/outputs/TESE_pruebas/run_20260902_145353/processed_data/reports/balanceo/matrices_confusion_balanceo/confusion_252260554_all_sinArtefactosConservador_smote_tomek_RBFNetwork_aprox.csv,0.12
confusion_252260554_all_sinArtefactosConservador_smote_tomek_RBFNetwork_aprox.png,/kaggle/working/outputs/TESE_pruebas/run_20260902_145353/processed_data/reports/balanceo/matrices_confusion_balanceo/confusion_252260554_all_sinArtefactosConservador_smote_tomek_RBFNetwork_aprox.png,36.11
confusion_252260554_all_sinArtefactosConservador_smote_tomek_RandomForest.csv,/kaggle/working/outputs/TESE_pruebas/run_20260902_145353/processed_data/reports/balanceo/matrices_confusion_balanceo/confusion_252260554_all_sinArtefactosConservador_smote_tomek_RandomForest.csv,0.12
confusion_252260554_all_sinArtefactosConservador_smote_tomek_RandomForest.png,/kaggle/working/outputs/TESE_pruebas/run_20260902_145353/processed_data/reports/balanceo/matrices_confusion_balanceo/confusion_252260554_all_sinArtefactosConservador_smote_tomek_RandomForest.png,34.32
confusion_252260554_all_sinArtefactosConservador_smote_tomek_SMO_SVM.csv,/kaggle/working/outputs/TESE_pruebas/run_20260902_145353/processed_data/reports/balanceo/matrices_confusion_balanceo/confusion_252260554_all_sinArtefactosConservador_smote_tomek_SMO_SVM.csv,0.12
confusion_252260554_all_sinArtefactosConservador_smote_tomek_SMO_SVM.png,/kaggle/working/outputs/TESE_pruebas/run_20260902_145353/processed_data/reports/balanceo/matrices_confusion_balanceo/confusion_252260554_all_sinArtefactosConservador_smote_tomek_SMO_SVM.png,35.21
confusion_252260556_all_noOutliers_class_weight_balanced_RBFNetwork_aprox.csv,/kaggle/working/outputs/TESE_pruebas/run_20260902_145353/processed_data/reports/balanceo/matrices_confusion_balanceo/confusion_252260556_all_noOutliers_class_weight_balanced_RBFNetwork_aprox.csv,0.13
confusion_252260556_all_noOutliers_class_weight_balanced_RBFNetwork_aprox.png,/kaggle/working/outputs/TESE_pruebas/run_20260902_145353/processed_data/reports/balanceo/matrices_confusion_balanceo/confusion_252260556_all_noOutliers_class_weight_balanced_RBFNetwork_aprox.png,35.83
confusion_252260556_all_noOutliers_class_weight_balanced_RandomForest.csv,/kaggle/working/outputs/TESE_pruebas/run_20260902_145353/processed_data/reports/balanceo/matrices_confusion_balanceo/confusion_252260556_all_noOutliers_class_weight_balanced_RandomForest.csv,0.13
confusion_252260556_all_noOutliers_class_weight_balanced_RandomForest.png,/kaggle/working/outputs/TESE_pruebas/run_20260902_145353/processed_data/reports/balanceo/matrices_confusion_balanceo/confusion_252260556_all_noOutliers_class_weight_balanced_RandomForest.png,31.97
confusion_252260556_all_noOutliers_class_weight_balanced_SMO_SVM.csv,/kaggle/working/outputs/TESE_pruebas/run_20260902_145353/processed_data/reports/balanceo/matrices_confusion_balanceo/confusion_252260556_all_noOutliers_class_weight_balanced_SMO_SVM.csv,0.13
confusion_252260556_all_noOutliers_class_weight_balanced_SMO_SVM.png,/kaggle/working/outputs/TESE_pruebas/run_20260902_145353/processed_data/reports/balanceo/matrices_confusion_balanceo/confusion_252260556_all_noOutliers_class_weight_balanced_SMO_SVM.png,34.27
confusion_252260556_all_noOutliers_random_oversampling_IBk_kNN.csv,/kaggle/working/outputs/TESE_pruebas/run_20260902_145353/processed_data/reports/balanceo/matrices_confusion_balanceo/confusion_252260556_all_noOutliers_random_oversampling_IBk_kNN.csv,0.13
confusion_252260556_all_noOutliers_random_oversampling_IBk_kNN.png,/kaggle/working/outputs/TESE_pruebas/run_20260902_145353/processed_data/reports/balanceo/matrices_confusion_balanceo/confusion_252260556_all_noOutliers_random_oversampling_IBk_kNN.png,34.9
confusion_252260556_all_noOutliers_random_oversampling_MLP.csv,/kaggle/working/outputs/TESE_pruebas/run_20260902_145353/processed_data/reports/balanceo/matrices_confusion_balanceo/confusion_252260556_all_noOutliers_random_oversampling_MLP.csv,0.13
confusion_252260556_all_noOutliers_random_oversampling_MLP.png,/kaggle/working/outputs/TESE_pruebas/run_20260902_145353/processed_data/reports/balanceo/matrices_confusion_balanceo/confusion_252260556_all_noOutliers_random_oversampling_MLP.png,33.64
confusion_252260556_all_noOutliers_random_oversampling_RBFNetwork_aprox.csv,/kaggle/working/outputs/TESE_pruebas/run_20260902_145353/processed_data/reports/balanceo/matrices_confusion_balanceo/confusion_252260556_all_noOutliers_random_oversampling_RBFNetwork_aprox.csv,0.13
confusion_252260556_all_noOutliers_random_oversampling_RBFNetwork_aprox.png,/kaggle/working/outputs/TESE_pruebas/run_20260902_145353/processed_data/reports/balanceo/matrices_confusion_balanceo/confusion_252260556_all_noOutliers_random_oversampling_RBFNetwork_aprox.png,35.51
confusion_252260556_all_noOutliers_random_oversampling_RandomForest.csv,/kaggle/working/outputs/TESE_pruebas/run_20260902_145353/processed_data/reports/balanceo/matrices_confusion_balanceo/confusion_252260556_all_noOutliers_random_oversampling_RandomForest.csv,0.13
confusion_252260556_all_noOutliers_random_oversampling_RandomForest.png,/kaggle/working/outputs/TESE_pruebas/run_20260902_145353/processed_data/reports/balanceo/matrices_confusion_balanceo/confusion_252260556_all_noOutliers_random_oversampling_RandomForest.png,32.99
confusion_252260556_all_noOutliers_random_oversampling_SMO_SVM.csv,/kaggle/working/outputs/TESE_pruebas/run_20260902_145353/processed_data/reports/balanceo/matrices_confusion_balanceo/confusion_252260556_all_noOutliers_random_oversampling_SMO_SVM.csv,0.13
confusion_252260556_all_noOutliers_random_oversampling_SMO_SVM.png,/kaggle/working/outputs/TESE_pruebas/run_20260902_145353/processed_data/reports/balanceo/matrices_confusion_balanceo/confusion_252260556_all_noOutliers_random_oversampling_SMO_SVM.png,33.45
confusion_252260556_all_noOutliers_random_undersampling_controlado_IBk_kNN.csv,/kaggle/working/outputs/TESE_pruebas/run_20260902_145353/processed_data/reports/balanceo/matrices_confusion_balanceo/confusion_252260556_all_noOutliers_random_undersampling_controlado_IBk_kNN.csv,0.13
confusion_252260556_all_noOutliers_random_undersampling_controlado_IBk_kNN.png,/kaggle/working/outputs/TESE_pruebas/run_20260902_145353/processed_data/reports/balanceo/matrices_confusion_balanceo/confusion_252260556_all_noOutliers_random_undersampling_controlado_IBk_kNN.png,35.92
confusion_252260556_all_noOutliers_random_undersampling_controlado_MLP.csv,/kaggle/working/outputs/TESE_pruebas/run_20260902_145353/processed_data/reports/balanceo/matrices_confusion_balanceo/confusion_252260556_all_noOutliers_random_undersampling_controlado_MLP.csv,0.13
confusion_252260556_all_noOutliers_random_undersampling_controlado_MLP.png,/kaggle/working/outputs/TESE_pruebas/run_20260902_145353/processed_data/reports/balanceo/matrices_confusion_balanceo/confusion_252260556_all_noOutliers_random_undersampling_controlado_MLP.png,35.29
confusion_252260556_all_noOutliers_random_undersampling_controlado_RBFNetwork_aprox.csv,/kaggle/working/outputs/TESE_pruebas/run_20260902_145353/processed_data/reports/balanceo/matrices_confusion_balanceo/confusion_252260556_all_noOutliers_random_undersampling_controlado_RBFNetwork_aprox.csv,0.13
confusion_252260556_all_noOutliers_random_undersampling_controlado_RBFNetwork_aprox.png,/kaggle/working/outputs/TESE_pruebas/run_20260902_145353/processed_data/reports/balanceo/matrices_confusion_balanceo/confusion_252260556_all_noOutliers_random_undersampling_controlado_RBFNetwork_aprox.png,37.37
confusion_252260556_all_noOutliers_random_undersampling_controlado_RandomForest.csv,/kaggle/working/outputs/TESE_pruebas/run_20260902_145353/processed_data/reports/balanceo/matrices_confusion_balanceo/confusion_252260556_all_noOutliers_random_undersampling_controlado_RandomForest.csv,0.13
confusion_252260556_all_noOutliers_random_undersampling_controlado_RandomForest.png,/kaggle/working/outputs/TESE_pruebas/run_20260902_145353/processed_data/reports/balanceo/matrices_confusion_balanceo/confusion_252260556_all_noOutliers_random_undersampling_controlado_RandomForest.png,33.81
confusion_252260556_all_noOutliers_random_undersampling_controlado_SMO_SVM.csv,/kaggle/working/outputs/TESE_pruebas/run_20260902_145353/processed_data/reports/balanceo/matrices_confusion_balanceo/confusion_252260556_all_noOutliers_random_undersampling_controlado_SMO_SVM.csv,0.13
confusion_252260556_all_noOutliers_random_undersampling_controlado_SMO_SVM.png,/kaggle/working/outputs/TESE_pruebas/run_20260902_145353/processed_data/reports/balanceo/matrices_confusion_balanceo/confusion_252260556_all_noOutliers_random_undersampling_controlado_SMO_SVM.png,36.09
confusion_252260556_all_noOutliers_sin_balanceo_IBk_kNN.csv,/kaggle/working/outputs/TESE_pruebas/run_20260902_145353/processed_data/reports/balanceo/matrices_confusion_balanceo/confusion_252260556_all_noOutliers_sin_balanceo_IBk_kNN.csv,0.13
confusion_252260556_all_noOutliers_sin_balanceo_IBk_kNN.png,/kaggle/working/outputs/TESE_pruebas/run_20260902_145353/processed_data/reports/balanceo/matrices_confusion_balanceo/confusion_252260556_all_noOutliers_sin_balanceo_IBk_kNN.png,34.38
confusion_252260556_all_noOutliers_sin_balanceo_MLP.csv,/kaggle/working/outputs/TESE_pruebas/run_20260902_145353/processed_data/reports/balanceo/matrices_confusion_balanceo/confusion_252260556_all_noOutliers_sin_balanceo_MLP.csv,0.13
confusion_252260556_all_noOutliers_sin_balanceo_MLP.png,/kaggle/working/outputs/TESE_pruebas/run_20260902_145353/processed_data/reports/balanceo/matrices_confusion_balanceo/confusion_252260556_all_noOutliers_sin_balanceo_MLP.png,33.14
confusion_252260556_all_noOutliers_sin_balanceo_RBFNetwork_aprox.csv,/kaggle/working/outputs/TESE_pruebas/run_20260902_145353/processed_data/reports/balanceo/matrices_confusion_balanceo/confusion_252260556_all_noOutliers_sin_balanceo_RBFNetwork_aprox.csv,0.13
confusion_252260556_all_noOutliers_sin_balanceo_RBFNetwork_aprox.png,/kaggle/working/outputs/TESE_pruebas/run_20260902_145353/processed_data/reports/balanceo/matrices_confusion_balanceo/confusion_252260556_all_noOutliers_sin_balanceo_RBFNetwork_aprox.png,32.65
confusion_252260556_all_noOutliers_sin_balanceo_RandomForest.csv,/kaggle/working/outputs/TESE_pruebas/run_20260902_145353/processed_data/reports/balanceo/matrices_confusion_balanceo/confusion_252260556_all_noOutliers_sin_balanceo_RandomForest.csv,0.13
confusion_252260556_all_noOutliers_sin_balanceo_RandomForest.png,/kaggle/working/outputs/TESE_pruebas/run_20260902_145353/processed_data/reports/balanceo/matrices_confusion_balanceo/confusion_252260556_all_noOutliers_sin_balanceo_RandomForest.png,31.41
confusion_252260556_all_noOutliers_sin_balanceo_SMO_SVM.csv,/kaggle/working/outputs/TESE_pruebas/run_20260902_145353/processed_data/reports/balanceo/matrices_confusion_balanceo/confusion_252260556_all_noOutliers_sin_balanceo_SMO_SVM.csv,0.13
confusion_252260556_all_noOutliers_sin_balanceo_SMO_SVM.png,/kaggle/working/outputs/TESE_pruebas/run_20260902_145353/processed_data/reports/balanceo/matrices_confusion_balanceo/confusion_252260556_all_noOutliers_sin_balanceo_SMO_SVM.png,34.13
confusion_252260556_all_noOutliers_smote_IBk_kNN.csv,/kaggle/working/outputs/TESE_pruebas/run_20260902_145353/processed_data/reports/balanceo/matrices_confusion_balanceo/confusion_252260556_all_noOutliers_smote_IBk_kNN.csv,0.13
confusion_252260556_all_noOutliers_smote_IBk_kNN.png,/kaggle/working/outputs/TESE_pruebas/run_20260902_145353/processed_data/reports/balanceo/matrices_confusion_balanceo/confusion_252260556_all_noOutliers_smote_IBk_kNN.png,33.24
confusion_252260556_all_noOutliers_smote_MLP.csv,/kaggle/working/outputs/TESE_pruebas/run_20260902_145353/processed_data/reports/balanceo/matrices_confusion_balanceo/confusion_252260556_all_noOutliers_smote_MLP.csv,0.13
confusion_252260556_all_noOutliers_smote_MLP.png,/kaggle/working/outputs/TESE_pruebas/run_20260902_145353/processed_data/reports/balanceo/matrices_confusion_balanceo/confusion_252260556_all_noOutliers_smote_MLP.png,32.29
confusion_252260556_all_noOutliers_smote_RBFNetwork_aprox.csv,/kaggle/working/outputs/TESE_pruebas/run_20260902_145353/processed_data/reports/balanceo/matrices_confusion_balanceo/confusion_252260556_all_noOutliers_smote_RBFNetwork_aprox.csv,0.13
confusion_252260556_all_noOutliers_smote_RBFNetwork_aprox.png,/kaggle/working/outputs/TESE_pruebas/run_20260902_145353/processed_data/reports/balanceo/matrices_confusion_balanceo/confusion_252260556_all_noOutliers_smote_RBFNetwork_aprox.png,32.01
confusion_252260556_all_noOutliers_smote_RandomForest.csv,/kaggle/working/outputs/TESE_pruebas/run_20260902_145353/processed_data/reports/balanceo/matrices_confusion_balanceo/confusion_252260556_all_noOutliers_smote_RandomForest.csv,0.13
confusion_252260556_all_noOutliers_smote_RandomForest.png,/kaggle/working/outputs/TESE_pruebas/run_20260902_145353/processed_data/reports/balanceo/matrices_confusion_balanceo/confusion_252260556_all_noOutliers_smote_RandomForest.png,31.1
confusion_252260556_all_noOutliers_smote_SMO_SVM.csv,/kaggle/working/outputs/TESE_pruebas/run_20260902_145353/processed_data/reports/balanceo/matrices_confusion_balanceo/confusion_252260556_all_noOutliers_smote_SMO_SVM.csv,0.13
confusion_252260556_all_noOutliers_smote_SMO_SVM.png,/kaggle/working/outputs/TESE_pruebas/run_20260902_145353/processed_data/reports/balanceo/matrices_confusion_balanceo/confusion_252260556_all_noOutliers_smote_SMO_SVM.png,32.3
confusion_252260556_all_noOutliers_smote_tomek_IBk_kNN.csv,/kaggle/working/outputs/TESE_pruebas/run_20260902_145353/processed_data/reports/balanceo/matrices_confusion_balanceo/confusion_252260556_all_noOutliers_smote_tomek_IBk_kNN.csv,0.13
confusion_252260556_all_noOutliers_smote_tomek_IBk_kNN.png,/kaggle/working/outputs/TESE_pruebas/run_20260902_145353/processed_data/reports/balanceo/matrices_confusion_balanceo/confusion_252260556_all_noOutliers_smote_tomek_IBk_kNN.png,33.73
confusion_252260556_all_noOutliers_smote_tomek_MLP.csv,/kaggle/working/outputs/TESE_pruebas/run_20260902_145353/processed_data/reports/balanceo/matrices_confusion_balanceo/confusion_252260556_all_noOutliers_smote_tomek_MLP.csv,0.13
confusion_252260556_all_noOutliers_smote_tomek_MLP.png,/kaggle/working/outputs/TESE_pruebas/run_20260902_145353/processed_data/reports/balanceo/matrices_confusion_balanceo/confusion_252260556_all_noOutliers_smote_tomek_MLP.png,32.55
confusion_252260556_all_noOutliers_smote_tomek_RBFNetwork_aprox.csv,/kaggle/working/outputs/TESE_pruebas/run_20260902_145353/processed_data/reports/balanceo/matrices_confusion_balanceo/confusion_252260556_all_noOutliers_smote_tomek_RBFNetwork_aprox.csv,0.13
confusion_252260556_all_noOutliers_smote_tomek_RBFNetwork_aprox.png,/kaggle/working/outputs/TESE_pruebas/run_20260902_145353/processed_data/reports/balanceo/matrices_confusion_balanceo/confusion_252260556_all_noOutliers_smote_tomek_RBFNetwork_aprox.png,32.4
confusion_252260556_all_noOutliers_smote_tomek_RandomForest.csv,/kaggle/working/outputs/TESE_pruebas/run_20260902_145353/processed_data/reports/balanceo/matrices_confusion_balanceo/confusion_252260556_all_noOutliers_smote_tomek_RandomForest.csv,0.13
confusion_252260556_all_noOutliers_smote_tomek_RandomForest.png,/kaggle/working/outputs/TESE_pruebas/run_20260902_145353/processed_data/reports/balanceo/matrices_confusion_balanceo/confusion_252260556_all_noOutliers_smote_tomek_RandomForest.png,31.21
confusion_252260556_all_noOutliers_smote_tomek_SMO_SVM.csv,/kaggle/working/outputs/TESE_pruebas/run_20260902_145353/processed_data/reports/balanceo/matrices_confusion_balanceo/confusion_252260556_all_noOutliers_smote_tomek_SMO_SVM.csv,0.13
confusion_252260556_all_noOutliers_smote_tomek_SMO_SVM.png,/kaggle/working/outputs/TESE_pruebas/run_20260902_145353/processed_data/reports/balanceo/matrices_confusion_balanceo/confusion_252260556_all_noOutliers_smote_tomek_SMO_SVM.png,33.0
confusion_252260556_all_sinArtefactosConservador_class_weight_balanced_RBFNetwork_aprox.csv,/kaggle/working/outputs/TESE_pruebas/run_20260902_145353/processed_data/reports/balanceo/matrices_confusion_balanceo/confusion_252260556_all_sinArtefactosConservador_class_weight_balanced_RBFNetwork_aprox.csv,0.13
confusion_252260556_all_sinArtefactosConservador_class_weight_balanced_RBFNetwork_aprox.png,/kaggle/working/outputs/TESE_pruebas/run_20260902_145353/processed_data/reports/balanceo/matrices_confusion_balanceo/confusion_252260556_all_sinArtefactosConservador_class_weight_balanced_RBFNetwork_aprox.png,35.59
confusion_252260556_all_sinArtefactosConservador_class_weight_balanced_RandomForest.csv,/kaggle/working/outputs/TESE_pruebas/run_20260902_145353/processed_data/reports/balanceo/matrices_confusion_balanceo/confusion_252260556_all_sinArtefactosConservador_class_weight_balanced_RandomForest.csv,0.13
confusion_252260556_all_sinArtefactosConservador_class_weight_balanced_RandomForest.png,/kaggle/working/outputs/TESE_pruebas/run_20260902_145353/processed_data/reports/balanceo/matrices_confusion_balanceo/confusion_252260556_all_sinArtefactosConservador_class_weight_balanced_RandomForest.png,35.26
confusion_252260556_all_sinArtefactosConservador_class_weight_balanced_SMO_SVM.csv,/kaggle/working/outputs/TESE_pruebas/run_20260902_145353/processed_data/reports/balanceo/matrices_confusion_balanceo/confusion_252260556_all_sinArtefactosConservador_class_weight_balanced_SMO_SVM.csv,0.13
confusion_252260556_all_sinArtefactosConservador_class_weight_balanced_SMO_SVM.png,/kaggle/working/outputs/TESE_pruebas/run_20260902_145353/processed_data/reports/balanceo/matrices_confusion_balanceo/confusion_252260556_all_sinArtefactosConservador_class_weight_balanced_SMO_SVM.png,36.85
confusion_252260556_all_sinArtefactosConservador_random_oversampling_IBk_kNN.csv,/kaggle/working/outputs/TESE_pruebas/run_20260902_145353/processed_data/reports/balanceo/matrices_confusion_balanceo/confusion_252260556_all_sinArtefactosConservador_random_oversampling_IBk_kNN.csv,0.13
confusion_252260556_all_sinArtefactosConservador_random_oversampling_IBk_kNN.png,/kaggle/working/outputs/TESE_pruebas/run_20260902_145353/processed_data/reports/balanceo/matrices_confusion_balanceo/confusion_252260556_all_sinArtefactosConservador_random_oversampling_IBk_kNN.png,36.38
confusion_252260556_all_sinArtefactosConservador_random_oversampling_MLP.csv,/kaggle/working/outputs/TESE_pruebas/run_20260902_145353/processed_data/reports/balanceo/matrices_confusion_balanceo/confusion_252260556_all_sinArtefactosConservador_random_oversampling_MLP.csv,0.13
confusion_252260556_all_sinArtefactosConservador_random_oversampling_MLP.png,/kaggle/working/outputs/TESE_pruebas/run_20260902_145353/processed_data/reports/balanceo/matrices_confusion_balanceo/confusion_252260556_all_sinArtefactosConservador_random_oversampling_MLP.png,35.62
confusion_252260556_all_sinArtefactosConservador_random_oversampling_RBFNetwork_aprox.csv,/kaggle/working/outputs/TESE_pruebas/run_20260902_145353/processed_data/reports/balanceo/matrices_confusion_balanceo/confusion_252260556_all_sinArtefactosConservador_random_oversampling_RBFNetwork_aprox.csv,0.13
confusion_252260556_all_sinArtefactosConservador_random_oversampling_RBFNetwork_aprox.png,/kaggle/working/outputs/TESE_pruebas/run_20260902_145353/processed_data/reports/balanceo/matrices_confusion_balanceo/confusion_252260556_all_sinArtefactosConservador_random_oversampling_RBFNetwork_aprox.png,35.57
confusion_252260556_all_sinArtefactosConservador_random_oversampling_RandomForest.csv,/kaggle/working/outputs/TESE_pruebas/run_20260902_145353/processed_data/reports/balanceo/matrices_confusion_balanceo/confusion_252260556_all_sinArtefactosConservador_random_oversampling_RandomForest.csv,0.13
confusion_252260556_all_sinArtefactosConservador_random_oversampling_RandomForest.png,/kaggle/working/outputs/TESE_pruebas/run_20260902_145353/processed_data/reports/balanceo/matrices_confusion_balanceo/confusion_252260556_all_sinArtefactosConservador_random_oversampling_RandomForest.png,34.93
confusion_252260556_all_sinArtefactosConservador_random_oversampling_SMO_SVM.csv,/kaggle/working/outputs/TESE_pruebas/run_20260902_145353/processed_data/reports/balanceo/matrices_confusion_balanceo/confusion_252260556_all_sinArtefactosConservador_random_oversampling_SMO_SVM.csv,0.13
confusion_252260556_all_sinArtefactosConservador_random_oversampling_SMO_SVM.png,/kaggle/working/outputs/TESE_pruebas/run_20260902_145353/processed_data/reports/balanceo/matrices_confusion_balanceo/confusion_252260556_all_sinArtefactosConservador_random_oversampling_SMO_SVM.png,36.98
confusion_252260556_all_sinArtefactosConservador_random_undersampling_controlado_IBk_kNN.csv,/kaggle/working/outputs/TESE_pruebas/run_20260902_145353/processed_data/reports/balanceo/matrices_confusion_balanceo/confusion_252260556_all_sinArtefactosConservador_random_undersampling_controlado_IBk_kNN.csv,0.13
confusion_252260556_all_sinArtefactosConservador_random_undersampling_controlado_IBk_kNN.png,/kaggle/working/outputs/TESE_pruebas/run_20260902_145353/processed_data/reports/balanceo/matrices_confusion_balanceo/confusion_252260556_all_sinArtefactosConservador_random_undersampling_controlado_IBk_kNN.png,35.9
confusion_252260556_all_sinArtefactosConservador_random_undersampling_controlado_MLP.csv,/kaggle/working/outputs/TESE_pruebas/run_20260902_145353/processed_data/reports/balanceo/matrices_confusion_balanceo/confusion_252260556_all_sinArtefactosConservador_random_undersampling_controlado_MLP.csv,0.13
confusion_252260556_all_sinArtefactosConservador_random_undersampling_controlado_MLP.png,/kaggle/working/outputs/TESE_pruebas/run_20260902_145353/processed_data/reports/balanceo/matrices_confusion_balanceo/confusion_252260556_all_sinArtefactosConservador_random_undersampling_controlado_MLP.png,37.63
confusion_252260556_all_sinArtefactosConservador_random_undersampling_controlado_RBFNetwork_aprox.csv,/kaggle/working/outputs/TESE_pruebas/run_20260902_145353/processed_data/reports/balanceo/matrices_confusion_balanceo/confusion_252260556_all_sinArtefactosConservador_random_undersampling_controlado_RBFNetwork_aprox.csv,0.13
confusion_252260556_all_sinArtefactosConservador_random_undersampling_controlado_RBFNetwork_aprox.png,/kaggle/working/outputs/TESE_pruebas/run_20260902_145353/processed_data/reports/balanceo/matrices_confusion_balanceo/confusion_252260556_all_sinArtefactosConservador_random_undersampling_controlado_RBFNetwork_aprox.png,34.33
confusion_252260556_all_sinArtefactosConservador_random_undersampling_controlado_RandomForest.csv,/kaggle/working/outputs/TESE_pruebas/run_20260902_145353/processed_data/reports/balanceo/matrices_confusion_balanceo/confusion_252260556_all_sinArtefactosConservador_random_undersampling_controlado_RandomForest.csv,0.13
confusion_252260556_all_sinArtefactosConservador_random_undersampling_controlado_RandomForest.png,/kaggle/working/outputs/TESE_pruebas/run_20260902_145353/processed_data/reports/balanceo/matrices_confusion_balanceo/confusion_252260556_all_sinArtefactosConservador_random_undersampling_controlado_RandomForest.png,34.73
confusion_252260556_all_sinArtefactosConservador_random_undersampling_controlado_SMO_SVM.csv,/kaggle/working/outputs/TESE_pruebas/run_20260902_145353/processed_data/reports/balanceo/matrices_confusion_balanceo/confusion_252260556_all_sinArtefactosConservador_random_undersampling_controlado_SMO_SVM.csv,0.13
confusion_252260556_all_sinArtefactosConservador_random_undersampling_controlado_SMO_SVM.png,/kaggle/working/outputs/TESE_pruebas/run_20260902_145353/processed_data/reports/balanceo/matrices_confusion_balanceo/confusion_252260556_all_sinArtefactosConservador_random_undersampling_controlado_SMO_SVM.png,36.81
confusion_252260556_all_sinArtefactosConservador_sin_balanceo_IBk_kNN.csv,/kaggle/working/outputs/TESE_pruebas/run_20260902_145353/processed_data/reports/balanceo/matrices_confusion_balanceo/confusion_252260556_all_sinArtefactosConservador_sin_balanceo_IBk_kNN.csv,0.13
confusion_252260556_all_sinArtefactosConservador_sin_balanceo_IBk_kNN.png,/kaggle/working/outputs/TESE_pruebas/run_20260902_145353/processed_data/reports/balanceo/matrices_confusion_balanceo/confusion_252260556_all_sinArtefactosConservador_sin_balanceo_IBk_kNN.png,35.26
confusion_252260556_all_sinArtefactosConservador_sin_balanceo_MLP.csv,/kaggle/working/outputs/TESE_pruebas/run_20260902_145353/processed_data/reports/balanceo/matrices_confusion_balanceo/confusion_252260556_all_sinArtefactosConservador_sin_balanceo_MLP.csv,0.13
confusion_252260556_all_sinArtefactosConservador_sin_balanceo_MLP.png,/kaggle/working/outputs/TESE_pruebas/run_20260902_145353/processed_data/reports/balanceo/matrices_confusion_balanceo/confusion_252260556_all_sinArtefactosConservador_sin_balanceo_MLP.png,34.94
confusion_252260556_all_sinArtefactosConservador_sin_balanceo_RBFNetwork_aprox.csv,/kaggle/working/outputs/TESE_pruebas/run_20260902_145353/processed_data/reports/balanceo/matrices_confusion_balanceo/confusion_252260556_all_sinArtefactosConservador_sin_balanceo_RBFNetwork_aprox.csv,0.13
confusion_252260556_all_sinArtefactosConservador_sin_balanceo_RBFNetwork_aprox.png,/kaggle/working/outputs/TESE_pruebas/run_20260902_145353/processed_data/reports/balanceo/matrices_confusion_balanceo/confusion_252260556_all_sinArtefactosConservador_sin_balanceo_RBFNetwork_aprox.png,34.88
confusion_252260556_all_sinArtefactosConservador_sin_balanceo_RandomForest.csv,/kaggle/working/outputs/TESE_pruebas/run_20260902_145353/processed_data/reports/balanceo/matrices_confusion_balanceo/confusion_252260556_all_sinArtefactosConservador_sin_balanceo_RandomForest.csv,0.13
confusion_252260556_all_sinArtefactosConservador_sin_balanceo_RandomForest.png,/kaggle/working/outputs/TESE_pruebas/run_20260902_145353/processed_data/reports/balanceo/matrices_confusion_balanceo/confusion_252260556_all_sinArtefactosConservador_sin_balanceo_RandomForest.png,34.6
confusion_252260556_all_sinArtefactosConservador_sin_balanceo_SMO_SVM.csv,/kaggle/working/outputs/TESE_pruebas/run_20260902_145353/processed_data/reports/balanceo/matrices_confusion_balanceo/confusion_252260556_all_sinArtefactosConservador_sin_balanceo_SMO_SVM.csv,0.13
confusion_252260556_all_sinArtefactosConservador_sin_balanceo_SMO_SVM.png,/kaggle/working/outputs/TESE_pruebas/run_20260902_145353/processed_data/reports/balanceo/matrices_confusion_balanceo/confusion_252260556_all_sinArtefactosConservador_sin_balanceo_SMO_SVM.png,35.85
confusion_252260556_all_sinArtefactosConservador_smote_IBk_kNN.csv,/kaggle/working/outputs/TESE_pruebas/run_20260902_145353/processed_data/reports/balanceo/matrices_confusion_balanceo/confusion_252260556_all_sinArtefactosConservador_smote_IBk_kNN.csv,0.13
confusion_252260556_all_sinArtefactosConservador_smote_IBk_kNN.png,/kaggle/working/outputs/TESE_pruebas/run_20260902_145353/processed_data/reports/balanceo/matrices_confusion_balanceo/confusion_252260556_all_sinArtefactosConservador_smote_IBk_kNN.png,34.82
confusion_252260556_all_sinArtefactosConservador_smote_MLP.csv,/kaggle/working/outputs/TESE_pruebas/run_20260902_145353/processed_data/reports/balanceo/matrices_confusion_balanceo/confusion_252260556_all_sinArtefactosConservador_smote_MLP.csv,0.13
confusion_252260556_all_sinArtefactosConservador_smote_MLP.png,/kaggle/working/outputs/TESE_pruebas/run_20260902_145353/processed_data/reports/balanceo/matrices_confusion_balanceo/confusion_252260556_all_sinArtefactosConservador_smote_MLP.png,34.5
confusion_252260556_all_sinArtefactosConservador_smote_RBFNetwork_aprox.csv,/kaggle/working/outputs/TESE_pruebas/run_20260902_145353/processed_data/reports/balanceo/matrices_confusion_balanceo/confusion_252260556_all_sinArtefactosConservador_smote_RBFNetwork_aprox.csv,0.13
confusion_252260556_all_sinArtefactosConservador_smote_RBFNetwork_aprox.png,/kaggle/working/outputs/TESE_pruebas/run_20260902_145353/processed_data/reports/balanceo/matrices_confusion_balanceo/confusion_252260556_all_sinArtefactosConservador_smote_RBFNetwork_aprox.png,34.82
confusion_252260556_all_sinArtefactosConservador_smote_RandomForest.csv,/kaggle/working/outputs/TESE_pruebas/run_20260902_145353/processed_data/reports/balanceo/matrices_confusion_balanceo/confusion_252260556_all_sinArtefactosConservador_smote_RandomForest.csv,0.13
confusion_252260556_all_sinArtefactosConservador_smote_RandomForest.png,/kaggle/working/outputs/TESE_pruebas/run_20260902_145353/processed_data/reports/balanceo/matrices_confusion_balanceo/confusion_252260556_all_sinArtefactosConservador_smote_RandomForest.png,33.97
confusion_252260556_all_sinArtefactosConservador_smote_SMO_SVM.csv,/kaggle/working/outputs/TESE_pruebas/run_20260902_145353/processed_data/reports/balanceo/matrices_confusion_balanceo/confusion_252260556_all_sinArtefactosConservador_smote_SMO_SVM.csv,0.13
confusion_252260556_all_sinArtefactosConservador_smote_SMO_SVM.png,/kaggle/working/outputs/TESE_pruebas/run_20260902_145353/processed_data/reports/balanceo/matrices_confusion_balanceo/confusion_252260556_all_sinArtefactosConservador_smote_SMO_SVM.png,35.39
confusion_252260556_all_sinArtefactosConservador_smote_tomek_IBk_kNN.csv,/kaggle/working/outputs/TESE_pruebas/run_20260902_145353/processed_data/reports/balanceo/matrices_confusion_balanceo/confusion_252260556_all_sinArtefactosConservador_smote_tomek_IBk_kNN.csv,0.13
confusion_252260556_all_sinArtefactosConservador_smote_tomek_IBk_kNN.png,/kaggle/working/outputs/TESE_pruebas/run_20260902_145353/processed_data/reports/balanceo/matrices_confusion_balanceo/confusion_252260556_all_sinArtefactosConservador_smote_tomek_IBk_kNN.png,35.37
confusion_252260556_all_sinArtefactosConservador_smote_tomek_MLP.csv,/kaggle/working/outputs/TESE_pruebas/run_20260902_145353/processed_data/reports/balanceo/matrices_confusion_balanceo/confusion_252260556_all_sinArtefactosConservador_smote_tomek_MLP.csv,0.13
confusion_252260556_all_sinArtefactosConservador_smote_tomek_MLP.png,/kaggle/working/outputs/TESE_pruebas/run_20260902_145353/processed_data/reports/balanceo/matrices_confusion_balanceo/confusion_252260556_all_sinArtefactosConservador_smote_tomek_MLP.png,35.25
confusion_252260556_all_sinArtefactosConservador_smote_tomek_RBFNetwork_aprox.csv,/kaggle/working/outputs/TESE_pruebas/run_20260902_145353/processed_data/reports/balanceo/matrices_confusion_balanceo/confusion_252260556_all_sinArtefactosConservador_smote_tomek_RBFNetwork_aprox.csv,0.13
confusion_252260556_all_sinArtefactosConservador_smote_tomek_RBFNetwork_aprox.png,/kaggle/working/outputs/TESE_pruebas/run_20260902_145353/processed_data/reports/balanceo/matrices_confusion_balanceo/confusion_252260556_all_sinArtefactosConservador_smote_tomek_RBFNetwork_aprox.png,35.81
confusion_252260556_all_sinArtefactosConservador_smote_tomek_RandomForest.csv,/kaggle/working/outputs/TESE_pruebas/run_20260902_145353/processed_data/reports/balanceo/matrices_confusion_balanceo/confusion_252260556_all_sinArtefactosConservador_smote_tomek_RandomForest.csv,0.13
confusion_252260556_all_sinArtefactosConservador_smote_tomek_RandomForest.png,/kaggle/working/outputs/TESE_pruebas/run_20260902_145353/processed_data/reports/balanceo/matrices_confusion_balanceo/confusion_252260556_all_sinArtefactosConservador_smote_tomek_RandomForest.png,36.75
confusion_252260556_all_sinArtefactosConservador_smote_tomek_SMO_SVM.csv,/kaggle/working/outputs/TESE_pruebas/run_20260902_145353/processed_data/reports/balanceo/matrices_confusion_balanceo/confusion_252260556_all_sinArtefactosConservador_smote_tomek_SMO_SVM.csv,0.13
confusion_252260556_all_sinArtefactosConservador_smote_tomek_SMO_SVM.png,/kaggle/working/outputs/TESE_pruebas/run_20260902_145353/processed_data/reports/balanceo/matrices_confusion_balanceo/confusion_252260556_all_sinArtefactosConservador_smote_tomek_SMO_SVM.png,36.21
confusion_252260556_all_sinArtefactosEstricto_class_weight_balanced_RBFNetwork_aprox.csv,/kaggle/working/outputs/TESE_pruebas/run_20260902_145353/processed_data/reports/balanceo/matrices_confusion_balanceo/confusion_252260556_all_sinArtefactosEstricto_class_weight_balanced_RBFNetwork_aprox.csv,0.13
confusion_252260556_all_sinArtefactosEstricto_class_weight_balanced_RBFNetwork_aprox.png,/kaggle/working/outputs/TESE_pruebas/run_20260902_145353/processed_data/reports/balanceo/matrices_confusion_balanceo/confusion_252260556_all_sinArtefactosEstricto_class_weight_balanced_RBFNetwork_aprox.png,33.42
confusion_252260556_all_sinArtefactosEstricto_class_weight_balanced_RandomForest.csv,/kaggle/working/outputs/TESE_pruebas/run_20260902_145353/processed_data/reports/balanceo/matrices_confusion_balanceo/confusion_252260556_all_sinArtefactosEstricto_class_weight_balanced_RandomForest.csv,0.12
confusion_252260556_all_sinArtefactosEstricto_class_weight_balanced_RandomForest.png,/kaggle/working/outputs/TESE_pruebas/run_20260902_145353/processed_data/reports/balanceo/matrices_confusion_balanceo/confusion_252260556_all_sinArtefactosEstricto_class_weight_balanced_RandomForest.png,31.97
confusion_252260556_all_sinArtefactosEstricto_class_weight_balanced_SMO_SVM.csv,/kaggle/working/outputs/TESE_pruebas/run_20260902_145353/processed_data/reports/balanceo/matrices_confusion_balanceo/confusion_252260556_all_sinArtefactosEstricto_class_weight_balanced_SMO_SVM.csv,0.13
confusion_252260556_all_sinArtefactosEstricto_class_weight_balanced_SMO_SVM.png,/kaggle/working/outputs/TESE_pruebas/run_20260902_145353/processed_data/reports/balanceo/matrices_confusion_balanceo/confusion_252260556_all_sinArtefactosEstricto_class_weight_balanced_SMO_SVM.png,32.74
confusion_252260556_all_sinArtefactosEstricto_random_oversampling_IBk_kNN.csv,/kaggle/working/outputs/TESE_pruebas/run_20260902_145353/processed_data/reports/balanceo/matrices_confusion_balanceo/confusion_252260556_all_sinArtefactosEstricto_random_oversampling_IBk_kNN.csv,0.13
confusion_252260556_all_sinArtefactosEstricto_random_oversampling_IBk_kNN.png,/kaggle/working/outputs/TESE_pruebas/run_20260902_145353/processed_data/reports/balanceo/matrices_confusion_balanceo/confusion_252260556_all_sinArtefactosEstricto_random_oversampling_IBk_kNN.png,34.93
confusion_252260556_all_sinArtefactosEstricto_random_oversampling_MLP.csv,/kaggle/working/outputs/TESE_pruebas/run_20260902_145353/processed_data/reports/balanceo/matrices_confusion_balanceo/confusion_252260556_all_sinArtefactosEstricto_random_oversampling_MLP.csv,0.13
confusion_252260556_all_sinArtefactosEstricto_random_oversampling_MLP.png,/kaggle/working/outputs/TESE_pruebas/run_20260902_145353/processed_data/reports/balanceo/matrices_confusion_balanceo/confusion_252260556_all_sinArtefactosEstricto_random_oversampling_MLP.png,31.72
confusion_252260556_all_sinArtefactosEstricto_random_oversampling_RBFNetwork_aprox.csv,/kaggle/working/outputs/TESE_pruebas/run_20260902_145353/processed_data/reports/balanceo/matrices_confusion_balanceo/confusion_252260556_all_sinArtefactosEstricto_random_oversampling_RBFNetwork_aprox.csv,0.13
confusion_252260556_all_sinArtefactosEstricto_random_oversampling_RBFNetwork_aprox.png,/kaggle/working/outputs/TESE_pruebas/run_20260902_145353/processed_data/reports/balanceo/matrices_confusion_balanceo/confusion_252260556_all_sinArtefactosEstricto_random_oversampling_RBFNetwork_aprox.png,33.37
confusion_252260556_all_sinArtefactosEstricto_random_oversampling_RandomForest.csv,/kaggle/working/outputs/TESE_pruebas/run_20260902_145353/processed_data/reports/balanceo/matrices_confusion_balanceo/confusion_252260556_all_sinArtefactosEstricto_random_oversampling_RandomForest.csv,0.13
confusion_252260556_all_sinArtefactosEstricto_random_oversampling_RandomForest.png,/kaggle/working/outputs/TESE_pruebas/run_20260902_145353/processed_data/reports/balanceo/matrices_confusion_balanceo/confusion_252260556_all_sinArtefactosEstricto_random_oversampling_RandomForest.png,33.87
confusion_252260556_all_sinArtefactosEstricto_random_oversampling_SMO_SVM.csv,/kaggle/working/outputs/TESE_pruebas/run_20260902_145353/processed_data/reports/balanceo/matrices_confusion_balanceo/confusion_252260556_all_sinArtefactosEstricto_random_oversampling_SMO_SVM.csv,0.13
confusion_252260556_all_sinArtefactosEstricto_random_oversampling_SMO_SVM.png,/kaggle/working/outputs/TESE_pruebas/run_20260902_145353/processed_data/reports/balanceo/matrices_confusion_balanceo/confusion_252260556_all_sinArtefactosEstricto_random_oversampling_SMO_SVM.png,32.88
confusion_252260556_all_sinArtefactosEstricto_random_undersampling_controlado_IBk_kNN.csv,/kaggle/working/outputs/TESE_pruebas/run_20260902_145353/processed_data/reports/balanceo/matrices_confusion_balanceo/confusion_252260556_all_sinArtefactosEstricto_random_undersampling_controlado_IBk_kNN.csv,0.13
confusion_252260556_all_sinArtefactosEstricto_random_undersampling_controlado_IBk_kNN.png,/kaggle/working/outputs/TESE_pruebas/run_20260902_145353/processed_data/reports/balanceo/matrices_confusion_balanceo/confusion_252260556_all_sinArtefactosEstricto_random_undersampling_controlado_IBk_kNN.png,35.13
confusion_252260556_all_sinArtefactosEstricto_random_undersampling_controlado_MLP.csv,/kaggle/working/outputs/TESE_pruebas/run_20260902_145353/processed_data/reports/balanceo/matrices_confusion_balanceo/confusion_252260556_all_sinArtefactosEstricto_random_undersampling_controlado_MLP.csv,0.13
confusion_252260556_all_sinArtefactosEstricto_random_undersampling_controlado_MLP.png,/kaggle/working/outputs/TESE_pruebas/run_20260902_145353/processed_data/reports/balanceo/matrices_confusion_balanceo/confusion_252260556_all_sinArtefactosEstricto_random_undersampling_controlado_MLP.png,33.12
confusion_252260556_all_sinArtefactosEstricto_random_undersampling_controlado_RBFNetwork_aprox.csv,/kaggle/working/outputs/TESE_pruebas/run_20260902_145353/processed_data/reports/balanceo/matrices_confusion_balanceo/confusion_252260556_all_sinArtefactosEstricto_random_undersampling_controlado_RBFNetwork_aprox.csv,0.12
confusion_252260556_all_sinArtefactosEstricto_random_undersampling_controlado_RBFNetwork_aprox.png,/kaggle/working/outputs/TESE_pruebas/run_20260902_145353/processed_data/reports/balanceo/matrices_confusion_balanceo/confusion_252260556_all_sinArtefactosEstricto_random_undersampling_controlado_RBFNetwork_aprox.png,32.56
confusion_252260556_all_sinArtefactosEstricto_random_undersampling_controlado_RandomForest.csv,/kaggle/working/outputs/TESE_pruebas/run_20260902_145353/processed_data/reports/balanceo/matrices_confusion_balanceo/confusion_252260556_all_sinArtefactosEstricto_random_undersampling_controlado_RandomForest.csv,0.13
confusion_252260556_all_sinArtefactosEstricto_random_undersampling_controlado_RandomForest.png,/kaggle/working/outputs/TESE_pruebas/run_20260902_145353/processed_data/reports/balanceo/matrices_confusion_balanceo/confusion_252260556_all_sinArtefactosEstricto_random_undersampling_controlado_RandomForest.png,32.57
confusion_252260556_all_sinArtefactosEstricto_random_undersampling_controlado_SMO_SVM.csv,/kaggle/working/outputs/TESE_pruebas/run_20260902_145353/processed_data/reports/balanceo/matrices_confusion_balanceo/confusion_252260556_all_sinArtefactosEstricto_random_undersampling_controlado_SMO_SVM.csv,0.13
confusion_252260556_all_sinArtefactosEstricto_random_undersampling_controlado_SMO_SVM.png,/kaggle/working/outputs/TESE_pruebas/run_20260902_145353/processed_data/reports/balanceo/matrices_confusion_balanceo/confusion_252260556_all_sinArtefactosEstricto_random_undersampling_controlado_SMO_SVM.png,33.88
confusion_252260556_all_sinArtefactosEstricto_sin_balanceo_IBk_kNN.csv,/kaggle/working/outputs/TESE_pruebas/run_20260902_145353/processed_data/reports/balanceo/matrices_confusion_balanceo/confusion_252260556_all_sinArtefactosEstricto_sin_balanceo_IBk_kNN.csv,0.13
confusion_252260556_all_sinArtefactosEstricto_sin_balanceo_IBk_kNN.png,/kaggle/working/outputs/TESE_pruebas/run_20260902_145353/processed_data/reports/balanceo/matrices_confusion_balanceo/confusion_252260556_all_sinArtefactosEstricto_sin_balanceo_IBk_kNN.png,33.78
confusion_252260556_all_sinArtefactosEstricto_sin_balanceo_MLP.csv,/kaggle/working/outputs/TESE_pruebas/run_20260902_145353/processed_data/reports/balanceo/matrices_confusion_balanceo/confusion_252260556_all_sinArtefactosEstricto_sin_balanceo_MLP.csv,0.13
confusion_252260556_all_sinArtefactosEstricto_sin_balanceo_MLP.png,/kaggle/working/outputs/TESE_pruebas/run_20260902_145353/processed_data/reports/balanceo/matrices_confusion_balanceo/confusion_252260556_all_sinArtefactosEstricto_sin_balanceo_MLP.png,31.58
confusion_252260556_all_sinArtefactosEstricto_sin_balanceo_RBFNetwork_aprox.csv,/kaggle/working/outputs/TESE_pruebas/run_20260902_145353/processed_data/reports/balanceo/matrices_confusion_balanceo/confusion_252260556_all_sinArtefactosEstricto_sin_balanceo_RBFNetwork_aprox.csv,0.12
confusion_252260556_all_sinArtefactosEstricto_sin_balanceo_RBFNetwork_aprox.png,/kaggle/working/outputs/TESE_pruebas/run_20260902_145353/processed_data/reports/balanceo/matrices_confusion_balanceo/confusion_252260556_all_sinArtefactosEstricto_sin_balanceo_RBFNetwork_aprox.png,32.84
confusion_252260556_all_sinArtefactosEstricto_sin_balanceo_RandomForest.csv,/kaggle/working/outputs/TESE_pruebas/run_20260902_145353/processed_data/reports/balanceo/matrices_confusion_balanceo/confusion_252260556_all_sinArtefactosEstricto_sin_balanceo_RandomForest.csv,0.13
confusion_252260556_all_sinArtefactosEstricto_sin_balanceo_RandomForest.png,/kaggle/working/outputs/TESE_pruebas/run_20260902_145353/processed_data/reports/balanceo/matrices_confusion_balanceo/confusion_252260556_all_sinArtefactosEstricto_sin_balanceo_RandomForest.png,32.26
confusion_252260556_all_sinArtefactosEstricto_sin_balanceo_SMO_SVM.csv,/kaggle/working/outputs/TESE_pruebas/run_20260902_145353/processed_data/reports/balanceo/matrices_confusion_balanceo/confusion_252260556_all_sinArtefactosEstricto_sin_balanceo_SMO_SVM.csv,0.13
confusion_252260556_all_sinArtefactosEstricto_sin_balanceo_SMO_SVM.png,/kaggle/working/outputs/TESE_pruebas/run_20260902_145353/processed_data/reports/balanceo/matrices_confusion_balanceo/confusion_252260556_all_sinArtefactosEstricto_sin_balanceo_SMO_SVM.png,31.61
confusion_252260556_all_sinArtefactosEstricto_smote_IBk_kNN.csv,/kaggle/working/outputs/TESE_pruebas/run_20260902_145353/processed_data/reports/balanceo/matrices_confusion_balanceo/confusion_252260556_all_sinArtefactosEstricto_smote_IBk_kNN.csv,0.13
confusion_252260556_all_sinArtefactosEstricto_smote_IBk_kNN.png,/kaggle/working/outputs/TESE_pruebas/run_20260902_145353/processed_data/reports/balanceo/matrices_confusion_balanceo/confusion_252260556_all_sinArtefactosEstricto_smote_IBk_kNN.png,32.7
confusion_252260556_all_sinArtefactosEstricto_smote_MLP.csv,/kaggle/working/outputs/TESE_pruebas/run_20260902_145353/processed_data/reports/balanceo/matrices_confusion_balanceo/confusion_252260556_all_sinArtefactosEstricto_smote_MLP.csv,0.13
confusion_252260556_all_sinArtefactosEstricto_smote_MLP.png,/kaggle/working/outputs/TESE_pruebas/run_20260902_145353/processed_data/reports/balanceo/matrices_confusion_balanceo/confusion_252260556_all_sinArtefactosEstricto_smote_MLP.png,31.34
confusion_252260556_all_sinArtefactosEstricto_smote_RBFNetwork_aprox.csv,/kaggle/working/outputs/TESE_pruebas/run_20260902_145353/processed_data/reports/balanceo/matrices_confusion_balanceo/confusion_252260556_all_sinArtefactosEstricto_smote_RBFNetwork_aprox.csv,0.13
confusion_252260556_all_sinArtefactosEstricto_smote_RBFNetwork_aprox.png,/kaggle/working/outputs/TESE_pruebas/run_20260902_145353/processed_data/reports/balanceo/matrices_confusion_balanceo/confusion_252260556_all_sinArtefactosEstricto_smote_RBFNetwork_aprox.png,32.88
confusion_252260556_all_sinArtefactosEstricto_smote_RandomForest.csv,/kaggle/working/outputs/TESE_pruebas/run_20260902_145353/processed_data/reports/balanceo/matrices_confusion_balanceo/confusion_252260556_all_sinArtefactosEstricto_smote_RandomForest.csv,0.13
confusion_252260556_all_sinArtefactosEstricto_smote_RandomForest.png,/kaggle/working/outputs/TESE_pruebas/run_20260902_145353/processed_data/reports/balanceo/matrices_confusion_balanceo/confusion_252260556_all_sinArtefactosEstricto_smote_RandomForest.png,32.03
confusion_252260556_all_sinArtefactosEstricto_smote_SMO_SVM.csv,/kaggle/working/outputs/TESE_pruebas/run_20260902_145353/processed_data/reports/balanceo/matrices_confusion_balanceo/confusion_252260556_all_sinArtefactosEstricto_smote_SMO_SVM.csv,0.13
confusion_252260556_all_sinArtefactosEstricto_smote_SMO_SVM.png,/kaggle/working/outputs/TESE_pruebas/run_20260902_145353/processed_data/reports/balanceo/matrices_confusion_balanceo/confusion_252260556_all_sinArtefactosEstricto_smote_SMO_SVM.png,31.7
confusion_252260556_all_sinArtefactosEstricto_smote_tomek_IBk_kNN.csv,/kaggle/working/outputs/TESE_pruebas/run_20260902_145353/processed_data/reports/balanceo/matrices_confusion_balanceo/confusion_252260556_all_sinArtefactosEstricto_smote_tomek_IBk_kNN.csv,0.13
confusion_252260556_all_sinArtefactosEstricto_smote_tomek_IBk_kNN.png,/kaggle/working/outputs/TESE_pruebas/run_20260902_145353/processed_data/reports/balanceo/matrices_confusion_balanceo/confusion_252260556_all_sinArtefactosEstricto_smote_tomek_IBk_kNN.png,33.2
confusion_252260556_all_sinArtefactosEstricto_smote_tomek_MLP.csv,/kaggle/working/outputs/TESE_pruebas/run_20260902_145353/processed_data/reports/balanceo/matrices_confusion_balanceo/confusion_252260556_all_sinArtefactosEstricto_smote_tomek_MLP.csv,0.13
confusion_252260556_all_sinArtefactosEstricto_smote_tomek_MLP.png,/kaggle/working/outputs/TESE_pruebas/run_20260902_145353/processed_data/reports/balanceo/matrices_confusion_balanceo/confusion_252260556_all_sinArtefactosEstricto_smote_tomek_MLP.png,31.92
confusion_252260556_all_sinArtefactosEstricto_smote_tomek_RBFNetwork_aprox.csv,/kaggle/working/outputs/TESE_pruebas/run_20260902_145353/processed_data/reports/balanceo/matrices_confusion_balanceo/confusion_252260556_all_sinArtefactosEstricto_smote_tomek_RBFNetwork_aprox.csv,0.13
confusion_252260556_all_sinArtefactosEstricto_smote_tomek_RBFNetwork_aprox.png,/kaggle/working/outputs/TESE_pruebas/run_20260902_145353/processed_data/reports/balanceo/matrices_confusion_balanceo/confusion_252260556_all_sinArtefactosEstricto_smote_tomek_RBFNetwork_aprox.png,33.45
confusion_252260556_all_sinArtefactosEstricto_smote_tomek_RandomForest.csv,/kaggle/working/outputs/TESE_pruebas/run_20260902_145353/processed_data/reports/balanceo/matrices_confusion_balanceo/confusion_252260556_all_sinArtefactosEstricto_smote_tomek_RandomForest.csv,0.13
confusion_252260556_all_sinArtefactosEstricto_smote_tomek_RandomForest.png,/kaggle/working/outputs/TESE_pruebas/run_20260902_145353/processed_data/reports/balanceo/matrices_confusion_balanceo/confusion_252260556_all_sinArtefactosEstricto_smote_tomek_RandomForest.png,32.39
confusion_252260556_all_sinArtefactosEstricto_smote_tomek_SMO_SVM.csv,/kaggle/working/outputs/TESE_pruebas/run_20260902_145353/processed_data/reports/balanceo/matrices_confusion_balanceo/confusion_252260556_all_sinArtefactosEstricto_smote_tomek_SMO_SVM.csv,0.13
confusion_252260556_all_sinArtefactosEstricto_smote_tomek_SMO_SVM.png,/kaggle/working/outputs/TESE_pruebas/run_20260902_145353/processed_data/reports/balanceo/matrices_confusion_balanceo/confusion_252260556_all_sinArtefactosEstricto_smote_tomek_SMO_SVM.png,32.33
confusion_252260670_all_noOutliers_class_weight_balanced_RBFNetwork_aprox.csv,/kaggle/working/outputs/TESE_pruebas/run_20260902_145353/processed_data/reports/balanceo/matrices_confusion_balanceo/confusion_252260670_all_noOutliers_class_weight_balanced_RBFNetwork_aprox.csv,0.12
confusion_252260670_all_noOutliers_class_weight_balanced_RBFNetwork_aprox.png,/kaggle/working/outputs/TESE_pruebas/run_20260902_145353/processed_data/reports/balanceo/matrices_confusion_balanceo/confusion_252260670_all_noOutliers_class_weight_balanced_RBFNetwork_aprox.png,30.89
confusion_252260670_all_noOutliers_class_weight_balanced_RandomForest.csv,/kaggle/working/outputs/TESE_pruebas/run_20260902_145353/processed_data/reports/balanceo/matrices_confusion_balanceo/confusion_252260670_all_noOutliers_class_weight_balanced_RandomForest.csv,0.12
confusion_252260670_all_noOutliers_class_weight_balanced_RandomForest.png,/kaggle/working/outputs/TESE_pruebas/run_20260902_145353/processed_data/reports/balanceo/matrices_confusion_balanceo/confusion_252260670_all_noOutliers_class_weight_balanced_RandomForest.png,29.27
confusion_252260670_all_noOutliers_class_weight_balanced_SMO_SVM.csv,/kaggle/working/outputs/TESE_pruebas/run_20260902_145353/processed_data/reports/balanceo/matrices_confusion_balanceo/confusion_252260670_all_noOutliers_class_weight_balanced_SMO_SVM.csv,0.12
confusion_252260670_all_noOutliers_class_weight_balanced_SMO_SVM.png,/kaggle/working/outputs/TESE_pruebas/run_20260902_145353/processed_data/reports/balanceo/matrices_confusion_balanceo/confusion_252260670_all_noOutliers_class_weight_balanced_SMO_SVM.png,29.68
confusion_252260670_all_noOutliers_random_oversampling_IBk_kNN.csv,/kaggle/working/outputs/TESE_pruebas/run_20260902_145353/processed_data/reports/balanceo/matrices_confusion_balanceo/confusion_252260670_all_noOutliers_random_oversampling_IBk_kNN.csv,0.12
confusion_252260670_all_noOutliers_random_oversampling_IBk_kNN.png,/kaggle/working/outputs/TESE_pruebas/run_20260902_145353/processed_data/reports/balanceo/matrices_confusion_balanceo/confusion_252260670_all_noOutliers_random_oversampling_IBk_kNN.png,29.04
confusion_252260670_all_noOutliers_random_oversampling_MLP.csv,/kaggle/working/outputs/TESE_pruebas/run_20260902_145353/processed_data/reports/balanceo/matrices_confusion_balanceo/confusion_252260670_all_noOutliers_random_oversampling_MLP.csv,0.12
confusion_252260670_all_noOutliers_random_oversampling_MLP.png,/kaggle/working/outputs/TESE_pruebas/run_20260902_145353/processed_data/reports/balanceo/matrices_confusion_balanceo/confusion_252260670_all_noOutliers_random_oversampling_MLP.png,28.62
confusion_252260670_all_noOutliers_random_oversampling_RBFNetwork_aprox.csv,/kaggle/working/outputs/TESE_pruebas/run_20260902_145353/processed_data/reports/balanceo/matrices_confusion_balanceo/confusion_252260670_all_noOutliers_random_oversampling_RBFNetwork_aprox.csv,0.12
confusion_252260670_all_noOutliers_random_oversampling_RBFNetwork_aprox.png,/kaggle/working/outputs/TESE_pruebas/run_20260902_145353/processed_data/reports/balanceo/matrices_confusion_balanceo/confusion_252260670_all_noOutliers_random_oversampling_RBFNetwork_aprox.png,30.72
confusion_252260670_all_noOutliers_random_oversampling_RandomForest.csv,/kaggle/working/outputs/TESE_pruebas/run_20260902_145353/processed_data/reports/balanceo/matrices_confusion_balanceo/confusion_252260670_all_noOutliers_random_oversampling_RandomForest.csv,0.12
confusion_252260670_all_noOutliers_random_oversampling_RandomForest.png,/kaggle/working/outputs/TESE_pruebas/run_20260902_145353/processed_data/reports/balanceo/matrices_confusion_balanceo/confusion_252260670_all_noOutliers_random_oversampling_RandomForest.png,29.49
confusion_252260670_all_noOutliers_random_oversampling_SMO_SVM.csv,/kaggle/working/outputs/TESE_pruebas/run_20260902_145353/processed_data/reports/balanceo/matrices_confusion_balanceo/confusion_252260670_all_noOutliers_random_oversampling_SMO_SVM.csv,0.12
confusion_252260670_all_noOutliers_random_oversampling_SMO_SVM.png,/kaggle/working/outputs/TESE_pruebas/run_20260902_145353/processed_data/reports/balanceo/matrices_confusion_balanceo/confusion_252260670_all_noOutliers_random_oversampling_SMO_SVM.png,29.55
confusion_252260670_all_noOutliers_random_undersampling_controlado_IBk_kNN.csv,/kaggle/working/outputs/TESE_pruebas/run_20260902_145353/processed_data/reports/balanceo/matrices_confusion_balanceo/confusion_252260670_all_noOutliers_random_undersampling_controlado_IBk_kNN.csv,0.12
confusion_252260670_all_noOutliers_random_undersampling_controlado_IBk_kNN.png,/kaggle/working/outputs/TESE_pruebas/run_20260902_145353/processed_data/reports/balanceo/matrices_confusion_balanceo/confusion_252260670_all_noOutliers_random_undersampling_controlado_IBk_kNN.png,29.06
confusion_252260670_all_noOutliers_random_undersampling_controlado_MLP.csv,/kaggle/working/outputs/TESE_pruebas/run_20260902_145353/processed_data/reports/balanceo/matrices_confusion_balanceo/confusion_252260670_all_noOutliers_random_undersampling_controlado_MLP.csv,0.12
confusion_252260670_all_noOutliers_random_undersampling_controlado_MLP.png,/kaggle/working/outputs/TESE_pruebas/run_20260902_145353/processed_data/reports/balanceo/matrices_confusion_balanceo/confusion_252260670_all_noOutliers_random_undersampling_controlado_MLP.png,31.06
confusion_252260670_all_noOutliers_random_undersampling_controlado_RBFNetwork_aprox.csv,/kaggle/working/outputs/TESE_pruebas/run_20260902_145353/processed_data/reports/balanceo/matrices_confusion_balanceo/confusion_252260670_all_noOutliers_random_undersampling_controlado_RBFNetwork_aprox.csv,0.12
confusion_252260670_all_noOutliers_random_undersampling_controlado_RBFNetwork_aprox.png,/kaggle/working/outputs/TESE_pruebas/run_20260902_145353/processed_data/reports/balanceo/matrices_confusion_balanceo/confusion_252260670_all_noOutliers_random_undersampling_controlado_RBFNetwork_aprox.png,30.83
confusion_252260670_all_noOutliers_random_undersampling_controlado_RandomForest.csv,/kaggle/working/outputs/TESE_pruebas/run_20260902_145353/processed_data/reports/balanceo/matrices_confusion_balanceo/confusion_252260670_all_noOutliers_random_undersampling_controlado_RandomForest.csv,0.12
confusion_252260670_all_noOutliers_random_undersampling_controlado_RandomForest.png,/kaggle/working/outputs/TESE_pruebas/run_20260902_145353/processed_data/reports/balanceo/matrices_confusion_balanceo/confusion_252260670_all_noOutliers_random_undersampling_controlado_RandomForest.png,29.92
confusion_252260670_all_noOutliers_random_undersampling_controlado_SMO_SVM.csv,/kaggle/working/outputs/TESE_pruebas/run_20260902_145353/processed_data/reports/balanceo/matrices_confusion_balanceo/confusion_252260670_all_noOutliers_random_undersampling_controlado_SMO_SVM.csv,0.12
confusion_252260670_all_noOutliers_random_undersampling_controlado_SMO_SVM.png,/kaggle/working/outputs/TESE_pruebas/run_20260902_145353/processed_data/reports/balanceo/matrices_confusion_balanceo/confusion_252260670_all_noOutliers_random_undersampling_controlado_SMO_SVM.png,29.77
confusion_252260670_all_noOutliers_sin_balanceo_IBk_kNN.csv,/kaggle/working/outputs/TESE_pruebas/run_20260902_145353/processed_data/reports/balanceo/matrices_confusion_balanceo/confusion_252260670_all_noOutliers_sin_balanceo_IBk_kNN.csv,0.12
confusion_252260670_all_noOutliers_sin_balanceo_IBk_kNN.png,/kaggle/working/outputs/TESE_pruebas/run_20260902_145353/processed_data/reports/balanceo/matrices_confusion_balanceo/confusion_252260670_all_noOutliers_sin_balanceo_IBk_kNN.png,28.23
confusion_252260670_all_noOutliers_sin_balanceo_MLP.csv,/kaggle/working/outputs/TESE_pruebas/run_20260902_145353/processed_data/reports/balanceo/matrices_confusion_balanceo/confusion_252260670_all_noOutliers_sin_balanceo_MLP.csv,0.12
confusion_252260670_all_noOutliers_sin_balanceo_MLP.png,/kaggle/working/outputs/TESE_pruebas/run_20260902_145353/processed_data/reports/balanceo/matrices_confusion_balanceo/confusion_252260670_all_noOutliers_sin_balanceo_MLP.png,27.61
confusion_252260670_all_noOutliers_sin_balanceo_RBFNetwork_aprox.csv,/kaggle/working/outputs/TESE_pruebas/run_20260902_145353/processed_data/reports/balanceo/matrices_confusion_balanceo/confusion_252260670_all_noOutliers_sin_balanceo_RBFNetwork_aprox.csv,0.12
confusion_252260670_all_noOutliers_sin_balanceo_RBFNetwork_aprox.png,/kaggle/working/outputs/TESE_pruebas/run_20260902_145353/processed_data/reports/balanceo/matrices_confusion_balanceo/confusion_252260670_all_noOutliers_sin_balanceo_RBFNetwork_aprox.png,29.87
confusion_252260670_all_noOutliers_sin_balanceo_RandomForest.csv,/kaggle/working/outputs/TESE_pruebas/run_20260902_145353/processed_data/reports/balanceo/matrices_confusion_balanceo/confusion_252260670_all_noOutliers_sin_balanceo_RandomForest.csv,0.12
confusion_252260670_all_noOutliers_sin_balanceo_RandomForest.png,/kaggle/working/outputs/TESE_pruebas/run_20260902_145353/processed_data/reports/balanceo/matrices_confusion_balanceo/confusion_252260670_all_noOutliers_sin_balanceo_RandomForest.png,28.57
confusion_252260670_all_noOutliers_sin_balanceo_SMO_SVM.csv,/kaggle/working/outputs/TESE_pruebas/run_20260902_145353/processed_data/reports/balanceo/matrices_confusion_balanceo/confusion_252260670_all_noOutliers_sin_balanceo_SMO_SVM.csv,0.12
confusion_252260670_all_noOutliers_sin_balanceo_SMO_SVM.png,/kaggle/working/outputs/TESE_pruebas/run_20260902_145353/processed_data/reports/balanceo/matrices_confusion_balanceo/confusion_252260670_all_noOutliers_sin_balanceo_SMO_SVM.png,28.67
confusion_cano_all_noOutliers_class_weight_balanced_RBFNetwork_aprox.csv,/kaggle/working/outputs/TESE_pruebas/run_20260902_145353/processed_data/reports/balanceo/matrices_confusion_balanceo/confusion_cano_all_noOutliers_class_weight_balanced_RBFNetwork_aprox.csv,0.13
confusion_cano_all_noOutliers_class_weight_balanced_RBFNetwork_aprox.png,/kaggle/working/outputs/TESE_pruebas/run_20260902_145353/processed_data/reports/balanceo/matrices_confusion_balanceo/confusion_cano_all_noOutliers_class_weight_balanced_RBFNetwork_aprox.png,32.54
confusion_cano_all_noOutliers_class_weight_balanced_RandomForest.csv,/kaggle/working/outputs/TESE_pruebas/run_20260902_145353/processed_data/reports/balanceo/matrices_confusion_balanceo/confusion_cano_all_noOutliers_class_weight_balanced_RandomForest.csv,0.13
confusion_cano_all_noOutliers_class_weight_balanced_RandomForest.png,/kaggle/working/outputs/TESE_pruebas/run_20260902_145353/processed_data/reports/balanceo/matrices_confusion_balanceo/confusion_cano_all_noOutliers_class_weight_balanced_RandomForest.png,30.46
confusion_cano_all_noOutliers_class_weight_balanced_SMO_SVM.csv,/kaggle/working/outputs/TESE_pruebas/run_20260902_145353/processed_data/reports/balanceo/matrices_confusion_balanceo/confusion_cano_all_noOutliers_class_weight_balanced_SMO_SVM.csv,0.13
confusion_cano_all_noOutliers_class_weight_balanced_SMO_SVM.png,/kaggle/working/outputs/TESE_pruebas/run_20260902_145353/processed_data/reports/balanceo/matrices_confusion_balanceo/confusion_cano_all_noOutliers_class_weight_balanced_SMO_SVM.png,34.17
confusion_cano_all_noOutliers_random_oversampling_IBk_kNN.csv,/kaggle/working/outputs/TESE_pruebas/run_20260902_145353/processed_data/reports/balanceo/matrices_confusion_balanceo/confusion_cano_all_noOutliers_random_oversampling_IBk_kNN.csv,0.13
confusion_cano_all_noOutliers_random_oversampling_IBk_kNN.png,/kaggle/working/outputs/TESE_pruebas/run_20260902_145353/processed_data/reports/balanceo/matrices_confusion_balanceo/confusion_cano_all_noOutliers_random_oversampling_IBk_kNN.png,29.6
confusion_cano_all_noOutliers_random_oversampling_MLP.csv,/kaggle/working/outputs/TESE_pruebas/run_20260902_145353/processed_data/reports/balanceo/matrices_confusion_balanceo/confusion_cano_all_noOutliers_random_oversampling_MLP.csv,0.13
confusion_cano_all_noOutliers_random_oversampling_MLP.png,/kaggle/working/outputs/TESE_pruebas/run_20260902_145353/processed_data/reports/balanceo/matrices_confusion_balanceo/confusion_cano_all_noOutliers_random_oversampling_MLP.png,32.64
confusion_cano_all_noOutliers_random_oversampling_RBFNetwork_aprox.csv,/kaggle/working/outputs/TESE_pruebas/run_20260902_145353/processed_data/reports/balanceo/matrices_confusion_balanceo/confusion_cano_all_noOutliers_random_oversampling_RBFNetwork_aprox.csv,0.13
confusion_cano_all_noOutliers_random_oversampling_RBFNetwork_aprox.png,/kaggle/working/outputs/TESE_pruebas/run_20260902_145353/processed_data/reports/balanceo/matrices_confusion_balanceo/confusion_cano_all_noOutliers_random_oversampling_RBFNetwork_aprox.png,34.8
confusion_cano_all_noOutliers_random_oversampling_RandomForest.csv,/kaggle/working/outputs/TESE_pruebas/run_20260902_145353/processed_data/reports/balanceo/matrices_confusion_balanceo/confusion_cano_all_noOutliers_random_oversampling_RandomForest.csv,0.13
confusion_cano_all_noOutliers_random_oversampling_RandomForest.png,/kaggle/working/outputs/TESE_pruebas/run_20260902_145353/processed_data/reports/balanceo/matrices_confusion_balanceo/confusion_cano_all_noOutliers_random_oversampling_RandomForest.png,33.16
confusion_cano_all_noOutliers_random_oversampling_SMO_SVM.csv,/kaggle/working/outputs/TESE_pruebas/run_20260902_145353/processed_data/reports/balanceo/matrices_confusion_balanceo/confusion_cano_all_noOutliers_random_oversampling_SMO_SVM.csv,0.13
confusion_cano_all_noOutliers_random_oversampling_SMO_SVM.png,/kaggle/working/outputs/TESE_pruebas/run_20260902_145353/processed_data/reports/balanceo/matrices_confusion_balanceo/confusion_cano_all_noOutliers_random_oversampling_SMO_SVM.png,32.88
confusion_cano_all_noOutliers_random_undersampling_controlado_IBk_kNN.csv,/kaggle/working/outputs/TESE_pruebas/run_20260902_145353/processed_data/reports/balanceo/matrices_confusion_balanceo/confusion_cano_all_noOutliers_random_undersampling_controlado_IBk_kNN.csv,0.13
confusion_cano_all_noOutliers_random_undersampling_controlado_IBk_kNN.png,/kaggle/working/outputs/TESE_pruebas/run_20260902_145353/processed_data/reports/balanceo/matrices_confusion_balanceo/confusion_cano_all_noOutliers_random_undersampling_controlado_IBk_kNN.png,33.49
confusion_cano_all_noOutliers_random_undersampling_controlado_MLP.csv,/kaggle/working/outputs/TESE_pruebas/run_20260902_145353/processed_data/reports/balanceo/matrices_confusion_balanceo/confusion_cano_all_noOutliers_random_undersampling_controlado_MLP.csv,0.13
confusion_cano_all_noOutliers_random_undersampling_controlado_MLP.png,/kaggle/working/outputs/TESE_pruebas/run_20260902_145353/processed_data/reports/balanceo/matrices_confusion_balanceo/confusion_cano_all_noOutliers_random_undersampling_controlado_MLP.png,33.56
confusion_cano_all_noOutliers_random_undersampling_controlado_RBFNetwork_aprox.csv,/kaggle/working/outputs/TESE_pruebas/run_20260902_145353/processed_data/reports/balanceo/matrices_confusion_balanceo/confusion_cano_all_noOutliers_random_undersampling_controlado_RBFNetwork_aprox.csv,0.13
confusion_cano_all_noOutliers_random_undersampling_controlado_RBFNetwork_aprox.png,/kaggle/working/outputs/TESE_pruebas/run_20260902_145353/processed_data/reports/balanceo/matrices_confusion_balanceo/confusion_cano_all_noOutliers_random_undersampling_controlado_RBFNetwork_aprox.png,33.39
confusion_cano_all_noOutliers_random_undersampling_controlado_RandomForest.csv,/kaggle/working/outputs/TESE_pruebas/run_20260902_145353/processed_data/reports/balanceo/matrices_confusion_balanceo/confusion_cano_all_noOutliers_random_undersampling_controlado_RandomForest.csv,0.13
confusion_cano_all_noOutliers_random_undersampling_controlado_RandomForest.png,/kaggle/working/outputs/TESE_pruebas/run_20260902_145353/processed_data/reports/balanceo/matrices_confusion_balanceo/confusion_cano_all_noOutliers_random_undersampling_controlado_RandomForest.png,34.4
confusion_cano_all_noOutliers_random_undersampling_controlado_SMO_SVM.csv,/kaggle/working/outputs/TESE_pruebas/run_20260902_145353/processed_data/reports/balanceo/matrices_confusion_balanceo/confusion_cano_all_noOutliers_random_undersampling_controlado_SMO_SVM.csv,0.13
confusion_cano_all_noOutliers_random_undersampling_controlado_SMO_SVM.png,/kaggle/working/outputs/TESE_pruebas/run_20260902_145353/processed_data/reports/balanceo/matrices_confusion_balanceo/confusion_cano_all_noOutliers_random_undersampling_controlado_SMO_SVM.png,34.12
confusion_cano_all_noOutliers_sin_balanceo_IBk_kNN.csv,/kaggle/working/outputs/TESE_pruebas/run_20260902_145353/processed_data/reports/balanceo/matrices_confusion_balanceo/confusion_cano_all_noOutliers_sin_balanceo_IBk_kNN.csv,0.13
confusion_cano_all_noOutliers_sin_balanceo_IBk_kNN.png,/kaggle/working/outputs/TESE_pruebas/run_20260902_145353/processed_data/reports/balanceo/matrices_confusion_balanceo/confusion_cano_all_noOutliers_sin_balanceo_IBk_kNN.png,28.47
confusion_cano_all_noOutliers_sin_balanceo_MLP.csv,/kaggle/working/outputs/TESE_pruebas/run_20260902_145353/processed_data/reports/balanceo/matrices_confusion_balanceo/confusion_cano_all_noOutliers_sin_balanceo_MLP.csv,0.13
confusion_cano_all_noOutliers_sin_balanceo_MLP.png,/kaggle/working/outputs/TESE_pruebas/run_20260902_145353/processed_data/reports/balanceo/matrices_confusion_balanceo/confusion_cano_all_noOutliers_sin_balanceo_MLP.png,27.92
confusion_cano_all_noOutliers_sin_balanceo_RBFNetwork_aprox.csv,/kaggle/working/outputs/TESE_pruebas/run_20260902_145353/processed_data/reports/balanceo/matrices_confusion_balanceo/confusion_cano_all_noOutliers_sin_balanceo_RBFNetwork_aprox.csv,0.12
confusion_cano_all_noOutliers_sin_balanceo_RBFNetwork_aprox.png,/kaggle/working/outputs/TESE_pruebas/run_20260902_145353/processed_data/reports/balanceo/matrices_confusion_balanceo/confusion_cano_all_noOutliers_sin_balanceo_RBFNetwork_aprox.png,33.01
confusion_cano_all_noOutliers_sin_balanceo_RandomForest.csv,/kaggle/working/outputs/TESE_pruebas/run_20260902_145353/processed_data/reports/balanceo/matrices_confusion_balanceo/confusion_cano_all_noOutliers_sin_balanceo_RandomForest.csv,0.13
confusion_cano_all_noOutliers_sin_balanceo_RandomForest.png,/kaggle/working/outputs/TESE_pruebas/run_20260902_145353/processed_data/reports/balanceo/matrices_confusion_balanceo/confusion_cano_all_noOutliers_sin_balanceo_RandomForest.png,30.23
confusion_cano_all_noOutliers_sin_balanceo_SMO_SVM.csv,/kaggle/working/outputs/TESE_pruebas/run_20260902_145353/processed_data/reports/balanceo/matrices_confusion_balanceo/confusion_cano_all_noOutliers_sin_balanceo_SMO_SVM.csv,0.13
confusion_cano_all_noOutliers_sin_balanceo_SMO_SVM.png,/kaggle/working/outputs/TESE_pruebas/run_20260902_145353/processed_data/reports/balanceo/matrices_confusion_balanceo/confusion_cano_all_noOutliers_sin_balanceo_SMO_SVM.png,32.71
confusion_cano_all_noOutliers_smote_IBk_kNN.csv,/kaggle/working/outputs/TESE_pruebas/run_20260902_145353/processed_data/reports/balanceo/matrices_confusion_balanceo/confusion_cano_all_noOutliers_smote_IBk_kNN.csv,0.13
confusion_cano_all_noOutliers_smote_IBk_kNN.png,/kaggle/working/outputs/TESE_pruebas/run_20260902_145353/processed_data/reports/balanceo/matrices_confusion_balanceo/confusion_cano_all_noOutliers_smote_IBk_kNN.png,31.13
confusion_cano_all_noOutliers_smote_MLP.csv,/kaggle/working/outputs/TESE_pruebas/run_20260902_145353/processed_data/reports/balanceo/matrices_confusion_balanceo/confusion_cano_all_noOutliers_smote_MLP.csv,0.13
confusion_cano_all_noOutliers_smote_MLP.png,/kaggle/working/outputs/TESE_pruebas/run_20260902_145353/processed_data/reports/balanceo/matrices_confusion_balanceo/confusion_cano_all_noOutliers_smote_MLP.png,30.99
confusion_cano_all_noOutliers_smote_RBFNetwork_aprox.csv,/kaggle/working/outputs/TESE_pruebas/run_20260902_145353/processed_data/reports/balanceo/matrices_confusion_balanceo/confusion_cano_all_noOutliers_smote_RBFNetwork_aprox.csv,0.13
confusion_cano_all_noOutliers_smote_RBFNetwork_aprox.png,/kaggle/working/outputs/TESE_pruebas/run_20260902_145353/processed_data/reports/balanceo/matrices_confusion_balanceo/confusion_cano_all_noOutliers_smote_RBFNetwork_aprox.png,33.41
confusion_cano_all_noOutliers_smote_RandomForest.csv,/kaggle/working/outputs/TESE_pruebas/run_20260902_145353/processed_data/reports/balanceo/matrices_confusion_balanceo/confusion_cano_all_noOutliers_smote_RandomForest.csv,0.13
confusion_cano_all_noOutliers_smote_RandomForest.png,/kaggle/working/outputs/TESE_pruebas/run_20260902_145353/processed_data/reports/balanceo/matrices_confusion_balanceo/confusion_cano_all_noOutliers_smote_RandomForest.png,31.62
confusion_cano_all_noOutliers_smote_SMO_SVM.csv,/kaggle/working/outputs/TESE_pruebas/run_20260902_145353/processed_data/reports/balanceo/matrices_confusion_balanceo/confusion_cano_all_noOutliers_smote_SMO_SVM.csv,0.13
confusion_cano_all_noOutliers_smote_SMO_SVM.png,/kaggle/working/outputs/TESE_pruebas/run_20260902_145353/processed_data/reports/balanceo/matrices_confusion_balanceo/confusion_cano_all_noOutliers_smote_SMO_SVM.png,31.12
confusion_cano_all_noOutliers_smote_tomek_IBk_kNN.csv,/kaggle/working/outputs/TESE_pruebas/run_20260902_145353/processed_data/reports/balanceo/matrices_confusion_balanceo/confusion_cano_all_noOutliers_smote_tomek_IBk_kNN.csv,0.13
confusion_cano_all_noOutliers_smote_tomek_IBk_kNN.png,/kaggle/working/outputs/TESE_pruebas/run_20260902_145353/processed_data/reports/balanceo/matrices_confusion_balanceo/confusion_cano_all_noOutliers_smote_tomek_IBk_kNN.png,31.83
confusion_cano_all_noOutliers_smote_tomek_MLP.csv,/kaggle/working/outputs/TESE_pruebas/run_20260902_145353/processed_data/reports/balanceo/matrices_confusion_balanceo/confusion_cano_all_noOutliers_smote_tomek_MLP.csv,0.13
confusion_cano_all_noOutliers_smote_tomek_MLP.png,/kaggle/working/outputs/TESE_pruebas/run_20260902_145353/processed_data/reports/balanceo/matrices_confusion_balanceo/confusion_cano_all_noOutliers_smote_tomek_MLP.png,32.04
confusion_cano_all_noOutliers_smote_tomek_RBFNetwork_aprox.csv,/kaggle/working/outputs/TESE_pruebas/run_20260902_145353/processed_data/reports/balanceo/matrices_confusion_balanceo/confusion_cano_all_noOutliers_smote_tomek_RBFNetwork_aprox.csv,0.13
confusion_cano_all_noOutliers_smote_tomek_RBFNetwork_aprox.png,/kaggle/working/outputs/TESE_pruebas/run_20260902_145353/processed_data/reports/balanceo/matrices_confusion_balanceo/confusion_cano_all_noOutliers_smote_tomek_RBFNetwork_aprox.png,33.97
confusion_cano_all_noOutliers_smote_tomek_RandomForest.csv,/kaggle/working/outputs/TESE_pruebas/run_20260902_145353/processed_data/reports/balanceo/matrices_confusion_balanceo/confusion_cano_all_noOutliers_smote_tomek_RandomForest.csv,0.13
confusion_cano_all_noOutliers_smote_tomek_RandomForest.png,/kaggle/working/outputs/TESE_pruebas/run_20260902_145353/processed_data/reports/balanceo/matrices_confusion_balanceo/confusion_cano_all_noOutliers_smote_tomek_RandomForest.png,31.8
confusion_cano_all_noOutliers_smote_tomek_SMO_SVM.csv,/kaggle/working/outputs/TESE_pruebas/run_20260902_145353/processed_data/reports/balanceo/matrices_confusion_balanceo/confusion_cano_all_noOutliers_smote_tomek_SMO_SVM.csv,0.13
confusion_cano_all_noOutliers_smote_tomek_SMO_SVM.png,/kaggle/working/outputs/TESE_pruebas/run_20260902_145353/processed_data/reports/balanceo/matrices_confusion_balanceo/confusion_cano_all_noOutliers_smote_tomek_SMO_SVM.png,31.91
confusion_cano_all_sinArtefactosConservador_class_weight_balanced_RBFNetwork_aprox.csv,/kaggle/working/outputs/TESE_pruebas/run_20260902_145353/processed_data/reports/balanceo/matrices_confusion_balanceo/confusion_cano_all_sinArtefactosConservador_class_weight_balanced_RBFNetwork_aprox.csv,0.13
confusion_cano_all_sinArtefactosConservador_class_weight_balanced_RBFNetwork_aprox.png,/kaggle/working/outputs/TESE_pruebas/run_20260902_145353/processed_data/reports/balanceo/matrices_confusion_balanceo/confusion_cano_all_sinArtefactosConservador_class_weight_balanced_RBFNetwork_aprox.png,35.51
confusion_cano_all_sinArtefactosConservador_class_weight_balanced_RandomForest.csv,/kaggle/working/outputs/TESE_pruebas/run_20260902_145353/processed_data/reports/balanceo/matrices_confusion_balanceo/confusion_cano_all_sinArtefactosConservador_class_weight_balanced_RandomForest.csv,0.13
confusion_cano_all_sinArtefactosConservador_class_weight_balanced_RandomForest.png,/kaggle/working/outputs/TESE_pruebas/run_20260902_145353/processed_data/reports/balanceo/matrices_confusion_balanceo/confusion_cano_all_sinArtefactosConservador_class_weight_balanced_RandomForest.png,34.92
confusion_cano_all_sinArtefactosConservador_class_weight_balanced_SMO_SVM.csv,/kaggle/working/outputs/TESE_pruebas/run_20260902_145353/processed_data/reports/balanceo/matrices_confusion_balanceo/confusion_cano_all_sinArtefactosConservador_class_weight_balanced_SMO_SVM.csv,0.12
confusion_cano_all_sinArtefactosConservador_class_weight_balanced_SMO_SVM.png,/kaggle/working/outputs/TESE_pruebas/run_20260902_145353/processed_data/reports/balanceo/matrices_confusion_balanceo/confusion_cano_all_sinArtefactosConservador_class_weight_balanced_SMO_SVM.png,35.66
confusion_cano_all_sinArtefactosConservador_random_oversampling_IBk_kNN.csv,/kaggle/working/outputs/TESE_pruebas/run_20260902_145353/processed_data/reports/balanceo/matrices_confusion_balanceo/confusion_cano_all_sinArtefactosConservador_random_oversampling_IBk_kNN.csv,0.13
confusion_cano_all_sinArtefactosConservador_random_oversampling_IBk_kNN.png,/kaggle/working/outputs/TESE_pruebas/run_20260902_145353/processed_data/reports/balanceo/matrices_confusion_balanceo/confusion_cano_all_sinArtefactosConservador_random_oversampling_IBk_kNN.png,34.72
confusion_cano_all_sinArtefactosConservador_random_oversampling_MLP.csv,/kaggle/working/outputs/TESE_pruebas/run_20260902_145353/processed_data/reports/balanceo/matrices_confusion_balanceo/confusion_cano_all_sinArtefactosConservador_random_oversampling_MLP.csv,0.13
confusion_cano_all_sinArtefactosConservador_random_oversampling_MLP.png,/kaggle/working/outputs/TESE_pruebas/run_20260902_145353/processed_data/reports/balanceo/matrices_confusion_balanceo/confusion_cano_all_sinArtefactosConservador_random_oversampling_MLP.png,33.63
confusion_cano_all_sinArtefactosConservador_random_oversampling_RBFNetwork_aprox.csv,/kaggle/working/outputs/TESE_pruebas/run_20260902_145353/processed_data/reports/balanceo/matrices_confusion_balanceo/confusion_cano_all_sinArtefactosConservador_random_oversampling_RBFNetwork_aprox.csv,0.12
confusion_cano_all_sinArtefactosConservador_random_oversampling_RBFNetwork_aprox.png,/kaggle/working/outputs/TESE_pruebas/run_20260902_145353/processed_data/reports/balanceo/matrices_confusion_balanceo/confusion_cano_all_sinArtefactosConservador_random_oversampling_RBFNetwork_aprox.png,35.84
confusion_cano_all_sinArtefactosConservador_random_oversampling_RandomForest.csv,/kaggle/working/outputs/TESE_pruebas/run_20260902_145353/processed_data/reports/balanceo/matrices_confusion_balanceo/confusion_cano_all_sinArtefactosConservador_random_oversampling_RandomForest.csv,0.13
confusion_cano_all_sinArtefactosConservador_random_oversampling_RandomForest.png,/kaggle/working/outputs/TESE_pruebas/run_20260902_145353/processed_data/reports/balanceo/matrices_confusion_balanceo/confusion_cano_all_sinArtefactosConservador_random_oversampling_RandomForest.png,34.52
confusion_cano_all_sinArtefactosConservador_random_oversampling_SMO_SVM.csv,/kaggle/working/outputs/TESE_pruebas/run_20260902_145353/processed_data/reports/balanceo/matrices_confusion_balanceo/confusion_cano_all_sinArtefactosConservador_random_oversampling_SMO_SVM.csv,0.12
confusion_cano_all_sinArtefactosConservador_random_oversampling_SMO_SVM.png,/kaggle/working/outputs/TESE_pruebas/run_20260902_145353/processed_data/reports/balanceo/matrices_confusion_balanceo/confusion_cano_all_sinArtefactosConservador_random_oversampling_SMO_SVM.png,34.45
confusion_cano_all_sinArtefactosConservador_random_undersampling_controlado_IBk_kNN.csv,/kaggle/working/outputs/TESE_pruebas/run_20260902_145353/processed_data/reports/balanceo/matrices_confusion_balanceo/confusion_cano_all_sinArtefactosConservador_random_undersampling_controlado_IBk_kNN.csv,0.13
confusion_cano_all_sinArtefactosConservador_random_undersampling_controlado_IBk_kNN.png,/kaggle/working/outputs/TESE_pruebas/run_20260902_145353/processed_data/reports/balanceo/matrices_confusion_balanceo/confusion_cano_all_sinArtefactosConservador_random_undersampling_controlado_IBk_kNN.png,35.32
confusion_cano_all_sinArtefactosConservador_random_undersampling_controlado_MLP.csv,/kaggle/working/outputs/TESE_pruebas/run_20260902_145353/processed_data/reports/balanceo/matrices_confusion_balanceo/confusion_cano_all_sinArtefactosConservador_random_undersampling_controlado_MLP.csv,0.13
confusion_cano_all_sinArtefactosConservador_random_undersampling_controlado_MLP.png,/kaggle/working/outputs/TESE_pruebas/run_20260902_145353/processed_data/reports/balanceo/matrices_confusion_balanceo/confusion_cano_all_sinArtefactosConservador_random_undersampling_controlado_MLP.png,34.56
confusion_cano_all_sinArtefactosConservador_random_undersampling_controlado_RBFNetwork_aprox.csv,/kaggle/working/outputs/TESE_pruebas/run_20260902_145353/processed_data/reports/balanceo/matrices_confusion_balanceo/confusion_cano_all_sinArtefactosConservador_random_undersampling_controlado_RBFNetwork_aprox.csv,0.13
confusion_cano_all_sinArtefactosConservador_random_undersampling_controlado_RBFNetwork_aprox.png,/kaggle/working/outputs/TESE_pruebas/run_20260902_145353/processed_data/reports/balanceo/matrices_confusion_balanceo/confusion_cano_all_sinArtefactosConservador_random_undersampling_controlado_RBFNetwork_aprox.png,33.95
confusion_cano_all_sinArtefactosConservador_random_undersampling_controlado_RandomForest.csv,/kaggle/working/outputs/TESE_pruebas/run_20260902_145353/processed_data/reports/balanceo/matrices_confusion_balanceo/confusion_cano_all_sinArtefactosConservador_random_undersampling_controlado_RandomForest.csv,0.13
confusion_cano_all_sinArtefactosConservador_random_undersampling_controlado_RandomForest.png,/kaggle/working/outputs/TESE_pruebas/run_20260902_145353/processed_data/reports/balanceo/matrices_confusion_balanceo/confusion_cano_all_sinArtefactosConservador_random_undersampling_controlado_RandomForest.png,34.64
confusion_cano_all_sinArtefactosConservador_random_undersampling_controlado_SMO_SVM.csv,/kaggle/working/outputs/TESE_pruebas/run_20260902_145353/processed_data/reports/balanceo/matrices_confusion_balanceo/confusion_cano_all_sinArtefactosConservador_random_undersampling_controlado_SMO_SVM.csv,0.13
confusion_cano_all_sinArtefactosConservador_random_undersampling_controlado_SMO_SVM.png,/kaggle/working/outputs/TESE_pruebas/run_20260902_145353/processed_data/reports/balanceo/matrices_confusion_balanceo/confusion_cano_all_sinArtefactosConservador_random_undersampling_controlado_SMO_SVM.png,35.9
confusion_cano_all_sinArtefactosConservador_sin_balanceo_IBk_kNN.csv,/kaggle/working/outputs/TESE_pruebas/run_20260902_145353/processed_data/reports/balanceo/matrices_confusion_balanceo/confusion_cano_all_sinArtefactosConservador_sin_balanceo_IBk_kNN.csv,0.13
confusion_cano_all_sinArtefactosConservador_sin_balanceo_IBk_kNN.png,/kaggle/working/outputs/TESE_pruebas/run_20260902_145353/processed_data/reports/balanceo/matrices_confusion_balanceo/confusion_cano_all_sinArtefactosConservador_sin_balanceo_IBk_kNN.png,33.69
confusion_cano_all_sinArtefactosConservador_sin_balanceo_MLP.csv,/kaggle/working/outputs/TESE_pruebas/run_20260902_145353/processed_data/reports/balanceo/matrices_confusion_balanceo/confusion_cano_all_sinArtefactosConservador_sin_balanceo_MLP.csv,0.13
confusion_cano_all_sinArtefactosConservador_sin_balanceo_MLP.png,/kaggle/working/outputs/TESE_pruebas/run_20260902_145353/processed_data/reports/balanceo/matrices_confusion_balanceo/confusion_cano_all_sinArtefactosConservador_sin_balanceo_MLP.png,32.8
confusion_cano_all_sinArtefactosConservador_sin_balanceo_RBFNetwork_aprox.csv,/kaggle/working/outputs/TESE_pruebas/run_20260902_145353/processed_data/reports/balanceo/matrices_confusion_balanceo/confusion_cano_all_sinArtefactosConservador_sin_balanceo_RBFNetwork_aprox.csv,0.13
confusion_cano_all_sinArtefactosConservador_sin_balanceo_RBFNetwork_aprox.png,/kaggle/working/outputs/TESE_pruebas/run_20260902_145353/processed_data/reports/balanceo/matrices_confusion_balanceo/confusion_cano_all_sinArtefactosConservador_sin_balanceo_RBFNetwork_aprox.png,34.77
confusion_cano_all_sinArtefactosConservador_sin_balanceo_RandomForest.csv,/kaggle/working/outputs/TESE_pruebas/run_20260902_145353/processed_data/reports/balanceo/matrices_confusion_balanceo/confusion_cano_all_sinArtefactosConservador_sin_balanceo_RandomForest.csv,0.13
confusion_cano_all_sinArtefactosConservador_sin_balanceo_RandomForest.png,/kaggle/working/outputs/TESE_pruebas/run_20260902_145353/processed_data/reports/balanceo/matrices_confusion_balanceo/confusion_cano_all_sinArtefactosConservador_sin_balanceo_RandomForest.png,33.8
confusion_cano_all_sinArtefactosConservador_sin_balanceo_SMO_SVM.csv,/kaggle/working/outputs/TESE_pruebas/run_20260902_145353/processed_data/reports/balanceo/matrices_confusion_balanceo/confusion_cano_all_sinArtefactosConservador_sin_balanceo_SMO_SVM.csv,0.12
confusion_cano_all_sinArtefactosConservador_sin_balanceo_SMO_SVM.png,/kaggle/working/outputs/TESE_pruebas/run_20260902_145353/processed_data/reports/balanceo/matrices_confusion_balanceo/confusion_cano_all_sinArtefactosConservador_sin_balanceo_SMO_SVM.png,33.67
confusion_cano_all_sinArtefactosConservador_smote_IBk_kNN.csv,/kaggle/working/outputs/TESE_pruebas/run_20260902_145353/processed_data/reports/balanceo/matrices_confusion_balanceo/confusion_cano_all_sinArtefactosConservador_smote_IBk_kNN.csv,0.13
confusion_cano_all_sinArtefactosConservador_smote_IBk_kNN.png,/kaggle/working/outputs/TESE_pruebas/run_20260902_145353/processed_data/reports/balanceo/matrices_confusion_balanceo/confusion_cano_all_sinArtefactosConservador_smote_IBk_kNN.png,32.53
confusion_cano_all_sinArtefactosConservador_smote_MLP.csv,/kaggle/working/outputs/TESE_pruebas/run_20260902_145353/processed_data/reports/balanceo/matrices_confusion_balanceo/confusion_cano_all_sinArtefactosConservador_smote_MLP.csv,0.13
confusion_cano_all_sinArtefactosConservador_smote_MLP.png,/kaggle/working/outputs/TESE_pruebas/run_20260902_145353/processed_data/reports/balanceo/matrices_confusion_balanceo/confusion_cano_all_sinArtefactosConservador_smote_MLP.png,32.02
confusion_cano_all_sinArtefactosConservador_smote_RBFNetwork_aprox.csv,/kaggle/working/outputs/TESE_pruebas/run_20260902_145353/processed_data/reports/balanceo/matrices_confusion_balanceo/confusion_cano_all_sinArtefactosConservador_smote_RBFNetwork_aprox.csv,0.12
confusion_cano_all_sinArtefactosConservador_smote_RBFNetwork_aprox.png,/kaggle/working/outputs/TESE_pruebas/run_20260902_145353/processed_data/reports/balanceo/matrices_confusion_balanceo/confusion_cano_all_sinArtefactosConservador_smote_RBFNetwork_aprox.png,34.48
confusion_cano_all_sinArtefactosConservador_smote_RandomForest.csv,/kaggle/working/outputs/TESE_pruebas/run_20260902_145353/processed_data/reports/balanceo/matrices_confusion_balanceo/confusion_cano_all_sinArtefactosConservador_smote_RandomForest.csv,0.13
confusion_cano_all_sinArtefactosConservador_smote_RandomForest.png,/kaggle/working/outputs/TESE_pruebas/run_20260902_145353/processed_data/reports/balanceo/matrices_confusion_balanceo/confusion_cano_all_sinArtefactosConservador_smote_RandomForest.png,32.68
confusion_cano_all_sinArtefactosConservador_smote_SMO_SVM.csv,/kaggle/working/outputs/TESE_pruebas/run_20260902_145353/processed_data/reports/balanceo/matrices_confusion_balanceo/confusion_cano_all_sinArtefactosConservador_smote_SMO_SVM.csv,0.12
confusion_cano_all_sinArtefactosConservador_smote_SMO_SVM.png,/kaggle/working/outputs/TESE_pruebas/run_20260902_145353/processed_data/reports/balanceo/matrices_confusion_balanceo/confusion_cano_all_sinArtefactosConservador_smote_SMO_SVM.png,32.93
confusion_cano_all_sinArtefactosConservador_smote_tomek_IBk_kNN.csv,/kaggle/working/outputs/TESE_pruebas/run_20260902_145353/processed_data/reports/balanceo/matrices_confusion_balanceo/confusion_cano_all_sinArtefactosConservador_smote_tomek_IBk_kNN.csv,0.13
confusion_cano_all_sinArtefactosConservador_smote_tomek_IBk_kNN.png,/kaggle/working/outputs/TESE_pruebas/run_20260902_145353/processed_data/reports/balanceo/matrices_confusion_balanceo/confusion_cano_all_sinArtefactosConservador_smote_tomek_IBk_kNN.png,33.17
confusion_cano_all_sinArtefactosConservador_smote_tomek_MLP.csv,/kaggle/working/outputs/TESE_pruebas/run_20260902_145353/processed_data/reports/balanceo/matrices_confusion_balanceo/confusion_cano_all_sinArtefactosConservador_smote_tomek_MLP.csv,0.13
confusion_cano_all_sinArtefactosConservador_smote_tomek_MLP.png,/kaggle/working/outputs/TESE_pruebas/run_20260902_145353/processed_data/reports/balanceo/matrices_confusion_balanceo/confusion_cano_all_sinArtefactosConservador_smote_tomek_MLP.png,32.79
confusion_cano_all_sinArtefactosConservador_smote_tomek_RBFNetwork_aprox.csv,/kaggle/working/outputs/TESE_pruebas/run_20260902_145353/processed_data/reports/balanceo/matrices_confusion_balanceo/confusion_cano_all_sinArtefactosConservador_smote_tomek_RBFNetwork_aprox.csv,0.12
confusion_cano_all_sinArtefactosConservador_smote_tomek_RBFNetwork_aprox.png,/kaggle/working/outputs/TESE_pruebas/run_20260902_145353/processed_data/reports/balanceo/matrices_confusion_balanceo/confusion_cano_all_sinArtefactosConservador_smote_tomek_RBFNetwork_aprox.png,35.42
confusion_cano_all_sinArtefactosConservador_smote_tomek_RandomForest.csv,/kaggle/working/outputs/TESE_pruebas/run_20260902_145353/processed_data/reports/balanceo/matrices_confusion_balanceo/confusion_cano_all_sinArtefactosConservador_smote_tomek_RandomForest.csv,0.13
confusion_cano_all_sinArtefactosConservador_smote_tomek_RandomForest.png,/kaggle/working/outputs/TESE_pruebas/run_20260902_145353/processed_data/reports/balanceo/matrices_confusion_balanceo/confusion_cano_all_sinArtefactosConservador_smote_tomek_RandomForest.png,33.28
confusion_cano_all_sinArtefactosConservador_smote_tomek_SMO_SVM.csv,/kaggle/working/outputs/TESE_pruebas/run_20260902_145353/processed_data/reports/balanceo/matrices_confusion_balanceo/confusion_cano_all_sinArtefactosConservador_smote_tomek_SMO_SVM.csv,0.12
confusion_cano_all_sinArtefactosConservador_smote_tomek_SMO_SVM.png,/kaggle/working/outputs/TESE_pruebas/run_20260902_145353/processed_data/reports/balanceo/matrices_confusion_balanceo/confusion_cano_all_sinArtefactosConservador_smote_tomek_SMO_SVM.png,33.7
confusion_villanueva_all_noOutliers_class_weight_balanced_RBFNetwork_aprox.csv,/kaggle/working/outputs/TESE_pruebas/run_20260902_145353/processed_data/reports/balanceo/matrices_confusion_balanceo/confusion_villanueva_all_noOutliers_class_weight_balanced_RBFNetwork_aprox.csv,0.12
confusion_villanueva_all_noOutliers_class_weight_balanced_RBFNetwork_aprox.png,/kaggle/working/outputs/TESE_pruebas/run_20260902_145353/processed_data/reports/balanceo/matrices_confusion_balanceo/confusion_villanueva_all_noOutliers_class_weight_balanced_RBFNetwork_aprox.png,33.35
confusion_villanueva_all_noOutliers_class_weight_balanced_RandomForest.csv,/kaggle/working/outputs/TESE_pruebas/run_20260902_145353/processed_data/reports/balanceo/matrices_confusion_balanceo/confusion_villanueva_all_noOutliers_class_weight_balanced_RandomForest.csv,0.12
confusion_villanueva_all_noOutliers_class_weight_balanced_RandomForest.png,/kaggle/working/outputs/TESE_pruebas/run_20260902_145353/processed_data/reports/balanceo/matrices_confusion_balanceo/confusion_villanueva_all_noOutliers_class_weight_balanced_RandomForest.png,32.46
confusion_villanueva_all_noOutliers_class_weight_balanced_SMO_SVM.csv,/kaggle/working/outputs/TESE_pruebas/run_20260902_145353/processed_data/reports/balanceo/matrices_confusion_balanceo/confusion_villanueva_all_noOutliers_class_weight_balanced_SMO_SVM.csv,0.12
confusion_villanueva_all_noOutliers_class_weight_balanced_SMO_SVM.png,/kaggle/working/outputs/TESE_pruebas/run_20260902_145353/processed_data/reports/balanceo/matrices_confusion_balanceo/confusion_villanueva_all_noOutliers_class_weight_balanced_SMO_SVM.png,33.66
confusion_villanueva_all_noOutliers_random_oversampling_IBk_kNN.csv,/kaggle/working/outputs/TESE_pruebas/run_20260902_145353/processed_data/reports/balanceo/matrices_confusion_balanceo/confusion_villanueva_all_noOutliers_random_oversampling_IBk_kNN.csv,0.12
confusion_villanueva_all_noOutliers_random_oversampling_IBk_kNN.png,/kaggle/working/outputs/TESE_pruebas/run_20260902_145353/processed_data/reports/balanceo/matrices_confusion_balanceo/confusion_villanueva_all_noOutliers_random_oversampling_IBk_kNN.png,31.54
confusion_villanueva_all_noOutliers_random_oversampling_MLP.csv,/kaggle/working/outputs/TESE_pruebas/run_20260902_145353/processed_data/reports/balanceo/matrices_confusion_balanceo/confusion_villanueva_all_noOutliers_random_oversampling_MLP.csv,0.12
confusion_villanueva_all_noOutliers_random_oversampling_MLP.png,/kaggle/working/outputs/TESE_pruebas/run_20260902_145353/processed_data/reports/balanceo/matrices_confusion_balanceo/confusion_villanueva_all_noOutliers_random_oversampling_MLP.png,31.94
confusion_villanueva_all_noOutliers_random_oversampling_RBFNetwork_aprox.csv,/kaggle/working/outputs/TESE_pruebas/run_20260902_145353/processed_data/reports/balanceo/matrices_confusion_balanceo/confusion_villanueva_all_noOutliers_random_oversampling_RBFNetwork_aprox.csv,0.12
confusion_villanueva_all_noOutliers_random_oversampling_RBFNetwork_aprox.png,/kaggle/working/outputs/TESE_pruebas/run_20260902_145353/processed_data/reports/balanceo/matrices_confusion_balanceo/confusion_villanueva_all_noOutliers_random_oversampling_RBFNetwork_aprox.png,32.81
confusion_villanueva_all_noOutliers_random_oversampling_RandomForest.csv,/kaggle/working/outputs/TESE_pruebas/run_20260902_145353/processed_data/reports/balanceo/matrices_confusion_balanceo/confusion_villanueva_all_noOutliers_random_oversampling_RandomForest.csv,0.12
confusion_villanueva_all_noOutliers_random_oversampling_RandomForest.png,/kaggle/working/outputs/TESE_pruebas/run_20260902_145353/processed_data/reports/balanceo/matrices_confusion_balanceo/confusion_villanueva_all_noOutliers_random_oversampling_RandomForest.png,32.63
confusion_villanueva_all_noOutliers_random_oversampling_SMO_SVM.csv,/kaggle/working/outputs/TESE_pruebas/run_20260902_145353/processed_data/reports/balanceo/matrices_confusion_balanceo/confusion_villanueva_all_noOutliers_random_oversampling_SMO_SVM.csv,0.13
confusion_villanueva_all_noOutliers_random_oversampling_SMO_SVM.png,/kaggle/working/outputs/TESE_pruebas/run_20260902_145353/processed_data/reports/balanceo/matrices_confusion_balanceo/confusion_villanueva_all_noOutliers_random_oversampling_SMO_SVM.png,33.17
confusion_villanueva_all_noOutliers_random_undersampling_controlado_IBk_kNN.csv,/kaggle/working/outputs/TESE_pruebas/run_20260902_145353/processed_data/reports/balanceo/matrices_confusion_balanceo/confusion_villanueva_all_noOutliers_random_undersampling_controlado_IBk_kNN.csv,0.12
confusion_villanueva_all_noOutliers_random_undersampling_controlado_IBk_kNN.png,/kaggle/working/outputs/TESE_pruebas/run_20260902_145353/processed_data/reports/balanceo/matrices_confusion_balanceo/confusion_villanueva_all_noOutliers_random_undersampling_controlado_IBk_kNN.png,33.91
confusion_villanueva_all_noOutliers_random_undersampling_controlado_MLP.csv,/kaggle/working/outputs/TESE_pruebas/run_20260902_145353/processed_data/reports/balanceo/matrices_confusion_balanceo/confusion_villanueva_all_noOutliers_random_undersampling_controlado_MLP.csv,0.13
confusion_villanueva_all_noOutliers_random_undersampling_controlado_MLP.png,/kaggle/working/outputs/TESE_pruebas/run_20260902_145353/processed_data/reports/balanceo/matrices_confusion_balanceo/confusion_villanueva_all_noOutliers_random_undersampling_controlado_MLP.png,33.16
confusion_villanueva_all_noOutliers_random_undersampling_controlado_RBFNetwork_aprox.csv,/kaggle/working/outputs/TESE_pruebas/run_20260902_145353/processed_data/reports/balanceo/matrices_confusion_balanceo/confusion_villanueva_all_noOutliers_random_undersampling_controlado_RBFNetwork_aprox.csv,0.12
confusion_villanueva_all_noOutliers_random_undersampling_controlado_RBFNetwork_aprox.png,/kaggle/working/outputs/TESE_pruebas/run_20260902_145353/processed_data/reports/balanceo/matrices_confusion_balanceo/confusion_villanueva_all_noOutliers_random_undersampling_controlado_RBFNetwork_aprox.png,35.23
confusion_villanueva_all_noOutliers_random_undersampling_controlado_RandomForest.csv,/kaggle/working/outputs/TESE_pruebas/run_20260902_145353/processed_data/reports/balanceo/matrices_confusion_balanceo/confusion_villanueva_all_noOutliers_random_undersampling_controlado_RandomForest.csv,0.12
confusion_villanueva_all_noOutliers_random_undersampling_controlado_RandomForest.png,/kaggle/working/outputs/TESE_pruebas/run_20260902_145353/processed_data/reports/balanceo/matrices_confusion_balanceo/confusion_villanueva_all_noOutliers_random_undersampling_controlado_RandomForest.png,33.13
confusion_villanueva_all_noOutliers_random_undersampling_controlado_SMO_SVM.csv,/kaggle/working/outputs/TESE_pruebas/run_20260902_145353/processed_data/reports/balanceo/matrices_confusion_balanceo/confusion_villanueva_all_noOutliers_random_undersampling_controlado_SMO_SVM.csv,0.13
confusion_villanueva_all_noOutliers_random_undersampling_controlado_SMO_SVM.png,/kaggle/working/outputs/TESE_pruebas/run_20260902_145353/processed_data/reports/balanceo/matrices_confusion_balanceo/confusion_villanueva_all_noOutliers_random_undersampling_controlado_SMO_SVM.png,33.84
confusion_villanueva_all_noOutliers_sin_balanceo_IBk_kNN.csv,/kaggle/working/outputs/TESE_pruebas/run_20260902_145353/processed_data/reports/balanceo/matrices_confusion_balanceo/confusion_villanueva_all_noOutliers_sin_balanceo_IBk_kNN.csv,0.12
confusion_villanueva_all_noOutliers_sin_balanceo_IBk_kNN.png,/kaggle/working/outputs/TESE_pruebas/run_20260902_145353/processed_data/reports/balanceo/matrices_confusion_balanceo/confusion_villanueva_all_noOutliers_sin_balanceo_IBk_kNN.png,31.01
confusion_villanueva_all_noOutliers_sin_balanceo_MLP.csv,/kaggle/working/outputs/TESE_pruebas/run_20260902_145353/processed_data/reports/balanceo/matrices_confusion_balanceo/confusion_villanueva_all_noOutliers_sin_balanceo_MLP.csv,0.12
confusion_villanueva_all_noOutliers_sin_balanceo_MLP.png,/kaggle/working/outputs/TESE_pruebas/run_20260902_145353/processed_data/reports/balanceo/matrices_confusion_balanceo/confusion_villanueva_all_noOutliers_sin_balanceo_MLP.png,30.16
confusion_villanueva_all_noOutliers_sin_balanceo_RBFNetwork_aprox.csv,/kaggle/working/outputs/TESE_pruebas/run_20260902_145353/processed_data/reports/balanceo/matrices_confusion_balanceo/confusion_villanueva_all_noOutliers_sin_balanceo_RBFNetwork_aprox.csv,0.12
confusion_villanueva_all_noOutliers_sin_balanceo_RBFNetwork_aprox.png,/kaggle/working/outputs/TESE_pruebas/run_20260902_145353/processed_data/reports/balanceo/matrices_confusion_balanceo/confusion_villanueva_all_noOutliers_sin_balanceo_RBFNetwork_aprox.png,30.16
confusion_villanueva_all_noOutliers_sin_balanceo_RandomForest.csv,/kaggle/working/outputs/TESE_pruebas/run_20260902_145353/processed_data/reports/balanceo/matrices_confusion_balanceo/confusion_villanueva_all_noOutliers_sin_balanceo_RandomForest.csv,0.12
confusion_villanueva_all_noOutliers_sin_balanceo_RandomForest.png,/kaggle/working/outputs/TESE_pruebas/run_20260902_145353/processed_data/reports/balanceo/matrices_confusion_balanceo/confusion_villanueva_all_noOutliers_sin_balanceo_RandomForest.png,32.2
confusion_villanueva_all_noOutliers_sin_balanceo_SMO_SVM.csv,/kaggle/working/outputs/TESE_pruebas/run_20260902_145353/processed_data/reports/balanceo/matrices_confusion_balanceo/confusion_villanueva_all_noOutliers_sin_balanceo_SMO_SVM.csv,0.12
confusion_villanueva_all_noOutliers_sin_balanceo_SMO_SVM.png,/kaggle/working/outputs/TESE_pruebas/run_20260902_145353/processed_data/reports/balanceo/matrices_confusion_balanceo/confusion_villanueva_all_noOutliers_sin_balanceo_SMO_SVM.png,31.87
confusion_villanueva_all_noOutliers_smote_IBk_kNN.csv,/kaggle/working/outputs/TESE_pruebas/run_20260902_145353/processed_data/reports/balanceo/matrices_confusion_balanceo/confusion_villanueva_all_noOutliers_smote_IBk_kNN.csv,0.12
confusion_villanueva_all_noOutliers_smote_IBk_kNN.png,/kaggle/working/outputs/TESE_pruebas/run_20260902_145353/processed_data/reports/balanceo/matrices_confusion_balanceo/confusion_villanueva_all_noOutliers_smote_IBk_kNN.png,30.58
confusion_villanueva_all_noOutliers_smote_MLP.csv,/kaggle/working/outputs/TESE_pruebas/run_20260902_145353/processed_data/reports/balanceo/matrices_confusion_balanceo/confusion_villanueva_all_noOutliers_smote_MLP.csv,0.12
confusion_villanueva_all_noOutliers_smote_MLP.png,/kaggle/working/outputs/TESE_pruebas/run_20260902_145353/processed_data/reports/balanceo/matrices_confusion_balanceo/confusion_villanueva_all_noOutliers_smote_MLP.png,29.33
confusion_villanueva_all_noOutliers_smote_RBFNetwork_aprox.csv,/kaggle/working/outputs/TESE_pruebas/run_20260902_145353/processed_data/reports/balanceo/matrices_confusion_balanceo/confusion_villanueva_all_noOutliers_smote_RBFNetwork_aprox.csv,0.12
confusion_villanueva_all_noOutliers_smote_RBFNetwork_aprox.png,/kaggle/working/outputs/TESE_pruebas/run_20260902_145353/processed_data/reports/balanceo/matrices_confusion_balanceo/confusion_villanueva_all_noOutliers_smote_RBFNetwork_aprox.png,31.41
confusion_villanueva_all_noOutliers_smote_RandomForest.csv,/kaggle/working/outputs/TESE_pruebas/run_20260902_145353/processed_data/reports/balanceo/matrices_confusion_balanceo/confusion_villanueva_all_noOutliers_smote_RandomForest.csv,0.12
confusion_villanueva_all_noOutliers_smote_RandomForest.png,/kaggle/working/outputs/TESE_pruebas/run_20260902_145353/processed_data/reports/balanceo/matrices_confusion_balanceo/confusion_villanueva_all_noOutliers_smote_RandomForest.png,31.08
confusion_villanueva_all_noOutliers_smote_SMO_SVM.csv,/kaggle/working/outputs/TESE_pruebas/run_20260902_145353/processed_data/reports/balanceo/matrices_confusion_balanceo/confusion_villanueva_all_noOutliers_smote_SMO_SVM.csv,0.13
confusion_villanueva_all_noOutliers_smote_SMO_SVM.png,/kaggle/working/outputs/TESE_pruebas/run_20260902_145353/processed_data/reports/balanceo/matrices_confusion_balanceo/confusion_villanueva_all_noOutliers_smote_SMO_SVM.png,32.33
confusion_villanueva_all_noOutliers_smote_tomek_IBk_kNN.csv,/kaggle/working/outputs/TESE_pruebas/run_20260902_145353/processed_data/reports/balanceo/matrices_confusion_balanceo/confusion_villanueva_all_noOutliers_smote_tomek_IBk_kNN.csv,0.12
confusion_villanueva_all_noOutliers_smote_tomek_IBk_kNN.png,/kaggle/working/outputs/TESE_pruebas/run_20260902_145353/processed_data/reports/balanceo/matrices_confusion_balanceo/confusion_villanueva_all_noOutliers_smote_tomek_IBk_kNN.png,31.12
confusion_villanueva_all_noOutliers_smote_tomek_MLP.csv,/kaggle/working/outputs/TESE_pruebas/run_20260902_145353/processed_data/reports/balanceo/matrices_confusion_balanceo/confusion_villanueva_all_noOutliers_smote_tomek_MLP.csv,0.12
confusion_villanueva_all_noOutliers_smote_tomek_MLP.png,/kaggle/working/outputs/TESE_pruebas/run_20260902_145353/processed_data/reports/balanceo/matrices_confusion_balanceo/confusion_villanueva_all_noOutliers_smote_tomek_MLP.png,29.95
confusion_villanueva_all_noOutliers_smote_tomek_RBFNetwork_aprox.csv,/kaggle/working/outputs/TESE_pruebas/run_20260902_145353/processed_data/reports/balanceo/matrices_confusion_balanceo/confusion_villanueva_all_noOutliers_smote_tomek_RBFNetwork_aprox.csv,0.12
confusion_villanueva_all_noOutliers_smote_tomek_RBFNetwork_aprox.png,/kaggle/working/outputs/TESE_pruebas/run_20260902_145353/processed_data/reports/balanceo/matrices_confusion_balanceo/confusion_villanueva_all_noOutliers_smote_tomek_RBFNetwork_aprox.png,31.98
confusion_villanueva_all_noOutliers_smote_tomek_RandomForest.csv,/kaggle/working/outputs/TESE_pruebas/run_20260902_145353/processed_data/reports/balanceo/matrices_confusion_balanceo/confusion_villanueva_all_noOutliers_smote_tomek_RandomForest.csv,0.12
confusion_villanueva_all_noOutliers_smote_tomek_RandomForest.png,/kaggle/working/outputs/TESE_pruebas/run_20260902_145353/processed_data/reports/balanceo/matrices_confusion_balanceo/confusion_villanueva_all_noOutliers_smote_tomek_RandomForest.png,31.48
confusion_villanueva_all_noOutliers_smote_tomek_SMO_SVM.csv,/kaggle/working/outputs/TESE_pruebas/run_20260902_145353/processed_data/reports/balanceo/matrices_confusion_balanceo/confusion_villanueva_all_noOutliers_smote_tomek_SMO_SVM.csv,0.13
confusion_villanueva_all_noOutliers_smote_tomek_SMO_SVM.png,/kaggle/working/outputs/TESE_pruebas/run_20260902_145353/processed_data/reports/balanceo/matrices_confusion_balanceo/confusion_villanueva_all_noOutliers_smote_tomek_SMO_SVM.png,33.02
matrices_confusion_balanceo.csv,/kaggle/working/outputs/TESE_pruebas/run_20260902_145353/processed_data/reports/balanceo/matrices_confusion_balanceo.csv,325.95
recall_por_clase_balanceo.csv,/kaggle/working/outputs/TESE_pruebas/run_20260902_145353/processed_data/reports/balanceo/recall_por_clase_balanceo.csv,199.42
resumen_balanceo.html,/kaggle/working/outputs/TESE_pruebas/run_20260902_145353/processed_data/reports/balanceo/resumen_balanceo.html,73.06
comparacion_balanceo_modelos.csv,/kaggle/working/outputs/TESE_pruebas/run_20260902_145353/processed_data/reports/comparacion_balanceo_modelos.csv,884.79
comparacion_balanceo_modelos.xlsx,/kaggle/working/outputs/TESE_pruebas/run_20260902_145353/processed_data/reports/comparacion_balanceo_modelos.xlsx,494.02
comparacion_balanceo_por_sujeto.csv,/kaggle/working/outputs/TESE_pruebas/run_20260902_145353/processed_data/reports/comparacion_balanceo_por_sujeto.csv,4.3
comparacion_balanceo_por_sujeto.xlsx,/kaggle/working/outputs/TESE_pruebas/run_20260902_145353/processed_data/reports/comparacion_balanceo_por_sujeto.xlsx,6.83
comparacion_variantes_limpieza_modelos.csv,/kaggle/working/outputs/TESE_pruebas/run_20260902_145353/processed_data/reports/comparacion_variantes_limpieza_modelos.csv,5.51
comparacion_variantes_limpieza_modelos.xlsx,/kaggle/working/outputs/TESE_pruebas/run_20260902_145353/processed_data/reports/comparacion_variantes_limpieza_modelos.xlsx,8.21
evaluacion_sujetos.csv,/kaggle/working/outputs/TESE_pruebas/run_20260902_145353/processed_data/reports/evaluacion_sujetos.csv,8.05
informe_evaluacion_resultados.html,/kaggle/working/outputs/TESE_pruebas/run_20260902_145353/processed_data/reports/informe_evaluacion_resultados.html,180.51
pares_eeg.csv,/kaggle/working/outputs/TESE_pruebas/run_20260902_145353/processed_data/reports/pares_eeg.csv,3.63
pares_eeg.xlsx,/kaggle/working/outputs/TESE_pruebas/run_20260902_145353/processed_data/reports/pares_eeg.xlsx,6.48
pares_txt_csv_eeg.csv,/kaggle/working/outputs/TESE_pruebas/run_20260902_145353/processed_data/reports/pares_txt_csv_eeg.csv,2.5
pares_txt_csv_eeg.xlsx,/kaggle/working/outputs/TESE_pruebas/run_20260902_145353/processed_data/reports/pares_txt_csv_eeg.xlsx,5.83
pruebas_csv_espanol_eeg.csv,/kaggle/working/outputs/TESE_pruebas/run_20260902_145353/processed_data/reports/pruebas_csv_espanol_eeg.csv,0.63
pruebas_csv_espanol_eeg.xlsx,/kaggle/working/outputs/TESE_pruebas/run_20260902_145353/processed_data/reports/pruebas_csv_espanol_eeg.xlsx,5.17
recall_por_clase_balanceo.csv,/kaggle/working/outputs/TESE_pruebas/run_20260902_145353/processed_data/reports/recall_por_clase_balanceo.csv,199.42
recall_por_clase_balanceo.xlsx,/kaggle/working/outputs/TESE_pruebas/run_20260902_145353/processed_data/reports/recall_por_clase_balanceo.xlsx,101.09
reporte_artefactos_sospechados_detalle.csv,/kaggle/working/outputs/TESE_pruebas/run_20260902_145353/processed_data/reports/reporte_artefactos_sospechados_detalle.csv,32291.25
reporte_artefactos_sospechados_detalle.xlsx,/kaggle/working/outputs/TESE_pruebas/run_20260902_145353/processed_data/reports/reporte_artefactos_sospechados_detalle.xlsx,8047.64
reporte_artefactos_sospechados_resumen.csv,/kaggle/working/outputs/TESE_pruebas/run_20260902_145353/processed_data/reports/reporte_artefactos_sospechados_resumen.csv,24.66
reporte_artefactos_sospechados_resumen.xlsx,/kaggle/working/outputs/TESE_pruebas/run_20260902_145353/processed_data/reports/reporte_artefactos_sospechados_resumen.xlsx,20.01
reporte_figuras_generadas.csv,/kaggle/working/outputs/TESE_pruebas/run_20260902_145353/processed_data/reports/reporte_figuras_generadas.csv,232.1
reporte_figuras_generadas.xlsx,/kaggle/working/outputs/TESE_pruebas/run_20260902_145353/processed_data/reports/reporte_figuras_generadas.xlsx,31.0
reporte_filtrado.csv,/kaggle/working/outputs/TESE_pruebas/run_20260902_145353/processed_data/reports/reporte_filtrado.csv,4.22
reporte_filtrado.xlsx,/kaggle/working/outputs/TESE_pruebas/run_20260902_145353/processed_data/reports/reporte_filtrado.xlsx,9.65
reporte_limpieza_artefactos.csv,/kaggle/working/outputs/TESE_pruebas/run_20260902_145353/processed_data/reports/reporte_limpieza_artefactos.csv,17.94
reporte_limpieza_artefactos.xlsx,/kaggle/working/outputs/TESE_pruebas/run_20260902_145353/processed_data/reports/reporte_limpieza_artefactos.xlsx,12.03
reporte_mapeo.csv,/kaggle/working/outputs/TESE_pruebas/run_20260902_145353/processed_data/reports/reporte_mapeo.csv,22.93
reporte_mapeo.xlsx,/kaggle/working/outputs/TESE_pruebas/run_20260902_145353/processed_data/reports/reporte_mapeo.xlsx,14.22
reporte_visor_interactivo.csv,/kaggle/working/outputs/TESE_pruebas/run_20260902_145353/processed_data/reports/reporte_visor_interactivo.csv,6.25
resultados_modelos_global.csv,/kaggle/working/outputs/TESE_pruebas/run_20260902_145353/processed_data/reports/resultados_modelos_global.csv,17.75
resultados_modelos_global.xlsx,/kaggle/working/outputs/TESE_pruebas/run_20260902_145353/processed_data/reports/resultados_modelos_global.xlsx,17.12
resumen_ejecutivo_resultados.txt,/kaggle/working/outputs/TESE_pruebas/run_20260902_145353/processed_data/reports/resumen_ejecutivo_resultados.txt,1.85
resumen_procesamiento_eeg.csv,/kaggle/working/outputs/TESE_pruebas/run_20260902_145353/processed_data/reports/resumen_procesamiento_eeg.csv,5.64
resumen_procesamiento_eeg.xlsx,/kaggle/working/outputs/TESE_pruebas/run_20260902_145353/processed_data/reports/resumen_procesamiento_eeg.xlsx,7.36
visor_interactivo_eeg.html,/kaggle/working/outputs/TESE_pruebas/run_20260902_145353/processed_data/reports/visor_interactivo_eeg.html,5393.69
