sujeto,movimiento,variante,tipo_figura,banda,ruta_archivo,existe,modelable,graficable,diagnostica,motivo_no_modelable,motivo_no_graficable,observacion
211260561,all,cleanSmooth,scroll,promedio_bandas,/kaggle/working/outputs/TESE_pruebas/run_20260902_145353/processed_data/figures/scroll/211260561_all_cleanSmooth_scroll_promedio_bandas.png,True,True,True,False,,,Scroll comparativo BANDPOWER. Las visualizaciones representan características BANDPOWER derivadas por canal y banda. No equivalen a qEEG clínico normativo ni a PSD cruda calculada desde señal continua.
211260561,all,cleanSmooth,topomap,theta,/kaggle/working/outputs/TESE_pruebas/run_20260902_145353/processed_data/figures/topomaps/211260561_all_cleanSmooth_topomap_theta.png,True,True,True,False,,,Topomap de promedio BANDPOWER por canal; no usa promedio directo de cleanNorm. Las visualizaciones representan características BANDPOWER derivadas por canal y banda. No equivalen a qEEG clínico normativo ni a PSD cruda calculada desde señal continua.
211260561,all,cleanSmooth,topomap,alpha,/kaggle/working/outputs/TESE_pruebas/run_20260902_145353/processed_data/figures/topomaps/211260561_all_cleanSmooth_topomap_alpha.png,True,True,True,False,,,Topomap de promedio BANDPOWER por canal; no usa promedio directo de cleanNorm. Las visualizaciones representan características BANDPOWER derivadas por canal y banda. No equivalen a qEEG clínico normativo ni a PSD cruda calculada desde señal continua.
211260561,all,cleanSmooth,topomap,betaL,/kaggle/working/outputs/TESE_pruebas/run_20260902_145353/processed_data/figures/topomaps/211260561_all_cleanSmooth_topomap_betaL.png,True,True,True,False,,,Topomap de promedio BANDPOWER por canal; no usa promedio directo de cleanNorm. Las visualizaciones representan características BANDPOWER derivadas por canal y banda. No equivalen a qEEG clínico normativo ni a PSD cruda calculada desde señal continua.
211260561,all,cleanSmooth,topomap,betaH,/kaggle/working/outputs/TESE_pruebas/run_20260902_145353/processed_data/figures/topomaps/211260561_all_cleanSmooth_topomap_betaH.png,True,True,True,False,,,Topomap de promedio BANDPOWER por canal; no usa promedio directo de cleanNorm. Las visualizaciones representan características BANDPOWER derivadas por canal y banda. No equivalen a qEEG clínico normativo ni a PSD cruda calculada desde señal continua.
211260561,all,cleanSmooth,topomap,gamma,/kaggle/working/outputs/TESE_pruebas/run_20260902_145353/processed_data/figures/topomaps/211260561_all_cleanSmooth_topomap_gamma.png,True,True,True,False,,,Topomap de promedio BANDPOWER por canal; no usa promedio directo de cleanNorm. Las visualizaciones representan características BANDPOWER derivadas por canal y banda. No equivalen a qEEG clínico normativo ni a PSD cruda calculada desde señal continua.
211260561,all,cleanSmooth,spectral,bandas,/kaggle/working/outputs/TESE_pruebas/run_20260902_145353/processed_data/figures/spectral/211260561_all_cleanSmooth_spectral_bandpower.png,True,True,True,False,,,Espectro derivado desde promedios BANDPOWER interpretables. Las visualizaciones representan características BANDPOWER derivadas por canal y banda. No equivalen a qEEG clínico normativo ni a PSD cruda calculada desde señal continua.
211260561,all,noOutliers,scroll,promedio_bandas,/kaggle/working/outputs/TESE_pruebas/run_20260902_145353/processed_data/figures/scroll/211260561_all_noOutliers_scroll_promedio_bandas.png,True,True,True,False,,,Scroll comparativo BANDPOWER. Las visualizaciones representan características BANDPOWER derivadas por canal y banda. No equivalen a qEEG clínico normativo ni a PSD cruda calculada desde señal continua.
211260561,all,noOutliers,topomap,theta,/kaggle/working/outputs/TESE_pruebas/run_20260902_145353/processed_data/figures/topomaps/211260561_all_noOutliers_topomap_theta.png,True,True,True,False,,,Topomap de promedio BANDPOWER por canal; no usa promedio directo de cleanNorm. Las visualizaciones representan características BANDPOWER derivadas por canal y banda. No equivalen a qEEG clínico normativo ni a PSD cruda calculada desde señal continua.
211260561,all,noOutliers,topomap,alpha,/kaggle/working/outputs/TESE_pruebas/run_20260902_145353/processed_data/figures/topomaps/211260561_all_noOutliers_topomap_alpha.png,True,True,True,False,,,Topomap de promedio BANDPOWER por canal; no usa promedio directo de cleanNorm. Las visualizaciones representan características BANDPOWER derivadas por canal y banda. No equivalen a qEEG clínico normativo ni a PSD cruda calculada desde señal continua.
211260561,all,noOutliers,topomap,betaL,/kaggle/working/outputs/TESE_pruebas/run_20260902_145353/processed_data/figures/topomaps/211260561_all_noOutliers_topomap_betaL.png,True,True,True,False,,,Topomap de promedio BANDPOWER por canal; no usa promedio directo de cleanNorm. Las visualizaciones representan características BANDPOWER derivadas por canal y banda. No equivalen a qEEG clínico normativo ni a PSD cruda calculada desde señal continua.
211260561,all,noOutliers,topomap,betaH,/kaggle/working/outputs/TESE_pruebas/run_20260902_145353/processed_data/figures/topomaps/211260561_all_noOutliers_topomap_betaH.png,True,True,True,False,,,Topomap de promedio BANDPOWER por canal; no usa promedio directo de cleanNorm. Las visualizaciones representan características BANDPOWER derivadas por canal y banda. No equivalen a qEEG clínico normativo ni a PSD cruda calculada desde señal continua.
211260561,all,noOutliers,topomap,gamma,/kaggle/working/outputs/TESE_pruebas/run_20260902_145353/processed_data/figures/topomaps/211260561_all_noOutliers_topomap_gamma.png,True,True,True,False,,,Topomap de promedio BANDPOWER por canal; no usa promedio directo de cleanNorm. Las visualizaciones representan características BANDPOWER derivadas por canal y banda. No equivalen a qEEG clínico normativo ni a PSD cruda calculada desde señal continua.
211260561,all,noOutliers,spectral,bandas,/kaggle/working/outputs/TESE_pruebas/run_20260902_145353/processed_data/figures/spectral/211260561_all_noOutliers_spectral_bandpower.png,True,True,True,False,,,Espectro derivado desde promedios BANDPOWER interpretables. Las visualizaciones representan características BANDPOWER derivadas por canal y banda. No equivalen a qEEG clínico normativo ni a PSD cruda calculada desde señal continua.
211260561,all,sinArtefactosConservador,scroll,promedio_bandas,/kaggle/working/outputs/TESE_pruebas/run_20260902_145353/processed_data/figures/scroll/211260561_all_sinArtefactosConservador_scroll_promedio_bandas.png,True,True,True,False,,,Scroll comparativo BANDPOWER. Las visualizaciones representan características BANDPOWER derivadas por canal y banda. No equivalen a qEEG clínico normativo ni a PSD cruda calculada desde señal continua.
211260561,all,sinArtefactosConservador,topomap,theta,/kaggle/working/outputs/TESE_pruebas/run_20260902_145353/processed_data/figures/topomaps/211260561_all_sinArtefactosConservador_topomap_theta.png,True,True,True,False,,,Topomap de promedio BANDPOWER por canal; no usa promedio directo de cleanNorm. Las visualizaciones representan características BANDPOWER derivadas por canal y banda. No equivalen a qEEG clínico normativo ni a PSD cruda calculada desde señal continua.
211260561,all,sinArtefactosConservador,topomap,alpha,/kaggle/working/outputs/TESE_pruebas/run_20260902_145353/processed_data/figures/topomaps/211260561_all_sinArtefactosConservador_topomap_alpha.png,True,True,True,False,,,Topomap de promedio BANDPOWER por canal; no usa promedio directo de cleanNorm. Las visualizaciones representan características BANDPOWER derivadas por canal y banda. No equivalen a qEEG clínico normativo ni a PSD cruda calculada desde señal continua.
211260561,all,sinArtefactosConservador,topomap,betaL,/kaggle/working/outputs/TESE_pruebas/run_20260902_145353/processed_data/figures/topomaps/211260561_all_sinArtefactosConservador_topomap_betaL.png,True,True,True,False,,,Topomap de promedio BANDPOWER por canal; no usa promedio directo de cleanNorm. Las visualizaciones representan características BANDPOWER derivadas por canal y banda. No equivalen a qEEG clínico normativo ni a PSD cruda calculada desde señal continua.
211260561,all,sinArtefactosConservador,topomap,betaH,/kaggle/working/outputs/TESE_pruebas/run_20260902_145353/processed_data/figures/topomaps/211260561_all_sinArtefactosConservador_topomap_betaH.png,True,True,True,False,,,Topomap de promedio BANDPOWER por canal; no usa promedio directo de cleanNorm. Las visualizaciones representan características BANDPOWER derivadas por canal y banda. No equivalen a qEEG clínico normativo ni a PSD cruda calculada desde señal continua.
211260561,all,sinArtefactosConservador,topomap,gamma,/kaggle/working/outputs/TESE_pruebas/run_20260902_145353/processed_data/figures/topomaps/211260561_all_sinArtefactosConservador_topomap_gamma.png,True,True,True,False,,,Topomap de promedio BANDPOWER por canal; no usa promedio directo de cleanNorm. Las visualizaciones representan características BANDPOWER derivadas por canal y banda. No equivalen a qEEG clínico normativo ni a PSD cruda calculada desde señal continua.
211260561,all,sinArtefactosConservador,spectral,bandas,/kaggle/working/outputs/TESE_pruebas/run_20260902_145353/processed_data/figures/spectral/211260561_all_sinArtefactosConservador_spectral_bandpower.png,True,True,True,False,,,Espectro derivado desde promedios BANDPOWER interpretables. Las visualizaciones representan características BANDPOWER derivadas por canal y banda. No equivalen a qEEG clínico normativo ni a PSD cruda calculada desde señal continua.
211260561,all,sinArtefactosEstricto,scroll,promedio_bandas,/kaggle/working/outputs/TESE_pruebas/run_20260902_145353/processed_data/figures/scroll/211260561_all_sinArtefactosEstricto_scroll_promedio_bandas.png,True,True,True,False,,,Scroll comparativo BANDPOWER. Las visualizaciones representan características BANDPOWER derivadas por canal y banda. No equivalen a qEEG clínico normativo ni a PSD cruda calculada desde señal continua.
211260561,all,sinArtefactosEstricto,topomap,theta,/kaggle/working/outputs/TESE_pruebas/run_20260902_145353/processed_data/figures/topomaps/211260561_all_sinArtefactosEstricto_topomap_theta.png,True,True,True,False,,,Topomap de promedio BANDPOWER por canal; no usa promedio directo de cleanNorm. Las visualizaciones representan características BANDPOWER derivadas por canal y banda. No equivalen a qEEG clínico normativo ni a PSD cruda calculada desde señal continua.
211260561,all,sinArtefactosEstricto,topomap,alpha,/kaggle/working/outputs/TESE_pruebas/run_20260902_145353/processed_data/figures/topomaps/211260561_all_sinArtefactosEstricto_topomap_alpha.png,True,True,True,False,,,Topomap de promedio BANDPOWER por canal; no usa promedio directo de cleanNorm. Las visualizaciones representan características BANDPOWER derivadas por canal y banda. No equivalen a qEEG clínico normativo ni a PSD cruda calculada desde señal continua.
211260561,all,sinArtefactosEstricto,topomap,betaL,/kaggle/working/outputs/TESE_pruebas/run_20260902_145353/processed_data/figures/topomaps/211260561_all_sinArtefactosEstricto_topomap_betaL.png,True,True,True,False,,,Topomap de promedio BANDPOWER por canal; no usa promedio directo de cleanNorm. Las visualizaciones representan características BANDPOWER derivadas por canal y banda. No equivalen a qEEG clínico normativo ni a PSD cruda calculada desde señal continua.
211260561,all,sinArtefactosEstricto,topomap,betaH,/kaggle/working/outputs/TESE_pruebas/run_20260902_145353/processed_data/figures/topomaps/211260561_all_sinArtefactosEstricto_topomap_betaH.png,True,True,True,False,,,Topomap de promedio BANDPOWER por canal; no usa promedio directo de cleanNorm. Las visualizaciones representan características BANDPOWER derivadas por canal y banda. No equivalen a qEEG clínico normativo ni a PSD cruda calculada desde señal continua.
211260561,all,sinArtefactosEstricto,topomap,gamma,/kaggle/working/outputs/TESE_pruebas/run_20260902_145353/processed_data/figures/topomaps/211260561_all_sinArtefactosEstricto_topomap_gamma.png,True,True,True,False,,,Topomap de promedio BANDPOWER por canal; no usa promedio directo de cleanNorm. Las visualizaciones representan características BANDPOWER derivadas por canal y banda. No equivalen a qEEG clínico normativo ni a PSD cruda calculada desde señal continua.
211260561,all,sinArtefactosEstricto,spectral,bandas,/kaggle/working/outputs/TESE_pruebas/run_20260902_145353/processed_data/figures/spectral/211260561_all_sinArtefactosEstricto_spectral_bandpower.png,True,True,True,False,,,Espectro derivado desde promedios BANDPOWER interpretables. Las visualizaciones representan características BANDPOWER derivadas por canal y banda. No equivalen a qEEG clínico normativo ni a PSD cruda calculada desde señal continua.
212260563,all,cleanSmooth,scroll,promedio_bandas,/kaggle/working/outputs/TESE_pruebas/run_20260902_145353/processed_data/figures/scroll/212260563_all_cleanSmooth_scroll_promedio_bandas.png,True,True,True,False,,,Scroll comparativo BANDPOWER. Las visualizaciones representan características BANDPOWER derivadas por canal y banda. No equivalen a qEEG clínico normativo ni a PSD cruda calculada desde señal continua.
212260563,all,cleanSmooth,topomap,theta,/kaggle/working/outputs/TESE_pruebas/run_20260902_145353/processed_data/figures/topomaps/212260563_all_cleanSmooth_topomap_theta.png,True,True,True,False,,,Topomap de promedio BANDPOWER por canal; no usa promedio directo de cleanNorm. Las visualizaciones representan características BANDPOWER derivadas por canal y banda. No equivalen a qEEG clínico normativo ni a PSD cruda calculada desde señal continua.
212260563,all,cleanSmooth,topomap,alpha,/kaggle/working/outputs/TESE_pruebas/run_20260902_145353/processed_data/figures/topomaps/212260563_all_cleanSmooth_topomap_alpha.png,True,True,True,False,,,Topomap de promedio BANDPOWER por canal; no usa promedio directo de cleanNorm. Las visualizaciones representan características BANDPOWER derivadas por canal y banda. No equivalen a qEEG clínico normativo ni a PSD cruda calculada desde señal continua.
212260563,all,cleanSmooth,topomap,betaL,/kaggle/working/outputs/TESE_pruebas/run_20260902_145353/processed_data/figures/topomaps/212260563_all_cleanSmooth_topomap_betaL.png,True,True,True,False,,,Topomap de promedio BANDPOWER por canal; no usa promedio directo de cleanNorm. Las visualizaciones representan características BANDPOWER derivadas por canal y banda. No equivalen a qEEG clínico normativo ni a PSD cruda calculada desde señal continua.
212260563,all,cleanSmooth,topomap,betaH,/kaggle/working/outputs/TESE_pruebas/run_20260902_145353/processed_data/figures/topomaps/212260563_all_cleanSmooth_topomap_betaH.png,True,True,True,False,,,Topomap de promedio BANDPOWER por canal; no usa promedio directo de cleanNorm. Las visualizaciones representan características BANDPOWER derivadas por canal y banda. No equivalen a qEEG clínico normativo ni a PSD cruda calculada desde señal continua.
212260563,all,cleanSmooth,topomap,gamma,/kaggle/working/outputs/TESE_pruebas/run_20260902_145353/processed_data/figures/topomaps/212260563_all_cleanSmooth_topomap_gamma.png,True,True,True,False,,,Topomap de promedio BANDPOWER por canal; no usa promedio directo de cleanNorm. Las visualizaciones representan características BANDPOWER derivadas por canal y banda. No equivalen a qEEG clínico normativo ni a PSD cruda calculada desde señal continua.
212260563,all,cleanSmooth,spectral,bandas,/kaggle/working/outputs/TESE_pruebas/run_20260902_145353/processed_data/figures/spectral/212260563_all_cleanSmooth_spectral_bandpower.png,True,True,True,False,,,Espectro derivado desde promedios BANDPOWER interpretables. Las visualizaciones representan características BANDPOWER derivadas por canal y banda. No equivalen a qEEG clínico normativo ni a PSD cruda calculada desde señal continua.
212260563,all,noOutliers,scroll,promedio_bandas,/kaggle/working/outputs/TESE_pruebas/run_20260902_145353/processed_data/figures/scroll/212260563_all_noOutliers_scroll_promedio_bandas.png,True,True,True,False,,,Scroll comparativo BANDPOWER. Las visualizaciones representan características BANDPOWER derivadas por canal y banda. No equivalen a qEEG clínico normativo ni a PSD cruda calculada desde señal continua.
212260563,all,noOutliers,topomap,theta,/kaggle/working/outputs/TESE_pruebas/run_20260902_145353/processed_data/figures/topomaps/212260563_all_noOutliers_topomap_theta.png,True,True,True,False,,,Topomap de promedio BANDPOWER por canal; no usa promedio directo de cleanNorm. Las visualizaciones representan características BANDPOWER derivadas por canal y banda. No equivalen a qEEG clínico normativo ni a PSD cruda calculada desde señal continua.
212260563,all,noOutliers,topomap,alpha,/kaggle/working/outputs/TESE_pruebas/run_20260902_145353/processed_data/figures/topomaps/212260563_all_noOutliers_topomap_alpha.png,True,True,True,False,,,Topomap de promedio BANDPOWER por canal; no usa promedio directo de cleanNorm. Las visualizaciones representan características BANDPOWER derivadas por canal y banda. No equivalen a qEEG clínico normativo ni a PSD cruda calculada desde señal continua.
212260563,all,noOutliers,topomap,betaL,/kaggle/working/outputs/TESE_pruebas/run_20260902_145353/processed_data/figures/topomaps/212260563_all_noOutliers_topomap_betaL.png,True,True,True,False,,,Topomap de promedio BANDPOWER por canal; no usa promedio directo de cleanNorm. Las visualizaciones representan características BANDPOWER derivadas por canal y banda. No equivalen a qEEG clínico normativo ni a PSD cruda calculada desde señal continua.
212260563,all,noOutliers,topomap,betaH,/kaggle/working/outputs/TESE_pruebas/run_20260902_145353/processed_data/figures/topomaps/212260563_all_noOutliers_topomap_betaH.png,True,True,True,False,,,Topomap de promedio BANDPOWER por canal; no usa promedio directo de cleanNorm. Las visualizaciones representan características BANDPOWER derivadas por canal y banda. No equivalen a qEEG clínico normativo ni a PSD cruda calculada desde señal continua.
212260563,all,noOutliers,topomap,gamma,/kaggle/working/outputs/TESE_pruebas/run_20260902_145353/processed_data/figures/topomaps/212260563_all_noOutliers_topomap_gamma.png,True,True,True,False,,,Topomap de promedio BANDPOWER por canal; no usa promedio directo de cleanNorm. Las visualizaciones representan características BANDPOWER derivadas por canal y banda. No equivalen a qEEG clínico normativo ni a PSD cruda calculada desde señal continua.
212260563,all,noOutliers,spectral,bandas,/kaggle/working/outputs/TESE_pruebas/run_20260902_145353/processed_data/figures/spectral/212260563_all_noOutliers_spectral_bandpower.png,True,True,True,False,,,Espectro derivado desde promedios BANDPOWER interpretables. Las visualizaciones representan características BANDPOWER derivadas por canal y banda. No equivalen a qEEG clínico normativo ni a PSD cruda calculada desde señal continua.
212260563,all,sinArtefactosConservador,scroll,promedio_bandas,/kaggle/working/outputs/TESE_pruebas/run_20260902_145353/processed_data/figures/scroll/212260563_all_sinArtefactosConservador_scroll_promedio_bandas.png,True,False,True,True,min_clase < 10,,Scroll comparativo BANDPOWER. Figura diagnostica: la variante no es modelable por baja retencion o baja representacion de clase. Las visualizaciones representan características BANDPOWER derivadas por canal y banda. No equivalen a qEEG clínico normativo ni a PSD cruda calculada desde señal continua.
212260563,all,sinArtefactosConservador,topomap,theta,/kaggle/working/outputs/TESE_pruebas/run_20260902_145353/processed_data/figures/topomaps/212260563_all_sinArtefactosConservador_topomap_theta.png,True,False,True,True,min_clase < 10,,Topomap de promedio BANDPOWER por canal; no usa promedio directo de cleanNorm. Figura diagnostica: la variante no es modelable por baja retencion o baja representacion de clase. Las visualizaciones representan características BANDPOWER derivadas por canal y banda. No equivalen a qEEG clínico normativo ni a PSD cruda calculada desde señal continua.
212260563,all,sinArtefactosConservador,topomap,alpha,/kaggle/working/outputs/TESE_pruebas/run_20260902_145353/processed_data/figures/topomaps/212260563_all_sinArtefactosConservador_topomap_alpha.png,True,False,True,True,min_clase < 10,,Topomap de promedio BANDPOWER por canal; no usa promedio directo de cleanNorm. Figura diagnostica: la variante no es modelable por baja retencion o baja representacion de clase. Las visualizaciones representan características BANDPOWER derivadas por canal y banda. No equivalen a qEEG clínico normativo ni a PSD cruda calculada desde señal continua.
212260563,all,sinArtefactosConservador,topomap,betaL,/kaggle/working/outputs/TESE_pruebas/run_20260902_145353/processed_data/figures/topomaps/212260563_all_sinArtefactosConservador_topomap_betaL.png,True,False,True,True,min_clase < 10,,Topomap de promedio BANDPOWER por canal; no usa promedio directo de cleanNorm. Figura diagnostica: la variante no es modelable por baja retencion o baja representacion de clase. Las visualizaciones representan características BANDPOWER derivadas por canal y banda. No equivalen a qEEG clínico normativo ni a PSD cruda calculada desde señal continua.
212260563,all,sinArtefactosConservador,topomap,betaH,/kaggle/working/outputs/TESE_pruebas/run_20260902_145353/processed_data/figures/topomaps/212260563_all_sinArtefactosConservador_topomap_betaH.png,True,False,True,True,min_clase < 10,,Topomap de promedio BANDPOWER por canal; no usa promedio directo de cleanNorm. Figura diagnostica: la variante no es modelable por baja retencion o baja representacion de clase. Las visualizaciones representan características BANDPOWER derivadas por canal y banda. No equivalen a qEEG clínico normativo ni a PSD cruda calculada desde señal continua.
212260563,all,sinArtefactosConservador,topomap,gamma,/kaggle/working/outputs/TESE_pruebas/run_20260902_145353/processed_data/figures/topomaps/212260563_all_sinArtefactosConservador_topomap_gamma.png,True,False,True,True,min_clase < 10,,Topomap de promedio BANDPOWER por canal; no usa promedio directo de cleanNorm. Figura diagnostica: la variante no es modelable por baja retencion o baja representacion de clase. Las visualizaciones representan características BANDPOWER derivadas por canal y banda. No equivalen a qEEG clínico normativo ni a PSD cruda calculada desde señal continua.
212260563,all,sinArtefactosConservador,spectral,bandas,/kaggle/working/outputs/TESE_pruebas/run_20260902_145353/processed_data/figures/spectral/212260563_all_sinArtefactosConservador_spectral_bandpower.png,True,False,True,True,min_clase < 10,,Espectro derivado desde promedios BANDPOWER interpretables. Figura diagnostica: la variante no es modelable por baja retencion o baja representacion de clase. Las visualizaciones representan características BANDPOWER derivadas por canal y banda. No equivalen a qEEG clínico normativo ni a PSD cruda calculada desde señal continua.
212260563,all,sinArtefactosEstricto,scroll,promedio_bandas,/kaggle/working/outputs/TESE_pruebas/run_20260902_145353/processed_data/figures/scroll/212260563_all_sinArtefactosEstricto_scroll_promedio_bandas.png,True,False,True,True,min_clase < 10; retencion_% < 50,,Scroll comparativo BANDPOWER. Figura diagnostica: la variante no es modelable por baja retencion o baja representacion de clase. Las visualizaciones representan características BANDPOWER derivadas por canal y banda. No equivalen a qEEG clínico normativo ni a PSD cruda calculada desde señal continua.
212260563,all,sinArtefactosEstricto,topomap,theta,/kaggle/working/outputs/TESE_pruebas/run_20260902_145353/processed_data/figures/topomaps/212260563_all_sinArtefactosEstricto_topomap_theta.png,True,False,True,True,min_clase < 10; retencion_% < 50,,Topomap de promedio BANDPOWER por canal; no usa promedio directo de cleanNorm. Figura diagnostica: la variante no es modelable por baja retencion o baja representacion de clase. Las visualizaciones representan características BANDPOWER derivadas por canal y banda. No equivalen a qEEG clínico normativo ni a PSD cruda calculada desde señal continua.
212260563,all,sinArtefactosEstricto,topomap,alpha,/kaggle/working/outputs/TESE_pruebas/run_20260902_145353/processed_data/figures/topomaps/212260563_all_sinArtefactosEstricto_topomap_alpha.png,True,False,True,True,min_clase < 10; retencion_% < 50,,Topomap de promedio BANDPOWER por canal; no usa promedio directo de cleanNorm. Figura diagnostica: la variante no es modelable por baja retencion o baja representacion de clase. Las visualizaciones representan características BANDPOWER derivadas por canal y banda. No equivalen a qEEG clínico normativo ni a PSD cruda calculada desde señal continua.
212260563,all,sinArtefactosEstricto,topomap,betaL,/kaggle/working/outputs/TESE_pruebas/run_20260902_145353/processed_data/figures/topomaps/212260563_all_sinArtefactosEstricto_topomap_betaL.png,True,False,True,True,min_clase < 10; retencion_% < 50,,Topomap de promedio BANDPOWER por canal; no usa promedio directo de cleanNorm. Figura diagnostica: la variante no es modelable por baja retencion o baja representacion de clase. Las visualizaciones representan características BANDPOWER derivadas por canal y banda. No equivalen a qEEG clínico normativo ni a PSD cruda calculada desde señal continua.
212260563,all,sinArtefactosEstricto,topomap,betaH,/kaggle/working/outputs/TESE_pruebas/run_20260902_145353/processed_data/figures/topomaps/212260563_all_sinArtefactosEstricto_topomap_betaH.png,True,False,True,True,min_clase < 10; retencion_% < 50,,Topomap de promedio BANDPOWER por canal; no usa promedio directo de cleanNorm. Figura diagnostica: la variante no es modelable por baja retencion o baja representacion de clase. Las visualizaciones representan características BANDPOWER derivadas por canal y banda. No equivalen a qEEG clínico normativo ni a PSD cruda calculada desde señal continua.
212260563,all,sinArtefactosEstricto,topomap,gamma,/kaggle/working/outputs/TESE_pruebas/run_20260902_145353/processed_data/figures/topomaps/212260563_all_sinArtefactosEstricto_topomap_gamma.png,True,False,True,True,min_clase < 10; retencion_% < 50,,Topomap de promedio BANDPOWER por canal; no usa promedio directo de cleanNorm. Figura diagnostica: la variante no es modelable por baja retencion o baja representacion de clase. Las visualizaciones representan características BANDPOWER derivadas por canal y banda. No equivalen a qEEG clínico normativo ni a PSD cruda calculada desde señal continua.
212260563,all,sinArtefactosEstricto,spectral,bandas,/kaggle/working/outputs/TESE_pruebas/run_20260902_145353/processed_data/figures/spectral/212260563_all_sinArtefactosEstricto_spectral_bandpower.png,True,False,True,True,min_clase < 10; retencion_% < 50,,Espectro derivado desde promedios BANDPOWER interpretables. Figura diagnostica: la variante no es modelable por baja retencion o baja representacion de clase. Las visualizaciones representan características BANDPOWER derivadas por canal y banda. No equivalen a qEEG clínico normativo ni a PSD cruda calculada desde señal continua.
212260567,all,cleanSmooth,scroll,promedio_bandas,/kaggle/working/outputs/TESE_pruebas/run_20260902_145353/processed_data/figures/scroll/212260567_all_cleanSmooth_scroll_promedio_bandas.png,True,True,True,False,,,Scroll comparativo BANDPOWER. Las visualizaciones representan características BANDPOWER derivadas por canal y banda. No equivalen a qEEG clínico normativo ni a PSD cruda calculada desde señal continua.
212260567,all,cleanSmooth,topomap,theta,/kaggle/working/outputs/TESE_pruebas/run_20260902_145353/processed_data/figures/topomaps/212260567_all_cleanSmooth_topomap_theta.png,True,True,True,False,,,Topomap de promedio BANDPOWER por canal; no usa promedio directo de cleanNorm. Las visualizaciones representan características BANDPOWER derivadas por canal y banda. No equivalen a qEEG clínico normativo ni a PSD cruda calculada desde señal continua.
212260567,all,cleanSmooth,topomap,alpha,/kaggle/working/outputs/TESE_pruebas/run_20260902_145353/processed_data/figures/topomaps/212260567_all_cleanSmooth_topomap_alpha.png,True,True,True,False,,,Topomap de promedio BANDPOWER por canal; no usa promedio directo de cleanNorm. Las visualizaciones representan características BANDPOWER derivadas por canal y banda. No equivalen a qEEG clínico normativo ni a PSD cruda calculada desde señal continua.
212260567,all,cleanSmooth,topomap,betaL,/kaggle/working/outputs/TESE_pruebas/run_20260902_145353/processed_data/figures/topomaps/212260567_all_cleanSmooth_topomap_betaL.png,True,True,True,False,,,Topomap de promedio BANDPOWER por canal; no usa promedio directo de cleanNorm. Las visualizaciones representan características BANDPOWER derivadas por canal y banda. No equivalen a qEEG clínico normativo ni a PSD cruda calculada desde señal continua.
212260567,all,cleanSmooth,topomap,betaH,/kaggle/working/outputs/TESE_pruebas/run_20260902_145353/processed_data/figures/topomaps/212260567_all_cleanSmooth_topomap_betaH.png,True,True,True,False,,,Topomap de promedio BANDPOWER por canal; no usa promedio directo de cleanNorm. Las visualizaciones representan características BANDPOWER derivadas por canal y banda. No equivalen a qEEG clínico normativo ni a PSD cruda calculada desde señal continua.
212260567,all,cleanSmooth,topomap,gamma,/kaggle/working/outputs/TESE_pruebas/run_20260902_145353/processed_data/figures/topomaps/212260567_all_cleanSmooth_topomap_gamma.png,True,True,True,False,,,Topomap de promedio BANDPOWER por canal; no usa promedio directo de cleanNorm. Las visualizaciones representan características BANDPOWER derivadas por canal y banda. No equivalen a qEEG clínico normativo ni a PSD cruda calculada desde señal continua.
212260567,all,cleanSmooth,spectral,bandas,/kaggle/working/outputs/TESE_pruebas/run_20260902_145353/processed_data/figures/spectral/212260567_all_cleanSmooth_spectral_bandpower.png,True,True,True,False,,,Espectro derivado desde promedios BANDPOWER interpretables. Las visualizaciones representan características BANDPOWER derivadas por canal y banda. No equivalen a qEEG clínico normativo ni a PSD cruda calculada desde señal continua.
212260567,all,noOutliers,scroll,promedio_bandas,/kaggle/working/outputs/TESE_pruebas/run_20260902_145353/processed_data/figures/scroll/212260567_all_noOutliers_scroll_promedio_bandas.png,True,True,True,False,,,Scroll comparativo BANDPOWER. Las visualizaciones representan características BANDPOWER derivadas por canal y banda. No equivalen a qEEG clínico normativo ni a PSD cruda calculada desde señal continua.
212260567,all,noOutliers,topomap,theta,/kaggle/working/outputs/TESE_pruebas/run_20260902_145353/processed_data/figures/topomaps/212260567_all_noOutliers_topomap_theta.png,True,True,True,False,,,Topomap de promedio BANDPOWER por canal; no usa promedio directo de cleanNorm. Las visualizaciones representan características BANDPOWER derivadas por canal y banda. No equivalen a qEEG clínico normativo ni a PSD cruda calculada desde señal continua.
212260567,all,noOutliers,topomap,alpha,/kaggle/working/outputs/TESE_pruebas/run_20260902_145353/processed_data/figures/topomaps/212260567_all_noOutliers_topomap_alpha.png,True,True,True,False,,,Topomap de promedio BANDPOWER por canal; no usa promedio directo de cleanNorm. Las visualizaciones representan características BANDPOWER derivadas por canal y banda. No equivalen a qEEG clínico normativo ni a PSD cruda calculada desde señal continua.
212260567,all,noOutliers,topomap,betaL,/kaggle/working/outputs/TESE_pruebas/run_20260902_145353/processed_data/figures/topomaps/212260567_all_noOutliers_topomap_betaL.png,True,True,True,False,,,Topomap de promedio BANDPOWER por canal; no usa promedio directo de cleanNorm. Las visualizaciones representan características BANDPOWER derivadas por canal y banda. No equivalen a qEEG clínico normativo ni a PSD cruda calculada desde señal continua.
212260567,all,noOutliers,topomap,betaH,/kaggle/working/outputs/TESE_pruebas/run_20260902_145353/processed_data/figures/topomaps/212260567_all_noOutliers_topomap_betaH.png,True,True,True,False,,,Topomap de promedio BANDPOWER por canal; no usa promedio directo de cleanNorm. Las visualizaciones representan características BANDPOWER derivadas por canal y banda. No equivalen a qEEG clínico normativo ni a PSD cruda calculada desde señal continua.
212260567,all,noOutliers,topomap,gamma,/kaggle/working/outputs/TESE_pruebas/run_20260902_145353/processed_data/figures/topomaps/212260567_all_noOutliers_topomap_gamma.png,True,True,True,False,,,Topomap de promedio BANDPOWER por canal; no usa promedio directo de cleanNorm. Las visualizaciones representan características BANDPOWER derivadas por canal y banda. No equivalen a qEEG clínico normativo ni a PSD cruda calculada desde señal continua.
212260567,all,noOutliers,spectral,bandas,/kaggle/working/outputs/TESE_pruebas/run_20260902_145353/processed_data/figures/spectral/212260567_all_noOutliers_spectral_bandpower.png,True,True,True,False,,,Espectro derivado desde promedios BANDPOWER interpretables. Las visualizaciones representan características BANDPOWER derivadas por canal y banda. No equivalen a qEEG clínico normativo ni a PSD cruda calculada desde señal continua.
212260567,all,sinArtefactosConservador,scroll,promedio_bandas,/kaggle/working/outputs/TESE_pruebas/run_20260902_145353/processed_data/figures/scroll/212260567_all_sinArtefactosConservador_scroll_promedio_bandas.png,True,False,True,True,min_clase < 10,,Scroll comparativo BANDPOWER. Figura diagnostica: la variante no es modelable por baja retencion o baja representacion de clase. Las visualizaciones representan características BANDPOWER derivadas por canal y banda. No equivalen a qEEG clínico normativo ni a PSD cruda calculada desde señal continua.
212260567,all,sinArtefactosConservador,topomap,theta,/kaggle/working/outputs/TESE_pruebas/run_20260902_145353/processed_data/figures/topomaps/212260567_all_sinArtefactosConservador_topomap_theta.png,True,False,True,True,min_clase < 10,,Topomap de promedio BANDPOWER por canal; no usa promedio directo de cleanNorm. Figura diagnostica: la variante no es modelable por baja retencion o baja representacion de clase. Las visualizaciones representan características BANDPOWER derivadas por canal y banda. No equivalen a qEEG clínico normativo ni a PSD cruda calculada desde señal continua.
212260567,all,sinArtefactosConservador,topomap,alpha,/kaggle/working/outputs/TESE_pruebas/run_20260902_145353/processed_data/figures/topomaps/212260567_all_sinArtefactosConservador_topomap_alpha.png,True,False,True,True,min_clase < 10,,Topomap de promedio BANDPOWER por canal; no usa promedio directo de cleanNorm. Figura diagnostica: la variante no es modelable por baja retencion o baja representacion de clase. Las visualizaciones representan características BANDPOWER derivadas por canal y banda. No equivalen a qEEG clínico normativo ni a PSD cruda calculada desde señal continua.
212260567,all,sinArtefactosConservador,topomap,betaL,/kaggle/working/outputs/TESE_pruebas/run_20260902_145353/processed_data/figures/topomaps/212260567_all_sinArtefactosConservador_topomap_betaL.png,True,False,True,True,min_clase < 10,,Topomap de promedio BANDPOWER por canal; no usa promedio directo de cleanNorm. Figura diagnostica: la variante no es modelable por baja retencion o baja representacion de clase. Las visualizaciones representan características BANDPOWER derivadas por canal y banda. No equivalen a qEEG clínico normativo ni a PSD cruda calculada desde señal continua.
212260567,all,sinArtefactosConservador,topomap,betaH,/kaggle/working/outputs/TESE_pruebas/run_20260902_145353/processed_data/figures/topomaps/212260567_all_sinArtefactosConservador_topomap_betaH.png,True,False,True,True,min_clase < 10,,Topomap de promedio BANDPOWER por canal; no usa promedio directo de cleanNorm. Figura diagnostica: la variante no es modelable por baja retencion o baja representacion de clase. Las visualizaciones representan características BANDPOWER derivadas por canal y banda. No equivalen a qEEG clínico normativo ni a PSD cruda calculada desde señal continua.
212260567,all,sinArtefactosConservador,topomap,gamma,/kaggle/working/outputs/TESE_pruebas/run_20260902_145353/processed_data/figures/topomaps/212260567_all_sinArtefactosConservador_topomap_gamma.png,True,False,True,True,min_clase < 10,,Topomap de promedio BANDPOWER por canal; no usa promedio directo de cleanNorm. Figura diagnostica: la variante no es modelable por baja retencion o baja representacion de clase. Las visualizaciones representan características BANDPOWER derivadas por canal y banda. No equivalen a qEEG clínico normativo ni a PSD cruda calculada desde señal continua.
212260567,all,sinArtefactosConservador,spectral,bandas,/kaggle/working/outputs/TESE_pruebas/run_20260902_145353/processed_data/figures/spectral/212260567_all_sinArtefactosConservador_spectral_bandpower.png,True,False,True,True,min_clase < 10,,Espectro derivado desde promedios BANDPOWER interpretables. Figura diagnostica: la variante no es modelable por baja retencion o baja representacion de clase. Las visualizaciones representan características BANDPOWER derivadas por canal y banda. No equivalen a qEEG clínico normativo ni a PSD cruda calculada desde señal continua.
212260567,all,sinArtefactosEstricto,scroll,promedio_bandas,/kaggle/working/outputs/TESE_pruebas/run_20260902_145353/processed_data/figures/scroll/212260567_all_sinArtefactosEstricto_scroll_promedio_bandas.png,True,False,True,True,min_clase < 10; retencion_% < 50,,Scroll comparativo BANDPOWER. Figura diagnostica: la variante no es modelable por baja retencion o baja representacion de clase. Las visualizaciones representan características BANDPOWER derivadas por canal y banda. No equivalen a qEEG clínico normativo ni a PSD cruda calculada desde señal continua.
212260567,all,sinArtefactosEstricto,topomap,theta,/kaggle/working/outputs/TESE_pruebas/run_20260902_145353/processed_data/figures/topomaps/212260567_all_sinArtefactosEstricto_topomap_theta.png,True,False,True,True,min_clase < 10; retencion_% < 50,,Topomap de promedio BANDPOWER por canal; no usa promedio directo de cleanNorm. Figura diagnostica: la variante no es modelable por baja retencion o baja representacion de clase. Las visualizaciones representan características BANDPOWER derivadas por canal y banda. No equivalen a qEEG clínico normativo ni a PSD cruda calculada desde señal continua.
212260567,all,sinArtefactosEstricto,topomap,alpha,/kaggle/working/outputs/TESE_pruebas/run_20260902_145353/processed_data/figures/topomaps/212260567_all_sinArtefactosEstricto_topomap_alpha.png,True,False,True,True,min_clase < 10; retencion_% < 50,,Topomap de promedio BANDPOWER por canal; no usa promedio directo de cleanNorm. Figura diagnostica: la variante no es modelable por baja retencion o baja representacion de clase. Las visualizaciones representan características BANDPOWER derivadas por canal y banda. No equivalen a qEEG clínico normativo ni a PSD cruda calculada desde señal continua.
212260567,all,sinArtefactosEstricto,topomap,betaL,/kaggle/working/outputs/TESE_pruebas/run_20260902_145353/processed_data/figures/topomaps/212260567_all_sinArtefactosEstricto_topomap_betaL.png,True,False,True,True,min_clase < 10; retencion_% < 50,,Topomap de promedio BANDPOWER por canal; no usa promedio directo de cleanNorm. Figura diagnostica: la variante no es modelable por baja retencion o baja representacion de clase. Las visualizaciones representan características BANDPOWER derivadas por canal y banda. No equivalen a qEEG clínico normativo ni a PSD cruda calculada desde señal continua.
212260567,all,sinArtefactosEstricto,topomap,betaH,/kaggle/working/outputs/TESE_pruebas/run_20260902_145353/processed_data/figures/topomaps/212260567_all_sinArtefactosEstricto_topomap_betaH.png,True,False,True,True,min_clase < 10; retencion_% < 50,,Topomap de promedio BANDPOWER por canal; no usa promedio directo de cleanNorm. Figura diagnostica: la variante no es modelable por baja retencion o baja representacion de clase. Las visualizaciones representan características BANDPOWER derivadas por canal y banda. No equivalen a qEEG clínico normativo ni a PSD cruda calculada desde señal continua.
212260567,all,sinArtefactosEstricto,topomap,gamma,/kaggle/working/outputs/TESE_pruebas/run_20260902_145353/processed_data/figures/topomaps/212260567_all_sinArtefactosEstricto_topomap_gamma.png,True,False,True,True,min_clase < 10; retencion_% < 50,,Topomap de promedio BANDPOWER por canal; no usa promedio directo de cleanNorm. Figura diagnostica: la variante no es modelable por baja retencion o baja representacion de clase. Las visualizaciones representan características BANDPOWER derivadas por canal y banda. No equivalen a qEEG clínico normativo ni a PSD cruda calculada desde señal continua.
212260567,all,sinArtefactosEstricto,spectral,bandas,/kaggle/working/outputs/TESE_pruebas/run_20260902_145353/processed_data/figures/spectral/212260567_all_sinArtefactosEstricto_spectral_bandpower.png,True,False,True,True,min_clase < 10; retencion_% < 50,,Espectro derivado desde promedios BANDPOWER interpretables. Figura diagnostica: la variante no es modelable por baja retencion o baja representacion de clase. Las visualizaciones representan características BANDPOWER derivadas por canal y banda. No equivalen a qEEG clínico normativo ni a PSD cruda calculada desde señal continua.
212260569,all,cleanSmooth,scroll,promedio_bandas,/kaggle/working/outputs/TESE_pruebas/run_20260902_145353/processed_data/figures/scroll/212260569_all_cleanSmooth_scroll_promedio_bandas.png,True,True,True,False,,,Scroll comparativo BANDPOWER. Las visualizaciones representan características BANDPOWER derivadas por canal y banda. No equivalen a qEEG clínico normativo ni a PSD cruda calculada desde señal continua.
212260569,all,cleanSmooth,topomap,theta,/kaggle/working/outputs/TESE_pruebas/run_20260902_145353/processed_data/figures/topomaps/212260569_all_cleanSmooth_topomap_theta.png,True,True,True,False,,,Topomap de promedio BANDPOWER por canal; no usa promedio directo de cleanNorm. Las visualizaciones representan características BANDPOWER derivadas por canal y banda. No equivalen a qEEG clínico normativo ni a PSD cruda calculada desde señal continua.
212260569,all,cleanSmooth,topomap,alpha,/kaggle/working/outputs/TESE_pruebas/run_20260902_145353/processed_data/figures/topomaps/212260569_all_cleanSmooth_topomap_alpha.png,True,True,True,False,,,Topomap de promedio BANDPOWER por canal; no usa promedio directo de cleanNorm. Las visualizaciones representan características BANDPOWER derivadas por canal y banda. No equivalen a qEEG clínico normativo ni a PSD cruda calculada desde señal continua.
212260569,all,cleanSmooth,topomap,betaL,/kaggle/working/outputs/TESE_pruebas/run_20260902_145353/processed_data/figures/topomaps/212260569_all_cleanSmooth_topomap_betaL.png,True,True,True,False,,,Topomap de promedio BANDPOWER por canal; no usa promedio directo de cleanNorm. Las visualizaciones representan características BANDPOWER derivadas por canal y banda. No equivalen a qEEG clínico normativo ni a PSD cruda calculada desde señal continua.
212260569,all,cleanSmooth,topomap,betaH,/kaggle/working/outputs/TESE_pruebas/run_20260902_145353/processed_data/figures/topomaps/212260569_all_cleanSmooth_topomap_betaH.png,True,True,True,False,,,Topomap de promedio BANDPOWER por canal; no usa promedio directo de cleanNorm. Las visualizaciones representan características BANDPOWER derivadas por canal y banda. No equivalen a qEEG clínico normativo ni a PSD cruda calculada desde señal continua.
212260569,all,cleanSmooth,topomap,gamma,/kaggle/working/outputs/TESE_pruebas/run_20260902_145353/processed_data/figures/topomaps/212260569_all_cleanSmooth_topomap_gamma.png,True,True,True,False,,,Topomap de promedio BANDPOWER por canal; no usa promedio directo de cleanNorm. Las visualizaciones representan características BANDPOWER derivadas por canal y banda. No equivalen a qEEG clínico normativo ni a PSD cruda calculada desde señal continua.
212260569,all,cleanSmooth,spectral,bandas,/kaggle/working/outputs/TESE_pruebas/run_20260902_145353/processed_data/figures/spectral/212260569_all_cleanSmooth_spectral_bandpower.png,True,True,True,False,,,Espectro derivado desde promedios BANDPOWER interpretables. Las visualizaciones representan características BANDPOWER derivadas por canal y banda. No equivalen a qEEG clínico normativo ni a PSD cruda calculada desde señal continua.
212260569,all,noOutliers,scroll,promedio_bandas,/kaggle/working/outputs/TESE_pruebas/run_20260902_145353/processed_data/figures/scroll/212260569_all_noOutliers_scroll_promedio_bandas.png,True,True,True,False,,,Scroll comparativo BANDPOWER. Las visualizaciones representan características BANDPOWER derivadas por canal y banda. No equivalen a qEEG clínico normativo ni a PSD cruda calculada desde señal continua.
212260569,all,noOutliers,topomap,theta,/kaggle/working/outputs/TESE_pruebas/run_20260902_145353/processed_data/figures/topomaps/212260569_all_noOutliers_topomap_theta.png,True,True,True,False,,,Topomap de promedio BANDPOWER por canal; no usa promedio directo de cleanNorm. Las visualizaciones representan características BANDPOWER derivadas por canal y banda. No equivalen a qEEG clínico normativo ni a PSD cruda calculada desde señal continua.
212260569,all,noOutliers,topomap,alpha,/kaggle/working/outputs/TESE_pruebas/run_20260902_145353/processed_data/figures/topomaps/212260569_all_noOutliers_topomap_alpha.png,True,True,True,False,,,Topomap de promedio BANDPOWER por canal; no usa promedio directo de cleanNorm. Las visualizaciones representan características BANDPOWER derivadas por canal y banda. No equivalen a qEEG clínico normativo ni a PSD cruda calculada desde señal continua.
212260569,all,noOutliers,topomap,betaL,/kaggle/working/outputs/TESE_pruebas/run_20260902_145353/processed_data/figures/topomaps/212260569_all_noOutliers_topomap_betaL.png,True,True,True,False,,,Topomap de promedio BANDPOWER por canal; no usa promedio directo de cleanNorm. Las visualizaciones representan características BANDPOWER derivadas por canal y banda. No equivalen a qEEG clínico normativo ni a PSD cruda calculada desde señal continua.
212260569,all,noOutliers,topomap,betaH,/kaggle/working/outputs/TESE_pruebas/run_20260902_145353/processed_data/figures/topomaps/212260569_all_noOutliers_topomap_betaH.png,True,True,True,False,,,Topomap de promedio BANDPOWER por canal; no usa promedio directo de cleanNorm. Las visualizaciones representan características BANDPOWER derivadas por canal y banda. No equivalen a qEEG clínico normativo ni a PSD cruda calculada desde señal continua.
212260569,all,noOutliers,topomap,gamma,/kaggle/working/outputs/TESE_pruebas/run_20260902_145353/processed_data/figures/topomaps/212260569_all_noOutliers_topomap_gamma.png,True,True,True,False,,,Topomap de promedio BANDPOWER por canal; no usa promedio directo de cleanNorm. Las visualizaciones representan características BANDPOWER derivadas por canal y banda. No equivalen a qEEG clínico normativo ni a PSD cruda calculada desde señal continua.
212260569,all,noOutliers,spectral,bandas,/kaggle/working/outputs/TESE_pruebas/run_20260902_145353/processed_data/figures/spectral/212260569_all_noOutliers_spectral_bandpower.png,True,True,True,False,,,Espectro derivado desde promedios BANDPOWER interpretables. Las visualizaciones representan características BANDPOWER derivadas por canal y banda. No equivalen a qEEG clínico normativo ni a PSD cruda calculada desde señal continua.
212260569,all,sinArtefactosConservador,scroll,promedio_bandas,/kaggle/working/outputs/TESE_pruebas/run_20260902_145353/processed_data/figures/scroll/212260569_all_sinArtefactosConservador_scroll_promedio_bandas.png,True,True,True,False,,,Scroll comparativo BANDPOWER. Las visualizaciones representan características BANDPOWER derivadas por canal y banda. No equivalen a qEEG clínico normativo ni a PSD cruda calculada desde señal continua.
212260569,all,sinArtefactosConservador,topomap,theta,/kaggle/working/outputs/TESE_pruebas/run_20260902_145353/processed_data/figures/topomaps/212260569_all_sinArtefactosConservador_topomap_theta.png,True,True,True,False,,,Topomap de promedio BANDPOWER por canal; no usa promedio directo de cleanNorm. Las visualizaciones representan características BANDPOWER derivadas por canal y banda. No equivalen a qEEG clínico normativo ni a PSD cruda calculada desde señal continua.
212260569,all,sinArtefactosConservador,topomap,alpha,/kaggle/working/outputs/TESE_pruebas/run_20260902_145353/processed_data/figures/topomaps/212260569_all_sinArtefactosConservador_topomap_alpha.png,True,True,True,False,,,Topomap de promedio BANDPOWER por canal; no usa promedio directo de cleanNorm. Las visualizaciones representan características BANDPOWER derivadas por canal y banda. No equivalen a qEEG clínico normativo ni a PSD cruda calculada desde señal continua.
212260569,all,sinArtefactosConservador,topomap,betaL,/kaggle/working/outputs/TESE_pruebas/run_20260902_145353/processed_data/figures/topomaps/212260569_all_sinArtefactosConservador_topomap_betaL.png,True,True,True,False,,,Topomap de promedio BANDPOWER por canal; no usa promedio directo de cleanNorm. Las visualizaciones representan características BANDPOWER derivadas por canal y banda. No equivalen a qEEG clínico normativo ni a PSD cruda calculada desde señal continua.
212260569,all,sinArtefactosConservador,topomap,betaH,/kaggle/working/outputs/TESE_pruebas/run_20260902_145353/processed_data/figures/topomaps/212260569_all_sinArtefactosConservador_topomap_betaH.png,True,True,True,False,,,Topomap de promedio BANDPOWER por canal; no usa promedio directo de cleanNorm. Las visualizaciones representan características BANDPOWER derivadas por canal y banda. No equivalen a qEEG clínico normativo ni a PSD cruda calculada desde señal continua.
212260569,all,sinArtefactosConservador,topomap,gamma,/kaggle/working/outputs/TESE_pruebas/run_20260902_145353/processed_data/figures/topomaps/212260569_all_sinArtefactosConservador_topomap_gamma.png,True,True,True,False,,,Topomap de promedio BANDPOWER por canal; no usa promedio directo de cleanNorm. Las visualizaciones representan características BANDPOWER derivadas por canal y banda. No equivalen a qEEG clínico normativo ni a PSD cruda calculada desde señal continua.
212260569,all,sinArtefactosConservador,spectral,bandas,/kaggle/working/outputs/TESE_pruebas/run_20260902_145353/processed_data/figures/spectral/212260569_all_sinArtefactosConservador_spectral_bandpower.png,True,True,True,False,,,Espectro derivado desde promedios BANDPOWER interpretables. Las visualizaciones representan características BANDPOWER derivadas por canal y banda. No equivalen a qEEG clínico normativo ni a PSD cruda calculada desde señal continua.
212260569,all,sinArtefactosEstricto,scroll,promedio_bandas,/kaggle/working/outputs/TESE_pruebas/run_20260902_145353/processed_data/figures/scroll/212260569_all_sinArtefactosEstricto_scroll_promedio_bandas.png,True,False,True,True,retencion_% < 50,,Scroll comparativo BANDPOWER. Figura diagnostica: la variante no es modelable por baja retencion o baja representacion de clase. Las visualizaciones representan características BANDPOWER derivadas por canal y banda. No equivalen a qEEG clínico normativo ni a PSD cruda calculada desde señal continua.
212260569,all,sinArtefactosEstricto,topomap,theta,/kaggle/working/outputs/TESE_pruebas/run_20260902_145353/processed_data/figures/topomaps/212260569_all_sinArtefactosEstricto_topomap_theta.png,True,False,True,True,retencion_% < 50,,Topomap de promedio BANDPOWER por canal; no usa promedio directo de cleanNorm. Figura diagnostica: la variante no es modelable por baja retencion o baja representacion de clase. Las visualizaciones representan características BANDPOWER derivadas por canal y banda. No equivalen a qEEG clínico normativo ni a PSD cruda calculada desde señal continua.
212260569,all,sinArtefactosEstricto,topomap,alpha,/kaggle/working/outputs/TESE_pruebas/run_20260902_145353/processed_data/figures/topomaps/212260569_all_sinArtefactosEstricto_topomap_alpha.png,True,False,True,True,retencion_% < 50,,Topomap de promedio BANDPOWER por canal; no usa promedio directo de cleanNorm. Figura diagnostica: la variante no es modelable por baja retencion o baja representacion de clase. Las visualizaciones representan características BANDPOWER derivadas por canal y banda. No equivalen a qEEG clínico normativo ni a PSD cruda calculada desde señal continua.
212260569,all,sinArtefactosEstricto,topomap,betaL,/kaggle/working/outputs/TESE_pruebas/run_20260902_145353/processed_data/figures/topomaps/212260569_all_sinArtefactosEstricto_topomap_betaL.png,True,False,True,True,retencion_% < 50,,Topomap de promedio BANDPOWER por canal; no usa promedio directo de cleanNorm. Figura diagnostica: la variante no es modelable por baja retencion o baja representacion de clase. Las visualizaciones representan características BANDPOWER derivadas por canal y banda. No equivalen a qEEG clínico normativo ni a PSD cruda calculada desde señal continua.
212260569,all,sinArtefactosEstricto,topomap,betaH,/kaggle/working/outputs/TESE_pruebas/run_20260902_145353/processed_data/figures/topomaps/212260569_all_sinArtefactosEstricto_topomap_betaH.png,True,False,True,True,retencion_% < 50,,Topomap de promedio BANDPOWER por canal; no usa promedio directo de cleanNorm. Figura diagnostica: la variante no es modelable por baja retencion o baja representacion de clase. Las visualizaciones representan características BANDPOWER derivadas por canal y banda. No equivalen a qEEG clínico normativo ni a PSD cruda calculada desde señal continua.
212260569,all,sinArtefactosEstricto,topomap,gamma,/kaggle/working/outputs/TESE_pruebas/run_20260902_145353/processed_data/figures/topomaps/212260569_all_sinArtefactosEstricto_topomap_gamma.png,True,False,True,True,retencion_% < 50,,Topomap de promedio BANDPOWER por canal; no usa promedio directo de cleanNorm. Figura diagnostica: la variante no es modelable por baja retencion o baja representacion de clase. Las visualizaciones representan características BANDPOWER derivadas por canal y banda. No equivalen a qEEG clínico normativo ni a PSD cruda calculada desde señal continua.
212260569,all,sinArtefactosEstricto,spectral,bandas,/kaggle/working/outputs/TESE_pruebas/run_20260902_145353/processed_data/figures/spectral/212260569_all_sinArtefactosEstricto_spectral_bandpower.png,True,False,True,True,retencion_% < 50,,Espectro derivado desde promedios BANDPOWER interpretables. Figura diagnostica: la variante no es modelable por baja retencion o baja representacion de clase. Las visualizaciones representan características BANDPOWER derivadas por canal y banda. No equivalen a qEEG clínico normativo ni a PSD cruda calculada desde señal continua.
212260666,all,cleanSmooth,scroll,promedio_bandas,/kaggle/working/outputs/TESE_pruebas/run_20260902_145353/processed_data/figures/scroll/212260666_all_cleanSmooth_scroll_promedio_bandas.png,True,True,True,False,,,Scroll comparativo BANDPOWER. Las visualizaciones representan características BANDPOWER derivadas por canal y banda. No equivalen a qEEG clínico normativo ni a PSD cruda calculada desde señal continua.
212260666,all,cleanSmooth,topomap,theta,/kaggle/working/outputs/TESE_pruebas/run_20260902_145353/processed_data/figures/topomaps/212260666_all_cleanSmooth_topomap_theta.png,True,True,True,False,,,Topomap de promedio BANDPOWER por canal; no usa promedio directo de cleanNorm. Las visualizaciones representan características BANDPOWER derivadas por canal y banda. No equivalen a qEEG clínico normativo ni a PSD cruda calculada desde señal continua.
212260666,all,cleanSmooth,topomap,alpha,/kaggle/working/outputs/TESE_pruebas/run_20260902_145353/processed_data/figures/topomaps/212260666_all_cleanSmooth_topomap_alpha.png,True,True,True,False,,,Topomap de promedio BANDPOWER por canal; no usa promedio directo de cleanNorm. Las visualizaciones representan características BANDPOWER derivadas por canal y banda. No equivalen a qEEG clínico normativo ni a PSD cruda calculada desde señal continua.
212260666,all,cleanSmooth,topomap,betaL,/kaggle/working/outputs/TESE_pruebas/run_20260902_145353/processed_data/figures/topomaps/212260666_all_cleanSmooth_topomap_betaL.png,True,True,True,False,,,Topomap de promedio BANDPOWER por canal; no usa promedio directo de cleanNorm. Las visualizaciones representan características BANDPOWER derivadas por canal y banda. No equivalen a qEEG clínico normativo ni a PSD cruda calculada desde señal continua.
212260666,all,cleanSmooth,topomap,betaH,/kaggle/working/outputs/TESE_pruebas/run_20260902_145353/processed_data/figures/topomaps/212260666_all_cleanSmooth_topomap_betaH.png,True,True,True,False,,,Topomap de promedio BANDPOWER por canal; no usa promedio directo de cleanNorm. Las visualizaciones representan características BANDPOWER derivadas por canal y banda. No equivalen a qEEG clínico normativo ni a PSD cruda calculada desde señal continua.
212260666,all,cleanSmooth,topomap,gamma,/kaggle/working/outputs/TESE_pruebas/run_20260902_145353/processed_data/figures/topomaps/212260666_all_cleanSmooth_topomap_gamma.png,True,True,True,False,,,Topomap de promedio BANDPOWER por canal; no usa promedio directo de cleanNorm. Las visualizaciones representan características BANDPOWER derivadas por canal y banda. No equivalen a qEEG clínico normativo ni a PSD cruda calculada desde señal continua.
212260666,all,cleanSmooth,spectral,bandas,/kaggle/working/outputs/TESE_pruebas/run_20260902_145353/processed_data/figures/spectral/212260666_all_cleanSmooth_spectral_bandpower.png,True,True,True,False,,,Espectro derivado desde promedios BANDPOWER interpretables. Las visualizaciones representan características BANDPOWER derivadas por canal y banda. No equivalen a qEEG clínico normativo ni a PSD cruda calculada desde señal continua.
212260666,all,noOutliers,scroll,promedio_bandas,/kaggle/working/outputs/TESE_pruebas/run_20260902_145353/processed_data/figures/scroll/212260666_all_noOutliers_scroll_promedio_bandas.png,True,True,True,False,,,Scroll comparativo BANDPOWER. Las visualizaciones representan características BANDPOWER derivadas por canal y banda. No equivalen a qEEG clínico normativo ni a PSD cruda calculada desde señal continua.
212260666,all,noOutliers,topomap,theta,/kaggle/working/outputs/TESE_pruebas/run_20260902_145353/processed_data/figures/topomaps/212260666_all_noOutliers_topomap_theta.png,True,True,True,False,,,Topomap de promedio BANDPOWER por canal; no usa promedio directo de cleanNorm. Las visualizaciones representan características BANDPOWER derivadas por canal y banda. No equivalen a qEEG clínico normativo ni a PSD cruda calculada desde señal continua.
212260666,all,noOutliers,topomap,alpha,/kaggle/working/outputs/TESE_pruebas/run_20260902_145353/processed_data/figures/topomaps/212260666_all_noOutliers_topomap_alpha.png,True,True,True,False,,,Topomap de promedio BANDPOWER por canal; no usa promedio directo de cleanNorm. Las visualizaciones representan características BANDPOWER derivadas por canal y banda. No equivalen a qEEG clínico normativo ni a PSD cruda calculada desde señal continua.
212260666,all,noOutliers,topomap,betaL,/kaggle/working/outputs/TESE_pruebas/run_20260902_145353/processed_data/figures/topomaps/212260666_all_noOutliers_topomap_betaL.png,True,True,True,False,,,Topomap de promedio BANDPOWER por canal; no usa promedio directo de cleanNorm. Las visualizaciones representan características BANDPOWER derivadas por canal y banda. No equivalen a qEEG clínico normativo ni a PSD cruda calculada desde señal continua.
212260666,all,noOutliers,topomap,betaH,/kaggle/working/outputs/TESE_pruebas/run_20260902_145353/processed_data/figures/topomaps/212260666_all_noOutliers_topomap_betaH.png,True,True,True,False,,,Topomap de promedio BANDPOWER por canal; no usa promedio directo de cleanNorm. Las visualizaciones representan características BANDPOWER derivadas por canal y banda. No equivalen a qEEG clínico normativo ni a PSD cruda calculada desde señal continua.
212260666,all,noOutliers,topomap,gamma,/kaggle/working/outputs/TESE_pruebas/run_20260902_145353/processed_data/figures/topomaps/212260666_all_noOutliers_topomap_gamma.png,True,True,True,False,,,Topomap de promedio BANDPOWER por canal; no usa promedio directo de cleanNorm. Las visualizaciones representan características BANDPOWER derivadas por canal y banda. No equivalen a qEEG clínico normativo ni a PSD cruda calculada desde señal continua.
212260666,all,noOutliers,spectral,bandas,/kaggle/working/outputs/TESE_pruebas/run_20260902_145353/processed_data/figures/spectral/212260666_all_noOutliers_spectral_bandpower.png,True,True,True,False,,,Espectro derivado desde promedios BANDPOWER interpretables. Las visualizaciones representan características BANDPOWER derivadas por canal y banda. No equivalen a qEEG clínico normativo ni a PSD cruda calculada desde señal continua.
212260666,all,sinArtefactosConservador,scroll,promedio_bandas,/kaggle/working/outputs/TESE_pruebas/run_20260902_145353/processed_data/figures/scroll/212260666_all_sinArtefactosConservador_scroll_promedio_bandas.png,True,True,True,False,,,Scroll comparativo BANDPOWER. Las visualizaciones representan características BANDPOWER derivadas por canal y banda. No equivalen a qEEG clínico normativo ni a PSD cruda calculada desde señal continua.
212260666,all,sinArtefactosConservador,topomap,theta,/kaggle/working/outputs/TESE_pruebas/run_20260902_145353/processed_data/figures/topomaps/212260666_all_sinArtefactosConservador_topomap_theta.png,True,True,True,False,,,Topomap de promedio BANDPOWER por canal; no usa promedio directo de cleanNorm. Las visualizaciones representan características BANDPOWER derivadas por canal y banda. No equivalen a qEEG clínico normativo ni a PSD cruda calculada desde señal continua.
212260666,all,sinArtefactosConservador,topomap,alpha,/kaggle/working/outputs/TESE_pruebas/run_20260902_145353/processed_data/figures/topomaps/212260666_all_sinArtefactosConservador_topomap_alpha.png,True,True,True,False,,,Topomap de promedio BANDPOWER por canal; no usa promedio directo de cleanNorm. Las visualizaciones representan características BANDPOWER derivadas por canal y banda. No equivalen a qEEG clínico normativo ni a PSD cruda calculada desde señal continua.
212260666,all,sinArtefactosConservador,topomap,betaL,/kaggle/working/outputs/TESE_pruebas/run_20260902_145353/processed_data/figures/topomaps/212260666_all_sinArtefactosConservador_topomap_betaL.png,True,True,True,False,,,Topomap de promedio BANDPOWER por canal; no usa promedio directo de cleanNorm. Las visualizaciones representan características BANDPOWER derivadas por canal y banda. No equivalen a qEEG clínico normativo ni a PSD cruda calculada desde señal continua.
212260666,all,sinArtefactosConservador,topomap,betaH,/kaggle/working/outputs/TESE_pruebas/run_20260902_145353/processed_data/figures/topomaps/212260666_all_sinArtefactosConservador_topomap_betaH.png,True,True,True,False,,,Topomap de promedio BANDPOWER por canal; no usa promedio directo de cleanNorm. Las visualizaciones representan características BANDPOWER derivadas por canal y banda. No equivalen a qEEG clínico normativo ni a PSD cruda calculada desde señal continua.
212260666,all,sinArtefactosConservador,topomap,gamma,/kaggle/working/outputs/TESE_pruebas/run_20260902_145353/processed_data/figures/topomaps/212260666_all_sinArtefactosConservador_topomap_gamma.png,True,True,True,False,,,Topomap de promedio BANDPOWER por canal; no usa promedio directo de cleanNorm. Las visualizaciones representan características BANDPOWER derivadas por canal y banda. No equivalen a qEEG clínico normativo ni a PSD cruda calculada desde señal continua.
212260666,all,sinArtefactosConservador,spectral,bandas,/kaggle/working/outputs/TESE_pruebas/run_20260902_145353/processed_data/figures/spectral/212260666_all_sinArtefactosConservador_spectral_bandpower.png,True,True,True,False,,,Espectro derivado desde promedios BANDPOWER interpretables. Las visualizaciones representan características BANDPOWER derivadas por canal y banda. No equivalen a qEEG clínico normativo ni a PSD cruda calculada desde señal continua.
212260666,all,sinArtefactosEstricto,scroll,promedio_bandas,/kaggle/working/outputs/TESE_pruebas/run_20260902_145353/processed_data/figures/scroll/212260666_all_sinArtefactosEstricto_scroll_promedio_bandas.png,True,False,True,True,min_clase < 10; retencion_% < 50,,Scroll comparativo BANDPOWER. Figura diagnostica: la variante no es modelable por baja retencion o baja representacion de clase. Las visualizaciones representan características BANDPOWER derivadas por canal y banda. No equivalen a qEEG clínico normativo ni a PSD cruda calculada desde señal continua.
212260666,all,sinArtefactosEstricto,topomap,theta,/kaggle/working/outputs/TESE_pruebas/run_20260902_145353/processed_data/figures/topomaps/212260666_all_sinArtefactosEstricto_topomap_theta.png,True,False,True,True,min_clase < 10; retencion_% < 50,,Topomap de promedio BANDPOWER por canal; no usa promedio directo de cleanNorm. Figura diagnostica: la variante no es modelable por baja retencion o baja representacion de clase. Las visualizaciones representan características BANDPOWER derivadas por canal y banda. No equivalen a qEEG clínico normativo ni a PSD cruda calculada desde señal continua.
212260666,all,sinArtefactosEstricto,topomap,alpha,/kaggle/working/outputs/TESE_pruebas/run_20260902_145353/processed_data/figures/topomaps/212260666_all_sinArtefactosEstricto_topomap_alpha.png,True,False,True,True,min_clase < 10; retencion_% < 50,,Topomap de promedio BANDPOWER por canal; no usa promedio directo de cleanNorm. Figura diagnostica: la variante no es modelable por baja retencion o baja representacion de clase. Las visualizaciones representan características BANDPOWER derivadas por canal y banda. No equivalen a qEEG clínico normativo ni a PSD cruda calculada desde señal continua.
212260666,all,sinArtefactosEstricto,topomap,betaL,/kaggle/working/outputs/TESE_pruebas/run_20260902_145353/processed_data/figures/topomaps/212260666_all_sinArtefactosEstricto_topomap_betaL.png,True,False,True,True,min_clase < 10; retencion_% < 50,,Topomap de promedio BANDPOWER por canal; no usa promedio directo de cleanNorm. Figura diagnostica: la variante no es modelable por baja retencion o baja representacion de clase. Las visualizaciones representan características BANDPOWER derivadas por canal y banda. No equivalen a qEEG clínico normativo ni a PSD cruda calculada desde señal continua.
212260666,all,sinArtefactosEstricto,topomap,betaH,/kaggle/working/outputs/TESE_pruebas/run_20260902_145353/processed_data/figures/topomaps/212260666_all_sinArtefactosEstricto_topomap_betaH.png,True,False,True,True,min_clase < 10; retencion_% < 50,,Topomap de promedio BANDPOWER por canal; no usa promedio directo de cleanNorm. Figura diagnostica: la variante no es modelable por baja retencion o baja representacion de clase. Las visualizaciones representan características BANDPOWER derivadas por canal y banda. No equivalen a qEEG clínico normativo ni a PSD cruda calculada desde señal continua.
212260666,all,sinArtefactosEstricto,topomap,gamma,/kaggle/working/outputs/TESE_pruebas/run_20260902_145353/processed_data/figures/topomaps/212260666_all_sinArtefactosEstricto_topomap_gamma.png,True,False,True,True,min_clase < 10; retencion_% < 50,,Topomap de promedio BANDPOWER por canal; no usa promedio directo de cleanNorm. Figura diagnostica: la variante no es modelable por baja retencion o baja representacion de clase. Las visualizaciones representan características BANDPOWER derivadas por canal y banda. No equivalen a qEEG clínico normativo ni a PSD cruda calculada desde señal continua.
212260666,all,sinArtefactosEstricto,spectral,bandas,/kaggle/working/outputs/TESE_pruebas/run_20260902_145353/processed_data/figures/spectral/212260666_all_sinArtefactosEstricto_spectral_bandpower.png,True,False,True,True,min_clase < 10; retencion_% < 50,,Espectro derivado desde promedios BANDPOWER interpretables. Figura diagnostica: la variante no es modelable por baja retencion o baja representacion de clase. Las visualizaciones representan características BANDPOWER derivadas por canal y banda. No equivalen a qEEG clínico normativo ni a PSD cruda calculada desde señal continua.
212260668,all,cleanSmooth,scroll,promedio_bandas,/kaggle/working/outputs/TESE_pruebas/run_20260902_145353/processed_data/figures/scroll/212260668_all_cleanSmooth_scroll_promedio_bandas.png,True,True,True,False,,,Scroll comparativo BANDPOWER. Las visualizaciones representan características BANDPOWER derivadas por canal y banda. No equivalen a qEEG clínico normativo ni a PSD cruda calculada desde señal continua.
212260668,all,cleanSmooth,topomap,theta,/kaggle/working/outputs/TESE_pruebas/run_20260902_145353/processed_data/figures/topomaps/212260668_all_cleanSmooth_topomap_theta.png,True,True,True,False,,,Topomap de promedio BANDPOWER por canal; no usa promedio directo de cleanNorm. Las visualizaciones representan características BANDPOWER derivadas por canal y banda. No equivalen a qEEG clínico normativo ni a PSD cruda calculada desde señal continua.
212260668,all,cleanSmooth,topomap,alpha,/kaggle/working/outputs/TESE_pruebas/run_20260902_145353/processed_data/figures/topomaps/212260668_all_cleanSmooth_topomap_alpha.png,True,True,True,False,,,Topomap de promedio BANDPOWER por canal; no usa promedio directo de cleanNorm. Las visualizaciones representan características BANDPOWER derivadas por canal y banda. No equivalen a qEEG clínico normativo ni a PSD cruda calculada desde señal continua.
212260668,all,cleanSmooth,topomap,betaL,/kaggle/working/outputs/TESE_pruebas/run_20260902_145353/processed_data/figures/topomaps/212260668_all_cleanSmooth_topomap_betaL.png,True,True,True,False,,,Topomap de promedio BANDPOWER por canal; no usa promedio directo de cleanNorm. Las visualizaciones representan características BANDPOWER derivadas por canal y banda. No equivalen a qEEG clínico normativo ni a PSD cruda calculada desde señal continua.
212260668,all,cleanSmooth,topomap,betaH,/kaggle/working/outputs/TESE_pruebas/run_20260902_145353/processed_data/figures/topomaps/212260668_all_cleanSmooth_topomap_betaH.png,True,True,True,False,,,Topomap de promedio BANDPOWER por canal; no usa promedio directo de cleanNorm. Las visualizaciones representan características BANDPOWER derivadas por canal y banda. No equivalen a qEEG clínico normativo ni a PSD cruda calculada desde señal continua.
212260668,all,cleanSmooth,topomap,gamma,/kaggle/working/outputs/TESE_pruebas/run_20260902_145353/processed_data/figures/topomaps/212260668_all_cleanSmooth_topomap_gamma.png,True,True,True,False,,,Topomap de promedio BANDPOWER por canal; no usa promedio directo de cleanNorm. Las visualizaciones representan características BANDPOWER derivadas por canal y banda. No equivalen a qEEG clínico normativo ni a PSD cruda calculada desde señal continua.
212260668,all,cleanSmooth,spectral,bandas,/kaggle/working/outputs/TESE_pruebas/run_20260902_145353/processed_data/figures/spectral/212260668_all_cleanSmooth_spectral_bandpower.png,True,True,True,False,,,Espectro derivado desde promedios BANDPOWER interpretables. Las visualizaciones representan características BANDPOWER derivadas por canal y banda. No equivalen a qEEG clínico normativo ni a PSD cruda calculada desde señal continua.
212260668,all,noOutliers,scroll,promedio_bandas,/kaggle/working/outputs/TESE_pruebas/run_20260902_145353/processed_data/figures/scroll/212260668_all_noOutliers_scroll_promedio_bandas.png,True,True,True,False,,,Scroll comparativo BANDPOWER. Las visualizaciones representan características BANDPOWER derivadas por canal y banda. No equivalen a qEEG clínico normativo ni a PSD cruda calculada desde señal continua.
212260668,all,noOutliers,topomap,theta,/kaggle/working/outputs/TESE_pruebas/run_20260902_145353/processed_data/figures/topomaps/212260668_all_noOutliers_topomap_theta.png,True,True,True,False,,,Topomap de promedio BANDPOWER por canal; no usa promedio directo de cleanNorm. Las visualizaciones representan características BANDPOWER derivadas por canal y banda. No equivalen a qEEG clínico normativo ni a PSD cruda calculada desde señal continua.
212260668,all,noOutliers,topomap,alpha,/kaggle/working/outputs/TESE_pruebas/run_20260902_145353/processed_data/figures/topomaps/212260668_all_noOutliers_topomap_alpha.png,True,True,True,False,,,Topomap de promedio BANDPOWER por canal; no usa promedio directo de cleanNorm. Las visualizaciones representan características BANDPOWER derivadas por canal y banda. No equivalen a qEEG clínico normativo ni a PSD cruda calculada desde señal continua.
212260668,all,noOutliers,topomap,betaL,/kaggle/working/outputs/TESE_pruebas/run_20260902_145353/processed_data/figures/topomaps/212260668_all_noOutliers_topomap_betaL.png,True,True,True,False,,,Topomap de promedio BANDPOWER por canal; no usa promedio directo de cleanNorm. Las visualizaciones representan características BANDPOWER derivadas por canal y banda. No equivalen a qEEG clínico normativo ni a PSD cruda calculada desde señal continua.
212260668,all,noOutliers,topomap,betaH,/kaggle/working/outputs/TESE_pruebas/run_20260902_145353/processed_data/figures/topomaps/212260668_all_noOutliers_topomap_betaH.png,True,True,True,False,,,Topomap de promedio BANDPOWER por canal; no usa promedio directo de cleanNorm. Las visualizaciones representan características BANDPOWER derivadas por canal y banda. No equivalen a qEEG clínico normativo ni a PSD cruda calculada desde señal continua.
212260668,all,noOutliers,topomap,gamma,/kaggle/working/outputs/TESE_pruebas/run_20260902_145353/processed_data/figures/topomaps/212260668_all_noOutliers_topomap_gamma.png,True,True,True,False,,,Topomap de promedio BANDPOWER por canal; no usa promedio directo de cleanNorm. Las visualizaciones representan características BANDPOWER derivadas por canal y banda. No equivalen a qEEG clínico normativo ni a PSD cruda calculada desde señal continua.
212260668,all,noOutliers,spectral,bandas,/kaggle/working/outputs/TESE_pruebas/run_20260902_145353/processed_data/figures/spectral/212260668_all_noOutliers_spectral_bandpower.png,True,True,True,False,,,Espectro derivado desde promedios BANDPOWER interpretables. Las visualizaciones representan características BANDPOWER derivadas por canal y banda. No equivalen a qEEG clínico normativo ni a PSD cruda calculada desde señal continua.
212260668,all,sinArtefactosConservador,scroll,promedio_bandas,/kaggle/working/outputs/TESE_pruebas/run_20260902_145353/processed_data/figures/scroll/212260668_all_sinArtefactosConservador_scroll_promedio_bandas.png,True,False,True,True,min_clase < 10,,Scroll comparativo BANDPOWER. Figura diagnostica: la variante no es modelable por baja retencion o baja representacion de clase. Las visualizaciones representan características BANDPOWER derivadas por canal y banda. No equivalen a qEEG clínico normativo ni a PSD cruda calculada desde señal continua.
212260668,all,sinArtefactosConservador,topomap,theta,/kaggle/working/outputs/TESE_pruebas/run_20260902_145353/processed_data/figures/topomaps/212260668_all_sinArtefactosConservador_topomap_theta.png,True,False,True,True,min_clase < 10,,Topomap de promedio BANDPOWER por canal; no usa promedio directo de cleanNorm. Figura diagnostica: la variante no es modelable por baja retencion o baja representacion de clase. Las visualizaciones representan características BANDPOWER derivadas por canal y banda. No equivalen a qEEG clínico normativo ni a PSD cruda calculada desde señal continua.
212260668,all,sinArtefactosConservador,topomap,alpha,/kaggle/working/outputs/TESE_pruebas/run_20260902_145353/processed_data/figures/topomaps/212260668_all_sinArtefactosConservador_topomap_alpha.png,True,False,True,True,min_clase < 10,,Topomap de promedio BANDPOWER por canal; no usa promedio directo de cleanNorm. Figura diagnostica: la variante no es modelable por baja retencion o baja representacion de clase. Las visualizaciones representan características BANDPOWER derivadas por canal y banda. No equivalen a qEEG clínico normativo ni a PSD cruda calculada desde señal continua.
212260668,all,sinArtefactosConservador,topomap,betaL,/kaggle/working/outputs/TESE_pruebas/run_20260902_145353/processed_data/figures/topomaps/212260668_all_sinArtefactosConservador_topomap_betaL.png,True,False,True,True,min_clase < 10,,Topomap de promedio BANDPOWER por canal; no usa promedio directo de cleanNorm. Figura diagnostica: la variante no es modelable por baja retencion o baja representacion de clase. Las visualizaciones representan características BANDPOWER derivadas por canal y banda. No equivalen a qEEG clínico normativo ni a PSD cruda calculada desde señal continua.
212260668,all,sinArtefactosConservador,topomap,betaH,/kaggle/working/outputs/TESE_pruebas/run_20260902_145353/processed_data/figures/topomaps/212260668_all_sinArtefactosConservador_topomap_betaH.png,True,False,True,True,min_clase < 10,,Topomap de promedio BANDPOWER por canal; no usa promedio directo de cleanNorm. Figura diagnostica: la variante no es modelable por baja retencion o baja representacion de clase. Las visualizaciones representan características BANDPOWER derivadas por canal y banda. No equivalen a qEEG clínico normativo ni a PSD cruda calculada desde señal continua.
212260668,all,sinArtefactosConservador,topomap,gamma,/kaggle/working/outputs/TESE_pruebas/run_20260902_145353/processed_data/figures/topomaps/212260668_all_sinArtefactosConservador_topomap_gamma.png,True,False,True,True,min_clase < 10,,Topomap de promedio BANDPOWER por canal; no usa promedio directo de cleanNorm. Figura diagnostica: la variante no es modelable por baja retencion o baja representacion de clase. Las visualizaciones representan características BANDPOWER derivadas por canal y banda. No equivalen a qEEG clínico normativo ni a PSD cruda calculada desde señal continua.
212260668,all,sinArtefactosConservador,spectral,bandas,/kaggle/working/outputs/TESE_pruebas/run_20260902_145353/processed_data/figures/spectral/212260668_all_sinArtefactosConservador_spectral_bandpower.png,True,False,True,True,min_clase < 10,,Espectro derivado desde promedios BANDPOWER interpretables. Figura diagnostica: la variante no es modelable por baja retencion o baja representacion de clase. Las visualizaciones representan características BANDPOWER derivadas por canal y banda. No equivalen a qEEG clínico normativo ni a PSD cruda calculada desde señal continua.
212260668,all,sinArtefactosEstricto,scroll,promedio_bandas,/kaggle/working/outputs/TESE_pruebas/run_20260902_145353/processed_data/figures/scroll/212260668_all_sinArtefactosEstricto_scroll_promedio_bandas.png,True,False,True,True,min_clase < 10,,Scroll comparativo BANDPOWER. Figura diagnostica: la variante no es modelable por baja retencion o baja representacion de clase. Las visualizaciones representan características BANDPOWER derivadas por canal y banda. No equivalen a qEEG clínico normativo ni a PSD cruda calculada desde señal continua.
212260668,all,sinArtefactosEstricto,topomap,theta,/kaggle/working/outputs/TESE_pruebas/run_20260902_145353/processed_data/figures/topomaps/212260668_all_sinArtefactosEstricto_topomap_theta.png,True,False,True,True,min_clase < 10,,Topomap de promedio BANDPOWER por canal; no usa promedio directo de cleanNorm. Figura diagnostica: la variante no es modelable por baja retencion o baja representacion de clase. Las visualizaciones representan características BANDPOWER derivadas por canal y banda. No equivalen a qEEG clínico normativo ni a PSD cruda calculada desde señal continua.
212260668,all,sinArtefactosEstricto,topomap,alpha,/kaggle/working/outputs/TESE_pruebas/run_20260902_145353/processed_data/figures/topomaps/212260668_all_sinArtefactosEstricto_topomap_alpha.png,True,False,True,True,min_clase < 10,,Topomap de promedio BANDPOWER por canal; no usa promedio directo de cleanNorm. Figura diagnostica: la variante no es modelable por baja retencion o baja representacion de clase. Las visualizaciones representan características BANDPOWER derivadas por canal y banda. No equivalen a qEEG clínico normativo ni a PSD cruda calculada desde señal continua.
212260668,all,sinArtefactosEstricto,topomap,betaL,/kaggle/working/outputs/TESE_pruebas/run_20260902_145353/processed_data/figures/topomaps/212260668_all_sinArtefactosEstricto_topomap_betaL.png,True,False,True,True,min_clase < 10,,Topomap de promedio BANDPOWER por canal; no usa promedio directo de cleanNorm. Figura diagnostica: la variante no es modelable por baja retencion o baja representacion de clase. Las visualizaciones representan características BANDPOWER derivadas por canal y banda. No equivalen a qEEG clínico normativo ni a PSD cruda calculada desde señal continua.
212260668,all,sinArtefactosEstricto,topomap,betaH,/kaggle/working/outputs/TESE_pruebas/run_20260902_145353/processed_data/figures/topomaps/212260668_all_sinArtefactosEstricto_topomap_betaH.png,True,False,True,True,min_clase < 10,,Topomap de promedio BANDPOWER por canal; no usa promedio directo de cleanNorm. Figura diagnostica: la variante no es modelable por baja retencion o baja representacion de clase. Las visualizaciones representan características BANDPOWER derivadas por canal y banda. No equivalen a qEEG clínico normativo ni a PSD cruda calculada desde señal continua.
212260668,all,sinArtefactosEstricto,topomap,gamma,/kaggle/working/outputs/TESE_pruebas/run_20260902_145353/processed_data/figures/topomaps/212260668_all_sinArtefactosEstricto_topomap_gamma.png,True,False,True,True,min_clase < 10,,Topomap de promedio BANDPOWER por canal; no usa promedio directo de cleanNorm. Figura diagnostica: la variante no es modelable por baja retencion o baja representacion de clase. Las visualizaciones representan características BANDPOWER derivadas por canal y banda. No equivalen a qEEG clínico normativo ni a PSD cruda calculada desde señal continua.
212260668,all,sinArtefactosEstricto,spectral,bandas,/kaggle/working/outputs/TESE_pruebas/run_20260902_145353/processed_data/figures/spectral/212260668_all_sinArtefactosEstricto_spectral_bandpower.png,True,False,True,True,min_clase < 10,,Espectro derivado desde promedios BANDPOWER interpretables. Figura diagnostica: la variante no es modelable por baja retencion o baja representacion de clase. Las visualizaciones representan características BANDPOWER derivadas por canal y banda. No equivalen a qEEG clínico normativo ni a PSD cruda calculada desde señal continua.
212260672,all,cleanSmooth,scroll,promedio_bandas,/kaggle/working/outputs/TESE_pruebas/run_20260902_145353/processed_data/figures/scroll/212260672_all_cleanSmooth_scroll_promedio_bandas.png,True,True,True,False,,,Scroll comparativo BANDPOWER. Las visualizaciones representan características BANDPOWER derivadas por canal y banda. No equivalen a qEEG clínico normativo ni a PSD cruda calculada desde señal continua.
212260672,all,cleanSmooth,topomap,theta,/kaggle/working/outputs/TESE_pruebas/run_20260902_145353/processed_data/figures/topomaps/212260672_all_cleanSmooth_topomap_theta.png,True,True,True,False,,,Topomap de promedio BANDPOWER por canal; no usa promedio directo de cleanNorm. Las visualizaciones representan características BANDPOWER derivadas por canal y banda. No equivalen a qEEG clínico normativo ni a PSD cruda calculada desde señal continua.
212260672,all,cleanSmooth,topomap,alpha,/kaggle/working/outputs/TESE_pruebas/run_20260902_145353/processed_data/figures/topomaps/212260672_all_cleanSmooth_topomap_alpha.png,True,True,True,False,,,Topomap de promedio BANDPOWER por canal; no usa promedio directo de cleanNorm. Las visualizaciones representan características BANDPOWER derivadas por canal y banda. No equivalen a qEEG clínico normativo ni a PSD cruda calculada desde señal continua.
212260672,all,cleanSmooth,topomap,betaL,/kaggle/working/outputs/TESE_pruebas/run_20260902_145353/processed_data/figures/topomaps/212260672_all_cleanSmooth_topomap_betaL.png,True,True,True,False,,,Topomap de promedio BANDPOWER por canal; no usa promedio directo de cleanNorm. Las visualizaciones representan características BANDPOWER derivadas por canal y banda. No equivalen a qEEG clínico normativo ni a PSD cruda calculada desde señal continua.
212260672,all,cleanSmooth,topomap,betaH,/kaggle/working/outputs/TESE_pruebas/run_20260902_145353/processed_data/figures/topomaps/212260672_all_cleanSmooth_topomap_betaH.png,True,True,True,False,,,Topomap de promedio BANDPOWER por canal; no usa promedio directo de cleanNorm. Las visualizaciones representan características BANDPOWER derivadas por canal y banda. No equivalen a qEEG clínico normativo ni a PSD cruda calculada desde señal continua.
212260672,all,cleanSmooth,topomap,gamma,/kaggle/working/outputs/TESE_pruebas/run_20260902_145353/processed_data/figures/topomaps/212260672_all_cleanSmooth_topomap_gamma.png,True,True,True,False,,,Topomap de promedio BANDPOWER por canal; no usa promedio directo de cleanNorm. Las visualizaciones representan características BANDPOWER derivadas por canal y banda. No equivalen a qEEG clínico normativo ni a PSD cruda calculada desde señal continua.
212260672,all,cleanSmooth,spectral,bandas,/kaggle/working/outputs/TESE_pruebas/run_20260902_145353/processed_data/figures/spectral/212260672_all_cleanSmooth_spectral_bandpower.png,True,True,True,False,,,Espectro derivado desde promedios BANDPOWER interpretables. Las visualizaciones representan características BANDPOWER derivadas por canal y banda. No equivalen a qEEG clínico normativo ni a PSD cruda calculada desde señal continua.
212260672,all,noOutliers,scroll,promedio_bandas,/kaggle/working/outputs/TESE_pruebas/run_20260902_145353/processed_data/figures/scroll/212260672_all_noOutliers_scroll_promedio_bandas.png,True,True,True,False,,,Scroll comparativo BANDPOWER. Las visualizaciones representan características BANDPOWER derivadas por canal y banda. No equivalen a qEEG clínico normativo ni a PSD cruda calculada desde señal continua.
212260672,all,noOutliers,topomap,theta,/kaggle/working/outputs/TESE_pruebas/run_20260902_145353/processed_data/figures/topomaps/212260672_all_noOutliers_topomap_theta.png,True,True,True,False,,,Topomap de promedio BANDPOWER por canal; no usa promedio directo de cleanNorm. Las visualizaciones representan características BANDPOWER derivadas por canal y banda. No equivalen a qEEG clínico normativo ni a PSD cruda calculada desde señal continua.
212260672,all,noOutliers,topomap,alpha,/kaggle/working/outputs/TESE_pruebas/run_20260902_145353/processed_data/figures/topomaps/212260672_all_noOutliers_topomap_alpha.png,True,True,True,False,,,Topomap de promedio BANDPOWER por canal; no usa promedio directo de cleanNorm. Las visualizaciones representan características BANDPOWER derivadas por canal y banda. No equivalen a qEEG clínico normativo ni a PSD cruda calculada desde señal continua.
212260672,all,noOutliers,topomap,betaL,/kaggle/working/outputs/TESE_pruebas/run_20260902_145353/processed_data/figures/topomaps/212260672_all_noOutliers_topomap_betaL.png,True,True,True,False,,,Topomap de promedio BANDPOWER por canal; no usa promedio directo de cleanNorm. Las visualizaciones representan características BANDPOWER derivadas por canal y banda. No equivalen a qEEG clínico normativo ni a PSD cruda calculada desde señal continua.
212260672,all,noOutliers,topomap,betaH,/kaggle/working/outputs/TESE_pruebas/run_20260902_145353/processed_data/figures/topomaps/212260672_all_noOutliers_topomap_betaH.png,True,True,True,False,,,Topomap de promedio BANDPOWER por canal; no usa promedio directo de cleanNorm. Las visualizaciones representan características BANDPOWER derivadas por canal y banda. No equivalen a qEEG clínico normativo ni a PSD cruda calculada desde señal continua.
212260672,all,noOutliers,topomap,gamma,/kaggle/working/outputs/TESE_pruebas/run_20260902_145353/processed_data/figures/topomaps/212260672_all_noOutliers_topomap_gamma.png,True,True,True,False,,,Topomap de promedio BANDPOWER por canal; no usa promedio directo de cleanNorm. Las visualizaciones representan características BANDPOWER derivadas por canal y banda. No equivalen a qEEG clínico normativo ni a PSD cruda calculada desde señal continua.
212260672,all,noOutliers,spectral,bandas,/kaggle/working/outputs/TESE_pruebas/run_20260902_145353/processed_data/figures/spectral/212260672_all_noOutliers_spectral_bandpower.png,True,True,True,False,,,Espectro derivado desde promedios BANDPOWER interpretables. Las visualizaciones representan características BANDPOWER derivadas por canal y banda. No equivalen a qEEG clínico normativo ni a PSD cruda calculada desde señal continua.
212260672,all,sinArtefactosConservador,scroll,promedio_bandas,/kaggle/working/outputs/TESE_pruebas/run_20260902_145353/processed_data/figures/scroll/212260672_all_sinArtefactosConservador_scroll_promedio_bandas.png,True,False,True,True,min_clase < 10,,Scroll comparativo BANDPOWER. Figura diagnostica: la variante no es modelable por baja retencion o baja representacion de clase. Las visualizaciones representan características BANDPOWER derivadas por canal y banda. No equivalen a qEEG clínico normativo ni a PSD cruda calculada desde señal continua.
212260672,all,sinArtefactosConservador,topomap,theta,/kaggle/working/outputs/TESE_pruebas/run_20260902_145353/processed_data/figures/topomaps/212260672_all_sinArtefactosConservador_topomap_theta.png,True,False,True,True,min_clase < 10,,Topomap de promedio BANDPOWER por canal; no usa promedio directo de cleanNorm. Figura diagnostica: la variante no es modelable por baja retencion o baja representacion de clase. Las visualizaciones representan características BANDPOWER derivadas por canal y banda. No equivalen a qEEG clínico normativo ni a PSD cruda calculada desde señal continua.
212260672,all,sinArtefactosConservador,topomap,alpha,/kaggle/working/outputs/TESE_pruebas/run_20260902_145353/processed_data/figures/topomaps/212260672_all_sinArtefactosConservador_topomap_alpha.png,True,False,True,True,min_clase < 10,,Topomap de promedio BANDPOWER por canal; no usa promedio directo de cleanNorm. Figura diagnostica: la variante no es modelable por baja retencion o baja representacion de clase. Las visualizaciones representan características BANDPOWER derivadas por canal y banda. No equivalen a qEEG clínico normativo ni a PSD cruda calculada desde señal continua.
212260672,all,sinArtefactosConservador,topomap,betaL,/kaggle/working/outputs/TESE_pruebas/run_20260902_145353/processed_data/figures/topomaps/212260672_all_sinArtefactosConservador_topomap_betaL.png,True,False,True,True,min_clase < 10,,Topomap de promedio BANDPOWER por canal; no usa promedio directo de cleanNorm. Figura diagnostica: la variante no es modelable por baja retencion o baja representacion de clase. Las visualizaciones representan características BANDPOWER derivadas por canal y banda. No equivalen a qEEG clínico normativo ni a PSD cruda calculada desde señal continua.
212260672,all,sinArtefactosConservador,topomap,betaH,/kaggle/working/outputs/TESE_pruebas/run_20260902_145353/processed_data/figures/topomaps/212260672_all_sinArtefactosConservador_topomap_betaH.png,True,False,True,True,min_clase < 10,,Topomap de promedio BANDPOWER por canal; no usa promedio directo de cleanNorm. Figura diagnostica: la variante no es modelable por baja retencion o baja representacion de clase. Las visualizaciones representan características BANDPOWER derivadas por canal y banda. No equivalen a qEEG clínico normativo ni a PSD cruda calculada desde señal continua.
212260672,all,sinArtefactosConservador,topomap,gamma,/kaggle/working/outputs/TESE_pruebas/run_20260902_145353/processed_data/figures/topomaps/212260672_all_sinArtefactosConservador_topomap_gamma.png,True,False,True,True,min_clase < 10,,Topomap de promedio BANDPOWER por canal; no usa promedio directo de cleanNorm. Figura diagnostica: la variante no es modelable por baja retencion o baja representacion de clase. Las visualizaciones representan características BANDPOWER derivadas por canal y banda. No equivalen a qEEG clínico normativo ni a PSD cruda calculada desde señal continua.
212260672,all,sinArtefactosConservador,spectral,bandas,/kaggle/working/outputs/TESE_pruebas/run_20260902_145353/processed_data/figures/spectral/212260672_all_sinArtefactosConservador_spectral_bandpower.png,True,False,True,True,min_clase < 10,,Espectro derivado desde promedios BANDPOWER interpretables. Figura diagnostica: la variante no es modelable por baja retencion o baja representacion de clase. Las visualizaciones representan características BANDPOWER derivadas por canal y banda. No equivalen a qEEG clínico normativo ni a PSD cruda calculada desde señal continua.
212260672,all,sinArtefactosEstricto,scroll,promedio_bandas,/kaggle/working/outputs/TESE_pruebas/run_20260902_145353/processed_data/figures/scroll/212260672_all_sinArtefactosEstricto_scroll_promedio_bandas.png,True,False,True,True,min_clase < 10; retencion_% < 50,,Scroll comparativo BANDPOWER. Figura diagnostica: la variante no es modelable por baja retencion o baja representacion de clase. Las visualizaciones representan características BANDPOWER derivadas por canal y banda. No equivalen a qEEG clínico normativo ni a PSD cruda calculada desde señal continua.
212260672,all,sinArtefactosEstricto,topomap,theta,/kaggle/working/outputs/TESE_pruebas/run_20260902_145353/processed_data/figures/topomaps/212260672_all_sinArtefactosEstricto_topomap_theta.png,True,False,True,True,min_clase < 10; retencion_% < 50,,Topomap de promedio BANDPOWER por canal; no usa promedio directo de cleanNorm. Figura diagnostica: la variante no es modelable por baja retencion o baja representacion de clase. Las visualizaciones representan características BANDPOWER derivadas por canal y banda. No equivalen a qEEG clínico normativo ni a PSD cruda calculada desde señal continua.
212260672,all,sinArtefactosEstricto,topomap,alpha,/kaggle/working/outputs/TESE_pruebas/run_20260902_145353/processed_data/figures/topomaps/212260672_all_sinArtefactosEstricto_topomap_alpha.png,True,False,True,True,min_clase < 10; retencion_% < 50,,Topomap de promedio BANDPOWER por canal; no usa promedio directo de cleanNorm. Figura diagnostica: la variante no es modelable por baja retencion o baja representacion de clase. Las visualizaciones representan características BANDPOWER derivadas por canal y banda. No equivalen a qEEG clínico normativo ni a PSD cruda calculada desde señal continua.
212260672,all,sinArtefactosEstricto,topomap,betaL,/kaggle/working/outputs/TESE_pruebas/run_20260902_145353/processed_data/figures/topomaps/212260672_all_sinArtefactosEstricto_topomap_betaL.png,True,False,True,True,min_clase < 10; retencion_% < 50,,Topomap de promedio BANDPOWER por canal; no usa promedio directo de cleanNorm. Figura diagnostica: la variante no es modelable por baja retencion o baja representacion de clase. Las visualizaciones representan características BANDPOWER derivadas por canal y banda. No equivalen a qEEG clínico normativo ni a PSD cruda calculada desde señal continua.
212260672,all,sinArtefactosEstricto,topomap,betaH,/kaggle/working/outputs/TESE_pruebas/run_20260902_145353/processed_data/figures/topomaps/212260672_all_sinArtefactosEstricto_topomap_betaH.png,True,False,True,True,min_clase < 10; retencion_% < 50,,Topomap de promedio BANDPOWER por canal; no usa promedio directo de cleanNorm. Figura diagnostica: la variante no es modelable por baja retencion o baja representacion de clase. Las visualizaciones representan características BANDPOWER derivadas por canal y banda. No equivalen a qEEG clínico normativo ni a PSD cruda calculada desde señal continua.
212260672,all,sinArtefactosEstricto,topomap,gamma,/kaggle/working/outputs/TESE_pruebas/run_20260902_145353/processed_data/figures/topomaps/212260672_all_sinArtefactosEstricto_topomap_gamma.png,True,False,True,True,min_clase < 10; retencion_% < 50,,Topomap de promedio BANDPOWER por canal; no usa promedio directo de cleanNorm. Figura diagnostica: la variante no es modelable por baja retencion o baja representacion de clase. Las visualizaciones representan características BANDPOWER derivadas por canal y banda. No equivalen a qEEG clínico normativo ni a PSD cruda calculada desde señal continua.
212260672,all,sinArtefactosEstricto,spectral,bandas,/kaggle/working/outputs/TESE_pruebas/run_20260902_145353/processed_data/figures/spectral/212260672_all_sinArtefactosEstricto_spectral_bandpower.png,True,False,True,True,min_clase < 10; retencion_% < 50,,Espectro derivado desde promedios BANDPOWER interpretables. Figura diagnostica: la variante no es modelable por baja retencion o baja representacion de clase. Las visualizaciones representan características BANDPOWER derivadas por canal y banda. No equivalen a qEEG clínico normativo ni a PSD cruda calculada desde señal continua.
222260671,all,cleanSmooth,scroll,promedio_bandas,/kaggle/working/outputs/TESE_pruebas/run_20260902_145353/processed_data/figures/scroll/222260671_all_cleanSmooth_scroll_promedio_bandas.png,True,True,True,False,,,Scroll comparativo BANDPOWER. Las visualizaciones representan características BANDPOWER derivadas por canal y banda. No equivalen a qEEG clínico normativo ni a PSD cruda calculada desde señal continua.
222260671,all,cleanSmooth,topomap,theta,/kaggle/working/outputs/TESE_pruebas/run_20260902_145353/processed_data/figures/topomaps/222260671_all_cleanSmooth_topomap_theta.png,True,True,True,False,,,Topomap de promedio BANDPOWER por canal; no usa promedio directo de cleanNorm. Las visualizaciones representan características BANDPOWER derivadas por canal y banda. No equivalen a qEEG clínico normativo ni a PSD cruda calculada desde señal continua.
222260671,all,cleanSmooth,topomap,alpha,/kaggle/working/outputs/TESE_pruebas/run_20260902_145353/processed_data/figures/topomaps/222260671_all_cleanSmooth_topomap_alpha.png,True,True,True,False,,,Topomap de promedio BANDPOWER por canal; no usa promedio directo de cleanNorm. Las visualizaciones representan características BANDPOWER derivadas por canal y banda. No equivalen a qEEG clínico normativo ni a PSD cruda calculada desde señal continua.
222260671,all,cleanSmooth,topomap,betaL,/kaggle/working/outputs/TESE_pruebas/run_20260902_145353/processed_data/figures/topomaps/222260671_all_cleanSmooth_topomap_betaL.png,True,True,True,False,,,Topomap de promedio BANDPOWER por canal; no usa promedio directo de cleanNorm. Las visualizaciones representan características BANDPOWER derivadas por canal y banda. No equivalen a qEEG clínico normativo ni a PSD cruda calculada desde señal continua.
222260671,all,cleanSmooth,topomap,betaH,/kaggle/working/outputs/TESE_pruebas/run_20260902_145353/processed_data/figures/topomaps/222260671_all_cleanSmooth_topomap_betaH.png,True,True,True,False,,,Topomap de promedio BANDPOWER por canal; no usa promedio directo de cleanNorm. Las visualizaciones representan características BANDPOWER derivadas por canal y banda. No equivalen a qEEG clínico normativo ni a PSD cruda calculada desde señal continua.
222260671,all,cleanSmooth,topomap,gamma,/kaggle/working/outputs/TESE_pruebas/run_20260902_145353/processed_data/figures/topomaps/222260671_all_cleanSmooth_topomap_gamma.png,True,True,True,False,,,Topomap de promedio BANDPOWER por canal; no usa promedio directo de cleanNorm. Las visualizaciones representan características BANDPOWER derivadas por canal y banda. No equivalen a qEEG clínico normativo ni a PSD cruda calculada desde señal continua.
222260671,all,cleanSmooth,spectral,bandas,/kaggle/working/outputs/TESE_pruebas/run_20260902_145353/processed_data/figures/spectral/222260671_all_cleanSmooth_spectral_bandpower.png,True,True,True,False,,,Espectro derivado desde promedios BANDPOWER interpretables. Las visualizaciones representan características BANDPOWER derivadas por canal y banda. No equivalen a qEEG clínico normativo ni a PSD cruda calculada desde señal continua.
222260671,all,noOutliers,scroll,promedio_bandas,/kaggle/working/outputs/TESE_pruebas/run_20260902_145353/processed_data/figures/scroll/222260671_all_noOutliers_scroll_promedio_bandas.png,True,True,True,False,,,Scroll comparativo BANDPOWER. Las visualizaciones representan características BANDPOWER derivadas por canal y banda. No equivalen a qEEG clínico normativo ni a PSD cruda calculada desde señal continua.
222260671,all,noOutliers,topomap,theta,/kaggle/working/outputs/TESE_pruebas/run_20260902_145353/processed_data/figures/topomaps/222260671_all_noOutliers_topomap_theta.png,True,True,True,False,,,Topomap de promedio BANDPOWER por canal; no usa promedio directo de cleanNorm. Las visualizaciones representan características BANDPOWER derivadas por canal y banda. No equivalen a qEEG clínico normativo ni a PSD cruda calculada desde señal continua.
222260671,all,noOutliers,topomap,alpha,/kaggle/working/outputs/TESE_pruebas/run_20260902_145353/processed_data/figures/topomaps/222260671_all_noOutliers_topomap_alpha.png,True,True,True,False,,,Topomap de promedio BANDPOWER por canal; no usa promedio directo de cleanNorm. Las visualizaciones representan características BANDPOWER derivadas por canal y banda. No equivalen a qEEG clínico normativo ni a PSD cruda calculada desde señal continua.
222260671,all,noOutliers,topomap,betaL,/kaggle/working/outputs/TESE_pruebas/run_20260902_145353/processed_data/figures/topomaps/222260671_all_noOutliers_topomap_betaL.png,True,True,True,False,,,Topomap de promedio BANDPOWER por canal; no usa promedio directo de cleanNorm. Las visualizaciones representan características BANDPOWER derivadas por canal y banda. No equivalen a qEEG clínico normativo ni a PSD cruda calculada desde señal continua.
222260671,all,noOutliers,topomap,betaH,/kaggle/working/outputs/TESE_pruebas/run_20260902_145353/processed_data/figures/topomaps/222260671_all_noOutliers_topomap_betaH.png,True,True,True,False,,,Topomap de promedio BANDPOWER por canal; no usa promedio directo de cleanNorm. Las visualizaciones representan características BANDPOWER derivadas por canal y banda. No equivalen a qEEG clínico normativo ni a PSD cruda calculada desde señal continua.
222260671,all,noOutliers,topomap,gamma,/kaggle/working/outputs/TESE_pruebas/run_20260902_145353/processed_data/figures/topomaps/222260671_all_noOutliers_topomap_gamma.png,True,True,True,False,,,Topomap de promedio BANDPOWER por canal; no usa promedio directo de cleanNorm. Las visualizaciones representan características BANDPOWER derivadas por canal y banda. No equivalen a qEEG clínico normativo ni a PSD cruda calculada desde señal continua.
222260671,all,noOutliers,spectral,bandas,/kaggle/working/outputs/TESE_pruebas/run_20260902_145353/processed_data/figures/spectral/222260671_all_noOutliers_spectral_bandpower.png,True,True,True,False,,,Espectro derivado desde promedios BANDPOWER interpretables. Las visualizaciones representan características BANDPOWER derivadas por canal y banda. No equivalen a qEEG clínico normativo ni a PSD cruda calculada desde señal continua.
222260671,all,sinArtefactosConservador,scroll,promedio_bandas,/kaggle/working/outputs/TESE_pruebas/run_20260902_145353/processed_data/figures/scroll/222260671_all_sinArtefactosConservador_scroll_promedio_bandas.png,True,False,True,True,min_clase < 10,,Scroll comparativo BANDPOWER. Figura diagnostica: la variante no es modelable por baja retencion o baja representacion de clase. Las visualizaciones representan características BANDPOWER derivadas por canal y banda. No equivalen a qEEG clínico normativo ni a PSD cruda calculada desde señal continua.
222260671,all,sinArtefactosConservador,topomap,theta,/kaggle/working/outputs/TESE_pruebas/run_20260902_145353/processed_data/figures/topomaps/222260671_all_sinArtefactosConservador_topomap_theta.png,True,False,True,True,min_clase < 10,,Topomap de promedio BANDPOWER por canal; no usa promedio directo de cleanNorm. Figura diagnostica: la variante no es modelable por baja retencion o baja representacion de clase. Las visualizaciones representan características BANDPOWER derivadas por canal y banda. No equivalen a qEEG clínico normativo ni a PSD cruda calculada desde señal continua.
222260671,all,sinArtefactosConservador,topomap,alpha,/kaggle/working/outputs/TESE_pruebas/run_20260902_145353/processed_data/figures/topomaps/222260671_all_sinArtefactosConservador_topomap_alpha.png,True,False,True,True,min_clase < 10,,Topomap de promedio BANDPOWER por canal; no usa promedio directo de cleanNorm. Figura diagnostica: la variante no es modelable por baja retencion o baja representacion de clase. Las visualizaciones representan características BANDPOWER derivadas por canal y banda. No equivalen a qEEG clínico normativo ni a PSD cruda calculada desde señal continua.
222260671,all,sinArtefactosConservador,topomap,betaL,/kaggle/working/outputs/TESE_pruebas/run_20260902_145353/processed_data/figures/topomaps/222260671_all_sinArtefactosConservador_topomap_betaL.png,True,False,True,True,min_clase < 10,,Topomap de promedio BANDPOWER por canal; no usa promedio directo de cleanNorm. Figura diagnostica: la variante no es modelable por baja retencion o baja representacion de clase. Las visualizaciones representan características BANDPOWER derivadas por canal y banda. No equivalen a qEEG clínico normativo ni a PSD cruda calculada desde señal continua.
222260671,all,sinArtefactosConservador,topomap,betaH,/kaggle/working/outputs/TESE_pruebas/run_20260902_145353/processed_data/figures/topomaps/222260671_all_sinArtefactosConservador_topomap_betaH.png,True,False,True,True,min_clase < 10,,Topomap de promedio BANDPOWER por canal; no usa promedio directo de cleanNorm. Figura diagnostica: la variante no es modelable por baja retencion o baja representacion de clase. Las visualizaciones representan características BANDPOWER derivadas por canal y banda. No equivalen a qEEG clínico normativo ni a PSD cruda calculada desde señal continua.
222260671,all,sinArtefactosConservador,topomap,gamma,/kaggle/working/outputs/TESE_pruebas/run_20260902_145353/processed_data/figures/topomaps/222260671_all_sinArtefactosConservador_topomap_gamma.png,True,False,True,True,min_clase < 10,,Topomap de promedio BANDPOWER por canal; no usa promedio directo de cleanNorm. Figura diagnostica: la variante no es modelable por baja retencion o baja representacion de clase. Las visualizaciones representan características BANDPOWER derivadas por canal y banda. No equivalen a qEEG clínico normativo ni a PSD cruda calculada desde señal continua.
222260671,all,sinArtefactosConservador,spectral,bandas,/kaggle/working/outputs/TESE_pruebas/run_20260902_145353/processed_data/figures/spectral/222260671_all_sinArtefactosConservador_spectral_bandpower.png,True,False,True,True,min_clase < 10,,Espectro derivado desde promedios BANDPOWER interpretables. Figura diagnostica: la variante no es modelable por baja retencion o baja representacion de clase. Las visualizaciones representan características BANDPOWER derivadas por canal y banda. No equivalen a qEEG clínico normativo ni a PSD cruda calculada desde señal continua.
222260671,all,sinArtefactosEstricto,scroll,promedio_bandas,/kaggle/working/outputs/TESE_pruebas/run_20260902_145353/processed_data/figures/scroll/222260671_all_sinArtefactosEstricto_scroll_promedio_bandas.png,True,False,True,True,min_clase < 10; retencion_% < 50,,Scroll comparativo BANDPOWER. Figura diagnostica: la variante no es modelable por baja retencion o baja representacion de clase. Las visualizaciones representan características BANDPOWER derivadas por canal y banda. No equivalen a qEEG clínico normativo ni a PSD cruda calculada desde señal continua.
222260671,all,sinArtefactosEstricto,topomap,theta,/kaggle/working/outputs/TESE_pruebas/run_20260902_145353/processed_data/figures/topomaps/222260671_all_sinArtefactosEstricto_topomap_theta.png,True,False,True,True,min_clase < 10; retencion_% < 50,,Topomap de promedio BANDPOWER por canal; no usa promedio directo de cleanNorm. Figura diagnostica: la variante no es modelable por baja retencion o baja representacion de clase. Las visualizaciones representan características BANDPOWER derivadas por canal y banda. No equivalen a qEEG clínico normativo ni a PSD cruda calculada desde señal continua.
222260671,all,sinArtefactosEstricto,topomap,alpha,/kaggle/working/outputs/TESE_pruebas/run_20260902_145353/processed_data/figures/topomaps/222260671_all_sinArtefactosEstricto_topomap_alpha.png,True,False,True,True,min_clase < 10; retencion_% < 50,,Topomap de promedio BANDPOWER por canal; no usa promedio directo de cleanNorm. Figura diagnostica: la variante no es modelable por baja retencion o baja representacion de clase. Las visualizaciones representan características BANDPOWER derivadas por canal y banda. No equivalen a qEEG clínico normativo ni a PSD cruda calculada desde señal continua.
222260671,all,sinArtefactosEstricto,topomap,betaL,/kaggle/working/outputs/TESE_pruebas/run_20260902_145353/processed_data/figures/topomaps/222260671_all_sinArtefactosEstricto_topomap_betaL.png,True,False,True,True,min_clase < 10; retencion_% < 50,,Topomap de promedio BANDPOWER por canal; no usa promedio directo de cleanNorm. Figura diagnostica: la variante no es modelable por baja retencion o baja representacion de clase. Las visualizaciones representan características BANDPOWER derivadas por canal y banda. No equivalen a qEEG clínico normativo ni a PSD cruda calculada desde señal continua.
222260671,all,sinArtefactosEstricto,topomap,betaH,/kaggle/working/outputs/TESE_pruebas/run_20260902_145353/processed_data/figures/topomaps/222260671_all_sinArtefactosEstricto_topomap_betaH.png,True,False,True,True,min_clase < 10; retencion_% < 50,,Topomap de promedio BANDPOWER por canal; no usa promedio directo de cleanNorm. Figura diagnostica: la variante no es modelable por baja retencion o baja representacion de clase. Las visualizaciones representan características BANDPOWER derivadas por canal y banda. No equivalen a qEEG clínico normativo ni a PSD cruda calculada desde señal continua.
222260671,all,sinArtefactosEstricto,topomap,gamma,/kaggle/working/outputs/TESE_pruebas/run_20260902_145353/processed_data/figures/topomaps/222260671_all_sinArtefactosEstricto_topomap_gamma.png,True,False,True,True,min_clase < 10; retencion_% < 50,,Topomap de promedio BANDPOWER por canal; no usa promedio directo de cleanNorm. Figura diagnostica: la variante no es modelable por baja retencion o baja representacion de clase. Las visualizaciones representan características BANDPOWER derivadas por canal y banda. No equivalen a qEEG clínico normativo ni a PSD cruda calculada desde señal continua.
222260671,all,sinArtefactosEstricto,spectral,bandas,/kaggle/working/outputs/TESE_pruebas/run_20260902_145353/processed_data/figures/spectral/222260671_all_sinArtefactosEstricto_spectral_bandpower.png,True,False,True,True,min_clase < 10; retencion_% < 50,,Espectro derivado desde promedios BANDPOWER interpretables. Figura diagnostica: la variante no es modelable por baja retencion o baja representacion de clase. Las visualizaciones representan características BANDPOWER derivadas por canal y banda. No equivalen a qEEG clínico normativo ni a PSD cruda calculada desde señal continua.
22260552,all,cleanSmooth,scroll,promedio_bandas,/kaggle/working/outputs/TESE_pruebas/run_20260902_145353/processed_data/figures/scroll/22260552_all_cleanSmooth_scroll_promedio_bandas.png,True,True,True,False,,,Scroll comparativo BANDPOWER. Las visualizaciones representan características BANDPOWER derivadas por canal y banda. No equivalen a qEEG clínico normativo ni a PSD cruda calculada desde señal continua.
22260552,all,cleanSmooth,topomap,theta,/kaggle/working/outputs/TESE_pruebas/run_20260902_145353/processed_data/figures/topomaps/22260552_all_cleanSmooth_topomap_theta.png,True,True,True,False,,,Topomap de promedio BANDPOWER por canal; no usa promedio directo de cleanNorm. Las visualizaciones representan características BANDPOWER derivadas por canal y banda. No equivalen a qEEG clínico normativo ni a PSD cruda calculada desde señal continua.
22260552,all,cleanSmooth,topomap,alpha,/kaggle/working/outputs/TESE_pruebas/run_20260902_145353/processed_data/figures/topomaps/22260552_all_cleanSmooth_topomap_alpha.png,True,True,True,False,,,Topomap de promedio BANDPOWER por canal; no usa promedio directo de cleanNorm. Las visualizaciones representan características BANDPOWER derivadas por canal y banda. No equivalen a qEEG clínico normativo ni a PSD cruda calculada desde señal continua.
22260552,all,cleanSmooth,topomap,betaL,/kaggle/working/outputs/TESE_pruebas/run_20260902_145353/processed_data/figures/topomaps/22260552_all_cleanSmooth_topomap_betaL.png,True,True,True,False,,,Topomap de promedio BANDPOWER por canal; no usa promedio directo de cleanNorm. Las visualizaciones representan características BANDPOWER derivadas por canal y banda. No equivalen a qEEG clínico normativo ni a PSD cruda calculada desde señal continua.
22260552,all,cleanSmooth,topomap,betaH,/kaggle/working/outputs/TESE_pruebas/run_20260902_145353/processed_data/figures/topomaps/22260552_all_cleanSmooth_topomap_betaH.png,True,True,True,False,,,Topomap de promedio BANDPOWER por canal; no usa promedio directo de cleanNorm. Las visualizaciones representan características BANDPOWER derivadas por canal y banda. No equivalen a qEEG clínico normativo ni a PSD cruda calculada desde señal continua.
22260552,all,cleanSmooth,topomap,gamma,/kaggle/working/outputs/TESE_pruebas/run_20260902_145353/processed_data/figures/topomaps/22260552_all_cleanSmooth_topomap_gamma.png,True,True,True,False,,,Topomap de promedio BANDPOWER por canal; no usa promedio directo de cleanNorm. Las visualizaciones representan características BANDPOWER derivadas por canal y banda. No equivalen a qEEG clínico normativo ni a PSD cruda calculada desde señal continua.
22260552,all,cleanSmooth,spectral,bandas,/kaggle/working/outputs/TESE_pruebas/run_20260902_145353/processed_data/figures/spectral/22260552_all_cleanSmooth_spectral_bandpower.png,True,True,True,False,,,Espectro derivado desde promedios BANDPOWER interpretables. Las visualizaciones representan características BANDPOWER derivadas por canal y banda. No equivalen a qEEG clínico normativo ni a PSD cruda calculada desde señal continua.
22260552,all,noOutliers,scroll,promedio_bandas,/kaggle/working/outputs/TESE_pruebas/run_20260902_145353/processed_data/figures/scroll/22260552_all_noOutliers_scroll_promedio_bandas.png,True,True,True,False,,,Scroll comparativo BANDPOWER. Las visualizaciones representan características BANDPOWER derivadas por canal y banda. No equivalen a qEEG clínico normativo ni a PSD cruda calculada desde señal continua.
22260552,all,noOutliers,topomap,theta,/kaggle/working/outputs/TESE_pruebas/run_20260902_145353/processed_data/figures/topomaps/22260552_all_noOutliers_topomap_theta.png,True,True,True,False,,,Topomap de promedio BANDPOWER por canal; no usa promedio directo de cleanNorm. Las visualizaciones representan características BANDPOWER derivadas por canal y banda. No equivalen a qEEG clínico normativo ni a PSD cruda calculada desde señal continua.
22260552,all,noOutliers,topomap,alpha,/kaggle/working/outputs/TESE_pruebas/run_20260902_145353/processed_data/figures/topomaps/22260552_all_noOutliers_topomap_alpha.png,True,True,True,False,,,Topomap de promedio BANDPOWER por canal; no usa promedio directo de cleanNorm. Las visualizaciones representan características BANDPOWER derivadas por canal y banda. No equivalen a qEEG clínico normativo ni a PSD cruda calculada desde señal continua.
22260552,all,noOutliers,topomap,betaL,/kaggle/working/outputs/TESE_pruebas/run_20260902_145353/processed_data/figures/topomaps/22260552_all_noOutliers_topomap_betaL.png,True,True,True,False,,,Topomap de promedio BANDPOWER por canal; no usa promedio directo de cleanNorm. Las visualizaciones representan características BANDPOWER derivadas por canal y banda. No equivalen a qEEG clínico normativo ni a PSD cruda calculada desde señal continua.
22260552,all,noOutliers,topomap,betaH,/kaggle/working/outputs/TESE_pruebas/run_20260902_145353/processed_data/figures/topomaps/22260552_all_noOutliers_topomap_betaH.png,True,True,True,False,,,Topomap de promedio BANDPOWER por canal; no usa promedio directo de cleanNorm. Las visualizaciones representan características BANDPOWER derivadas por canal y banda. No equivalen a qEEG clínico normativo ni a PSD cruda calculada desde señal continua.
22260552,all,noOutliers,topomap,gamma,/kaggle/working/outputs/TESE_pruebas/run_20260902_145353/processed_data/figures/topomaps/22260552_all_noOutliers_topomap_gamma.png,True,True,True,False,,,Topomap de promedio BANDPOWER por canal; no usa promedio directo de cleanNorm. Las visualizaciones representan características BANDPOWER derivadas por canal y banda. No equivalen a qEEG clínico normativo ni a PSD cruda calculada desde señal continua.
22260552,all,noOutliers,spectral,bandas,/kaggle/working/outputs/TESE_pruebas/run_20260902_145353/processed_data/figures/spectral/22260552_all_noOutliers_spectral_bandpower.png,True,True,True,False,,,Espectro derivado desde promedios BANDPOWER interpretables. Las visualizaciones representan características BANDPOWER derivadas por canal y banda. No equivalen a qEEG clínico normativo ni a PSD cruda calculada desde señal continua.
22260552,all,sinArtefactosConservador,scroll,promedio_bandas,/kaggle/working/outputs/TESE_pruebas/run_20260902_145353/processed_data/figures/scroll/22260552_all_sinArtefactosConservador_scroll_promedio_bandas.png,True,True,True,False,,,Scroll comparativo BANDPOWER. Las visualizaciones representan características BANDPOWER derivadas por canal y banda. No equivalen a qEEG clínico normativo ni a PSD cruda calculada desde señal continua.
22260552,all,sinArtefactosConservador,topomap,theta,/kaggle/working/outputs/TESE_pruebas/run_20260902_145353/processed_data/figures/topomaps/22260552_all_sinArtefactosConservador_topomap_theta.png,True,True,True,False,,,Topomap de promedio BANDPOWER por canal; no usa promedio directo de cleanNorm. Las visualizaciones representan características BANDPOWER derivadas por canal y banda. No equivalen a qEEG clínico normativo ni a PSD cruda calculada desde señal continua.
22260552,all,sinArtefactosConservador,topomap,alpha,/kaggle/working/outputs/TESE_pruebas/run_20260902_145353/processed_data/figures/topomaps/22260552_all_sinArtefactosConservador_topomap_alpha.png,True,True,True,False,,,Topomap de promedio BANDPOWER por canal; no usa promedio directo de cleanNorm. Las visualizaciones representan características BANDPOWER derivadas por canal y banda. No equivalen a qEEG clínico normativo ni a PSD cruda calculada desde señal continua.
22260552,all,sinArtefactosConservador,topomap,betaL,/kaggle/working/outputs/TESE_pruebas/run_20260902_145353/processed_data/figures/topomaps/22260552_all_sinArtefactosConservador_topomap_betaL.png,True,True,True,False,,,Topomap de promedio BANDPOWER por canal; no usa promedio directo de cleanNorm. Las visualizaciones representan características BANDPOWER derivadas por canal y banda. No equivalen a qEEG clínico normativo ni a PSD cruda calculada desde señal continua.
22260552,all,sinArtefactosConservador,topomap,betaH,/kaggle/working/outputs/TESE_pruebas/run_20260902_145353/processed_data/figures/topomaps/22260552_all_sinArtefactosConservador_topomap_betaH.png,True,True,True,False,,,Topomap de promedio BANDPOWER por canal; no usa promedio directo de cleanNorm. Las visualizaciones representan características BANDPOWER derivadas por canal y banda. No equivalen a qEEG clínico normativo ni a PSD cruda calculada desde señal continua.
22260552,all,sinArtefactosConservador,topomap,gamma,/kaggle/working/outputs/TESE_pruebas/run_20260902_145353/processed_data/figures/topomaps/22260552_all_sinArtefactosConservador_topomap_gamma.png,True,True,True,False,,,Topomap de promedio BANDPOWER por canal; no usa promedio directo de cleanNorm. Las visualizaciones representan características BANDPOWER derivadas por canal y banda. No equivalen a qEEG clínico normativo ni a PSD cruda calculada desde señal continua.
22260552,all,sinArtefactosConservador,spectral,bandas,/kaggle/working/outputs/TESE_pruebas/run_20260902_145353/processed_data/figures/spectral/22260552_all_sinArtefactosConservador_spectral_bandpower.png,True,True,True,False,,,Espectro derivado desde promedios BANDPOWER interpretables. Las visualizaciones representan características BANDPOWER derivadas por canal y banda. No equivalen a qEEG clínico normativo ni a PSD cruda calculada desde señal continua.
22260552,all,sinArtefactosEstricto,scroll,promedio_bandas,/kaggle/working/outputs/TESE_pruebas/run_20260902_145353/processed_data/figures/scroll/22260552_all_sinArtefactosEstricto_scroll_promedio_bandas.png,True,False,True,True,min_clase < 10; retencion_% < 50,,Scroll comparativo BANDPOWER. Figura diagnostica: la variante no es modelable por baja retencion o baja representacion de clase. Las visualizaciones representan características BANDPOWER derivadas por canal y banda. No equivalen a qEEG clínico normativo ni a PSD cruda calculada desde señal continua.
22260552,all,sinArtefactosEstricto,topomap,theta,/kaggle/working/outputs/TESE_pruebas/run_20260902_145353/processed_data/figures/topomaps/22260552_all_sinArtefactosEstricto_topomap_theta.png,True,False,True,True,min_clase < 10; retencion_% < 50,,Topomap de promedio BANDPOWER por canal; no usa promedio directo de cleanNorm. Figura diagnostica: la variante no es modelable por baja retencion o baja representacion de clase. Las visualizaciones representan características BANDPOWER derivadas por canal y banda. No equivalen a qEEG clínico normativo ni a PSD cruda calculada desde señal continua.
22260552,all,sinArtefactosEstricto,topomap,alpha,/kaggle/working/outputs/TESE_pruebas/run_20260902_145353/processed_data/figures/topomaps/22260552_all_sinArtefactosEstricto_topomap_alpha.png,True,False,True,True,min_clase < 10; retencion_% < 50,,Topomap de promedio BANDPOWER por canal; no usa promedio directo de cleanNorm. Figura diagnostica: la variante no es modelable por baja retencion o baja representacion de clase. Las visualizaciones representan características BANDPOWER derivadas por canal y banda. No equivalen a qEEG clínico normativo ni a PSD cruda calculada desde señal continua.
22260552,all,sinArtefactosEstricto,topomap,betaL,/kaggle/working/outputs/TESE_pruebas/run_20260902_145353/processed_data/figures/topomaps/22260552_all_sinArtefactosEstricto_topomap_betaL.png,True,False,True,True,min_clase < 10; retencion_% < 50,,Topomap de promedio BANDPOWER por canal; no usa promedio directo de cleanNorm. Figura diagnostica: la variante no es modelable por baja retencion o baja representacion de clase. Las visualizaciones representan características BANDPOWER derivadas por canal y banda. No equivalen a qEEG clínico normativo ni a PSD cruda calculada desde señal continua.
22260552,all,sinArtefactosEstricto,topomap,betaH,/kaggle/working/outputs/TESE_pruebas/run_20260902_145353/processed_data/figures/topomaps/22260552_all_sinArtefactosEstricto_topomap_betaH.png,True,False,True,True,min_clase < 10; retencion_% < 50,,Topomap de promedio BANDPOWER por canal; no usa promedio directo de cleanNorm. Figura diagnostica: la variante no es modelable por baja retencion o baja representacion de clase. Las visualizaciones representan características BANDPOWER derivadas por canal y banda. No equivalen a qEEG clínico normativo ni a PSD cruda calculada desde señal continua.
22260552,all,sinArtefactosEstricto,topomap,gamma,/kaggle/working/outputs/TESE_pruebas/run_20260902_145353/processed_data/figures/topomaps/22260552_all_sinArtefactosEstricto_topomap_gamma.png,True,False,True,True,min_clase < 10; retencion_% < 50,,Topomap de promedio BANDPOWER por canal; no usa promedio directo de cleanNorm. Figura diagnostica: la variante no es modelable por baja retencion o baja representacion de clase. Las visualizaciones representan características BANDPOWER derivadas por canal y banda. No equivalen a qEEG clínico normativo ni a PSD cruda calculada desde señal continua.
22260552,all,sinArtefactosEstricto,spectral,bandas,/kaggle/working/outputs/TESE_pruebas/run_20260902_145353/processed_data/figures/spectral/22260552_all_sinArtefactosEstricto_spectral_bandpower.png,True,False,True,True,min_clase < 10; retencion_% < 50,,Espectro derivado desde promedios BANDPOWER interpretables. Figura diagnostica: la variante no es modelable por baja retencion o baja representacion de clase. Las visualizaciones representan características BANDPOWER derivadas por canal y banda. No equivalen a qEEG clínico normativo ni a PSD cruda calculada desde señal continua.
231260558,all,cleanSmooth,scroll,promedio_bandas,/kaggle/working/outputs/TESE_pruebas/run_20260902_145353/processed_data/figures/scroll/231260558_all_cleanSmooth_scroll_promedio_bandas.png,True,True,True,False,,,Scroll comparativo BANDPOWER. Las visualizaciones representan características BANDPOWER derivadas por canal y banda. No equivalen a qEEG clínico normativo ni a PSD cruda calculada desde señal continua.
231260558,all,cleanSmooth,topomap,theta,/kaggle/working/outputs/TESE_pruebas/run_20260902_145353/processed_data/figures/topomaps/231260558_all_cleanSmooth_topomap_theta.png,True,True,True,False,,,Topomap de promedio BANDPOWER por canal; no usa promedio directo de cleanNorm. Las visualizaciones representan características BANDPOWER derivadas por canal y banda. No equivalen a qEEG clínico normativo ni a PSD cruda calculada desde señal continua.
231260558,all,cleanSmooth,topomap,alpha,/kaggle/working/outputs/TESE_pruebas/run_20260902_145353/processed_data/figures/topomaps/231260558_all_cleanSmooth_topomap_alpha.png,True,True,True,False,,,Topomap de promedio BANDPOWER por canal; no usa promedio directo de cleanNorm. Las visualizaciones representan características BANDPOWER derivadas por canal y banda. No equivalen a qEEG clínico normativo ni a PSD cruda calculada desde señal continua.
231260558,all,cleanSmooth,topomap,betaL,/kaggle/working/outputs/TESE_pruebas/run_20260902_145353/processed_data/figures/topomaps/231260558_all_cleanSmooth_topomap_betaL.png,True,True,True,False,,,Topomap de promedio BANDPOWER por canal; no usa promedio directo de cleanNorm. Las visualizaciones representan características BANDPOWER derivadas por canal y banda. No equivalen a qEEG clínico normativo ni a PSD cruda calculada desde señal continua.
231260558,all,cleanSmooth,topomap,betaH,/kaggle/working/outputs/TESE_pruebas/run_20260902_145353/processed_data/figures/topomaps/231260558_all_cleanSmooth_topomap_betaH.png,True,True,True,False,,,Topomap de promedio BANDPOWER por canal; no usa promedio directo de cleanNorm. Las visualizaciones representan características BANDPOWER derivadas por canal y banda. No equivalen a qEEG clínico normativo ni a PSD cruda calculada desde señal continua.
231260558,all,cleanSmooth,topomap,gamma,/kaggle/working/outputs/TESE_pruebas/run_20260902_145353/processed_data/figures/topomaps/231260558_all_cleanSmooth_topomap_gamma.png,True,True,True,False,,,Topomap de promedio BANDPOWER por canal; no usa promedio directo de cleanNorm. Las visualizaciones representan características BANDPOWER derivadas por canal y banda. No equivalen a qEEG clínico normativo ni a PSD cruda calculada desde señal continua.
231260558,all,cleanSmooth,spectral,bandas,/kaggle/working/outputs/TESE_pruebas/run_20260902_145353/processed_data/figures/spectral/231260558_all_cleanSmooth_spectral_bandpower.png,True,True,True,False,,,Espectro derivado desde promedios BANDPOWER interpretables. Las visualizaciones representan características BANDPOWER derivadas por canal y banda. No equivalen a qEEG clínico normativo ni a PSD cruda calculada desde señal continua.
231260558,all,noOutliers,scroll,promedio_bandas,/kaggle/working/outputs/TESE_pruebas/run_20260902_145353/processed_data/figures/scroll/231260558_all_noOutliers_scroll_promedio_bandas.png,True,True,True,False,,,Scroll comparativo BANDPOWER. Las visualizaciones representan características BANDPOWER derivadas por canal y banda. No equivalen a qEEG clínico normativo ni a PSD cruda calculada desde señal continua.
231260558,all,noOutliers,topomap,theta,/kaggle/working/outputs/TESE_pruebas/run_20260902_145353/processed_data/figures/topomaps/231260558_all_noOutliers_topomap_theta.png,True,True,True,False,,,Topomap de promedio BANDPOWER por canal; no usa promedio directo de cleanNorm. Las visualizaciones representan características BANDPOWER derivadas por canal y banda. No equivalen a qEEG clínico normativo ni a PSD cruda calculada desde señal continua.
231260558,all,noOutliers,topomap,alpha,/kaggle/working/outputs/TESE_pruebas/run_20260902_145353/processed_data/figures/topomaps/231260558_all_noOutliers_topomap_alpha.png,True,True,True,False,,,Topomap de promedio BANDPOWER por canal; no usa promedio directo de cleanNorm. Las visualizaciones representan características BANDPOWER derivadas por canal y banda. No equivalen a qEEG clínico normativo ni a PSD cruda calculada desde señal continua.
231260558,all,noOutliers,topomap,betaL,/kaggle/working/outputs/TESE_pruebas/run_20260902_145353/processed_data/figures/topomaps/231260558_all_noOutliers_topomap_betaL.png,True,True,True,False,,,Topomap de promedio BANDPOWER por canal; no usa promedio directo de cleanNorm. Las visualizaciones representan características BANDPOWER derivadas por canal y banda. No equivalen a qEEG clínico normativo ni a PSD cruda calculada desde señal continua.
231260558,all,noOutliers,topomap,betaH,/kaggle/working/outputs/TESE_pruebas/run_20260902_145353/processed_data/figures/topomaps/231260558_all_noOutliers_topomap_betaH.png,True,True,True,False,,,Topomap de promedio BANDPOWER por canal; no usa promedio directo de cleanNorm. Las visualizaciones representan características BANDPOWER derivadas por canal y banda. No equivalen a qEEG clínico normativo ni a PSD cruda calculada desde señal continua.
231260558,all,noOutliers,topomap,gamma,/kaggle/working/outputs/TESE_pruebas/run_20260902_145353/processed_data/figures/topomaps/231260558_all_noOutliers_topomap_gamma.png,True,True,True,False,,,Topomap de promedio BANDPOWER por canal; no usa promedio directo de cleanNorm. Las visualizaciones representan características BANDPOWER derivadas por canal y banda. No equivalen a qEEG clínico normativo ni a PSD cruda calculada desde señal continua.
231260558,all,noOutliers,spectral,bandas,/kaggle/working/outputs/TESE_pruebas/run_20260902_145353/processed_data/figures/spectral/231260558_all_noOutliers_spectral_bandpower.png,True,True,True,False,,,Espectro derivado desde promedios BANDPOWER interpretables. Las visualizaciones representan características BANDPOWER derivadas por canal y banda. No equivalen a qEEG clínico normativo ni a PSD cruda calculada desde señal continua.
231260558,all,sinArtefactosConservador,scroll,promedio_bandas,/kaggle/working/outputs/TESE_pruebas/run_20260902_145353/processed_data/figures/scroll/231260558_all_sinArtefactosConservador_scroll_promedio_bandas.png,True,False,True,True,min_clase < 10,,Scroll comparativo BANDPOWER. Figura diagnostica: la variante no es modelable por baja retencion o baja representacion de clase. Las visualizaciones representan características BANDPOWER derivadas por canal y banda. No equivalen a qEEG clínico normativo ni a PSD cruda calculada desde señal continua.
231260558,all,sinArtefactosConservador,topomap,theta,/kaggle/working/outputs/TESE_pruebas/run_20260902_145353/processed_data/figures/topomaps/231260558_all_sinArtefactosConservador_topomap_theta.png,True,False,True,True,min_clase < 10,,Topomap de promedio BANDPOWER por canal; no usa promedio directo de cleanNorm. Figura diagnostica: la variante no es modelable por baja retencion o baja representacion de clase. Las visualizaciones representan características BANDPOWER derivadas por canal y banda. No equivalen a qEEG clínico normativo ni a PSD cruda calculada desde señal continua.
231260558,all,sinArtefactosConservador,topomap,alpha,/kaggle/working/outputs/TESE_pruebas/run_20260902_145353/processed_data/figures/topomaps/231260558_all_sinArtefactosConservador_topomap_alpha.png,True,False,True,True,min_clase < 10,,Topomap de promedio BANDPOWER por canal; no usa promedio directo de cleanNorm. Figura diagnostica: la variante no es modelable por baja retencion o baja representacion de clase. Las visualizaciones representan características BANDPOWER derivadas por canal y banda. No equivalen a qEEG clínico normativo ni a PSD cruda calculada desde señal continua.
231260558,all,sinArtefactosConservador,topomap,betaL,/kaggle/working/outputs/TESE_pruebas/run_20260902_145353/processed_data/figures/topomaps/231260558_all_sinArtefactosConservador_topomap_betaL.png,True,False,True,True,min_clase < 10,,Topomap de promedio BANDPOWER por canal; no usa promedio directo de cleanNorm. Figura diagnostica: la variante no es modelable por baja retencion o baja representacion de clase. Las visualizaciones representan características BANDPOWER derivadas por canal y banda. No equivalen a qEEG clínico normativo ni a PSD cruda calculada desde señal continua.
231260558,all,sinArtefactosConservador,topomap,betaH,/kaggle/working/outputs/TESE_pruebas/run_20260902_145353/processed_data/figures/topomaps/231260558_all_sinArtefactosConservador_topomap_betaH.png,True,False,True,True,min_clase < 10,,Topomap de promedio BANDPOWER por canal; no usa promedio directo de cleanNorm. Figura diagnostica: la variante no es modelable por baja retencion o baja representacion de clase. Las visualizaciones representan características BANDPOWER derivadas por canal y banda. No equivalen a qEEG clínico normativo ni a PSD cruda calculada desde señal continua.
231260558,all,sinArtefactosConservador,topomap,gamma,/kaggle/working/outputs/TESE_pruebas/run_20260902_145353/processed_data/figures/topomaps/231260558_all_sinArtefactosConservador_topomap_gamma.png,True,False,True,True,min_clase < 10,,Topomap de promedio BANDPOWER por canal; no usa promedio directo de cleanNorm. Figura diagnostica: la variante no es modelable por baja retencion o baja representacion de clase. Las visualizaciones representan características BANDPOWER derivadas por canal y banda. No equivalen a qEEG clínico normativo ni a PSD cruda calculada desde señal continua.
231260558,all,sinArtefactosConservador,spectral,bandas,/kaggle/working/outputs/TESE_pruebas/run_20260902_145353/processed_data/figures/spectral/231260558_all_sinArtefactosConservador_spectral_bandpower.png,True,False,True,True,min_clase < 10,,Espectro derivado desde promedios BANDPOWER interpretables. Figura diagnostica: la variante no es modelable por baja retencion o baja representacion de clase. Las visualizaciones representan características BANDPOWER derivadas por canal y banda. No equivalen a qEEG clínico normativo ni a PSD cruda calculada desde señal continua.
231260558,all,sinArtefactosEstricto,scroll,promedio_bandas,/kaggle/working/outputs/TESE_pruebas/run_20260902_145353/processed_data/figures/scroll/231260558_all_sinArtefactosEstricto_scroll_promedio_bandas.png,True,False,True,True,min_clase < 10,,Scroll comparativo BANDPOWER. Figura diagnostica: la variante no es modelable por baja retencion o baja representacion de clase. Las visualizaciones representan características BANDPOWER derivadas por canal y banda. No equivalen a qEEG clínico normativo ni a PSD cruda calculada desde señal continua.
231260558,all,sinArtefactosEstricto,topomap,theta,/kaggle/working/outputs/TESE_pruebas/run_20260902_145353/processed_data/figures/topomaps/231260558_all_sinArtefactosEstricto_topomap_theta.png,True,False,True,True,min_clase < 10,,Topomap de promedio BANDPOWER por canal; no usa promedio directo de cleanNorm. Figura diagnostica: la variante no es modelable por baja retencion o baja representacion de clase. Las visualizaciones representan características BANDPOWER derivadas por canal y banda. No equivalen a qEEG clínico normativo ni a PSD cruda calculada desde señal continua.
231260558,all,sinArtefactosEstricto,topomap,alpha,/kaggle/working/outputs/TESE_pruebas/run_20260902_145353/processed_data/figures/topomaps/231260558_all_sinArtefactosEstricto_topomap_alpha.png,True,False,True,True,min_clase < 10,,Topomap de promedio BANDPOWER por canal; no usa promedio directo de cleanNorm. Figura diagnostica: la variante no es modelable por baja retencion o baja representacion de clase. Las visualizaciones representan características BANDPOWER derivadas por canal y banda. No equivalen a qEEG clínico normativo ni a PSD cruda calculada desde señal continua.
231260558,all,sinArtefactosEstricto,topomap,betaL,/kaggle/working/outputs/TESE_pruebas/run_20260902_145353/processed_data/figures/topomaps/231260558_all_sinArtefactosEstricto_topomap_betaL.png,True,False,True,True,min_clase < 10,,Topomap de promedio BANDPOWER por canal; no usa promedio directo de cleanNorm. Figura diagnostica: la variante no es modelable por baja retencion o baja representacion de clase. Las visualizaciones representan características BANDPOWER derivadas por canal y banda. No equivalen a qEEG clínico normativo ni a PSD cruda calculada desde señal continua.
231260558,all,sinArtefactosEstricto,topomap,betaH,/kaggle/working/outputs/TESE_pruebas/run_20260902_145353/processed_data/figures/topomaps/231260558_all_sinArtefactosEstricto_topomap_betaH.png,True,False,True,True,min_clase < 10,,Topomap de promedio BANDPOWER por canal; no usa promedio directo de cleanNorm. Figura diagnostica: la variante no es modelable por baja retencion o baja representacion de clase. Las visualizaciones representan características BANDPOWER derivadas por canal y banda. No equivalen a qEEG clínico normativo ni a PSD cruda calculada desde señal continua.
231260558,all,sinArtefactosEstricto,topomap,gamma,/kaggle/working/outputs/TESE_pruebas/run_20260902_145353/processed_data/figures/topomaps/231260558_all_sinArtefactosEstricto_topomap_gamma.png,True,False,True,True,min_clase < 10,,Topomap de promedio BANDPOWER por canal; no usa promedio directo de cleanNorm. Figura diagnostica: la variante no es modelable por baja retencion o baja representacion de clase. Las visualizaciones representan características BANDPOWER derivadas por canal y banda. No equivalen a qEEG clínico normativo ni a PSD cruda calculada desde señal continua.
231260558,all,sinArtefactosEstricto,spectral,bandas,/kaggle/working/outputs/TESE_pruebas/run_20260902_145353/processed_data/figures/spectral/231260558_all_sinArtefactosEstricto_spectral_bandpower.png,True,False,True,True,min_clase < 10,,Espectro derivado desde promedios BANDPOWER interpretables. Figura diagnostica: la variante no es modelable por baja retencion o baja representacion de clase. Las visualizaciones representan características BANDPOWER derivadas por canal y banda. No equivalen a qEEG clínico normativo ni a PSD cruda calculada desde señal continua.
252260554,all,cleanSmooth,scroll,promedio_bandas,/kaggle/working/outputs/TESE_pruebas/run_20260902_145353/processed_data/figures/scroll/252260554_all_cleanSmooth_scroll_promedio_bandas.png,True,True,True,False,,,Scroll comparativo BANDPOWER. Las visualizaciones representan características BANDPOWER derivadas por canal y banda. No equivalen a qEEG clínico normativo ni a PSD cruda calculada desde señal continua.
252260554,all,cleanSmooth,topomap,theta,/kaggle/working/outputs/TESE_pruebas/run_20260902_145353/processed_data/figures/topomaps/252260554_all_cleanSmooth_topomap_theta.png,True,True,True,False,,,Topomap de promedio BANDPOWER por canal; no usa promedio directo de cleanNorm. Las visualizaciones representan características BANDPOWER derivadas por canal y banda. No equivalen a qEEG clínico normativo ni a PSD cruda calculada desde señal continua.
252260554,all,cleanSmooth,topomap,alpha,/kaggle/working/outputs/TESE_pruebas/run_20260902_145353/processed_data/figures/topomaps/252260554_all_cleanSmooth_topomap_alpha.png,True,True,True,False,,,Topomap de promedio BANDPOWER por canal; no usa promedio directo de cleanNorm. Las visualizaciones representan características BANDPOWER derivadas por canal y banda. No equivalen a qEEG clínico normativo ni a PSD cruda calculada desde señal continua.
252260554,all,cleanSmooth,topomap,betaL,/kaggle/working/outputs/TESE_pruebas/run_20260902_145353/processed_data/figures/topomaps/252260554_all_cleanSmooth_topomap_betaL.png,True,True,True,False,,,Topomap de promedio BANDPOWER por canal; no usa promedio directo de cleanNorm. Las visualizaciones representan características BANDPOWER derivadas por canal y banda. No equivalen a qEEG clínico normativo ni a PSD cruda calculada desde señal continua.
252260554,all,cleanSmooth,topomap,betaH,/kaggle/working/outputs/TESE_pruebas/run_20260902_145353/processed_data/figures/topomaps/252260554_all_cleanSmooth_topomap_betaH.png,True,True,True,False,,,Topomap de promedio BANDPOWER por canal; no usa promedio directo de cleanNorm. Las visualizaciones representan características BANDPOWER derivadas por canal y banda. No equivalen a qEEG clínico normativo ni a PSD cruda calculada desde señal continua.
252260554,all,cleanSmooth,topomap,gamma,/kaggle/working/outputs/TESE_pruebas/run_20260902_145353/processed_data/figures/topomaps/252260554_all_cleanSmooth_topomap_gamma.png,True,True,True,False,,,Topomap de promedio BANDPOWER por canal; no usa promedio directo de cleanNorm. Las visualizaciones representan características BANDPOWER derivadas por canal y banda. No equivalen a qEEG clínico normativo ni a PSD cruda calculada desde señal continua.
252260554,all,cleanSmooth,spectral,bandas,/kaggle/working/outputs/TESE_pruebas/run_20260902_145353/processed_data/figures/spectral/252260554_all_cleanSmooth_spectral_bandpower.png,True,True,True,False,,,Espectro derivado desde promedios BANDPOWER interpretables. Las visualizaciones representan características BANDPOWER derivadas por canal y banda. No equivalen a qEEG clínico normativo ni a PSD cruda calculada desde señal continua.
252260554,all,noOutliers,scroll,promedio_bandas,/kaggle/working/outputs/TESE_pruebas/run_20260902_145353/processed_data/figures/scroll/252260554_all_noOutliers_scroll_promedio_bandas.png,True,True,True,False,,,Scroll comparativo BANDPOWER. Las visualizaciones representan características BANDPOWER derivadas por canal y banda. No equivalen a qEEG clínico normativo ni a PSD cruda calculada desde señal continua.
252260554,all,noOutliers,topomap,theta,/kaggle/working/outputs/TESE_pruebas/run_20260902_145353/processed_data/figures/topomaps/252260554_all_noOutliers_topomap_theta.png,True,True,True,False,,,Topomap de promedio BANDPOWER por canal; no usa promedio directo de cleanNorm. Las visualizaciones representan características BANDPOWER derivadas por canal y banda. No equivalen a qEEG clínico normativo ni a PSD cruda calculada desde señal continua.
252260554,all,noOutliers,topomap,alpha,/kaggle/working/outputs/TESE_pruebas/run_20260902_145353/processed_data/figures/topomaps/252260554_all_noOutliers_topomap_alpha.png,True,True,True,False,,,Topomap de promedio BANDPOWER por canal; no usa promedio directo de cleanNorm. Las visualizaciones representan características BANDPOWER derivadas por canal y banda. No equivalen a qEEG clínico normativo ni a PSD cruda calculada desde señal continua.
252260554,all,noOutliers,topomap,betaL,/kaggle/working/outputs/TESE_pruebas/run_20260902_145353/processed_data/figures/topomaps/252260554_all_noOutliers_topomap_betaL.png,True,True,True,False,,,Topomap de promedio BANDPOWER por canal; no usa promedio directo de cleanNorm. Las visualizaciones representan características BANDPOWER derivadas por canal y banda. No equivalen a qEEG clínico normativo ni a PSD cruda calculada desde señal continua.
252260554,all,noOutliers,topomap,betaH,/kaggle/working/outputs/TESE_pruebas/run_20260902_145353/processed_data/figures/topomaps/252260554_all_noOutliers_topomap_betaH.png,True,True,True,False,,,Topomap de promedio BANDPOWER por canal; no usa promedio directo de cleanNorm. Las visualizaciones representan características BANDPOWER derivadas por canal y banda. No equivalen a qEEG clínico normativo ni a PSD cruda calculada desde señal continua.
252260554,all,noOutliers,topomap,gamma,/kaggle/working/outputs/TESE_pruebas/run_20260902_145353/processed_data/figures/topomaps/252260554_all_noOutliers_topomap_gamma.png,True,True,True,False,,,Topomap de promedio BANDPOWER por canal; no usa promedio directo de cleanNorm. Las visualizaciones representan características BANDPOWER derivadas por canal y banda. No equivalen a qEEG clínico normativo ni a PSD cruda calculada desde señal continua.
252260554,all,noOutliers,spectral,bandas,/kaggle/working/outputs/TESE_pruebas/run_20260902_145353/processed_data/figures/spectral/252260554_all_noOutliers_spectral_bandpower.png,True,True,True,False,,,Espectro derivado desde promedios BANDPOWER interpretables. Las visualizaciones representan características BANDPOWER derivadas por canal y banda. No equivalen a qEEG clínico normativo ni a PSD cruda calculada desde señal continua.
252260554,all,sinArtefactosConservador,scroll,promedio_bandas,/kaggle/working/outputs/TESE_pruebas/run_20260902_145353/processed_data/figures/scroll/252260554_all_sinArtefactosConservador_scroll_promedio_bandas.png,True,True,True,False,,,Scroll comparativo BANDPOWER. Las visualizaciones representan características BANDPOWER derivadas por canal y banda. No equivalen a qEEG clínico normativo ni a PSD cruda calculada desde señal continua.
252260554,all,sinArtefactosConservador,topomap,theta,/kaggle/working/outputs/TESE_pruebas/run_20260902_145353/processed_data/figures/topomaps/252260554_all_sinArtefactosConservador_topomap_theta.png,True,True,True,False,,,Topomap de promedio BANDPOWER por canal; no usa promedio directo de cleanNorm. Las visualizaciones representan características BANDPOWER derivadas por canal y banda. No equivalen a qEEG clínico normativo ni a PSD cruda calculada desde señal continua.
252260554,all,sinArtefactosConservador,topomap,alpha,/kaggle/working/outputs/TESE_pruebas/run_20260902_145353/processed_data/figures/topomaps/252260554_all_sinArtefactosConservador_topomap_alpha.png,True,True,True,False,,,Topomap de promedio BANDPOWER por canal; no usa promedio directo de cleanNorm. Las visualizaciones representan características BANDPOWER derivadas por canal y banda. No equivalen a qEEG clínico normativo ni a PSD cruda calculada desde señal continua.
252260554,all,sinArtefactosConservador,topomap,betaL,/kaggle/working/outputs/TESE_pruebas/run_20260902_145353/processed_data/figures/topomaps/252260554_all_sinArtefactosConservador_topomap_betaL.png,True,True,True,False,,,Topomap de promedio BANDPOWER por canal; no usa promedio directo de cleanNorm. Las visualizaciones representan características BANDPOWER derivadas por canal y banda. No equivalen a qEEG clínico normativo ni a PSD cruda calculada desde señal continua.
252260554,all,sinArtefactosConservador,topomap,betaH,/kaggle/working/outputs/TESE_pruebas/run_20260902_145353/processed_data/figures/topomaps/252260554_all_sinArtefactosConservador_topomap_betaH.png,True,True,True,False,,,Topomap de promedio BANDPOWER por canal; no usa promedio directo de cleanNorm. Las visualizaciones representan características BANDPOWER derivadas por canal y banda. No equivalen a qEEG clínico normativo ni a PSD cruda calculada desde señal continua.
252260554,all,sinArtefactosConservador,topomap,gamma,/kaggle/working/outputs/TESE_pruebas/run_20260902_145353/processed_data/figures/topomaps/252260554_all_sinArtefactosConservador_topomap_gamma.png,True,True,True,False,,,Topomap de promedio BANDPOWER por canal; no usa promedio directo de cleanNorm. Las visualizaciones representan características BANDPOWER derivadas por canal y banda. No equivalen a qEEG clínico normativo ni a PSD cruda calculada desde señal continua.
252260554,all,sinArtefactosConservador,spectral,bandas,/kaggle/working/outputs/TESE_pruebas/run_20260902_145353/processed_data/figures/spectral/252260554_all_sinArtefactosConservador_spectral_bandpower.png,True,True,True,False,,,Espectro derivado desde promedios BANDPOWER interpretables. Las visualizaciones representan características BANDPOWER derivadas por canal y banda. No equivalen a qEEG clínico normativo ni a PSD cruda calculada desde señal continua.
252260554,all,sinArtefactosEstricto,scroll,promedio_bandas,/kaggle/working/outputs/TESE_pruebas/run_20260902_145353/processed_data/figures/scroll/252260554_all_sinArtefactosEstricto_scroll_promedio_bandas.png,True,False,True,True,retencion_% < 50,,Scroll comparativo BANDPOWER. Figura diagnostica: la variante no es modelable por baja retencion o baja representacion de clase. Las visualizaciones representan características BANDPOWER derivadas por canal y banda. No equivalen a qEEG clínico normativo ni a PSD cruda calculada desde señal continua.
252260554,all,sinArtefactosEstricto,topomap,theta,/kaggle/working/outputs/TESE_pruebas/run_20260902_145353/processed_data/figures/topomaps/252260554_all_sinArtefactosEstricto_topomap_theta.png,True,False,True,True,retencion_% < 50,,Topomap de promedio BANDPOWER por canal; no usa promedio directo de cleanNorm. Figura diagnostica: la variante no es modelable por baja retencion o baja representacion de clase. Las visualizaciones representan características BANDPOWER derivadas por canal y banda. No equivalen a qEEG clínico normativo ni a PSD cruda calculada desde señal continua.
252260554,all,sinArtefactosEstricto,topomap,alpha,/kaggle/working/outputs/TESE_pruebas/run_20260902_145353/processed_data/figures/topomaps/252260554_all_sinArtefactosEstricto_topomap_alpha.png,True,False,True,True,retencion_% < 50,,Topomap de promedio BANDPOWER por canal; no usa promedio directo de cleanNorm. Figura diagnostica: la variante no es modelable por baja retencion o baja representacion de clase. Las visualizaciones representan características BANDPOWER derivadas por canal y banda. No equivalen a qEEG clínico normativo ni a PSD cruda calculada desde señal continua.
252260554,all,sinArtefactosEstricto,topomap,betaL,/kaggle/working/outputs/TESE_pruebas/run_20260902_145353/processed_data/figures/topomaps/252260554_all_sinArtefactosEstricto_topomap_betaL.png,True,False,True,True,retencion_% < 50,,Topomap de promedio BANDPOWER por canal; no usa promedio directo de cleanNorm. Figura diagnostica: la variante no es modelable por baja retencion o baja representacion de clase. Las visualizaciones representan características BANDPOWER derivadas por canal y banda. No equivalen a qEEG clínico normativo ni a PSD cruda calculada desde señal continua.
252260554,all,sinArtefactosEstricto,topomap,betaH,/kaggle/working/outputs/TESE_pruebas/run_20260902_145353/processed_data/figures/topomaps/252260554_all_sinArtefactosEstricto_topomap_betaH.png,True,False,True,True,retencion_% < 50,,Topomap de promedio BANDPOWER por canal; no usa promedio directo de cleanNorm. Figura diagnostica: la variante no es modelable por baja retencion o baja representacion de clase. Las visualizaciones representan características BANDPOWER derivadas por canal y banda. No equivalen a qEEG clínico normativo ni a PSD cruda calculada desde señal continua.
252260554,all,sinArtefactosEstricto,topomap,gamma,/kaggle/working/outputs/TESE_pruebas/run_20260902_145353/processed_data/figures/topomaps/252260554_all_sinArtefactosEstricto_topomap_gamma.png,True,False,True,True,retencion_% < 50,,Topomap de promedio BANDPOWER por canal; no usa promedio directo de cleanNorm. Figura diagnostica: la variante no es modelable por baja retencion o baja representacion de clase. Las visualizaciones representan características BANDPOWER derivadas por canal y banda. No equivalen a qEEG clínico normativo ni a PSD cruda calculada desde señal continua.
252260554,all,sinArtefactosEstricto,spectral,bandas,/kaggle/working/outputs/TESE_pruebas/run_20260902_145353/processed_data/figures/spectral/252260554_all_sinArtefactosEstricto_spectral_bandpower.png,True,False,True,True,retencion_% < 50,,Espectro derivado desde promedios BANDPOWER interpretables. Figura diagnostica: la variante no es modelable por baja retencion o baja representacion de clase. Las visualizaciones representan características BANDPOWER derivadas por canal y banda. No equivalen a qEEG clínico normativo ni a PSD cruda calculada desde señal continua.
252260556,all,cleanSmooth,scroll,promedio_bandas,/kaggle/working/outputs/TESE_pruebas/run_20260902_145353/processed_data/figures/scroll/252260556_all_cleanSmooth_scroll_promedio_bandas.png,True,True,True,False,,,Scroll comparativo BANDPOWER. Las visualizaciones representan características BANDPOWER derivadas por canal y banda. No equivalen a qEEG clínico normativo ni a PSD cruda calculada desde señal continua.
252260556,all,cleanSmooth,topomap,theta,/kaggle/working/outputs/TESE_pruebas/run_20260902_145353/processed_data/figures/topomaps/252260556_all_cleanSmooth_topomap_theta.png,True,True,True,False,,,Topomap de promedio BANDPOWER por canal; no usa promedio directo de cleanNorm. Las visualizaciones representan características BANDPOWER derivadas por canal y banda. No equivalen a qEEG clínico normativo ni a PSD cruda calculada desde señal continua.
252260556,all,cleanSmooth,topomap,alpha,/kaggle/working/outputs/TESE_pruebas/run_20260902_145353/processed_data/figures/topomaps/252260556_all_cleanSmooth_topomap_alpha.png,True,True,True,False,,,Topomap de promedio BANDPOWER por canal; no usa promedio directo de cleanNorm. Las visualizaciones representan características BANDPOWER derivadas por canal y banda. No equivalen a qEEG clínico normativo ni a PSD cruda calculada desde señal continua.
252260556,all,cleanSmooth,topomap,betaL,/kaggle/working/outputs/TESE_pruebas/run_20260902_145353/processed_data/figures/topomaps/252260556_all_cleanSmooth_topomap_betaL.png,True,True,True,False,,,Topomap de promedio BANDPOWER por canal; no usa promedio directo de cleanNorm. Las visualizaciones representan características BANDPOWER derivadas por canal y banda. No equivalen a qEEG clínico normativo ni a PSD cruda calculada desde señal continua.
252260556,all,cleanSmooth,topomap,betaH,/kaggle/working/outputs/TESE_pruebas/run_20260902_145353/processed_data/figures/topomaps/252260556_all_cleanSmooth_topomap_betaH.png,True,True,True,False,,,Topomap de promedio BANDPOWER por canal; no usa promedio directo de cleanNorm. Las visualizaciones representan características BANDPOWER derivadas por canal y banda. No equivalen a qEEG clínico normativo ni a PSD cruda calculada desde señal continua.
252260556,all,cleanSmooth,topomap,gamma,/kaggle/working/outputs/TESE_pruebas/run_20260902_145353/processed_data/figures/topomaps/252260556_all_cleanSmooth_topomap_gamma.png,True,True,True,False,,,Topomap de promedio BANDPOWER por canal; no usa promedio directo de cleanNorm. Las visualizaciones representan características BANDPOWER derivadas por canal y banda. No equivalen a qEEG clínico normativo ni a PSD cruda calculada desde señal continua.
252260556,all,cleanSmooth,spectral,bandas,/kaggle/working/outputs/TESE_pruebas/run_20260902_145353/processed_data/figures/spectral/252260556_all_cleanSmooth_spectral_bandpower.png,True,True,True,False,,,Espectro derivado desde promedios BANDPOWER interpretables. Las visualizaciones representan características BANDPOWER derivadas por canal y banda. No equivalen a qEEG clínico normativo ni a PSD cruda calculada desde señal continua.
252260556,all,noOutliers,scroll,promedio_bandas,/kaggle/working/outputs/TESE_pruebas/run_20260902_145353/processed_data/figures/scroll/252260556_all_noOutliers_scroll_promedio_bandas.png,True,True,True,False,,,Scroll comparativo BANDPOWER. Las visualizaciones representan características BANDPOWER derivadas por canal y banda. No equivalen a qEEG clínico normativo ni a PSD cruda calculada desde señal continua.
252260556,all,noOutliers,topomap,theta,/kaggle/working/outputs/TESE_pruebas/run_20260902_145353/processed_data/figures/topomaps/252260556_all_noOutliers_topomap_theta.png,True,True,True,False,,,Topomap de promedio BANDPOWER por canal; no usa promedio directo de cleanNorm. Las visualizaciones representan características BANDPOWER derivadas por canal y banda. No equivalen a qEEG clínico normativo ni a PSD cruda calculada desde señal continua.
252260556,all,noOutliers,topomap,alpha,/kaggle/working/outputs/TESE_pruebas/run_20260902_145353/processed_data/figures/topomaps/252260556_all_noOutliers_topomap_alpha.png,True,True,True,False,,,Topomap de promedio BANDPOWER por canal; no usa promedio directo de cleanNorm. Las visualizaciones representan características BANDPOWER derivadas por canal y banda. No equivalen a qEEG clínico normativo ni a PSD cruda calculada desde señal continua.
252260556,all,noOutliers,topomap,betaL,/kaggle/working/outputs/TESE_pruebas/run_20260902_145353/processed_data/figures/topomaps/252260556_all_noOutliers_topomap_betaL.png,True,True,True,False,,,Topomap de promedio BANDPOWER por canal; no usa promedio directo de cleanNorm. Las visualizaciones representan características BANDPOWER derivadas por canal y banda. No equivalen a qEEG clínico normativo ni a PSD cruda calculada desde señal continua.
252260556,all,noOutliers,topomap,betaH,/kaggle/working/outputs/TESE_pruebas/run_20260902_145353/processed_data/figures/topomaps/252260556_all_noOutliers_topomap_betaH.png,True,True,True,False,,,Topomap de promedio BANDPOWER por canal; no usa promedio directo de cleanNorm. Las visualizaciones representan características BANDPOWER derivadas por canal y banda. No equivalen a qEEG clínico normativo ni a PSD cruda calculada desde señal continua.
252260556,all,noOutliers,topomap,gamma,/kaggle/working/outputs/TESE_pruebas/run_20260902_145353/processed_data/figures/topomaps/252260556_all_noOutliers_topomap_gamma.png,True,True,True,False,,,Topomap de promedio BANDPOWER por canal; no usa promedio directo de cleanNorm. Las visualizaciones representan características BANDPOWER derivadas por canal y banda. No equivalen a qEEG clínico normativo ni a PSD cruda calculada desde señal continua.
252260556,all,noOutliers,spectral,bandas,/kaggle/working/outputs/TESE_pruebas/run_20260902_145353/processed_data/figures/spectral/252260556_all_noOutliers_spectral_bandpower.png,True,True,True,False,,,Espectro derivado desde promedios BANDPOWER interpretables. Las visualizaciones representan características BANDPOWER derivadas por canal y banda. No equivalen a qEEG clínico normativo ni a PSD cruda calculada desde señal continua.
252260556,all,sinArtefactosConservador,scroll,promedio_bandas,/kaggle/working/outputs/TESE_pruebas/run_20260902_145353/processed_data/figures/scroll/252260556_all_sinArtefactosConservador_scroll_promedio_bandas.png,True,True,True,False,,,Scroll comparativo BANDPOWER. Las visualizaciones representan características BANDPOWER derivadas por canal y banda. No equivalen a qEEG clínico normativo ni a PSD cruda calculada desde señal continua.
252260556,all,sinArtefactosConservador,topomap,theta,/kaggle/working/outputs/TESE_pruebas/run_20260902_145353/processed_data/figures/topomaps/252260556_all_sinArtefactosConservador_topomap_theta.png,True,True,True,False,,,Topomap de promedio BANDPOWER por canal; no usa promedio directo de cleanNorm. Las visualizaciones representan características BANDPOWER derivadas por canal y banda. No equivalen a qEEG clínico normativo ni a PSD cruda calculada desde señal continua.
252260556,all,sinArtefactosConservador,topomap,alpha,/kaggle/working/outputs/TESE_pruebas/run_20260902_145353/processed_data/figures/topomaps/252260556_all_sinArtefactosConservador_topomap_alpha.png,True,True,True,False,,,Topomap de promedio BANDPOWER por canal; no usa promedio directo de cleanNorm. Las visualizaciones representan características BANDPOWER derivadas por canal y banda. No equivalen a qEEG clínico normativo ni a PSD cruda calculada desde señal continua.
252260556,all,sinArtefactosConservador,topomap,betaL,/kaggle/working/outputs/TESE_pruebas/run_20260902_145353/processed_data/figures/topomaps/252260556_all_sinArtefactosConservador_topomap_betaL.png,True,True,True,False,,,Topomap de promedio BANDPOWER por canal; no usa promedio directo de cleanNorm. Las visualizaciones representan características BANDPOWER derivadas por canal y banda. No equivalen a qEEG clínico normativo ni a PSD cruda calculada desde señal continua.
252260556,all,sinArtefactosConservador,topomap,betaH,/kaggle/working/outputs/TESE_pruebas/run_20260902_145353/processed_data/figures/topomaps/252260556_all_sinArtefactosConservador_topomap_betaH.png,True,True,True,False,,,Topomap de promedio BANDPOWER por canal; no usa promedio directo de cleanNorm. Las visualizaciones representan características BANDPOWER derivadas por canal y banda. No equivalen a qEEG clínico normativo ni a PSD cruda calculada desde señal continua.
252260556,all,sinArtefactosConservador,topomap,gamma,/kaggle/working/outputs/TESE_pruebas/run_20260902_145353/processed_data/figures/topomaps/252260556_all_sinArtefactosConservador_topomap_gamma.png,True,True,True,False,,,Topomap de promedio BANDPOWER por canal; no usa promedio directo de cleanNorm. Las visualizaciones representan características BANDPOWER derivadas por canal y banda. No equivalen a qEEG clínico normativo ni a PSD cruda calculada desde señal continua.
252260556,all,sinArtefactosConservador,spectral,bandas,/kaggle/working/outputs/TESE_pruebas/run_20260902_145353/processed_data/figures/spectral/252260556_all_sinArtefactosConservador_spectral_bandpower.png,True,True,True,False,,,Espectro derivado desde promedios BANDPOWER interpretables. Las visualizaciones representan características BANDPOWER derivadas por canal y banda. No equivalen a qEEG clínico normativo ni a PSD cruda calculada desde señal continua.
252260556,all,sinArtefactosEstricto,scroll,promedio_bandas,/kaggle/working/outputs/TESE_pruebas/run_20260902_145353/processed_data/figures/scroll/252260556_all_sinArtefactosEstricto_scroll_promedio_bandas.png,True,True,True,False,,,Scroll comparativo BANDPOWER. Las visualizaciones representan características BANDPOWER derivadas por canal y banda. No equivalen a qEEG clínico normativo ni a PSD cruda calculada desde señal continua.
252260556,all,sinArtefactosEstricto,topomap,theta,/kaggle/working/outputs/TESE_pruebas/run_20260902_145353/processed_data/figures/topomaps/252260556_all_sinArtefactosEstricto_topomap_theta.png,True,True,True,False,,,Topomap de promedio BANDPOWER por canal; no usa promedio directo de cleanNorm. Las visualizaciones representan características BANDPOWER derivadas por canal y banda. No equivalen a qEEG clínico normativo ni a PSD cruda calculada desde señal continua.
252260556,all,sinArtefactosEstricto,topomap,alpha,/kaggle/working/outputs/TESE_pruebas/run_20260902_145353/processed_data/figures/topomaps/252260556_all_sinArtefactosEstricto_topomap_alpha.png,True,True,True,False,,,Topomap de promedio BANDPOWER por canal; no usa promedio directo de cleanNorm. Las visualizaciones representan características BANDPOWER derivadas por canal y banda. No equivalen a qEEG clínico normativo ni a PSD cruda calculada desde señal continua.
252260556,all,sinArtefactosEstricto,topomap,betaL,/kaggle/working/outputs/TESE_pruebas/run_20260902_145353/processed_data/figures/topomaps/252260556_all_sinArtefactosEstricto_topomap_betaL.png,True,True,True,False,,,Topomap de promedio BANDPOWER por canal; no usa promedio directo de cleanNorm. Las visualizaciones representan características BANDPOWER derivadas por canal y banda. No equivalen a qEEG clínico normativo ni a PSD cruda calculada desde señal continua.
252260556,all,sinArtefactosEstricto,topomap,betaH,/kaggle/working/outputs/TESE_pruebas/run_20260902_145353/processed_data/figures/topomaps/252260556_all_sinArtefactosEstricto_topomap_betaH.png,True,True,True,False,,,Topomap de promedio BANDPOWER por canal; no usa promedio directo de cleanNorm. Las visualizaciones representan características BANDPOWER derivadas por canal y banda. No equivalen a qEEG clínico normativo ni a PSD cruda calculada desde señal continua.
252260556,all,sinArtefactosEstricto,topomap,gamma,/kaggle/working/outputs/TESE_pruebas/run_20260902_145353/processed_data/figures/topomaps/252260556_all_sinArtefactosEstricto_topomap_gamma.png,True,True,True,False,,,Topomap de promedio BANDPOWER por canal; no usa promedio directo de cleanNorm. Las visualizaciones representan características BANDPOWER derivadas por canal y banda. No equivalen a qEEG clínico normativo ni a PSD cruda calculada desde señal continua.
252260556,all,sinArtefactosEstricto,spectral,bandas,/kaggle/working/outputs/TESE_pruebas/run_20260902_145353/processed_data/figures/spectral/252260556_all_sinArtefactosEstricto_spectral_bandpower.png,True,True,True,False,,,Espectro derivado desde promedios BANDPOWER interpretables. Las visualizaciones representan características BANDPOWER derivadas por canal y banda. No equivalen a qEEG clínico normativo ni a PSD cruda calculada desde señal continua.
252260670,all,cleanSmooth,scroll,promedio_bandas,/kaggle/working/outputs/TESE_pruebas/run_20260902_145353/processed_data/figures/scroll/252260670_all_cleanSmooth_scroll_promedio_bandas.png,True,True,True,False,,,Scroll comparativo BANDPOWER. Las visualizaciones representan características BANDPOWER derivadas por canal y banda. No equivalen a qEEG clínico normativo ni a PSD cruda calculada desde señal continua.
252260670,all,cleanSmooth,topomap,theta,/kaggle/working/outputs/TESE_pruebas/run_20260902_145353/processed_data/figures/topomaps/252260670_all_cleanSmooth_topomap_theta.png,True,True,True,False,,,Topomap de promedio BANDPOWER por canal; no usa promedio directo de cleanNorm. Las visualizaciones representan características BANDPOWER derivadas por canal y banda. No equivalen a qEEG clínico normativo ni a PSD cruda calculada desde señal continua.
252260670,all,cleanSmooth,topomap,alpha,/kaggle/working/outputs/TESE_pruebas/run_20260902_145353/processed_data/figures/topomaps/252260670_all_cleanSmooth_topomap_alpha.png,True,True,True,False,,,Topomap de promedio BANDPOWER por canal; no usa promedio directo de cleanNorm. Las visualizaciones representan características BANDPOWER derivadas por canal y banda. No equivalen a qEEG clínico normativo ni a PSD cruda calculada desde señal continua.
252260670,all,cleanSmooth,topomap,betaL,/kaggle/working/outputs/TESE_pruebas/run_20260902_145353/processed_data/figures/topomaps/252260670_all_cleanSmooth_topomap_betaL.png,True,True,True,False,,,Topomap de promedio BANDPOWER por canal; no usa promedio directo de cleanNorm. Las visualizaciones representan características BANDPOWER derivadas por canal y banda. No equivalen a qEEG clínico normativo ni a PSD cruda calculada desde señal continua.
252260670,all,cleanSmooth,topomap,betaH,/kaggle/working/outputs/TESE_pruebas/run_20260902_145353/processed_data/figures/topomaps/252260670_all_cleanSmooth_topomap_betaH.png,True,True,True,False,,,Topomap de promedio BANDPOWER por canal; no usa promedio directo de cleanNorm. Las visualizaciones representan características BANDPOWER derivadas por canal y banda. No equivalen a qEEG clínico normativo ni a PSD cruda calculada desde señal continua.
252260670,all,cleanSmooth,topomap,gamma,/kaggle/working/outputs/TESE_pruebas/run_20260902_145353/processed_data/figures/topomaps/252260670_all_cleanSmooth_topomap_gamma.png,True,True,True,False,,,Topomap de promedio BANDPOWER por canal; no usa promedio directo de cleanNorm. Las visualizaciones representan características BANDPOWER derivadas por canal y banda. No equivalen a qEEG clínico normativo ni a PSD cruda calculada desde señal continua.
252260670,all,cleanSmooth,spectral,bandas,/kaggle/working/outputs/TESE_pruebas/run_20260902_145353/processed_data/figures/spectral/252260670_all_cleanSmooth_spectral_bandpower.png,True,True,True,False,,,Espectro derivado desde promedios BANDPOWER interpretables. Las visualizaciones representan características BANDPOWER derivadas por canal y banda. No equivalen a qEEG clínico normativo ni a PSD cruda calculada desde señal continua.
252260670,all,noOutliers,scroll,promedio_bandas,/kaggle/working/outputs/TESE_pruebas/run_20260902_145353/processed_data/figures/scroll/252260670_all_noOutliers_scroll_promedio_bandas.png,True,True,True,False,,,Scroll comparativo BANDPOWER. Las visualizaciones representan características BANDPOWER derivadas por canal y banda. No equivalen a qEEG clínico normativo ni a PSD cruda calculada desde señal continua.
252260670,all,noOutliers,topomap,theta,/kaggle/working/outputs/TESE_pruebas/run_20260902_145353/processed_data/figures/topomaps/252260670_all_noOutliers_topomap_theta.png,True,True,True,False,,,Topomap de promedio BANDPOWER por canal; no usa promedio directo de cleanNorm. Las visualizaciones representan características BANDPOWER derivadas por canal y banda. No equivalen a qEEG clínico normativo ni a PSD cruda calculada desde señal continua.
252260670,all,noOutliers,topomap,alpha,/kaggle/working/outputs/TESE_pruebas/run_20260902_145353/processed_data/figures/topomaps/252260670_all_noOutliers_topomap_alpha.png,True,True,True,False,,,Topomap de promedio BANDPOWER por canal; no usa promedio directo de cleanNorm. Las visualizaciones representan características BANDPOWER derivadas por canal y banda. No equivalen a qEEG clínico normativo ni a PSD cruda calculada desde señal continua.
252260670,all,noOutliers,topomap,betaL,/kaggle/working/outputs/TESE_pruebas/run_20260902_145353/processed_data/figures/topomaps/252260670_all_noOutliers_topomap_betaL.png,True,True,True,False,,,Topomap de promedio BANDPOWER por canal; no usa promedio directo de cleanNorm. Las visualizaciones representan características BANDPOWER derivadas por canal y banda. No equivalen a qEEG clínico normativo ni a PSD cruda calculada desde señal continua.
252260670,all,noOutliers,topomap,betaH,/kaggle/working/outputs/TESE_pruebas/run_20260902_145353/processed_data/figures/topomaps/252260670_all_noOutliers_topomap_betaH.png,True,True,True,False,,,Topomap de promedio BANDPOWER por canal; no usa promedio directo de cleanNorm. Las visualizaciones representan características BANDPOWER derivadas por canal y banda. No equivalen a qEEG clínico normativo ni a PSD cruda calculada desde señal continua.
252260670,all,noOutliers,topomap,gamma,/kaggle/working/outputs/TESE_pruebas/run_20260902_145353/processed_data/figures/topomaps/252260670_all_noOutliers_topomap_gamma.png,True,True,True,False,,,Topomap de promedio BANDPOWER por canal; no usa promedio directo de cleanNorm. Las visualizaciones representan características BANDPOWER derivadas por canal y banda. No equivalen a qEEG clínico normativo ni a PSD cruda calculada desde señal continua.
252260670,all,noOutliers,spectral,bandas,/kaggle/working/outputs/TESE_pruebas/run_20260902_145353/processed_data/figures/spectral/252260670_all_noOutliers_spectral_bandpower.png,True,True,True,False,,,Espectro derivado desde promedios BANDPOWER interpretables. Las visualizaciones representan características BANDPOWER derivadas por canal y banda. No equivalen a qEEG clínico normativo ni a PSD cruda calculada desde señal continua.
252260670,all,sinArtefactosConservador,scroll,promedio_bandas,/kaggle/working/outputs/TESE_pruebas/run_20260902_145353/processed_data/figures/scroll/252260670_all_sinArtefactosConservador_scroll_promedio_bandas.png,True,False,True,True,min_clase < 10,,Scroll comparativo BANDPOWER. Figura diagnostica: la variante no es modelable por baja retencion o baja representacion de clase. Las visualizaciones representan características BANDPOWER derivadas por canal y banda. No equivalen a qEEG clínico normativo ni a PSD cruda calculada desde señal continua.
252260670,all,sinArtefactosConservador,topomap,theta,/kaggle/working/outputs/TESE_pruebas/run_20260902_145353/processed_data/figures/topomaps/252260670_all_sinArtefactosConservador_topomap_theta.png,True,False,True,True,min_clase < 10,,Topomap de promedio BANDPOWER por canal; no usa promedio directo de cleanNorm. Figura diagnostica: la variante no es modelable por baja retencion o baja representacion de clase. Las visualizaciones representan características BANDPOWER derivadas por canal y banda. No equivalen a qEEG clínico normativo ni a PSD cruda calculada desde señal continua.
252260670,all,sinArtefactosConservador,topomap,alpha,/kaggle/working/outputs/TESE_pruebas/run_20260902_145353/processed_data/figures/topomaps/252260670_all_sinArtefactosConservador_topomap_alpha.png,True,False,True,True,min_clase < 10,,Topomap de promedio BANDPOWER por canal; no usa promedio directo de cleanNorm. Figura diagnostica: la variante no es modelable por baja retencion o baja representacion de clase. Las visualizaciones representan características BANDPOWER derivadas por canal y banda. No equivalen a qEEG clínico normativo ni a PSD cruda calculada desde señal continua.
252260670,all,sinArtefactosConservador,topomap,betaL,/kaggle/working/outputs/TESE_pruebas/run_20260902_145353/processed_data/figures/topomaps/252260670_all_sinArtefactosConservador_topomap_betaL.png,True,False,True,True,min_clase < 10,,Topomap de promedio BANDPOWER por canal; no usa promedio directo de cleanNorm. Figura diagnostica: la variante no es modelable por baja retencion o baja representacion de clase. Las visualizaciones representan características BANDPOWER derivadas por canal y banda. No equivalen a qEEG clínico normativo ni a PSD cruda calculada desde señal continua.
252260670,all,sinArtefactosConservador,topomap,betaH,/kaggle/working/outputs/TESE_pruebas/run_20260902_145353/processed_data/figures/topomaps/252260670_all_sinArtefactosConservador_topomap_betaH.png,True,False,True,True,min_clase < 10,,Topomap de promedio BANDPOWER por canal; no usa promedio directo de cleanNorm. Figura diagnostica: la variante no es modelable por baja retencion o baja representacion de clase. Las visualizaciones representan características BANDPOWER derivadas por canal y banda. No equivalen a qEEG clínico normativo ni a PSD cruda calculada desde señal continua.
252260670,all,sinArtefactosConservador,topomap,gamma,/kaggle/working/outputs/TESE_pruebas/run_20260902_145353/processed_data/figures/topomaps/252260670_all_sinArtefactosConservador_topomap_gamma.png,True,False,True,True,min_clase < 10,,Topomap de promedio BANDPOWER por canal; no usa promedio directo de cleanNorm. Figura diagnostica: la variante no es modelable por baja retencion o baja representacion de clase. Las visualizaciones representan características BANDPOWER derivadas por canal y banda. No equivalen a qEEG clínico normativo ni a PSD cruda calculada desde señal continua.
252260670,all,sinArtefactosConservador,spectral,bandas,/kaggle/working/outputs/TESE_pruebas/run_20260902_145353/processed_data/figures/spectral/252260670_all_sinArtefactosConservador_spectral_bandpower.png,True,False,True,True,min_clase < 10,,Espectro derivado desde promedios BANDPOWER interpretables. Figura diagnostica: la variante no es modelable por baja retencion o baja representacion de clase. Las visualizaciones representan características BANDPOWER derivadas por canal y banda. No equivalen a qEEG clínico normativo ni a PSD cruda calculada desde señal continua.
252260670,all,sinArtefactosEstricto,scroll,promedio_bandas,/kaggle/working/outputs/TESE_pruebas/run_20260902_145353/processed_data/figures/scroll/252260670_all_sinArtefactosEstricto_scroll_promedio_bandas.png,True,False,True,True,min_clase < 10; retencion_% < 50,,Scroll comparativo BANDPOWER. Figura diagnostica: la variante no es modelable por baja retencion o baja representacion de clase. Las visualizaciones representan características BANDPOWER derivadas por canal y banda. No equivalen a qEEG clínico normativo ni a PSD cruda calculada desde señal continua.
252260670,all,sinArtefactosEstricto,topomap,theta,/kaggle/working/outputs/TESE_pruebas/run_20260902_145353/processed_data/figures/topomaps/252260670_all_sinArtefactosEstricto_topomap_theta.png,True,False,True,True,min_clase < 10; retencion_% < 50,,Topomap de promedio BANDPOWER por canal; no usa promedio directo de cleanNorm. Figura diagnostica: la variante no es modelable por baja retencion o baja representacion de clase. Las visualizaciones representan características BANDPOWER derivadas por canal y banda. No equivalen a qEEG clínico normativo ni a PSD cruda calculada desde señal continua.
252260670,all,sinArtefactosEstricto,topomap,alpha,/kaggle/working/outputs/TESE_pruebas/run_20260902_145353/processed_data/figures/topomaps/252260670_all_sinArtefactosEstricto_topomap_alpha.png,True,False,True,True,min_clase < 10; retencion_% < 50,,Topomap de promedio BANDPOWER por canal; no usa promedio directo de cleanNorm. Figura diagnostica: la variante no es modelable por baja retencion o baja representacion de clase. Las visualizaciones representan características BANDPOWER derivadas por canal y banda. No equivalen a qEEG clínico normativo ni a PSD cruda calculada desde señal continua.
252260670,all,sinArtefactosEstricto,topomap,betaL,/kaggle/working/outputs/TESE_pruebas/run_20260902_145353/processed_data/figures/topomaps/252260670_all_sinArtefactosEstricto_topomap_betaL.png,True,False,True,True,min_clase < 10; retencion_% < 50,,Topomap de promedio BANDPOWER por canal; no usa promedio directo de cleanNorm. Figura diagnostica: la variante no es modelable por baja retencion o baja representacion de clase. Las visualizaciones representan características BANDPOWER derivadas por canal y banda. No equivalen a qEEG clínico normativo ni a PSD cruda calculada desde señal continua.
252260670,all,sinArtefactosEstricto,topomap,betaH,/kaggle/working/outputs/TESE_pruebas/run_20260902_145353/processed_data/figures/topomaps/252260670_all_sinArtefactosEstricto_topomap_betaH.png,True,False,True,True,min_clase < 10; retencion_% < 50,,Topomap de promedio BANDPOWER por canal; no usa promedio directo de cleanNorm. Figura diagnostica: la variante no es modelable por baja retencion o baja representacion de clase. Las visualizaciones representan características BANDPOWER derivadas por canal y banda. No equivalen a qEEG clínico normativo ni a PSD cruda calculada desde señal continua.
252260670,all,sinArtefactosEstricto,topomap,gamma,/kaggle/working/outputs/TESE_pruebas/run_20260902_145353/processed_data/figures/topomaps/252260670_all_sinArtefactosEstricto_topomap_gamma.png,True,False,True,True,min_clase < 10; retencion_% < 50,,Topomap de promedio BANDPOWER por canal; no usa promedio directo de cleanNorm. Figura diagnostica: la variante no es modelable por baja retencion o baja representacion de clase. Las visualizaciones representan características BANDPOWER derivadas por canal y banda. No equivalen a qEEG clínico normativo ni a PSD cruda calculada desde señal continua.
252260670,all,sinArtefactosEstricto,spectral,bandas,/kaggle/working/outputs/TESE_pruebas/run_20260902_145353/processed_data/figures/spectral/252260670_all_sinArtefactosEstricto_spectral_bandpower.png,True,False,True,True,min_clase < 10; retencion_% < 50,,Espectro derivado desde promedios BANDPOWER interpretables. Figura diagnostica: la variante no es modelable por baja retencion o baja representacion de clase. Las visualizaciones representan características BANDPOWER derivadas por canal y banda. No equivalen a qEEG clínico normativo ni a PSD cruda calculada desde señal continua.
cano,all,cleanSmooth,scroll,promedio_bandas,/kaggle/working/outputs/TESE_pruebas/run_20260902_145353/processed_data/figures/scroll/cano_all_cleanSmooth_scroll_promedio_bandas.png,True,True,True,False,,,Scroll comparativo BANDPOWER. Las visualizaciones representan características BANDPOWER derivadas por canal y banda. No equivalen a qEEG clínico normativo ni a PSD cruda calculada desde señal continua.
cano,all,cleanSmooth,topomap,theta,/kaggle/working/outputs/TESE_pruebas/run_20260902_145353/processed_data/figures/topomaps/cano_all_cleanSmooth_topomap_theta.png,True,True,True,False,,,Topomap de promedio BANDPOWER por canal; no usa promedio directo de cleanNorm. Las visualizaciones representan características BANDPOWER derivadas por canal y banda. No equivalen a qEEG clínico normativo ni a PSD cruda calculada desde señal continua.
cano,all,cleanSmooth,topomap,alpha,/kaggle/working/outputs/TESE_pruebas/run_20260902_145353/processed_data/figures/topomaps/cano_all_cleanSmooth_topomap_alpha.png,True,True,True,False,,,Topomap de promedio BANDPOWER por canal; no usa promedio directo de cleanNorm. Las visualizaciones representan características BANDPOWER derivadas por canal y banda. No equivalen a qEEG clínico normativo ni a PSD cruda calculada desde señal continua.
cano,all,cleanSmooth,topomap,betaL,/kaggle/working/outputs/TESE_pruebas/run_20260902_145353/processed_data/figures/topomaps/cano_all_cleanSmooth_topomap_betaL.png,True,True,True,False,,,Topomap de promedio BANDPOWER por canal; no usa promedio directo de cleanNorm. Las visualizaciones representan características BANDPOWER derivadas por canal y banda. No equivalen a qEEG clínico normativo ni a PSD cruda calculada desde señal continua.
cano,all,cleanSmooth,topomap,betaH,/kaggle/working/outputs/TESE_pruebas/run_20260902_145353/processed_data/figures/topomaps/cano_all_cleanSmooth_topomap_betaH.png,True,True,True,False,,,Topomap de promedio BANDPOWER por canal; no usa promedio directo de cleanNorm. Las visualizaciones representan características BANDPOWER derivadas por canal y banda. No equivalen a qEEG clínico normativo ni a PSD cruda calculada desde señal continua.
cano,all,cleanSmooth,topomap,gamma,/kaggle/working/outputs/TESE_pruebas/run_20260902_145353/processed_data/figures/topomaps/cano_all_cleanSmooth_topomap_gamma.png,True,True,True,False,,,Topomap de promedio BANDPOWER por canal; no usa promedio directo de cleanNorm. Las visualizaciones representan características BANDPOWER derivadas por canal y banda. No equivalen a qEEG clínico normativo ni a PSD cruda calculada desde señal continua.
cano,all,cleanSmooth,spectral,bandas,/kaggle/working/outputs/TESE_pruebas/run_20260902_145353/processed_data/figures/spectral/cano_all_cleanSmooth_spectral_bandpower.png,True,True,True,False,,,Espectro derivado desde promedios BANDPOWER interpretables. Las visualizaciones representan características BANDPOWER derivadas por canal y banda. No equivalen a qEEG clínico normativo ni a PSD cruda calculada desde señal continua.
cano,all,noOutliers,scroll,promedio_bandas,/kaggle/working/outputs/TESE_pruebas/run_20260902_145353/processed_data/figures/scroll/cano_all_noOutliers_scroll_promedio_bandas.png,True,True,True,False,,,Scroll comparativo BANDPOWER. Las visualizaciones representan características BANDPOWER derivadas por canal y banda. No equivalen a qEEG clínico normativo ni a PSD cruda calculada desde señal continua.
cano,all,noOutliers,topomap,theta,/kaggle/working/outputs/TESE_pruebas/run_20260902_145353/processed_data/figures/topomaps/cano_all_noOutliers_topomap_theta.png,True,True,True,False,,,Topomap de promedio BANDPOWER por canal; no usa promedio directo de cleanNorm. Las visualizaciones representan características BANDPOWER derivadas por canal y banda. No equivalen a qEEG clínico normativo ni a PSD cruda calculada desde señal continua.
cano,all,noOutliers,topomap,alpha,/kaggle/working/outputs/TESE_pruebas/run_20260902_145353/processed_data/figures/topomaps/cano_all_noOutliers_topomap_alpha.png,True,True,True,False,,,Topomap de promedio BANDPOWER por canal; no usa promedio directo de cleanNorm. Las visualizaciones representan características BANDPOWER derivadas por canal y banda. No equivalen a qEEG clínico normativo ni a PSD cruda calculada desde señal continua.
cano,all,noOutliers,topomap,betaL,/kaggle/working/outputs/TESE_pruebas/run_20260902_145353/processed_data/figures/topomaps/cano_all_noOutliers_topomap_betaL.png,True,True,True,False,,,Topomap de promedio BANDPOWER por canal; no usa promedio directo de cleanNorm. Las visualizaciones representan características BANDPOWER derivadas por canal y banda. No equivalen a qEEG clínico normativo ni a PSD cruda calculada desde señal continua.
cano,all,noOutliers,topomap,betaH,/kaggle/working/outputs/TESE_pruebas/run_20260902_145353/processed_data/figures/topomaps/cano_all_noOutliers_topomap_betaH.png,True,True,True,False,,,Topomap de promedio BANDPOWER por canal; no usa promedio directo de cleanNorm. Las visualizaciones representan características BANDPOWER derivadas por canal y banda. No equivalen a qEEG clínico normativo ni a PSD cruda calculada desde señal continua.
cano,all,noOutliers,topomap,gamma,/kaggle/working/outputs/TESE_pruebas/run_20260902_145353/processed_data/figures/topomaps/cano_all_noOutliers_topomap_gamma.png,True,True,True,False,,,Topomap de promedio BANDPOWER por canal; no usa promedio directo de cleanNorm. Las visualizaciones representan características BANDPOWER derivadas por canal y banda. No equivalen a qEEG clínico normativo ni a PSD cruda calculada desde señal continua.
cano,all,noOutliers,spectral,bandas,/kaggle/working/outputs/TESE_pruebas/run_20260902_145353/processed_data/figures/spectral/cano_all_noOutliers_spectral_bandpower.png,True,True,True,False,,,Espectro derivado desde promedios BANDPOWER interpretables. Las visualizaciones representan características BANDPOWER derivadas por canal y banda. No equivalen a qEEG clínico normativo ni a PSD cruda calculada desde señal continua.
cano,all,sinArtefactosConservador,scroll,promedio_bandas,/kaggle/working/outputs/TESE_pruebas/run_20260902_145353/processed_data/figures/scroll/cano_all_sinArtefactosConservador_scroll_promedio_bandas.png,True,True,True,False,,,Scroll comparativo BANDPOWER. Las visualizaciones representan características BANDPOWER derivadas por canal y banda. No equivalen a qEEG clínico normativo ni a PSD cruda calculada desde señal continua.
cano,all,sinArtefactosConservador,topomap,theta,/kaggle/working/outputs/TESE_pruebas/run_20260902_145353/processed_data/figures/topomaps/cano_all_sinArtefactosConservador_topomap_theta.png,True,True,True,False,,,Topomap de promedio BANDPOWER por canal; no usa promedio directo de cleanNorm. Las visualizaciones representan características BANDPOWER derivadas por canal y banda. No equivalen a qEEG clínico normativo ni a PSD cruda calculada desde señal continua.
cano,all,sinArtefactosConservador,topomap,alpha,/kaggle/working/outputs/TESE_pruebas/run_20260902_145353/processed_data/figures/topomaps/cano_all_sinArtefactosConservador_topomap_alpha.png,True,True,True,False,,,Topomap de promedio BANDPOWER por canal; no usa promedio directo de cleanNorm. Las visualizaciones representan características BANDPOWER derivadas por canal y banda. No equivalen a qEEG clínico normativo ni a PSD cruda calculada desde señal continua.
cano,all,sinArtefactosConservador,topomap,betaL,/kaggle/working/outputs/TESE_pruebas/run_20260902_145353/processed_data/figures/topomaps/cano_all_sinArtefactosConservador_topomap_betaL.png,True,True,True,False,,,Topomap de promedio BANDPOWER por canal; no usa promedio directo de cleanNorm. Las visualizaciones representan características BANDPOWER derivadas por canal y banda. No equivalen a qEEG clínico normativo ni a PSD cruda calculada desde señal continua.
cano,all,sinArtefactosConservador,topomap,betaH,/kaggle/working/outputs/TESE_pruebas/run_20260902_145353/processed_data/figures/topomaps/cano_all_sinArtefactosConservador_topomap_betaH.png,True,True,True,False,,,Topomap de promedio BANDPOWER por canal; no usa promedio directo de cleanNorm. Las visualizaciones representan características BANDPOWER derivadas por canal y banda. No equivalen a qEEG clínico normativo ni a PSD cruda calculada desde señal continua.
cano,all,sinArtefactosConservador,topomap,gamma,/kaggle/working/outputs/TESE_pruebas/run_20260902_145353/processed_data/figures/topomaps/cano_all_sinArtefactosConservador_topomap_gamma.png,True,True,True,False,,,Topomap de promedio BANDPOWER por canal; no usa promedio directo de cleanNorm. Las visualizaciones representan características BANDPOWER derivadas por canal y banda. No equivalen a qEEG clínico normativo ni a PSD cruda calculada desde señal continua.
cano,all,sinArtefactosConservador,spectral,bandas,/kaggle/working/outputs/TESE_pruebas/run_20260902_145353/processed_data/figures/spectral/cano_all_sinArtefactosConservador_spectral_bandpower.png,True,True,True,False,,,Espectro derivado desde promedios BANDPOWER interpretables. Las visualizaciones representan características BANDPOWER derivadas por canal y banda. No equivalen a qEEG clínico normativo ni a PSD cruda calculada desde señal continua.
cano,all,sinArtefactosEstricto,scroll,promedio_bandas,/kaggle/working/outputs/TESE_pruebas/run_20260902_145353/processed_data/figures/scroll/cano_all_sinArtefactosEstricto_scroll_promedio_bandas.png,True,False,True,True,retencion_% < 50,,Scroll comparativo BANDPOWER. Figura diagnostica: la variante no es modelable por baja retencion o baja representacion de clase. Las visualizaciones representan características BANDPOWER derivadas por canal y banda. No equivalen a qEEG clínico normativo ni a PSD cruda calculada desde señal continua.
cano,all,sinArtefactosEstricto,topomap,theta,/kaggle/working/outputs/TESE_pruebas/run_20260902_145353/processed_data/figures/topomaps/cano_all_sinArtefactosEstricto_topomap_theta.png,True,False,True,True,retencion_% < 50,,Topomap de promedio BANDPOWER por canal; no usa promedio directo de cleanNorm. Figura diagnostica: la variante no es modelable por baja retencion o baja representacion de clase. Las visualizaciones representan características BANDPOWER derivadas por canal y banda. No equivalen a qEEG clínico normativo ni a PSD cruda calculada desde señal continua.
cano,all,sinArtefactosEstricto,topomap,alpha,/kaggle/working/outputs/TESE_pruebas/run_20260902_145353/processed_data/figures/topomaps/cano_all_sinArtefactosEstricto_topomap_alpha.png,True,False,True,True,retencion_% < 50,,Topomap de promedio BANDPOWER por canal; no usa promedio directo de cleanNorm. Figura diagnostica: la variante no es modelable por baja retencion o baja representacion de clase. Las visualizaciones representan características BANDPOWER derivadas por canal y banda. No equivalen a qEEG clínico normativo ni a PSD cruda calculada desde señal continua.
cano,all,sinArtefactosEstricto,topomap,betaL,/kaggle/working/outputs/TESE_pruebas/run_20260902_145353/processed_data/figures/topomaps/cano_all_sinArtefactosEstricto_topomap_betaL.png,True,False,True,True,retencion_% < 50,,Topomap de promedio BANDPOWER por canal; no usa promedio directo de cleanNorm. Figura diagnostica: la variante no es modelable por baja retencion o baja representacion de clase. Las visualizaciones representan características BANDPOWER derivadas por canal y banda. No equivalen a qEEG clínico normativo ni a PSD cruda calculada desde señal continua.
cano,all,sinArtefactosEstricto,topomap,betaH,/kaggle/working/outputs/TESE_pruebas/run_20260902_145353/processed_data/figures/topomaps/cano_all_sinArtefactosEstricto_topomap_betaH.png,True,False,True,True,retencion_% < 50,,Topomap de promedio BANDPOWER por canal; no usa promedio directo de cleanNorm. Figura diagnostica: la variante no es modelable por baja retencion o baja representacion de clase. Las visualizaciones representan características BANDPOWER derivadas por canal y banda. No equivalen a qEEG clínico normativo ni a PSD cruda calculada desde señal continua.
cano,all,sinArtefactosEstricto,topomap,gamma,/kaggle/working/outputs/TESE_pruebas/run_20260902_145353/processed_data/figures/topomaps/cano_all_sinArtefactosEstricto_topomap_gamma.png,True,False,True,True,retencion_% < 50,,Topomap de promedio BANDPOWER por canal; no usa promedio directo de cleanNorm. Figura diagnostica: la variante no es modelable por baja retencion o baja representacion de clase. Las visualizaciones representan características BANDPOWER derivadas por canal y banda. No equivalen a qEEG clínico normativo ni a PSD cruda calculada desde señal continua.
cano,all,sinArtefactosEstricto,spectral,bandas,/kaggle/working/outputs/TESE_pruebas/run_20260902_145353/processed_data/figures/spectral/cano_all_sinArtefactosEstricto_spectral_bandpower.png,True,False,True,True,retencion_% < 50,,Espectro derivado desde promedios BANDPOWER interpretables. Figura diagnostica: la variante no es modelable por baja retencion o baja representacion de clase. Las visualizaciones representan características BANDPOWER derivadas por canal y banda. No equivalen a qEEG clínico normativo ni a PSD cruda calculada desde señal continua.
villanueva,all,cleanSmooth,scroll,promedio_bandas,/kaggle/working/outputs/TESE_pruebas/run_20260902_145353/processed_data/figures/scroll/villanueva_all_cleanSmooth_scroll_promedio_bandas.png,True,True,True,False,,,Scroll comparativo BANDPOWER. Las visualizaciones representan características BANDPOWER derivadas por canal y banda. No equivalen a qEEG clínico normativo ni a PSD cruda calculada desde señal continua.
villanueva,all,cleanSmooth,topomap,theta,/kaggle/working/outputs/TESE_pruebas/run_20260902_145353/processed_data/figures/topomaps/villanueva_all_cleanSmooth_topomap_theta.png,True,True,True,False,,,Topomap de promedio BANDPOWER por canal; no usa promedio directo de cleanNorm. Las visualizaciones representan características BANDPOWER derivadas por canal y banda. No equivalen a qEEG clínico normativo ni a PSD cruda calculada desde señal continua.
villanueva,all,cleanSmooth,topomap,alpha,/kaggle/working/outputs/TESE_pruebas/run_20260902_145353/processed_data/figures/topomaps/villanueva_all_cleanSmooth_topomap_alpha.png,True,True,True,False,,,Topomap de promedio BANDPOWER por canal; no usa promedio directo de cleanNorm. Las visualizaciones representan características BANDPOWER derivadas por canal y banda. No equivalen a qEEG clínico normativo ni a PSD cruda calculada desde señal continua.
villanueva,all,cleanSmooth,topomap,betaL,/kaggle/working/outputs/TESE_pruebas/run_20260902_145353/processed_data/figures/topomaps/villanueva_all_cleanSmooth_topomap_betaL.png,True,True,True,False,,,Topomap de promedio BANDPOWER por canal; no usa promedio directo de cleanNorm. Las visualizaciones representan características BANDPOWER derivadas por canal y banda. No equivalen a qEEG clínico normativo ni a PSD cruda calculada desde señal continua.
villanueva,all,cleanSmooth,topomap,betaH,/kaggle/working/outputs/TESE_pruebas/run_20260902_145353/processed_data/figures/topomaps/villanueva_all_cleanSmooth_topomap_betaH.png,True,True,True,False,,,Topomap de promedio BANDPOWER por canal; no usa promedio directo de cleanNorm. Las visualizaciones representan características BANDPOWER derivadas por canal y banda. No equivalen a qEEG clínico normativo ni a PSD cruda calculada desde señal continua.
villanueva,all,cleanSmooth,topomap,gamma,/kaggle/working/outputs/TESE_pruebas/run_20260902_145353/processed_data/figures/topomaps/villanueva_all_cleanSmooth_topomap_gamma.png,True,True,True,False,,,Topomap de promedio BANDPOWER por canal; no usa promedio directo de cleanNorm. Las visualizaciones representan características BANDPOWER derivadas por canal y banda. No equivalen a qEEG clínico normativo ni a PSD cruda calculada desde señal continua.
villanueva,all,cleanSmooth,spectral,bandas,/kaggle/working/outputs/TESE_pruebas/run_20260902_145353/processed_data/figures/spectral/villanueva_all_cleanSmooth_spectral_bandpower.png,True,True,True,False,,,Espectro derivado desde promedios BANDPOWER interpretables. Las visualizaciones representan características BANDPOWER derivadas por canal y banda. No equivalen a qEEG clínico normativo ni a PSD cruda calculada desde señal continua.
villanueva,all,noOutliers,scroll,promedio_bandas,/kaggle/working/outputs/TESE_pruebas/run_20260902_145353/processed_data/figures/scroll/villanueva_all_noOutliers_scroll_promedio_bandas.png,True,True,True,False,,,Scroll comparativo BANDPOWER. Las visualizaciones representan características BANDPOWER derivadas por canal y banda. No equivalen a qEEG clínico normativo ni a PSD cruda calculada desde señal continua.
villanueva,all,noOutliers,topomap,theta,/kaggle/working/outputs/TESE_pruebas/run_20260902_145353/processed_data/figures/topomaps/villanueva_all_noOutliers_topomap_theta.png,True,True,True,False,,,Topomap de promedio BANDPOWER por canal; no usa promedio directo de cleanNorm. Las visualizaciones representan características BANDPOWER derivadas por canal y banda. No equivalen a qEEG clínico normativo ni a PSD cruda calculada desde señal continua.
villanueva,all,noOutliers,topomap,alpha,/kaggle/working/outputs/TESE_pruebas/run_20260902_145353/processed_data/figures/topomaps/villanueva_all_noOutliers_topomap_alpha.png,True,True,True,False,,,Topomap de promedio BANDPOWER por canal; no usa promedio directo de cleanNorm. Las visualizaciones representan características BANDPOWER derivadas por canal y banda. No equivalen a qEEG clínico normativo ni a PSD cruda calculada desde señal continua.
villanueva,all,noOutliers,topomap,betaL,/kaggle/working/outputs/TESE_pruebas/run_20260902_145353/processed_data/figures/topomaps/villanueva_all_noOutliers_topomap_betaL.png,True,True,True,False,,,Topomap de promedio BANDPOWER por canal; no usa promedio directo de cleanNorm. Las visualizaciones representan características BANDPOWER derivadas por canal y banda. No equivalen a qEEG clínico normativo ni a PSD cruda calculada desde señal continua.
villanueva,all,noOutliers,topomap,betaH,/kaggle/working/outputs/TESE_pruebas/run_20260902_145353/processed_data/figures/topomaps/villanueva_all_noOutliers_topomap_betaH.png,True,True,True,False,,,Topomap de promedio BANDPOWER por canal; no usa promedio directo de cleanNorm. Las visualizaciones representan características BANDPOWER derivadas por canal y banda. No equivalen a qEEG clínico normativo ni a PSD cruda calculada desde señal continua.
villanueva,all,noOutliers,topomap,gamma,/kaggle/working/outputs/TESE_pruebas/run_20260902_145353/processed_data/figures/topomaps/villanueva_all_noOutliers_topomap_gamma.png,True,True,True,False,,,Topomap de promedio BANDPOWER por canal; no usa promedio directo de cleanNorm. Las visualizaciones representan características BANDPOWER derivadas por canal y banda. No equivalen a qEEG clínico normativo ni a PSD cruda calculada desde señal continua.
villanueva,all,noOutliers,spectral,bandas,/kaggle/working/outputs/TESE_pruebas/run_20260902_145353/processed_data/figures/spectral/villanueva_all_noOutliers_spectral_bandpower.png,True,True,True,False,,,Espectro derivado desde promedios BANDPOWER interpretables. Las visualizaciones representan características BANDPOWER derivadas por canal y banda. No equivalen a qEEG clínico normativo ni a PSD cruda calculada desde señal continua.
villanueva,all,sinArtefactosConservador,scroll,promedio_bandas,/kaggle/working/outputs/TESE_pruebas/run_20260902_145353/processed_data/figures/scroll/villanueva_all_sinArtefactosConservador_scroll_promedio_bandas.png,True,False,True,True,min_clase < 10,,Scroll comparativo BANDPOWER. Figura diagnostica: la variante no es modelable por baja retencion o baja representacion de clase. Las visualizaciones representan características BANDPOWER derivadas por canal y banda. No equivalen a qEEG clínico normativo ni a PSD cruda calculada desde señal continua.
villanueva,all,sinArtefactosConservador,topomap,theta,/kaggle/working/outputs/TESE_pruebas/run_20260902_145353/processed_data/figures/topomaps/villanueva_all_sinArtefactosConservador_topomap_theta.png,True,False,True,True,min_clase < 10,,Topomap de promedio BANDPOWER por canal; no usa promedio directo de cleanNorm. Figura diagnostica: la variante no es modelable por baja retencion o baja representacion de clase. Las visualizaciones representan características BANDPOWER derivadas por canal y banda. No equivalen a qEEG clínico normativo ni a PSD cruda calculada desde señal continua.
villanueva,all,sinArtefactosConservador,topomap,alpha,/kaggle/working/outputs/TESE_pruebas/run_20260902_145353/processed_data/figures/topomaps/villanueva_all_sinArtefactosConservador_topomap_alpha.png,True,False,True,True,min_clase < 10,,Topomap de promedio BANDPOWER por canal; no usa promedio directo de cleanNorm. Figura diagnostica: la variante no es modelable por baja retencion o baja representacion de clase. Las visualizaciones representan características BANDPOWER derivadas por canal y banda. No equivalen a qEEG clínico normativo ni a PSD cruda calculada desde señal continua.
villanueva,all,sinArtefactosConservador,topomap,betaL,/kaggle/working/outputs/TESE_pruebas/run_20260902_145353/processed_data/figures/topomaps/villanueva_all_sinArtefactosConservador_topomap_betaL.png,True,False,True,True,min_clase < 10,,Topomap de promedio BANDPOWER por canal; no usa promedio directo de cleanNorm. Figura diagnostica: la variante no es modelable por baja retencion o baja representacion de clase. Las visualizaciones representan características BANDPOWER derivadas por canal y banda. No equivalen a qEEG clínico normativo ni a PSD cruda calculada desde señal continua.
villanueva,all,sinArtefactosConservador,topomap,betaH,/kaggle/working/outputs/TESE_pruebas/run_20260902_145353/processed_data/figures/topomaps/villanueva_all_sinArtefactosConservador_topomap_betaH.png,True,False,True,True,min_clase < 10,,Topomap de promedio BANDPOWER por canal; no usa promedio directo de cleanNorm. Figura diagnostica: la variante no es modelable por baja retencion o baja representacion de clase. Las visualizaciones representan características BANDPOWER derivadas por canal y banda. No equivalen a qEEG clínico normativo ni a PSD cruda calculada desde señal continua.
villanueva,all,sinArtefactosConservador,topomap,gamma,/kaggle/working/outputs/TESE_pruebas/run_20260902_145353/processed_data/figures/topomaps/villanueva_all_sinArtefactosConservador_topomap_gamma.png,True,False,True,True,min_clase < 10,,Topomap de promedio BANDPOWER por canal; no usa promedio directo de cleanNorm. Figura diagnostica: la variante no es modelable por baja retencion o baja representacion de clase. Las visualizaciones representan características BANDPOWER derivadas por canal y banda. No equivalen a qEEG clínico normativo ni a PSD cruda calculada desde señal continua.
villanueva,all,sinArtefactosConservador,spectral,bandas,/kaggle/working/outputs/TESE_pruebas/run_20260902_145353/processed_data/figures/spectral/villanueva_all_sinArtefactosConservador_spectral_bandpower.png,True,False,True,True,min_clase < 10,,Espectro derivado desde promedios BANDPOWER interpretables. Figura diagnostica: la variante no es modelable por baja retencion o baja representacion de clase. Las visualizaciones representan características BANDPOWER derivadas por canal y banda. No equivalen a qEEG clínico normativo ni a PSD cruda calculada desde señal continua.
villanueva,all,sinArtefactosEstricto,scroll,promedio_bandas,/kaggle/working/outputs/TESE_pruebas/run_20260902_145353/processed_data/figures/scroll/villanueva_all_sinArtefactosEstricto_scroll_promedio_bandas.png,True,False,True,True,min_clase < 10,,Scroll comparativo BANDPOWER. Figura diagnostica: la variante no es modelable por baja retencion o baja representacion de clase. Las visualizaciones representan características BANDPOWER derivadas por canal y banda. No equivalen a qEEG clínico normativo ni a PSD cruda calculada desde señal continua.
villanueva,all,sinArtefactosEstricto,topomap,theta,/kaggle/working/outputs/TESE_pruebas/run_20260902_145353/processed_data/figures/topomaps/villanueva_all_sinArtefactosEstricto_topomap_theta.png,True,False,True,True,min_clase < 10,,Topomap de promedio BANDPOWER por canal; no usa promedio directo de cleanNorm. Figura diagnostica: la variante no es modelable por baja retencion o baja representacion de clase. Las visualizaciones representan características BANDPOWER derivadas por canal y banda. No equivalen a qEEG clínico normativo ni a PSD cruda calculada desde señal continua.
villanueva,all,sinArtefactosEstricto,topomap,alpha,/kaggle/working/outputs/TESE_pruebas/run_20260902_145353/processed_data/figures/topomaps/villanueva_all_sinArtefactosEstricto_topomap_alpha.png,True,False,True,True,min_clase < 10,,Topomap de promedio BANDPOWER por canal; no usa promedio directo de cleanNorm. Figura diagnostica: la variante no es modelable por baja retencion o baja representacion de clase. Las visualizaciones representan características BANDPOWER derivadas por canal y banda. No equivalen a qEEG clínico normativo ni a PSD cruda calculada desde señal continua.
villanueva,all,sinArtefactosEstricto,topomap,betaL,/kaggle/working/outputs/TESE_pruebas/run_20260902_145353/processed_data/figures/topomaps/villanueva_all_sinArtefactosEstricto_topomap_betaL.png,True,False,True,True,min_clase < 10,,Topomap de promedio BANDPOWER por canal; no usa promedio directo de cleanNorm. Figura diagnostica: la variante no es modelable por baja retencion o baja representacion de clase. Las visualizaciones representan características BANDPOWER derivadas por canal y banda. No equivalen a qEEG clínico normativo ni a PSD cruda calculada desde señal continua.
villanueva,all,sinArtefactosEstricto,topomap,betaH,/kaggle/working/outputs/TESE_pruebas/run_20260902_145353/processed_data/figures/topomaps/villanueva_all_sinArtefactosEstricto_topomap_betaH.png,True,False,True,True,min_clase < 10,,Topomap de promedio BANDPOWER por canal; no usa promedio directo de cleanNorm. Figura diagnostica: la variante no es modelable por baja retencion o baja representacion de clase. Las visualizaciones representan características BANDPOWER derivadas por canal y banda. No equivalen a qEEG clínico normativo ni a PSD cruda calculada desde señal continua.
villanueva,all,sinArtefactosEstricto,topomap,gamma,/kaggle/working/outputs/TESE_pruebas/run_20260902_145353/processed_data/figures/topomaps/villanueva_all_sinArtefactosEstricto_topomap_gamma.png,True,False,True,True,min_clase < 10,,Topomap de promedio BANDPOWER por canal; no usa promedio directo de cleanNorm. Figura diagnostica: la variante no es modelable por baja retencion o baja representacion de clase. Las visualizaciones representan características BANDPOWER derivadas por canal y banda. No equivalen a qEEG clínico normativo ni a PSD cruda calculada desde señal continua.
villanueva,all,sinArtefactosEstricto,spectral,bandas,/kaggle/working/outputs/TESE_pruebas/run_20260902_145353/processed_data/figures/spectral/villanueva_all_sinArtefactosEstricto_spectral_bandpower.png,True,False,True,True,min_clase < 10,,Espectro derivado desde promedios BANDPOWER interpretables. Figura diagnostica: la variante no es modelable por baja retencion o baja representacion de clase. Las visualizaciones representan características BANDPOWER derivadas por canal y banda. No equivalen a qEEG clínico normativo ni a PSD cruda calculada desde señal continua.
211260561,all,cleanSmooth,resumen,bandas,/kaggle/working/outputs/TESE_pruebas/run_20260902_145353/processed_data/figures/resumen/211260561_all_cleanSmooth_resumen_visual.png,True,True,True,False,,,Resumen visual compuesto desde variante BANDPOWER interpretable. Las visualizaciones representan características BANDPOWER derivadas por canal y banda. No equivalen a qEEG clínico normativo ni a PSD cruda calculada desde señal continua.
211260561,all,noOutliers,resumen,bandas,/kaggle/working/outputs/TESE_pruebas/run_20260902_145353/processed_data/figures/resumen/211260561_all_noOutliers_resumen_visual.png,True,True,True,False,,,Resumen visual compuesto desde variante BANDPOWER interpretable. Las visualizaciones representan características BANDPOWER derivadas por canal y banda. No equivalen a qEEG clínico normativo ni a PSD cruda calculada desde señal continua.
211260561,all,sinArtefactosConservador,resumen,bandas,/kaggle/working/outputs/TESE_pruebas/run_20260902_145353/processed_data/figures/resumen/211260561_all_sinArtefactosConservador_resumen_visual.png,True,True,True,False,,,Resumen visual compuesto desde variante BANDPOWER interpretable. Las visualizaciones representan características BANDPOWER derivadas por canal y banda. No equivalen a qEEG clínico normativo ni a PSD cruda calculada desde señal continua.
211260561,all,sinArtefactosEstricto,resumen,bandas,/kaggle/working/outputs/TESE_pruebas/run_20260902_145353/processed_data/figures/resumen/211260561_all_sinArtefactosEstricto_resumen_visual.png,True,True,True,False,,,Resumen visual compuesto desde variante BANDPOWER interpretable. Las visualizaciones representan características BANDPOWER derivadas por canal y banda. No equivalen a qEEG clínico normativo ni a PSD cruda calculada desde señal continua.
212260563,all,cleanSmooth,resumen,bandas,/kaggle/working/outputs/TESE_pruebas/run_20260902_145353/processed_data/figures/resumen/212260563_all_cleanSmooth_resumen_visual.png,True,True,True,False,,,Resumen visual compuesto desde variante BANDPOWER interpretable. Las visualizaciones representan características BANDPOWER derivadas por canal y banda. No equivalen a qEEG clínico normativo ni a PSD cruda calculada desde señal continua.
212260563,all,noOutliers,resumen,bandas,/kaggle/working/outputs/TESE_pruebas/run_20260902_145353/processed_data/figures/resumen/212260563_all_noOutliers_resumen_visual.png,True,True,True,False,,,Resumen visual compuesto desde variante BANDPOWER interpretable. Las visualizaciones representan características BANDPOWER derivadas por canal y banda. No equivalen a qEEG clínico normativo ni a PSD cruda calculada desde señal continua.
212260563,all,sinArtefactosConservador,resumen,bandas,/kaggle/working/outputs/TESE_pruebas/run_20260902_145353/processed_data/figures/resumen/212260563_all_sinArtefactosConservador_resumen_visual.png,True,False,True,True,min_clase < 10,,Resumen visual compuesto desde variante BANDPOWER interpretable. Figura diagnostica: la variante no es modelable por baja retencion o baja representacion de clase. Las visualizaciones representan características BANDPOWER derivadas por canal y banda. No equivalen a qEEG clínico normativo ni a PSD cruda calculada desde señal continua.
212260563,all,sinArtefactosEstricto,resumen,bandas,/kaggle/working/outputs/TESE_pruebas/run_20260902_145353/processed_data/figures/resumen/212260563_all_sinArtefactosEstricto_resumen_visual.png,True,False,True,True,min_clase < 10; retencion_% < 50,,Resumen visual compuesto desde variante BANDPOWER interpretable. Figura diagnostica: la variante no es modelable por baja retencion o baja representacion de clase. Las visualizaciones representan características BANDPOWER derivadas por canal y banda. No equivalen a qEEG clínico normativo ni a PSD cruda calculada desde señal continua.
212260567,all,cleanSmooth,resumen,bandas,/kaggle/working/outputs/TESE_pruebas/run_20260902_145353/processed_data/figures/resumen/212260567_all_cleanSmooth_resumen_visual.png,True,True,True,False,,,Resumen visual compuesto desde variante BANDPOWER interpretable. Las visualizaciones representan características BANDPOWER derivadas por canal y banda. No equivalen a qEEG clínico normativo ni a PSD cruda calculada desde señal continua.
212260567,all,noOutliers,resumen,bandas,/kaggle/working/outputs/TESE_pruebas/run_20260902_145353/processed_data/figures/resumen/212260567_all_noOutliers_resumen_visual.png,True,True,True,False,,,Resumen visual compuesto desde variante BANDPOWER interpretable. Las visualizaciones representan características BANDPOWER derivadas por canal y banda. No equivalen a qEEG clínico normativo ni a PSD cruda calculada desde señal continua.
212260567,all,sinArtefactosConservador,resumen,bandas,/kaggle/working/outputs/TESE_pruebas/run_20260902_145353/processed_data/figures/resumen/212260567_all_sinArtefactosConservador_resumen_visual.png,True,False,True,True,min_clase < 10,,Resumen visual compuesto desde variante BANDPOWER interpretable. Figura diagnostica: la variante no es modelable por baja retencion o baja representacion de clase. Las visualizaciones representan características BANDPOWER derivadas por canal y banda. No equivalen a qEEG clínico normativo ni a PSD cruda calculada desde señal continua.
212260567,all,sinArtefactosEstricto,resumen,bandas,/kaggle/working/outputs/TESE_pruebas/run_20260902_145353/processed_data/figures/resumen/212260567_all_sinArtefactosEstricto_resumen_visual.png,True,False,True,True,min_clase < 10; retencion_% < 50,,Resumen visual compuesto desde variante BANDPOWER interpretable. Figura diagnostica: la variante no es modelable por baja retencion o baja representacion de clase. Las visualizaciones representan características BANDPOWER derivadas por canal y banda. No equivalen a qEEG clínico normativo ni a PSD cruda calculada desde señal continua.
212260569,all,cleanSmooth,resumen,bandas,/kaggle/working/outputs/TESE_pruebas/run_20260902_145353/processed_data/figures/resumen/212260569_all_cleanSmooth_resumen_visual.png,True,True,True,False,,,Resumen visual compuesto desde variante BANDPOWER interpretable. Las visualizaciones representan características BANDPOWER derivadas por canal y banda. No equivalen a qEEG clínico normativo ni a PSD cruda calculada desde señal continua.
212260569,all,noOutliers,resumen,bandas,/kaggle/working/outputs/TESE_pruebas/run_20260902_145353/processed_data/figures/resumen/212260569_all_noOutliers_resumen_visual.png,True,True,True,False,,,Resumen visual compuesto desde variante BANDPOWER interpretable. Las visualizaciones representan características BANDPOWER derivadas por canal y banda. No equivalen a qEEG clínico normativo ni a PSD cruda calculada desde señal continua.
212260569,all,sinArtefactosConservador,resumen,bandas,/kaggle/working/outputs/TESE_pruebas/run_20260902_145353/processed_data/figures/resumen/212260569_all_sinArtefactosConservador_resumen_visual.png,True,True,True,False,,,Resumen visual compuesto desde variante BANDPOWER interpretable. Las visualizaciones representan características BANDPOWER derivadas por canal y banda. No equivalen a qEEG clínico normativo ni a PSD cruda calculada desde señal continua.
212260569,all,sinArtefactosEstricto,resumen,bandas,/kaggle/working/outputs/TESE_pruebas/run_20260902_145353/processed_data/figures/resumen/212260569_all_sinArtefactosEstricto_resumen_visual.png,True,False,True,True,retencion_% < 50,,Resumen visual compuesto desde variante BANDPOWER interpretable. Figura diagnostica: la variante no es modelable por baja retencion o baja representacion de clase. Las visualizaciones representan características BANDPOWER derivadas por canal y banda. No equivalen a qEEG clínico normativo ni a PSD cruda calculada desde señal continua.
212260666,all,cleanSmooth,resumen,bandas,/kaggle/working/outputs/TESE_pruebas/run_20260902_145353/processed_data/figures/resumen/212260666_all_cleanSmooth_resumen_visual.png,True,True,True,False,,,Resumen visual compuesto desde variante BANDPOWER interpretable. Las visualizaciones representan características BANDPOWER derivadas por canal y banda. No equivalen a qEEG clínico normativo ni a PSD cruda calculada desde señal continua.
212260666,all,noOutliers,resumen,bandas,/kaggle/working/outputs/TESE_pruebas/run_20260902_145353/processed_data/figures/resumen/212260666_all_noOutliers_resumen_visual.png,True,True,True,False,,,Resumen visual compuesto desde variante BANDPOWER interpretable. Las visualizaciones representan características BANDPOWER derivadas por canal y banda. No equivalen a qEEG clínico normativo ni a PSD cruda calculada desde señal continua.
212260666,all,sinArtefactosConservador,resumen,bandas,/kaggle/working/outputs/TESE_pruebas/run_20260902_145353/processed_data/figures/resumen/212260666_all_sinArtefactosConservador_resumen_visual.png,True,True,True,False,,,Resumen visual compuesto desde variante BANDPOWER interpretable. Las visualizaciones representan características BANDPOWER derivadas por canal y banda. No equivalen a qEEG clínico normativo ni a PSD cruda calculada desde señal continua.
212260666,all,sinArtefactosEstricto,resumen,bandas,/kaggle/working/outputs/TESE_pruebas/run_20260902_145353/processed_data/figures/resumen/212260666_all_sinArtefactosEstricto_resumen_visual.png,True,False,True,True,min_clase < 10; retencion_% < 50,,Resumen visual compuesto desde variante BANDPOWER interpretable. Figura diagnostica: la variante no es modelable por baja retencion o baja representacion de clase. Las visualizaciones representan características BANDPOWER derivadas por canal y banda. No equivalen a qEEG clínico normativo ni a PSD cruda calculada desde señal continua.
212260668,all,cleanSmooth,resumen,bandas,/kaggle/working/outputs/TESE_pruebas/run_20260902_145353/processed_data/figures/resumen/212260668_all_cleanSmooth_resumen_visual.png,True,True,True,False,,,Resumen visual compuesto desde variante BANDPOWER interpretable. Las visualizaciones representan características BANDPOWER derivadas por canal y banda. No equivalen a qEEG clínico normativo ni a PSD cruda calculada desde señal continua.
212260668,all,noOutliers,resumen,bandas,/kaggle/working/outputs/TESE_pruebas/run_20260902_145353/processed_data/figures/resumen/212260668_all_noOutliers_resumen_visual.png,True,True,True,False,,,Resumen visual compuesto desde variante BANDPOWER interpretable. Las visualizaciones representan características BANDPOWER derivadas por canal y banda. No equivalen a qEEG clínico normativo ni a PSD cruda calculada desde señal continua.
212260668,all,sinArtefactosConservador,resumen,bandas,/kaggle/working/outputs/TESE_pruebas/run_20260902_145353/processed_data/figures/resumen/212260668_all_sinArtefactosConservador_resumen_visual.png,True,False,True,True,min_clase < 10,,Resumen visual compuesto desde variante BANDPOWER interpretable. Figura diagnostica: la variante no es modelable por baja retencion o baja representacion de clase. Las visualizaciones representan características BANDPOWER derivadas por canal y banda. No equivalen a qEEG clínico normativo ni a PSD cruda calculada desde señal continua.
212260668,all,sinArtefactosEstricto,resumen,bandas,/kaggle/working/outputs/TESE_pruebas/run_20260902_145353/processed_data/figures/resumen/212260668_all_sinArtefactosEstricto_resumen_visual.png,True,False,True,True,min_clase < 10,,Resumen visual compuesto desde variante BANDPOWER interpretable. Figura diagnostica: la variante no es modelable por baja retencion o baja representacion de clase. Las visualizaciones representan características BANDPOWER derivadas por canal y banda. No equivalen a qEEG clínico normativo ni a PSD cruda calculada desde señal continua.
212260672,all,cleanSmooth,resumen,bandas,/kaggle/working/outputs/TESE_pruebas/run_20260902_145353/processed_data/figures/resumen/212260672_all_cleanSmooth_resumen_visual.png,True,True,True,False,,,Resumen visual compuesto desde variante BANDPOWER interpretable. Las visualizaciones representan características BANDPOWER derivadas por canal y banda. No equivalen a qEEG clínico normativo ni a PSD cruda calculada desde señal continua.
212260672,all,noOutliers,resumen,bandas,/kaggle/working/outputs/TESE_pruebas/run_20260902_145353/processed_data/figures/resumen/212260672_all_noOutliers_resumen_visual.png,True,True,True,False,,,Resumen visual compuesto desde variante BANDPOWER interpretable. Las visualizaciones representan características BANDPOWER derivadas por canal y banda. No equivalen a qEEG clínico normativo ni a PSD cruda calculada desde señal continua.
212260672,all,sinArtefactosConservador,resumen,bandas,/kaggle/working/outputs/TESE_pruebas/run_20260902_145353/processed_data/figures/resumen/212260672_all_sinArtefactosConservador_resumen_visual.png,True,False,True,True,min_clase < 10,,Resumen visual compuesto desde variante BANDPOWER interpretable. Figura diagnostica: la variante no es modelable por baja retencion o baja representacion de clase. Las visualizaciones representan características BANDPOWER derivadas por canal y banda. No equivalen a qEEG clínico normativo ni a PSD cruda calculada desde señal continua.
212260672,all,sinArtefactosEstricto,resumen,bandas,/kaggle/working/outputs/TESE_pruebas/run_20260902_145353/processed_data/figures/resumen/212260672_all_sinArtefactosEstricto_resumen_visual.png,True,False,True,True,min_clase < 10; retencion_% < 50,,Resumen visual compuesto desde variante BANDPOWER interpretable. Figura diagnostica: la variante no es modelable por baja retencion o baja representacion de clase. Las visualizaciones representan características BANDPOWER derivadas por canal y banda. No equivalen a qEEG clínico normativo ni a PSD cruda calculada desde señal continua.
222260671,all,cleanSmooth,resumen,bandas,/kaggle/working/outputs/TESE_pruebas/run_20260902_145353/processed_data/figures/resumen/222260671_all_cleanSmooth_resumen_visual.png,True,True,True,False,,,Resumen visual compuesto desde variante BANDPOWER interpretable. Las visualizaciones representan características BANDPOWER derivadas por canal y banda. No equivalen a qEEG clínico normativo ni a PSD cruda calculada desde señal continua.
222260671,all,noOutliers,resumen,bandas,/kaggle/working/outputs/TESE_pruebas/run_20260902_145353/processed_data/figures/resumen/222260671_all_noOutliers_resumen_visual.png,True,True,True,False,,,Resumen visual compuesto desde variante BANDPOWER interpretable. Las visualizaciones representan características BANDPOWER derivadas por canal y banda. No equivalen a qEEG clínico normativo ni a PSD cruda calculada desde señal continua.
222260671,all,sinArtefactosConservador,resumen,bandas,/kaggle/working/outputs/TESE_pruebas/run_20260902_145353/processed_data/figures/resumen/222260671_all_sinArtefactosConservador_resumen_visual.png,True,False,True,True,min_clase < 10,,Resumen visual compuesto desde variante BANDPOWER interpretable. Figura diagnostica: la variante no es modelable por baja retencion o baja representacion de clase. Las visualizaciones representan características BANDPOWER derivadas por canal y banda. No equivalen a qEEG clínico normativo ni a PSD cruda calculada desde señal continua.
222260671,all,sinArtefactosEstricto,resumen,bandas,/kaggle/working/outputs/TESE_pruebas/run_20260902_145353/processed_data/figures/resumen/222260671_all_sinArtefactosEstricto_resumen_visual.png,True,False,True,True,min_clase < 10; retencion_% < 50,,Resumen visual compuesto desde variante BANDPOWER interpretable. Figura diagnostica: la variante no es modelable por baja retencion o baja representacion de clase. Las visualizaciones representan características BANDPOWER derivadas por canal y banda. No equivalen a qEEG clínico normativo ni a PSD cruda calculada desde señal continua.
22260552,all,cleanSmooth,resumen,bandas,/kaggle/working/outputs/TESE_pruebas/run_20260902_145353/processed_data/figures/resumen/22260552_all_cleanSmooth_resumen_visual.png,True,True,True,False,,,Resumen visual compuesto desde variante BANDPOWER interpretable. Las visualizaciones representan características BANDPOWER derivadas por canal y banda. No equivalen a qEEG clínico normativo ni a PSD cruda calculada desde señal continua.
22260552,all,noOutliers,resumen,bandas,/kaggle/working/outputs/TESE_pruebas/run_20260902_145353/processed_data/figures/resumen/22260552_all_noOutliers_resumen_visual.png,True,True,True,False,,,Resumen visual compuesto desde variante BANDPOWER interpretable. Las visualizaciones representan características BANDPOWER derivadas por canal y banda. No equivalen a qEEG clínico normativo ni a PSD cruda calculada desde señal continua.
22260552,all,sinArtefactosConservador,resumen,bandas,/kaggle/working/outputs/TESE_pruebas/run_20260902_145353/processed_data/figures/resumen/22260552_all_sinArtefactosConservador_resumen_visual.png,True,True,True,False,,,Resumen visual compuesto desde variante BANDPOWER interpretable. Las visualizaciones representan características BANDPOWER derivadas por canal y banda. No equivalen a qEEG clínico normativo ni a PSD cruda calculada desde señal continua.
22260552,all,sinArtefactosEstricto,resumen,bandas,/kaggle/working/outputs/TESE_pruebas/run_20260902_145353/processed_data/figures/resumen/22260552_all_sinArtefactosEstricto_resumen_visual.png,True,False,True,True,min_clase < 10; retencion_% < 50,,Resumen visual compuesto desde variante BANDPOWER interpretable. Figura diagnostica: la variante no es modelable por baja retencion o baja representacion de clase. Las visualizaciones representan características BANDPOWER derivadas por canal y banda. No equivalen a qEEG clínico normativo ni a PSD cruda calculada desde señal continua.
231260558,all,cleanSmooth,resumen,bandas,/kaggle/working/outputs/TESE_pruebas/run_20260902_145353/processed_data/figures/resumen/231260558_all_cleanSmooth_resumen_visual.png,True,True,True,False,,,Resumen visual compuesto desde variante BANDPOWER interpretable. Las visualizaciones representan características BANDPOWER derivadas por canal y banda. No equivalen a qEEG clínico normativo ni a PSD cruda calculada desde señal continua.
231260558,all,noOutliers,resumen,bandas,/kaggle/working/outputs/TESE_pruebas/run_20260902_145353/processed_data/figures/resumen/231260558_all_noOutliers_resumen_visual.png,True,True,True,False,,,Resumen visual compuesto desde variante BANDPOWER interpretable. Las visualizaciones representan características BANDPOWER derivadas por canal y banda. No equivalen a qEEG clínico normativo ni a PSD cruda calculada desde señal continua.
231260558,all,sinArtefactosConservador,resumen,bandas,/kaggle/working/outputs/TESE_pruebas/run_20260902_145353/processed_data/figures/resumen/231260558_all_sinArtefactosConservador_resumen_visual.png,True,False,True,True,min_clase < 10,,Resumen visual compuesto desde variante BANDPOWER interpretable. Figura diagnostica: la variante no es modelable por baja retencion o baja representacion de clase. Las visualizaciones representan características BANDPOWER derivadas por canal y banda. No equivalen a qEEG clínico normativo ni a PSD cruda calculada desde señal continua.
231260558,all,sinArtefactosEstricto,resumen,bandas,/kaggle/working/outputs/TESE_pruebas/run_20260902_145353/processed_data/figures/resumen/231260558_all_sinArtefactosEstricto_resumen_visual.png,True,False,True,True,min_clase < 10,,Resumen visual compuesto desde variante BANDPOWER interpretable. Figura diagnostica: la variante no es modelable por baja retencion o baja representacion de clase. Las visualizaciones representan características BANDPOWER derivadas por canal y banda. No equivalen a qEEG clínico normativo ni a PSD cruda calculada desde señal continua.
252260554,all,cleanSmooth,resumen,bandas,/kaggle/working/outputs/TESE_pruebas/run_20260902_145353/processed_data/figures/resumen/252260554_all_cleanSmooth_resumen_visual.png,True,True,True,False,,,Resumen visual compuesto desde variante BANDPOWER interpretable. Las visualizaciones representan características BANDPOWER derivadas por canal y banda. No equivalen a qEEG clínico normativo ni a PSD cruda calculada desde señal continua.
252260554,all,noOutliers,resumen,bandas,/kaggle/working/outputs/TESE_pruebas/run_20260902_145353/processed_data/figures/resumen/252260554_all_noOutliers_resumen_visual.png,True,True,True,False,,,Resumen visual compuesto desde variante BANDPOWER interpretable. Las visualizaciones representan características BANDPOWER derivadas por canal y banda. No equivalen a qEEG clínico normativo ni a PSD cruda calculada desde señal continua.
252260554,all,sinArtefactosConservador,resumen,bandas,/kaggle/working/outputs/TESE_pruebas/run_20260902_145353/processed_data/figures/resumen/252260554_all_sinArtefactosConservador_resumen_visual.png,True,True,True,False,,,Resumen visual compuesto desde variante BANDPOWER interpretable. Las visualizaciones representan características BANDPOWER derivadas por canal y banda. No equivalen a qEEG clínico normativo ni a PSD cruda calculada desde señal continua.
252260554,all,sinArtefactosEstricto,resumen,bandas,/kaggle/working/outputs/TESE_pruebas/run_20260902_145353/processed_data/figures/resumen/252260554_all_sinArtefactosEstricto_resumen_visual.png,True,False,True,True,retencion_% < 50,,Resumen visual compuesto desde variante BANDPOWER interpretable. Figura diagnostica: la variante no es modelable por baja retencion o baja representacion de clase. Las visualizaciones representan características BANDPOWER derivadas por canal y banda. No equivalen a qEEG clínico normativo ni a PSD cruda calculada desde señal continua.
252260556,all,cleanSmooth,resumen,bandas,/kaggle/working/outputs/TESE_pruebas/run_20260902_145353/processed_data/figures/resumen/252260556_all_cleanSmooth_resumen_visual.png,True,True,True,False,,,Resumen visual compuesto desde variante BANDPOWER interpretable. Las visualizaciones representan características BANDPOWER derivadas por canal y banda. No equivalen a qEEG clínico normativo ni a PSD cruda calculada desde señal continua.
252260556,all,noOutliers,resumen,bandas,/kaggle/working/outputs/TESE_pruebas/run_20260902_145353/processed_data/figures/resumen/252260556_all_noOutliers_resumen_visual.png,True,True,True,False,,,Resumen visual compuesto desde variante BANDPOWER interpretable. Las visualizaciones representan características BANDPOWER derivadas por canal y banda. No equivalen a qEEG clínico normativo ni a PSD cruda calculada desde señal continua.
252260556,all,sinArtefactosConservador,resumen,bandas,/kaggle/working/outputs/TESE_pruebas/run_20260902_145353/processed_data/figures/resumen/252260556_all_sinArtefactosConservador_resumen_visual.png,True,True,True,False,,,Resumen visual compuesto desde variante BANDPOWER interpretable. Las visualizaciones representan características BANDPOWER derivadas por canal y banda. No equivalen a qEEG clínico normativo ni a PSD cruda calculada desde señal continua.
252260556,all,sinArtefactosEstricto,resumen,bandas,/kaggle/working/outputs/TESE_pruebas/run_20260902_145353/processed_data/figures/resumen/252260556_all_sinArtefactosEstricto_resumen_visual.png,True,True,True,False,,,Resumen visual compuesto desde variante BANDPOWER interpretable. Las visualizaciones representan características BANDPOWER derivadas por canal y banda. No equivalen a qEEG clínico normativo ni a PSD cruda calculada desde señal continua.
252260670,all,cleanSmooth,resumen,bandas,/kaggle/working/outputs/TESE_pruebas/run_20260902_145353/processed_data/figures/resumen/252260670_all_cleanSmooth_resumen_visual.png,True,True,True,False,,,Resumen visual compuesto desde variante BANDPOWER interpretable. Las visualizaciones representan características BANDPOWER derivadas por canal y banda. No equivalen a qEEG clínico normativo ni a PSD cruda calculada desde señal continua.
252260670,all,noOutliers,resumen,bandas,/kaggle/working/outputs/TESE_pruebas/run_20260902_145353/processed_data/figures/resumen/252260670_all_noOutliers_resumen_visual.png,True,True,True,False,,,Resumen visual compuesto desde variante BANDPOWER interpretable. Las visualizaciones representan características BANDPOWER derivadas por canal y banda. No equivalen a qEEG clínico normativo ni a PSD cruda calculada desde señal continua.
252260670,all,sinArtefactosConservador,resumen,bandas,/kaggle/working/outputs/TESE_pruebas/run_20260902_145353/processed_data/figures/resumen/252260670_all_sinArtefactosConservador_resumen_visual.png,True,False,True,True,min_clase < 10,,Resumen visual compuesto desde variante BANDPOWER interpretable. Figura diagnostica: la variante no es modelable por baja retencion o baja representacion de clase. Las visualizaciones representan características BANDPOWER derivadas por canal y banda. No equivalen a qEEG clínico normativo ni a PSD cruda calculada desde señal continua.
252260670,all,sinArtefactosEstricto,resumen,bandas,/kaggle/working/outputs/TESE_pruebas/run_20260902_145353/processed_data/figures/resumen/252260670_all_sinArtefactosEstricto_resumen_visual.png,True,False,True,True,min_clase < 10; retencion_% < 50,,Resumen visual compuesto desde variante BANDPOWER interpretable. Figura diagnostica: la variante no es modelable por baja retencion o baja representacion de clase. Las visualizaciones representan características BANDPOWER derivadas por canal y banda. No equivalen a qEEG clínico normativo ni a PSD cruda calculada desde señal continua.
cano,all,cleanSmooth,resumen,bandas,/kaggle/working/outputs/TESE_pruebas/run_20260902_145353/processed_data/figures/resumen/cano_all_cleanSmooth_resumen_visual.png,True,True,True,False,,,Resumen visual compuesto desde variante BANDPOWER interpretable. Las visualizaciones representan características BANDPOWER derivadas por canal y banda. No equivalen a qEEG clínico normativo ni a PSD cruda calculada desde señal continua.
cano,all,noOutliers,resumen,bandas,/kaggle/working/outputs/TESE_pruebas/run_20260902_145353/processed_data/figures/resumen/cano_all_noOutliers_resumen_visual.png,True,True,True,False,,,Resumen visual compuesto desde variante BANDPOWER interpretable. Las visualizaciones representan características BANDPOWER derivadas por canal y banda. No equivalen a qEEG clínico normativo ni a PSD cruda calculada desde señal continua.
cano,all,sinArtefactosConservador,resumen,bandas,/kaggle/working/outputs/TESE_pruebas/run_20260902_145353/processed_data/figures/resumen/cano_all_sinArtefactosConservador_resumen_visual.png,True,True,True,False,,,Resumen visual compuesto desde variante BANDPOWER interpretable. Las visualizaciones representan características BANDPOWER derivadas por canal y banda. No equivalen a qEEG clínico normativo ni a PSD cruda calculada desde señal continua.
cano,all,sinArtefactosEstricto,resumen,bandas,/kaggle/working/outputs/TESE_pruebas/run_20260902_145353/processed_data/figures/resumen/cano_all_sinArtefactosEstricto_resumen_visual.png,True,False,True,True,retencion_% < 50,,Resumen visual compuesto desde variante BANDPOWER interpretable. Figura diagnostica: la variante no es modelable por baja retencion o baja representacion de clase. Las visualizaciones representan características BANDPOWER derivadas por canal y banda. No equivalen a qEEG clínico normativo ni a PSD cruda calculada desde señal continua.
villanueva,all,cleanSmooth,resumen,bandas,/kaggle/working/outputs/TESE_pruebas/run_20260902_145353/processed_data/figures/resumen/villanueva_all_cleanSmooth_resumen_visual.png,True,True,True,False,,,Resumen visual compuesto desde variante BANDPOWER interpretable. Las visualizaciones representan características BANDPOWER derivadas por canal y banda. No equivalen a qEEG clínico normativo ni a PSD cruda calculada desde señal continua.
villanueva,all,noOutliers,resumen,bandas,/kaggle/working/outputs/TESE_pruebas/run_20260902_145353/processed_data/figures/resumen/villanueva_all_noOutliers_resumen_visual.png,True,True,True,False,,,Resumen visual compuesto desde variante BANDPOWER interpretable. Las visualizaciones representan características BANDPOWER derivadas por canal y banda. No equivalen a qEEG clínico normativo ni a PSD cruda calculada desde señal continua.
villanueva,all,sinArtefactosConservador,resumen,bandas,/kaggle/working/outputs/TESE_pruebas/run_20260902_145353/processed_data/figures/resumen/villanueva_all_sinArtefactosConservador_resumen_visual.png,True,False,True,True,min_clase < 10,,Resumen visual compuesto desde variante BANDPOWER interpretable. Figura diagnostica: la variante no es modelable por baja retencion o baja representacion de clase. Las visualizaciones representan características BANDPOWER derivadas por canal y banda. No equivalen a qEEG clínico normativo ni a PSD cruda calculada desde señal continua.
villanueva,all,sinArtefactosEstricto,resumen,bandas,/kaggle/working/outputs/TESE_pruebas/run_20260902_145353/processed_data/figures/resumen/villanueva_all_sinArtefactosEstricto_resumen_visual.png,True,False,True,True,min_clase < 10,,Resumen visual compuesto desde variante BANDPOWER interpretable. Figura diagnostica: la variante no es modelable por baja retencion o baja representacion de clase. Las visualizaciones representan características BANDPOWER derivadas por canal y banda. No equivalen a qEEG clínico normativo ni a PSD cruda calculada desde señal continua.
